N_PROF,N_LEVELS,PLATFORM_NUMBER,PROJECT_NAME,PI_NAME,CYCLE_NUMBER,DIRECTION,JULD,JULD_QC,LATITUDE,LONGITUDE,POSITION_QC,POSITIONING_SYSTEM,PRES,TEMP,PSAL
0,0,b'2900268 ',b'INDIAN ARGO PROJECT                                             ',b'K.RADHAKRISHNAN                                                 ',2,b'A',12:00.0,b'1',12.314,86.039,b'1',b'ARGOS   ',15,28.976,33.31
0,1,b'2900268 ',b'INDIAN ARGO PROJECT                                             ',b'K.RADHAKRISHNAN                                                 ',2,b'A',12:00.0,b'1',12.314,86.039,b'1',b'ARGOS   ',25,28.976,33.314
0,2,b'2900268 ',b'INDIAN ARGO PROJECT                                             ',b'K.RADHAKRISHNAN                                                 ',2,b'A',12:00.0,b'1',12.314,86.039,b'1',b'ARGOS   ',35,28.959,33.336
0,3,b'2900268 ',b'INDIAN ARGO PROJECT                                             ',b'K.RADHAKRISHNAN                                                 ',2,b'A',12:00.0,b'1',12.314,86.039,b'1',b'ARGOS   ',46,29.083,34.033
0,4,b'2900268 ',b'INDIAN ARGO PROJECT                                             ',b'K.RADHAKRISHNAN                                                 ',2,b'A',12:00.0,b'1',12.314,86.039,b'1',b'ARGOS   ',55,27.647,34.492
0,5,b'2900268 ',b'INDIAN ARGO PROJECT                                             ',b'K.RADHAKRISHNAN                                                 ',2,b'A',12:00.0,b'1',12.314,86.039,b'1',b'ARGOS   ',65,25.673,34.615
0,6,b'2900268 ',b'INDIAN ARGO PROJECT                                             ',b'K.RADHAKRISHNAN                                                 ',2,b'A',12:00.0,b'1',12.314,86.039,b'1',b'ARGOS   ',75,24.031,34.692
0,7,b'2900268 ',b'INDIAN ARGO PROJECT                                             ',b'K.RADHAKRISHNAN                                                 ',2,b'A',12:00.0,b'1',12.314,86.039,b'1',b'ARGOS   ',86,22.677,34.743
0,8,b'2900268 ',b'INDIAN ARGO PROJECT                                             ',b'K.RADHAKRISHNAN                                                 ',2,b'A',12:00.0,b'1',12.314,86.039,b'1',b'ARGOS   ',95,21.162,34.777
0,9,b'2900268 ',b'INDIAN ARGO PROJECT                                             ',b'K.RADHAKRISHNAN                                                 ',2,b'A',12:00.0,b'1',12.314,86.039,b'1',b'ARGOS   ',105,20.032,34.802
0,10,b'2900268 ',b'INDIAN ARGO PROJECT                                             ',b'K.RADHAKRISHNAN                                                 ',2,b'A',12:00.0,b'1',12.314,86.039,b'1',b'ARGOS   ',115,19.011,34.84
0,11,b'2900268 ',b'INDIAN ARGO PROJECT                                             ',b'K.RADHAKRISHNAN                                                 ',2,b'A',12:00.0,b'1',12.314,86.039,b'1',b'ARGOS   ',125,18.126,34.851
0,12,b'2900268 ',b'INDIAN ARGO PROJECT                                             ',b'K.RADHAKRISHNAN                                                 ',2,b'A',12:00.0,b'1',12.314,86.039,b'1',b'ARGOS   ',135,17.047,34.869
0,13,b'2900268 ',b'INDIAN ARGO PROJECT                                             ',b'K.RADHAKRISHNAN                                                 ',2,b'A',12:00.0,b'1',12.314,86.039,b'1',b'ARGOS   ',145,16.22,34.873
0,14,b'2900268 ',b'INDIAN ARGO PROJECT                                             ',b'K.RADHAKRISHNAN                                                 ',2,b'A',12:00.0,b'1',12.314,86.039,b'1',b'ARGOS   ',155,15.718,34.883
0,15,b'2900268 ',b'INDIAN ARGO PROJECT                                             ',b'K.RADHAKRISHNAN                                                 ',2,b'A',12:00.0,b'1',12.314,86.039,b'1',b'ARGOS   ',165,15.064,34.909
0,16,b'2900268 ',b'INDIAN ARGO PROJECT                                             ',b'K.RADHAKRISHNAN                                                 ',2,b'A',12:00.0,b'1',12.314,86.039,b'1',b'ARGOS   ',175,14.421,34.932
0,17,b'2900268 ',b'INDIAN ARGO PROJECT                                             ',b'K.RADHAKRISHNAN                                                 ',2,b'A',12:00.0,b'1',12.314,86.039,b'1',b'ARGOS   ',185,14.055,34.944
0,18,b'2900268 ',b'INDIAN ARGO PROJECT                                             ',b'K.RADHAKRISHNAN                                                 ',2,b'A',12:00.0,b'1',12.314,86.039,b'1',b'ARGOS   ',195,13.648,34.946
0,19,b'2900268 ',b'INDIAN ARGO PROJECT                                             ',b'K.RADHAKRISHNAN                                                 ',2,b'A',12:00.0,b'1',12.314,86.039,b'1',b'ARGOS   ',206,13.354,34.965
0,20,b'2900268 ',b'INDIAN ARGO PROJECT                                             ',b'K.RADHAKRISHNAN                                                 ',2,b'A',12:00.0,b'1',12.314,86.039,b'1',b'ARGOS   ',215,13.034,34.971
0,21,b'2900268 ',b'INDIAN ARGO PROJECT                                             ',b'K.RADHAKRISHNAN                                                 ',2,b'A',12:00.0,b'1',12.314,86.039,b'1',b'ARGOS   ',225,12.733,34.968
0,22,b'2900268 ',b'INDIAN ARGO PROJECT                                             ',b'K.RADHAKRISHNAN                                                 ',2,b'A',12:00.0,b'1',12.314,86.039,b'1',b'ARGOS   ',235,12.455,34.972
0,23,b'2900268 ',b'INDIAN ARGO PROJECT                                             ',b'K.RADHAKRISHNAN                                                 ',2,b'A',12:00.0,b'1',12.314,86.039,b'1',b'ARGOS   ',245,12.157,34.974
0,24,b'2900268 ',b'INDIAN ARGO PROJECT                                             ',b'K.RADHAKRISHNAN                                                 ',2,b'A',12:00.0,b'1',12.314,86.039,b'1',b'ARGOS   ',255,12.004,34.977
0,25,b'2900268 ',b'INDIAN ARGO PROJECT                                             ',b'K.RADHAKRISHNAN                                                 ',2,b'A',12:00.0,b'1',12.314,86.039,b'1',b'ARGOS   ',265,11.817,34.982
0,26,b'2900268 ',b'INDIAN ARGO PROJECT                                             ',b'K.RADHAKRISHNAN                                                 ',2,b'A',12:00.0,b'1',12.314,86.039,b'1',b'ARGOS   ',275,11.676,34.982
0,27,b'2900268 ',b'INDIAN ARGO PROJECT                                             ',b'K.RADHAKRISHNAN                                                 ',2,b'A',12:00.0,b'1',12.314,86.039,b'1',b'ARGOS   ',285,11.552,34.987
0,28,b'2900268 ',b'INDIAN ARGO PROJECT                                             ',b'K.RADHAKRISHNAN                                                 ',2,b'A',12:00.0,b'1',12.314,86.039,b'1',b'ARGOS   ',295,11.446,34.984
0,29,b'2900268 ',b'INDIAN ARGO PROJECT                                             ',b'K.RADHAKRISHNAN                                                 ',2,b'A',12:00.0,b'1',12.314,86.039,b'1',b'ARGOS   ',305,11.308,34.922
0,30,b'2900268 ',b'INDIAN ARGO PROJECT                                             ',b'K.RADHAKRISHNAN                                                 ',2,b'A',12:00.0,b'1',12.314,86.039,b'1',b'ARGOS   ',315,11.207,34.993
0,31,b'2900268 ',b'INDIAN ARGO PROJECT                                             ',b'K.RADHAKRISHNAN                                                 ',2,b'A',12:00.0,b'1',12.314,86.039,b'1',b'ARGOS   ',325,11.125,34.987
0,32,b'2900268 ',b'INDIAN ARGO PROJECT                                             ',b'K.RADHAKRISHNAN                                                 ',2,b'A',12:00.0,b'1',12.314,86.039,b'1',b'ARGOS   ',335,11.024,34.989
0,33,b'2900268 ',b'INDIAN ARGO PROJECT                                             ',b'K.RADHAKRISHNAN                                                 ',2,b'A',12:00.0,b'1',12.314,86.039,b'1',b'ARGOS   ',345,10.954,34.991
0,34,b'2900268 ',b'INDIAN ARGO PROJECT                                             ',b'K.RADHAKRISHNAN                                                 ',2,b'A',12:00.0,b'1',12.314,86.039,b'1',b'ARGOS   ',355,10.885,34.993
0,35,b'2900268 ',b'INDIAN ARGO PROJECT                                             ',b'K.RADHAKRISHNAN                                                 ',2,b'A',12:00.0,b'1',12.314,86.039,b'1',b'ARGOS   ',365,10.794,34.995
0,36,b'2900268 ',b'INDIAN ARGO PROJECT                                             ',b'K.RADHAKRISHNAN                                                 ',2,b'A',12:00.0,b'1',12.314,86.039,b'1',b'ARGOS   ',375,10.689,34.99
0,37,b'2900268 ',b'INDIAN ARGO PROJECT                                             ',b'K.RADHAKRISHNAN                                                 ',2,b'A',12:00.0,b'1',12.314,86.039,b'1',b'ARGOS   ',385,10.606,34.995
0,38,b'2900268 ',b'INDIAN ARGO PROJECT                                             ',b'K.RADHAKRISHNAN                                                 ',2,b'A',12:00.0,b'1',12.314,86.039,b'1',b'ARGOS   ',395,10.538,34.995
0,39,b'2900268 ',b'INDIAN ARGO PROJECT                                             ',b'K.RADHAKRISHNAN                                                 ',2,b'A',12:00.0,b'1',12.314,86.039,b'1',b'ARGOS   ',405,10.466,34.989
0,40,b'2900268 ',b'INDIAN ARGO PROJECT                                             ',b'K.RADHAKRISHNAN                                                 ',2,b'A',12:00.0,b'1',12.314,86.039,b'1',b'ARGOS   ',415,10.382,34.994
0,41,b'2900268 ',b'INDIAN ARGO PROJECT                                             ',b'K.RADHAKRISHNAN                                                 ',2,b'A',12:00.0,b'1',12.314,86.039,b'1',b'ARGOS   ',451,10.108,34.988
0,42,b'2900268 ',b'INDIAN ARGO PROJECT                                             ',b'K.RADHAKRISHNAN                                                 ',2,b'A',12:00.0,b'1',12.314,86.039,b'1',b'ARGOS   ',499,9.755,34.98
0,43,b'2900268 ',b'INDIAN ARGO PROJECT                                             ',b'K.RADHAKRISHNAN                                                 ',2,b'A',12:00.0,b'1',12.314,86.039,b'1',b'ARGOS   ',550,9.429,34.975
0,44,b'2900268 ',b'INDIAN ARGO PROJECT                                             ',b'K.RADHAKRISHNAN                                                 ',2,b'A',12:00.0,b'1',12.314,86.039,b'1',b'ARGOS   ',599,9.125,34.969
0,45,b'2900268 ',b'INDIAN ARGO PROJECT                                             ',b'K.RADHAKRISHNAN                                                 ',2,b'A',12:00.0,b'1',12.314,86.039,b'1',b'ARGOS   ',649,8.797,34.954
0,46,b'2900268 ',b'INDIAN ARGO PROJECT                                             ',b'K.RADHAKRISHNAN                                                 ',2,b'A',12:00.0,b'1',12.314,86.039,b'1',b'ARGOS   ',700,8.537,34.954
0,47,b'2900268 ',b'INDIAN ARGO PROJECT                                             ',b'K.RADHAKRISHNAN                                                 ',2,b'A',12:00.0,b'1',12.314,86.039,b'1',b'ARGOS   ',751,8.283,34.949
0,48,b'2900268 ',b'INDIAN ARGO PROJECT                                             ',b'K.RADHAKRISHNAN                                                 ',2,b'A',12:00.0,b'1',12.314,86.039,b'1',b'ARGOS   ',801,8.005,34.934
0,49,b'2900268 ',b'INDIAN ARGO PROJECT                                             ',b'K.RADHAKRISHNAN                                                 ',2,b'A',12:00.0,b'1',12.314,86.039,b'1',b'ARGOS   ',851,7.649,34.922
0,50,b'2900268 ',b'INDIAN ARGO PROJECT                                             ',b'K.RADHAKRISHNAN                                                 ',2,b'A',12:00.0,b'1',12.314,86.039,b'1',b'ARGOS   ',899,7.349,34.918
0,51,b'2900268 ',b'INDIAN ARGO PROJECT                                             ',b'K.RADHAKRISHNAN                                                 ',2,b'A',12:00.0,b'1',12.314,86.039,b'1',b'ARGOS   ',951,7.078,34.904
0,52,b'2900268 ',b'INDIAN ARGO PROJECT                                             ',b'K.RADHAKRISHNAN                                                 ',2,b'A',12:00.0,b'1',12.314,86.039,b'1',b'ARGOS   ',984,6.939,34.897
1,0,b'2900268 ',b'INDIAN ARGO PROJECT                                             ',b'K.RADHAKRISHNAN                                                 ',4,b'A',00:00.0,b'1',12.338,86.111,b'1',b'ARGOS   ',15,28.806,33.353
1,1,b'2900268 ',b'INDIAN ARGO PROJECT                                             ',b'K.RADHAKRISHNAN                                                 ',4,b'A',00:00.0,b'1',12.338,86.111,b'1',b'ARGOS   ',25,28.619,33.867
1,2,b'2900268 ',b'INDIAN ARGO PROJECT                                             ',b'K.RADHAKRISHNAN                                                 ',4,b'A',00:00.0,b'1',12.338,86.111,b'1',b'ARGOS   ',35,28.098,34.511
1,3,b'2900268 ',b'INDIAN ARGO PROJECT                                             ',b'K.RADHAKRISHNAN                                                 ',4,b'A',00:00.0,b'1',12.338,86.111,b'1',b'ARGOS   ',45,27.184,35.009
1,4,b'2900268 ',b'INDIAN ARGO PROJECT                                             ',b'K.RADHAKRISHNAN                                                 ',4,b'A',00:00.0,b'1',12.338,86.111,b'1',b'ARGOS   ',55,26.382,35.147
1,5,b'2900268 ',b'INDIAN ARGO PROJECT                                             ',b'K.RADHAKRISHNAN                                                 ',4,b'A',00:00.0,b'1',12.338,86.111,b'1',b'ARGOS   ',65,25.551,35.14
1,6,b'2900268 ',b'INDIAN ARGO PROJECT                                             ',b'K.RADHAKRISHNAN                                                 ',4,b'A',00:00.0,b'1',12.338,86.111,b'1',b'ARGOS   ',76,24.338,34.882
1,7,b'2900268 ',b'INDIAN ARGO PROJECT                                             ',b'K.RADHAKRISHNAN                                                 ',4,b'A',00:00.0,b'1',12.338,86.111,b'1',b'ARGOS   ',86,24.219,35.054
1,8,b'2900268 ',b'INDIAN ARGO PROJECT                                             ',b'K.RADHAKRISHNAN                                                 ',4,b'A',00:00.0,b'1',12.338,86.111,b'1',b'ARGOS   ',95,23.82,35.207
1,9,b'2900268 ',b'INDIAN ARGO PROJECT                                             ',b'K.RADHAKRISHNAN                                                 ',4,b'A',00:00.0,b'1',12.338,86.111,b'1',b'ARGOS   ',105,22.483,34.977
1,10,b'2900268 ',b'INDIAN ARGO PROJECT                                             ',b'K.RADHAKRISHNAN                                                 ',4,b'A',00:00.0,b'1',12.338,86.111,b'1',b'ARGOS   ',115,21.47,34.926
1,11,b'2900268 ',b'INDIAN ARGO PROJECT                                             ',b'K.RADHAKRISHNAN                                                 ',4,b'A',00:00.0,b'1',12.338,86.111,b'1',b'ARGOS   ',125,20.244,34.841
1,12,b'2900268 ',b'INDIAN ARGO PROJECT                                             ',b'K.RADHAKRISHNAN                                                 ',4,b'A',00:00.0,b'1',12.338,86.111,b'1',b'ARGOS   ',136,19.239,34.849
1,13,b'2900268 ',b'INDIAN ARGO PROJECT                                             ',b'K.RADHAKRISHNAN                                                 ',4,b'A',00:00.0,b'1',12.338,86.111,b'1',b'ARGOS   ',145,17.917,34.851
1,14,b'2900268 ',b'INDIAN ARGO PROJECT                                             ',b'K.RADHAKRISHNAN                                                 ',4,b'A',00:00.0,b'1',12.338,86.111,b'1',b'ARGOS   ',155,16.838,34.85
1,15,b'2900268 ',b'INDIAN ARGO PROJECT                                             ',b'K.RADHAKRISHNAN                                                 ',4,b'A',00:00.0,b'1',12.338,86.111,b'1',b'ARGOS   ',165,16.087,34.867
1,16,b'2900268 ',b'INDIAN ARGO PROJECT                                             ',b'K.RADHAKRISHNAN                                                 ',4,b'A',00:00.0,b'1',12.338,86.111,b'1',b'ARGOS   ',175,15.528,34.89
1,17,b'2900268 ',b'INDIAN ARGO PROJECT                                             ',b'K.RADHAKRISHNAN                                                 ',4,b'A',00:00.0,b'1',12.338,86.111,b'1',b'ARGOS   ',185,14.929,34.912
1,18,b'2900268 ',b'INDIAN ARGO PROJECT                                             ',b'K.RADHAKRISHNAN                                                 ',4,b'A',00:00.0,b'1',12.338,86.111,b'1',b'ARGOS   ',195,14.494,34.923
1,19,b'2900268 ',b'INDIAN ARGO PROJECT                                             ',b'K.RADHAKRISHNAN                                                 ',4,b'A',00:00.0,b'1',12.338,86.111,b'1',b'ARGOS   ',205,14.133,34.93
1,20,b'2900268 ',b'INDIAN ARGO PROJECT                                             ',b'K.RADHAKRISHNAN                                                 ',4,b'A',00:00.0,b'1',12.338,86.111,b'1',b'ARGOS   ',215,13.836,34.944
1,21,b'2900268 ',b'INDIAN ARGO PROJECT                                             ',b'K.RADHAKRISHNAN                                                 ',4,b'A',00:00.0,b'1',12.338,86.111,b'1',b'ARGOS   ',225,13.579,34.949
1,22,b'2900268 ',b'INDIAN ARGO PROJECT                                             ',b'K.RADHAKRISHNAN                                                 ',4,b'A',00:00.0,b'1',12.338,86.111,b'1',b'ARGOS   ',235,13.308,34.957
1,23,b'2900268 ',b'INDIAN ARGO PROJECT                                             ',b'K.RADHAKRISHNAN                                                 ',4,b'A',00:00.0,b'1',12.338,86.111,b'1',b'ARGOS   ',245,13.06,34.953
1,24,b'2900268 ',b'INDIAN ARGO PROJECT                                             ',b'K.RADHAKRISHNAN                                                 ',4,b'A',00:00.0,b'1',12.338,86.111,b'1',b'ARGOS   ',255,12.764,34.965
1,25,b'2900268 ',b'INDIAN ARGO PROJECT                                             ',b'K.RADHAKRISHNAN                                                 ',4,b'A',00:00.0,b'1',12.338,86.111,b'1',b'ARGOS   ',265,12.565,34.972
1,26,b'2900268 ',b'INDIAN ARGO PROJECT                                             ',b'K.RADHAKRISHNAN                                                 ',4,b'A',00:00.0,b'1',12.338,86.111,b'1',b'ARGOS   ',275,12.351,34.964
1,27,b'2900268 ',b'INDIAN ARGO PROJECT                                             ',b'K.RADHAKRISHNAN                                                 ',4,b'A',00:00.0,b'1',12.338,86.111,b'1',b'ARGOS   ',285,12.111,34.971
1,28,b'2900268 ',b'INDIAN ARGO PROJECT                                             ',b'K.RADHAKRISHNAN                                                 ',4,b'A',00:00.0,b'1',12.338,86.111,b'1',b'ARGOS   ',295,11.911,34.978
1,29,b'2900268 ',b'INDIAN ARGO PROJECT                                             ',b'K.RADHAKRISHNAN                                                 ',4,b'A',00:00.0,b'1',12.338,86.111,b'1',b'ARGOS   ',305,11.745,34.983
1,30,b'2900268 ',b'INDIAN ARGO PROJECT                                             ',b'K.RADHAKRISHNAN                                                 ',4,b'A',00:00.0,b'1',12.338,86.111,b'1',b'ARGOS   ',315,11.595,34.982
1,31,b'2900268 ',b'INDIAN ARGO PROJECT                                             ',b'K.RADHAKRISHNAN                                                 ',4,b'A',00:00.0,b'1',12.338,86.111,b'1',b'ARGOS   ',325,11.513,34.986
1,32,b'2900268 ',b'INDIAN ARGO PROJECT                                             ',b'K.RADHAKRISHNAN                                                 ',4,b'A',00:00.0,b'1',12.338,86.111,b'1',b'ARGOS   ',335,11.394,34.986
1,33,b'2900268 ',b'INDIAN ARGO PROJECT                                             ',b'K.RADHAKRISHNAN                                                 ',4,b'A',00:00.0,b'1',12.338,86.111,b'1',b'ARGOS   ',345,11.288,34.993
1,34,b'2900268 ',b'INDIAN ARGO PROJECT                                             ',b'K.RADHAKRISHNAN                                                 ',4,b'A',00:00.0,b'1',12.338,86.111,b'1',b'ARGOS   ',355,11.145,34.985
1,35,b'2900268 ',b'INDIAN ARGO PROJECT                                             ',b'K.RADHAKRISHNAN                                                 ',4,b'A',00:00.0,b'1',12.338,86.111,b'1',b'ARGOS   ',365,11.048,34.993
1,36,b'2900268 ',b'INDIAN ARGO PROJECT                                             ',b'K.RADHAKRISHNAN                                                 ',4,b'A',00:00.0,b'1',12.338,86.111,b'1',b'ARGOS   ',375,10.959,34.983
1,37,b'2900268 ',b'INDIAN ARGO PROJECT                                             ',b'K.RADHAKRISHNAN                                                 ',4,b'A',00:00.0,b'1',12.338,86.111,b'1',b'ARGOS   ',385,10.906,34.989
1,38,b'2900268 ',b'INDIAN ARGO PROJECT                                             ',b'K.RADHAKRISHNAN                                                 ',4,b'A',00:00.0,b'1',12.338,86.111,b'1',b'ARGOS   ',395,10.836,34.992
1,39,b'2900268 ',b'INDIAN ARGO PROJECT                                             ',b'K.RADHAKRISHNAN                                                 ',4,b'A',00:00.0,b'1',12.338,86.111,b'1',b'ARGOS   ',405,10.767,34.983
1,40,b'2900268 ',b'INDIAN ARGO PROJECT                                             ',b'K.RADHAKRISHNAN                                                 ',4,b'A',00:00.0,b'1',12.338,86.111,b'1',b'ARGOS   ',415,10.694,34.988
1,41,b'2900268 ',b'INDIAN ARGO PROJECT                                             ',b'K.RADHAKRISHNAN                                                 ',4,b'A',00:00.0,b'1',12.338,86.111,b'1',b'ARGOS   ',451,10.38,34.98
1,42,b'2900268 ',b'INDIAN ARGO PROJECT                                             ',b'K.RADHAKRISHNAN                                                 ',4,b'A',00:00.0,b'1',12.338,86.111,b'1',b'ARGOS   ',500,10.034,34.976
1,43,b'2900268 ',b'INDIAN ARGO PROJECT                                             ',b'K.RADHAKRISHNAN                                                 ',4,b'A',00:00.0,b'1',12.338,86.111,b'1',b'ARGOS   ',550,9.677,34.971
1,44,b'2900268 ',b'INDIAN ARGO PROJECT                                             ',b'K.RADHAKRISHNAN                                                 ',4,b'A',00:00.0,b'1',12.338,86.111,b'1',b'ARGOS   ',599,9.36,34.968
1,45,b'2900268 ',b'INDIAN ARGO PROJECT                                             ',b'K.RADHAKRISHNAN                                                 ',4,b'A',00:00.0,b'1',12.338,86.111,b'1',b'ARGOS   ',650,9.048,34.958
1,46,b'2900268 ',b'INDIAN ARGO PROJECT                                             ',b'K.RADHAKRISHNAN                                                 ',4,b'A',00:00.0,b'1',12.338,86.111,b'1',b'ARGOS   ',700,8.743,34.952
1,47,b'2900268 ',b'INDIAN ARGO PROJECT                                             ',b'K.RADHAKRISHNAN                                                 ',4,b'A',00:00.0,b'1',12.338,86.111,b'1',b'ARGOS   ',751,8.388,34.94
1,48,b'2900268 ',b'INDIAN ARGO PROJECT                                             ',b'K.RADHAKRISHNAN                                                 ',4,b'A',00:00.0,b'1',12.338,86.111,b'1',b'ARGOS   ',800,8.111,34.926
1,49,b'2900268 ',b'INDIAN ARGO PROJECT                                             ',b'K.RADHAKRISHNAN                                                 ',4,b'A',00:00.0,b'1',12.338,86.111,b'1',b'ARGOS   ',850,7.811,34.922
1,50,b'2900268 ',b'INDIAN ARGO PROJECT                                             ',b'K.RADHAKRISHNAN                                                 ',4,b'A',00:00.0,b'1',12.338,86.111,b'1',b'ARGOS   ',900,7.473,34.913
1,51,b'2900268 ',b'INDIAN ARGO PROJECT                                             ',b'K.RADHAKRISHNAN                                                 ',4,b'A',00:00.0,b'1',12.338,86.111,b'1',b'ARGOS   ',951,7.178,34.902
1,52,b'2900268 ',b'INDIAN ARGO PROJECT                                             ',b'K.RADHAKRISHNAN                                                 ',4,b'A',00:00.0,b'1',12.338,86.111,b'1',b'ARGOS   ',976,7.021,34.906
2,0,b'2900268 ',b'INDIAN ARGO PROJECT                                             ',b'K.RADHAKRISHNAN                                                 ',5,b'A',24:00.0,b'1',12.46,86.503,b'1',b'ARGOS   ',15,29,33.423
2,1,b'2900268 ',b'INDIAN ARGO PROJECT                                             ',b'K.RADHAKRISHNAN                                                 ',5,b'A',24:00.0,b'1',12.46,86.503,b'1',b'ARGOS   ',25,29.007,33.422
2,2,b'2900268 ',b'INDIAN ARGO PROJECT                                             ',b'K.RADHAKRISHNAN                                                 ',5,b'A',24:00.0,b'1',12.46,86.503,b'1',b'ARGOS   ',35,29.011,33.423
2,3,b'2900268 ',b'INDIAN ARGO PROJECT                                             ',b'K.RADHAKRISHNAN                                                 ',5,b'A',24:00.0,b'1',12.46,86.503,b'1',b'ARGOS   ',45,28.855,33.687
2,4,b'2900268 ',b'INDIAN ARGO PROJECT                                             ',b'K.RADHAKRISHNAN                                                 ',5,b'A',24:00.0,b'1',12.46,86.503,b'1',b'ARGOS   ',55,28.167,34.483
2,5,b'2900268 ',b'INDIAN ARGO PROJECT                                             ',b'K.RADHAKRISHNAN                                                 ',5,b'A',24:00.0,b'1',12.46,86.503,b'1',b'ARGOS   ',60,27.396,34.846
2,6,b'2900268 ',b'INDIAN ARGO PROJECT                                             ',b'K.RADHAKRISHNAN                                                 ',5,b'A',24:00.0,b'1',12.46,86.503,b'1',b'ARGOS   ',,,
2,7,b'2900268 ',b'INDIAN ARGO PROJECT                                             ',b'K.RADHAKRISHNAN                                                 ',5,b'A',24:00.0,b'1',12.46,86.503,b'1',b'ARGOS   ',,,
2,8,b'2900268 ',b'INDIAN ARGO PROJECT                                             ',b'K.RADHAKRISHNAN                                                 ',5,b'A',24:00.0,b'1',12.46,86.503,b'1',b'ARGOS   ',,,
2,9,b'2900268 ',b'INDIAN ARGO PROJECT                                             ',b'K.RADHAKRISHNAN                                                 ',5,b'A',24:00.0,b'1',12.46,86.503,b'1',b'ARGOS   ',,,
2,10,b'2900268 ',b'INDIAN ARGO PROJECT                                             ',b'K.RADHAKRISHNAN                                                 ',5,b'A',24:00.0,b'1',12.46,86.503,b'1',b'ARGOS   ',,,
2,11,b'2900268 ',b'INDIAN ARGO PROJECT                                             ',b'K.RADHAKRISHNAN                                                 ',5,b'A',24:00.0,b'1',12.46,86.503,b'1',b'ARGOS   ',,,
2,12,b'2900268 ',b'INDIAN ARGO PROJECT                                             ',b'K.RADHAKRISHNAN                                                 ',5,b'A',24:00.0,b'1',12.46,86.503,b'1',b'ARGOS   ',,,
2,13,b'2900268 ',b'INDIAN ARGO PROJECT                                             ',b'K.RADHAKRISHNAN                                                 ',5,b'A',24:00.0,b'1',12.46,86.503,b'1',b'ARGOS   ',,,
2,14,b'2900268 ',b'INDIAN ARGO PROJECT                                             ',b'K.RADHAKRISHNAN                                                 ',5,b'A',24:00.0,b'1',12.46,86.503,b'1',b'ARGOS   ',,,
2,15,b'2900268 ',b'INDIAN ARGO PROJECT                                             ',b'K.RADHAKRISHNAN                                                 ',5,b'A',24:00.0,b'1',12.46,86.503,b'1',b'ARGOS   ',,,
2,16,b'2900268 ',b'INDIAN ARGO PROJECT                                             ',b'K.RADHAKRISHNAN                                                 ',5,b'A',24:00.0,b'1',12.46,86.503,b'1',b'ARGOS   ',,,
2,17,b'2900268 ',b'INDIAN ARGO PROJECT                                             ',b'K.RADHAKRISHNAN                                                 ',5,b'A',24:00.0,b'1',12.46,86.503,b'1',b'ARGOS   ',,,
2,18,b'2900268 ',b'INDIAN ARGO PROJECT                                             ',b'K.RADHAKRISHNAN                                                 ',5,b'A',24:00.0,b'1',12.46,86.503,b'1',b'ARGOS   ',,,
2,19,b'2900268 ',b'INDIAN ARGO PROJECT                                             ',b'K.RADHAKRISHNAN                                                 ',5,b'A',24:00.0,b'1',12.46,86.503,b'1',b'ARGOS   ',,,
2,20,b'2900268 ',b'INDIAN ARGO PROJECT                                             ',b'K.RADHAKRISHNAN                                                 ',5,b'A',24:00.0,b'1',12.46,86.503,b'1',b'ARGOS   ',,,
2,21,b'2900268 ',b'INDIAN ARGO PROJECT                                             ',b'K.RADHAKRISHNAN                                                 ',5,b'A',24:00.0,b'1',12.46,86.503,b'1',b'ARGOS   ',,,
2,22,b'2900268 ',b'INDIAN ARGO PROJECT                                             ',b'K.RADHAKRISHNAN                                                 ',5,b'A',24:00.0,b'1',12.46,86.503,b'1',b'ARGOS   ',,,
2,23,b'2900268 ',b'INDIAN ARGO PROJECT                                             ',b'K.RADHAKRISHNAN                                                 ',5,b'A',24:00.0,b'1',12.46,86.503,b'1',b'ARGOS   ',,,
2,24,b'2900268 ',b'INDIAN ARGO PROJECT                                             ',b'K.RADHAKRISHNAN                                                 ',5,b'A',24:00.0,b'1',12.46,86.503,b'1',b'ARGOS   ',,,
2,25,b'2900268 ',b'INDIAN ARGO PROJECT                                             ',b'K.RADHAKRISHNAN                                                 ',5,b'A',24:00.0,b'1',12.46,86.503,b'1',b'ARGOS   ',,,
2,26,b'2900268 ',b'INDIAN ARGO PROJECT                                             ',b'K.RADHAKRISHNAN                                                 ',5,b'A',24:00.0,b'1',12.46,86.503,b'1',b'ARGOS   ',,,
2,27,b'2900268 ',b'INDIAN ARGO PROJECT                                             ',b'K.RADHAKRISHNAN                                                 ',5,b'A',24:00.0,b'1',12.46,86.503,b'1',b'ARGOS   ',,,
2,28,b'2900268 ',b'INDIAN ARGO PROJECT                                             ',b'K.RADHAKRISHNAN                                                 ',5,b'A',24:00.0,b'1',12.46,86.503,b'1',b'ARGOS   ',,,
2,29,b'2900268 ',b'INDIAN ARGO PROJECT                                             ',b'K.RADHAKRISHNAN                                                 ',5,b'A',24:00.0,b'1',12.46,86.503,b'1',b'ARGOS   ',,,
2,30,b'2900268 ',b'INDIAN ARGO PROJECT                                             ',b'K.RADHAKRISHNAN                                                 ',5,b'A',24:00.0,b'1',12.46,86.503,b'1',b'ARGOS   ',,,
2,31,b'2900268 ',b'INDIAN ARGO PROJECT                                             ',b'K.RADHAKRISHNAN                                                 ',5,b'A',24:00.0,b'1',12.46,86.503,b'1',b'ARGOS   ',,,
2,32,b'2900268 ',b'INDIAN ARGO PROJECT                                             ',b'K.RADHAKRISHNAN                                                 ',5,b'A',24:00.0,b'1',12.46,86.503,b'1',b'ARGOS   ',,,
2,33,b'2900268 ',b'INDIAN ARGO PROJECT                                             ',b'K.RADHAKRISHNAN                                                 ',5,b'A',24:00.0,b'1',12.46,86.503,b'1',b'ARGOS   ',,,
2,34,b'2900268 ',b'INDIAN ARGO PROJECT                                             ',b'K.RADHAKRISHNAN                                                 ',5,b'A',24:00.0,b'1',12.46,86.503,b'1',b'ARGOS   ',,,
2,35,b'2900268 ',b'INDIAN ARGO PROJECT                                             ',b'K.RADHAKRISHNAN                                                 ',5,b'A',24:00.0,b'1',12.46,86.503,b'1',b'ARGOS   ',,,
2,36,b'2900268 ',b'INDIAN ARGO PROJECT                                             ',b'K.RADHAKRISHNAN                                                 ',5,b'A',24:00.0,b'1',12.46,86.503,b'1',b'ARGOS   ',,,
2,37,b'2900268 ',b'INDIAN ARGO PROJECT                                             ',b'K.RADHAKRISHNAN                                                 ',5,b'A',24:00.0,b'1',12.46,86.503,b'1',b'ARGOS   ',,,
2,38,b'2900268 ',b'INDIAN ARGO PROJECT                                             ',b'K.RADHAKRISHNAN                                                 ',5,b'A',24:00.0,b'1',12.46,86.503,b'1',b'ARGOS   ',,,
2,39,b'2900268 ',b'INDIAN ARGO PROJECT                                             ',b'K.RADHAKRISHNAN                                                 ',5,b'A',24:00.0,b'1',12.46,86.503,b'1',b'ARGOS   ',,,
2,40,b'2900268 ',b'INDIAN ARGO PROJECT                                             ',b'K.RADHAKRISHNAN                                                 ',5,b'A',24:00.0,b'1',12.46,86.503,b'1',b'ARGOS   ',,,
2,41,b'2900268 ',b'INDIAN ARGO PROJECT                                             ',b'K.RADHAKRISHNAN                                                 ',5,b'A',24:00.0,b'1',12.46,86.503,b'1',b'ARGOS   ',,,
2,42,b'2900268 ',b'INDIAN ARGO PROJECT                                             ',b'K.RADHAKRISHNAN                                                 ',5,b'A',24:00.0,b'1',12.46,86.503,b'1',b'ARGOS   ',,,
2,43,b'2900268 ',b'INDIAN ARGO PROJECT                                             ',b'K.RADHAKRISHNAN                                                 ',5,b'A',24:00.0,b'1',12.46,86.503,b'1',b'ARGOS   ',,,
2,44,b'2900268 ',b'INDIAN ARGO PROJECT                                             ',b'K.RADHAKRISHNAN                                                 ',5,b'A',24:00.0,b'1',12.46,86.503,b'1',b'ARGOS   ',,,
2,45,b'2900268 ',b'INDIAN ARGO PROJECT                                             ',b'K.RADHAKRISHNAN                                                 ',5,b'A',24:00.0,b'1',12.46,86.503,b'1',b'ARGOS   ',,,
2,46,b'2900268 ',b'INDIAN ARGO PROJECT                                             ',b'K.RADHAKRISHNAN                                                 ',5,b'A',24:00.0,b'1',12.46,86.503,b'1',b'ARGOS   ',,,
2,47,b'2900268 ',b'INDIAN ARGO PROJECT                                             ',b'K.RADHAKRISHNAN                                                 ',5,b'A',24:00.0,b'1',12.46,86.503,b'1',b'ARGOS   ',,,
2,48,b'2900268 ',b'INDIAN ARGO PROJECT                                             ',b'K.RADHAKRISHNAN                                                 ',5,b'A',24:00.0,b'1',12.46,86.503,b'1',b'ARGOS   ',,,
2,49,b'2900268 ',b'INDIAN ARGO PROJECT                                             ',b'K.RADHAKRISHNAN                                                 ',5,b'A',24:00.0,b'1',12.46,86.503,b'1',b'ARGOS   ',,,
2,50,b'2900268 ',b'INDIAN ARGO PROJECT                                             ',b'K.RADHAKRISHNAN                                                 ',5,b'A',24:00.0,b'1',12.46,86.503,b'1',b'ARGOS   ',,,
2,51,b'2900268 ',b'INDIAN ARGO PROJECT                                             ',b'K.RADHAKRISHNAN                                                 ',5,b'A',24:00.0,b'1',12.46,86.503,b'1',b'ARGOS   ',,,
2,52,b'2900268 ',b'INDIAN ARGO PROJECT                                             ',b'K.RADHAKRISHNAN                                                 ',5,b'A',24:00.0,b'1',12.46,86.503,b'1',b'ARGOS   ',,,
3,0,b'2900268 ',b'INDIAN ARGO PROJECT                                             ',b'K.RADHAKRISHNAN                                                 ',6,b'A',24:00.0,b'1',12.05,87.22,b'1',b'ARGOS   ',15,29.129,33.449
3,1,b'2900268 ',b'INDIAN ARGO PROJECT                                             ',b'K.RADHAKRISHNAN                                                 ',6,b'A',24:00.0,b'1',12.05,87.22,b'1',b'ARGOS   ',25,29.132,33.444
3,2,b'2900268 ',b'INDIAN ARGO PROJECT                                             ',b'K.RADHAKRISHNAN                                                 ',6,b'A',24:00.0,b'1',12.05,87.22,b'1',b'ARGOS   ',35,29.134,33.446
3,3,b'2900268 ',b'INDIAN ARGO PROJECT                                             ',b'K.RADHAKRISHNAN                                                 ',6,b'A',24:00.0,b'1',12.05,87.22,b'1',b'ARGOS   ',45,29.115,33.471
3,4,b'2900268 ',b'INDIAN ARGO PROJECT                                             ',b'K.RADHAKRISHNAN                                                 ',6,b'A',24:00.0,b'1',12.05,87.22,b'1',b'ARGOS   ',54,28.167,34.072
3,5,b'2900268 ',b'INDIAN ARGO PROJECT                                             ',b'K.RADHAKRISHNAN                                                 ',6,b'A',24:00.0,b'1',12.05,87.22,b'1',b'ARGOS   ',65,26.669,34.474
3,6,b'2900268 ',b'INDIAN ARGO PROJECT                                             ',b'K.RADHAKRISHNAN                                                 ',6,b'A',24:00.0,b'1',12.05,87.22,b'1',b'ARGOS   ',,,
3,7,b'2900268 ',b'INDIAN ARGO PROJECT                                             ',b'K.RADHAKRISHNAN                                                 ',6,b'A',24:00.0,b'1',12.05,87.22,b'1',b'ARGOS   ',,,
3,8,b'2900268 ',b'INDIAN ARGO PROJECT                                             ',b'K.RADHAKRISHNAN                                                 ',6,b'A',24:00.0,b'1',12.05,87.22,b'1',b'ARGOS   ',,,
3,9,b'2900268 ',b'INDIAN ARGO PROJECT                                             ',b'K.RADHAKRISHNAN                                                 ',6,b'A',24:00.0,b'1',12.05,87.22,b'1',b'ARGOS   ',,,
3,10,b'2900268 ',b'INDIAN ARGO PROJECT                                             ',b'K.RADHAKRISHNAN                                                 ',6,b'A',24:00.0,b'1',12.05,87.22,b'1',b'ARGOS   ',,,
3,11,b'2900268 ',b'INDIAN ARGO PROJECT                                             ',b'K.RADHAKRISHNAN                                                 ',6,b'A',24:00.0,b'1',12.05,87.22,b'1',b'ARGOS   ',,,
3,12,b'2900268 ',b'INDIAN ARGO PROJECT                                             ',b'K.RADHAKRISHNAN                                                 ',6,b'A',24:00.0,b'1',12.05,87.22,b'1',b'ARGOS   ',,,
3,13,b'2900268 ',b'INDIAN ARGO PROJECT                                             ',b'K.RADHAKRISHNAN                                                 ',6,b'A',24:00.0,b'1',12.05,87.22,b'1',b'ARGOS   ',,,
3,14,b'2900268 ',b'INDIAN ARGO PROJECT                                             ',b'K.RADHAKRISHNAN                                                 ',6,b'A',24:00.0,b'1',12.05,87.22,b'1',b'ARGOS   ',,,
3,15,b'2900268 ',b'INDIAN ARGO PROJECT                                             ',b'K.RADHAKRISHNAN                                                 ',6,b'A',24:00.0,b'1',12.05,87.22,b'1',b'ARGOS   ',,,
3,16,b'2900268 ',b'INDIAN ARGO PROJECT                                             ',b'K.RADHAKRISHNAN                                                 ',6,b'A',24:00.0,b'1',12.05,87.22,b'1',b'ARGOS   ',,,
3,17,b'2900268 ',b'INDIAN ARGO PROJECT                                             ',b'K.RADHAKRISHNAN                                                 ',6,b'A',24:00.0,b'1',12.05,87.22,b'1',b'ARGOS   ',,,
3,18,b'2900268 ',b'INDIAN ARGO PROJECT                                             ',b'K.RADHAKRISHNAN                                                 ',6,b'A',24:00.0,b'1',12.05,87.22,b'1',b'ARGOS   ',,,
3,19,b'2900268 ',b'INDIAN ARGO PROJECT                                             ',b'K.RADHAKRISHNAN                                                 ',6,b'A',24:00.0,b'1',12.05,87.22,b'1',b'ARGOS   ',,,
3,20,b'2900268 ',b'INDIAN ARGO PROJECT                                             ',b'K.RADHAKRISHNAN                                                 ',6,b'A',24:00.0,b'1',12.05,87.22,b'1',b'ARGOS   ',,,
3,21,b'2900268 ',b'INDIAN ARGO PROJECT                                             ',b'K.RADHAKRISHNAN                                                 ',6,b'A',24:00.0,b'1',12.05,87.22,b'1',b'ARGOS   ',,,
3,22,b'2900268 ',b'INDIAN ARGO PROJECT                                             ',b'K.RADHAKRISHNAN                                                 ',6,b'A',24:00.0,b'1',12.05,87.22,b'1',b'ARGOS   ',,,
3,23,b'2900268 ',b'INDIAN ARGO PROJECT                                             ',b'K.RADHAKRISHNAN                                                 ',6,b'A',24:00.0,b'1',12.05,87.22,b'1',b'ARGOS   ',,,
3,24,b'2900268 ',b'INDIAN ARGO PROJECT                                             ',b'K.RADHAKRISHNAN                                                 ',6,b'A',24:00.0,b'1',12.05,87.22,b'1',b'ARGOS   ',,,
3,25,b'2900268 ',b'INDIAN ARGO PROJECT                                             ',b'K.RADHAKRISHNAN                                                 ',6,b'A',24:00.0,b'1',12.05,87.22,b'1',b'ARGOS   ',,,
3,26,b'2900268 ',b'INDIAN ARGO PROJECT                                             ',b'K.RADHAKRISHNAN                                                 ',6,b'A',24:00.0,b'1',12.05,87.22,b'1',b'ARGOS   ',,,
3,27,b'2900268 ',b'INDIAN ARGO PROJECT                                             ',b'K.RADHAKRISHNAN                                                 ',6,b'A',24:00.0,b'1',12.05,87.22,b'1',b'ARGOS   ',,,
3,28,b'2900268 ',b'INDIAN ARGO PROJECT                                             ',b'K.RADHAKRISHNAN                                                 ',6,b'A',24:00.0,b'1',12.05,87.22,b'1',b'ARGOS   ',,,
3,29,b'2900268 ',b'INDIAN ARGO PROJECT                                             ',b'K.RADHAKRISHNAN                                                 ',6,b'A',24:00.0,b'1',12.05,87.22,b'1',b'ARGOS   ',,,
3,30,b'2900268 ',b'INDIAN ARGO PROJECT                                             ',b'K.RADHAKRISHNAN                                                 ',6,b'A',24:00.0,b'1',12.05,87.22,b'1',b'ARGOS   ',,,
3,31,b'2900268 ',b'INDIAN ARGO PROJECT                                             ',b'K.RADHAKRISHNAN                                                 ',6,b'A',24:00.0,b'1',12.05,87.22,b'1',b'ARGOS   ',,,
3,32,b'2900268 ',b'INDIAN ARGO PROJECT                                             ',b'K.RADHAKRISHNAN                                                 ',6,b'A',24:00.0,b'1',12.05,87.22,b'1',b'ARGOS   ',,,
3,33,b'2900268 ',b'INDIAN ARGO PROJECT                                             ',b'K.RADHAKRISHNAN                                                 ',6,b'A',24:00.0,b'1',12.05,87.22,b'1',b'ARGOS   ',,,
3,34,b'2900268 ',b'INDIAN ARGO PROJECT                                             ',b'K.RADHAKRISHNAN                                                 ',6,b'A',24:00.0,b'1',12.05,87.22,b'1',b'ARGOS   ',,,
3,35,b'2900268 ',b'INDIAN ARGO PROJECT                                             ',b'K.RADHAKRISHNAN                                                 ',6,b'A',24:00.0,b'1',12.05,87.22,b'1',b'ARGOS   ',,,
3,36,b'2900268 ',b'INDIAN ARGO PROJECT                                             ',b'K.RADHAKRISHNAN                                                 ',6,b'A',24:00.0,b'1',12.05,87.22,b'1',b'ARGOS   ',,,
3,37,b'2900268 ',b'INDIAN ARGO PROJECT                                             ',b'K.RADHAKRISHNAN                                                 ',6,b'A',24:00.0,b'1',12.05,87.22,b'1',b'ARGOS   ',,,
3,38,b'2900268 ',b'INDIAN ARGO PROJECT                                             ',b'K.RADHAKRISHNAN                                                 ',6,b'A',24:00.0,b'1',12.05,87.22,b'1',b'ARGOS   ',,,
3,39,b'2900268 ',b'INDIAN ARGO PROJECT                                             ',b'K.RADHAKRISHNAN                                                 ',6,b'A',24:00.0,b'1',12.05,87.22,b'1',b'ARGOS   ',,,
3,40,b'2900268 ',b'INDIAN ARGO PROJECT                                             ',b'K.RADHAKRISHNAN                                                 ',6,b'A',24:00.0,b'1',12.05,87.22,b'1',b'ARGOS   ',,,
3,41,b'2900268 ',b'INDIAN ARGO PROJECT                                             ',b'K.RADHAKRISHNAN                                                 ',6,b'A',24:00.0,b'1',12.05,87.22,b'1',b'ARGOS   ',,,
3,42,b'2900268 ',b'INDIAN ARGO PROJECT                                             ',b'K.RADHAKRISHNAN                                                 ',6,b'A',24:00.0,b'1',12.05,87.22,b'1',b'ARGOS   ',,,
3,43,b'2900268 ',b'INDIAN ARGO PROJECT                                             ',b'K.RADHAKRISHNAN                                                 ',6,b'A',24:00.0,b'1',12.05,87.22,b'1',b'ARGOS   ',,,
3,44,b'2900268 ',b'INDIAN ARGO PROJECT                                             ',b'K.RADHAKRISHNAN                                                 ',6,b'A',24:00.0,b'1',12.05,87.22,b'1',b'ARGOS   ',,,
3,45,b'2900268 ',b'INDIAN ARGO PROJECT                                             ',b'K.RADHAKRISHNAN                                                 ',6,b'A',24:00.0,b'1',12.05,87.22,b'1',b'ARGOS   ',,,
3,46,b'2900268 ',b'INDIAN ARGO PROJECT                                             ',b'K.RADHAKRISHNAN                                                 ',6,b'A',24:00.0,b'1',12.05,87.22,b'1',b'ARGOS   ',,,
3,47,b'2900268 ',b'INDIAN ARGO PROJECT                                             ',b'K.RADHAKRISHNAN                                                 ',6,b'A',24:00.0,b'1',12.05,87.22,b'1',b'ARGOS   ',,,
3,48,b'2900268 ',b'INDIAN ARGO PROJECT                                             ',b'K.RADHAKRISHNAN                                                 ',6,b'A',24:00.0,b'1',12.05,87.22,b'1',b'ARGOS   ',,,
3,49,b'2900268 ',b'INDIAN ARGO PROJECT                                             ',b'K.RADHAKRISHNAN                                                 ',6,b'A',24:00.0,b'1',12.05,87.22,b'1',b'ARGOS   ',,,
3,50,b'2900268 ',b'INDIAN ARGO PROJECT                                             ',b'K.RADHAKRISHNAN                                                 ',6,b'A',24:00.0,b'1',12.05,87.22,b'1',b'ARGOS   ',,,
3,51,b'2900268 ',b'INDIAN ARGO PROJECT                                             ',b'K.RADHAKRISHNAN                                                 ',6,b'A',24:00.0,b'1',12.05,87.22,b'1',b'ARGOS   ',,,
3,52,b'2900268 ',b'INDIAN ARGO PROJECT                                             ',b'K.RADHAKRISHNAN                                                 ',6,b'A',24:00.0,b'1',12.05,87.22,b'1',b'ARGOS   ',,,
4,0,b'2900268 ',b'INDIAN ARGO PROJECT                                             ',b'K.RADHAKRISHNAN                                                 ',7,b'A',12:00.0,b'1',11.929,87.413,b'1',b'ARGOS   ',15,28.948,33.165
4,1,b'2900268 ',b'INDIAN ARGO PROJECT                                             ',b'K.RADHAKRISHNAN                                                 ',7,b'A',12:00.0,b'1',11.929,87.413,b'1',b'ARGOS   ',25,28.946,33.164
4,2,b'2900268 ',b'INDIAN ARGO PROJECT                                             ',b'K.RADHAKRISHNAN                                                 ',7,b'A',12:00.0,b'1',11.929,87.413,b'1',b'ARGOS   ',35,28.947,33.174
4,3,b'2900268 ',b'INDIAN ARGO PROJECT                                             ',b'K.RADHAKRISHNAN                                                 ',7,b'A',12:00.0,b'1',11.929,87.413,b'1',b'ARGOS   ',45,28.909,33.375
4,4,b'2900268 ',b'INDIAN ARGO PROJECT                                             ',b'K.RADHAKRISHNAN                                                 ',7,b'A',12:00.0,b'1',11.929,87.413,b'1',b'ARGOS   ',55,28.412,33.64
4,5,b'2900268 ',b'INDIAN ARGO PROJECT                                             ',b'K.RADHAKRISHNAN                                                 ',7,b'A',12:00.0,b'1',11.929,87.413,b'1',b'ARGOS   ',65,28.197,34.444
4,6,b'2900268 ',b'INDIAN ARGO PROJECT                                             ',b'K.RADHAKRISHNAN                                                 ',7,b'A',12:00.0,b'1',11.929,87.413,b'1',b'ARGOS   ',75,26.309,34.575
4,7,b'2900268 ',b'INDIAN ARGO PROJECT                                             ',b'K.RADHAKRISHNAN                                                 ',7,b'A',12:00.0,b'1',11.929,87.413,b'1',b'ARGOS   ',85,24.081,34.673
4,8,b'2900268 ',b'INDIAN ARGO PROJECT                                             ',b'K.RADHAKRISHNAN                                                 ',7,b'A',12:00.0,b'1',11.929,87.413,b'1',b'ARGOS   ',95,22.562,34.739
4,9,b'2900268 ',b'INDIAN ARGO PROJECT                                             ',b'K.RADHAKRISHNAN                                                 ',7,b'A',12:00.0,b'1',11.929,87.413,b'1',b'ARGOS   ',105,21.282,34.756
4,10,b'2900268 ',b'INDIAN ARGO PROJECT                                             ',b'K.RADHAKRISHNAN                                                 ',7,b'A',12:00.0,b'1',11.929,87.413,b'1',b'ARGOS   ',115,20.255,34.778
4,11,b'2900268 ',b'INDIAN ARGO PROJECT                                             ',b'K.RADHAKRISHNAN                                                 ',7,b'A',12:00.0,b'1',11.929,87.413,b'1',b'ARGOS   ',124,19.537,34.804
4,12,b'2900268 ',b'INDIAN ARGO PROJECT                                             ',b'K.RADHAKRISHNAN                                                 ',7,b'A',12:00.0,b'1',11.929,87.413,b'1',b'ARGOS   ',135,18.284,34.84
4,13,b'2900268 ',b'INDIAN ARGO PROJECT                                             ',b'K.RADHAKRISHNAN                                                 ',7,b'A',12:00.0,b'1',11.929,87.413,b'1',b'ARGOS   ',145,16.905,34.84
4,14,b'2900268 ',b'INDIAN ARGO PROJECT                                             ',b'K.RADHAKRISHNAN                                                 ',7,b'A',12:00.0,b'1',11.929,87.413,b'1',b'ARGOS   ',155,16.137,34.862
4,15,b'2900268 ',b'INDIAN ARGO PROJECT                                             ',b'K.RADHAKRISHNAN                                                 ',7,b'A',12:00.0,b'1',11.929,87.413,b'1',b'ARGOS   ',165,15.662,34.884
4,16,b'2900268 ',b'INDIAN ARGO PROJECT                                             ',b'K.RADHAKRISHNAN                                                 ',7,b'A',12:00.0,b'1',11.929,87.413,b'1',b'ARGOS   ',175,14.924,34.911
4,17,b'2900268 ',b'INDIAN ARGO PROJECT                                             ',b'K.RADHAKRISHNAN                                                 ',7,b'A',12:00.0,b'1',11.929,87.413,b'1',b'ARGOS   ',185,14.347,34.939
4,18,b'2900268 ',b'INDIAN ARGO PROJECT                                             ',b'K.RADHAKRISHNAN                                                 ',7,b'A',12:00.0,b'1',11.929,87.413,b'1',b'ARGOS   ',195,14.085,34.931
4,19,b'2900268 ',b'INDIAN ARGO PROJECT                                             ',b'K.RADHAKRISHNAN                                                 ',7,b'A',12:00.0,b'1',11.929,87.413,b'1',b'ARGOS   ',205,13.634,34.945
4,20,b'2900268 ',b'INDIAN ARGO PROJECT                                             ',b'K.RADHAKRISHNAN                                                 ',7,b'A',12:00.0,b'1',11.929,87.413,b'1',b'ARGOS   ',215,13.125,34.963
4,21,b'2900268 ',b'INDIAN ARGO PROJECT                                             ',b'K.RADHAKRISHNAN                                                 ',7,b'A',12:00.0,b'1',11.929,87.413,b'1',b'ARGOS   ',225,12.811,34.972
4,22,b'2900268 ',b'INDIAN ARGO PROJECT                                             ',b'K.RADHAKRISHNAN                                                 ',7,b'A',12:00.0,b'1',11.929,87.413,b'1',b'ARGOS   ',235,12.548,34.972
4,23,b'2900268 ',b'INDIAN ARGO PROJECT                                             ',b'K.RADHAKRISHNAN                                                 ',7,b'A',12:00.0,b'1',11.929,87.413,b'1',b'ARGOS   ',245,12.41,34.97
4,24,b'2900268 ',b'INDIAN ARGO PROJECT                                             ',b'K.RADHAKRISHNAN                                                 ',7,b'A',12:00.0,b'1',11.929,87.413,b'1',b'ARGOS   ',255,12.3,34.972
4,25,b'2900268 ',b'INDIAN ARGO PROJECT                                             ',b'K.RADHAKRISHNAN                                                 ',7,b'A',12:00.0,b'1',11.929,87.413,b'1',b'ARGOS   ',265,12.167,34.975
4,26,b'2900268 ',b'INDIAN ARGO PROJECT                                             ',b'K.RADHAKRISHNAN                                                 ',7,b'A',12:00.0,b'1',11.929,87.413,b'1',b'ARGOS   ',275,11.976,34.975
4,27,b'2900268 ',b'INDIAN ARGO PROJECT                                             ',b'K.RADHAKRISHNAN                                                 ',7,b'A',12:00.0,b'1',11.929,87.413,b'1',b'ARGOS   ',285,11.797,34.982
4,28,b'2900268 ',b'INDIAN ARGO PROJECT                                             ',b'K.RADHAKRISHNAN                                                 ',7,b'A',12:00.0,b'1',11.929,87.413,b'1',b'ARGOS   ',295,11.64,34.988
4,29,b'2900268 ',b'INDIAN ARGO PROJECT                                             ',b'K.RADHAKRISHNAN                                                 ',7,b'A',12:00.0,b'1',11.929,87.413,b'1',b'ARGOS   ',305,11.505,34.983
4,30,b'2900268 ',b'INDIAN ARGO PROJECT                                             ',b'K.RADHAKRISHNAN                                                 ',7,b'A',12:00.0,b'1',11.929,87.413,b'1',b'ARGOS   ',315,11.39,34.988
4,31,b'2900268 ',b'INDIAN ARGO PROJECT                                             ',b'K.RADHAKRISHNAN                                                 ',7,b'A',12:00.0,b'1',11.929,87.413,b'1',b'ARGOS   ',325,11.3,34.99
4,32,b'2900268 ',b'INDIAN ARGO PROJECT                                             ',b'K.RADHAKRISHNAN                                                 ',7,b'A',12:00.0,b'1',11.929,87.413,b'1',b'ARGOS   ',335,11.201,34.99
4,33,b'2900268 ',b'INDIAN ARGO PROJECT                                             ',b'K.RADHAKRISHNAN                                                 ',7,b'A',12:00.0,b'1',11.929,87.413,b'1',b'ARGOS   ',345,11.107,34.985
4,34,b'2900268 ',b'INDIAN ARGO PROJECT                                             ',b'K.RADHAKRISHNAN                                                 ',7,b'A',12:00.0,b'1',11.929,87.413,b'1',b'ARGOS   ',355,10.993,34.99
4,35,b'2900268 ',b'INDIAN ARGO PROJECT                                             ',b'K.RADHAKRISHNAN                                                 ',7,b'A',12:00.0,b'1',11.929,87.413,b'1',b'ARGOS   ',365,10.907,34.987
4,36,b'2900268 ',b'INDIAN ARGO PROJECT                                             ',b'K.RADHAKRISHNAN                                                 ',7,b'A',12:00.0,b'1',11.929,87.413,b'1',b'ARGOS   ',375,10.821,34.985
4,37,b'2900268 ',b'INDIAN ARGO PROJECT                                             ',b'K.RADHAKRISHNAN                                                 ',7,b'A',12:00.0,b'1',11.929,87.413,b'1',b'ARGOS   ',385,10.72,34.986
4,38,b'2900268 ',b'INDIAN ARGO PROJECT                                             ',b'K.RADHAKRISHNAN                                                 ',7,b'A',12:00.0,b'1',11.929,87.413,b'1',b'ARGOS   ',395,10.62,34.987
4,39,b'2900268 ',b'INDIAN ARGO PROJECT                                             ',b'K.RADHAKRISHNAN                                                 ',7,b'A',12:00.0,b'1',11.929,87.413,b'1',b'ARGOS   ',405,10.546,34.983
4,40,b'2900268 ',b'INDIAN ARGO PROJECT                                             ',b'K.RADHAKRISHNAN                                                 ',7,b'A',12:00.0,b'1',11.929,87.413,b'1',b'ARGOS   ',415,10.43,34.989
4,41,b'2900268 ',b'INDIAN ARGO PROJECT                                             ',b'K.RADHAKRISHNAN                                                 ',7,b'A',12:00.0,b'1',11.929,87.413,b'1',b'ARGOS   ',449,10.148,34.981
4,42,b'2900268 ',b'INDIAN ARGO PROJECT                                             ',b'K.RADHAKRISHNAN                                                 ',7,b'A',12:00.0,b'1',11.929,87.413,b'1',b'ARGOS   ',500,9.714,34.979
4,43,b'2900268 ',b'INDIAN ARGO PROJECT                                             ',b'K.RADHAKRISHNAN                                                 ',7,b'A',12:00.0,b'1',11.929,87.413,b'1',b'ARGOS   ',550,9.341,34.968
4,44,b'2900268 ',b'INDIAN ARGO PROJECT                                             ',b'K.RADHAKRISHNAN                                                 ',7,b'A',12:00.0,b'1',11.929,87.413,b'1',b'ARGOS   ',600,9.058,34.961
4,45,b'2900268 ',b'INDIAN ARGO PROJECT                                             ',b'K.RADHAKRISHNAN                                                 ',7,b'A',12:00.0,b'1',11.929,87.413,b'1',b'ARGOS   ',649,8.75,34.947
4,46,b'2900268 ',b'INDIAN ARGO PROJECT                                             ',b'K.RADHAKRISHNAN                                                 ',7,b'A',12:00.0,b'1',11.929,87.413,b'1',b'ARGOS   ',701,8.396,34.934
4,47,b'2900268 ',b'INDIAN ARGO PROJECT                                             ',b'K.RADHAKRISHNAN                                                 ',7,b'A',12:00.0,b'1',11.929,87.413,b'1',b'ARGOS   ',750,8.085,34.932
4,48,b'2900268 ',b'INDIAN ARGO PROJECT                                             ',b'K.RADHAKRISHNAN                                                 ',7,b'A',12:00.0,b'1',11.929,87.413,b'1',b'ARGOS   ',800,7.805,34.919
4,49,b'2900268 ',b'INDIAN ARGO PROJECT                                             ',b'K.RADHAKRISHNAN                                                 ',7,b'A',12:00.0,b'1',11.929,87.413,b'1',b'ARGOS   ',850,7.489,34.909
4,50,b'2900268 ',b'INDIAN ARGO PROJECT                                             ',b'K.RADHAKRISHNAN                                                 ',7,b'A',12:00.0,b'1',11.929,87.413,b'1',b'ARGOS   ',900,7.181,34.901
4,51,b'2900268 ',b'INDIAN ARGO PROJECT                                             ',b'K.RADHAKRISHNAN                                                 ',7,b'A',12:00.0,b'1',11.929,87.413,b'1',b'ARGOS   ',950,6.921,34.887
4,52,b'2900268 ',b'INDIAN ARGO PROJECT                                             ',b'K.RADHAKRISHNAN                                                 ',7,b'A',12:00.0,b'1',11.929,87.413,b'1',b'ARGOS   ',983,6.773,34.889
5,0,b'2900268 ',b'INDIAN ARGO PROJECT                                             ',b'K.RADHAKRISHNAN                                                 ',8,b'A',12:00.0,b'1',11.919,87.436,b'1',b'ARGOS   ',15,28.952,33.108
5,1,b'2900268 ',b'INDIAN ARGO PROJECT                                             ',b'K.RADHAKRISHNAN                                                 ',8,b'A',12:00.0,b'1',11.919,87.436,b'1',b'ARGOS   ',25,29.037,33.203
5,2,b'2900268 ',b'INDIAN ARGO PROJECT                                             ',b'K.RADHAKRISHNAN                                                 ',8,b'A',12:00.0,b'1',11.919,87.436,b'1',b'ARGOS   ',35,29.057,33.323
5,3,b'2900268 ',b'INDIAN ARGO PROJECT                                             ',b'K.RADHAKRISHNAN                                                 ',8,b'A',12:00.0,b'1',11.919,87.436,b'1',b'ARGOS   ',45,29.031,33.536
5,4,b'2900268 ',b'INDIAN ARGO PROJECT                                             ',b'K.RADHAKRISHNAN                                                 ',8,b'A',12:00.0,b'1',11.919,87.436,b'1',b'ARGOS   ',55,28.937,33.963
5,5,b'2900268 ',b'INDIAN ARGO PROJECT                                             ',b'K.RADHAKRISHNAN                                                 ',8,b'A',12:00.0,b'1',11.919,87.436,b'1',b'ARGOS   ',65,28.696,34.208
5,6,b'2900268 ',b'INDIAN ARGO PROJECT                                             ',b'K.RADHAKRISHNAN                                                 ',8,b'A',12:00.0,b'1',11.919,87.436,b'1',b'ARGOS   ',75,28.241,34.52
5,7,b'2900268 ',b'INDIAN ARGO PROJECT                                             ',b'K.RADHAKRISHNAN                                                 ',8,b'A',12:00.0,b'1',11.919,87.436,b'1',b'ARGOS   ',85,27.701,35.007
5,8,b'2900268 ',b'INDIAN ARGO PROJECT                                             ',b'K.RADHAKRISHNAN                                                 ',8,b'A',12:00.0,b'1',11.919,87.436,b'1',b'ARGOS   ',95,25.363,34.79
5,9,b'2900268 ',b'INDIAN ARGO PROJECT                                             ',b'K.RADHAKRISHNAN                                                 ',8,b'A',12:00.0,b'1',11.919,87.436,b'1',b'ARGOS   ',105,22.866,34.688
5,10,b'2900268 ',b'INDIAN ARGO PROJECT                                             ',b'K.RADHAKRISHNAN                                                 ',8,b'A',12:00.0,b'1',11.919,87.436,b'1',b'ARGOS   ',115,20.979,34.807
5,11,b'2900268 ',b'INDIAN ARGO PROJECT                                             ',b'K.RADHAKRISHNAN                                                 ',8,b'A',12:00.0,b'1',11.919,87.436,b'1',b'ARGOS   ',125,19.86,34.815
5,12,b'2900268 ',b'INDIAN ARGO PROJECT                                             ',b'K.RADHAKRISHNAN                                                 ',8,b'A',12:00.0,b'1',11.919,87.436,b'1',b'ARGOS   ',135,18.681,34.8
5,13,b'2900268 ',b'INDIAN ARGO PROJECT                                             ',b'K.RADHAKRISHNAN                                                 ',8,b'A',12:00.0,b'1',11.919,87.436,b'1',b'ARGOS   ',145,17.49,34.821
5,14,b'2900268 ',b'INDIAN ARGO PROJECT                                             ',b'K.RADHAKRISHNAN                                                 ',8,b'A',12:00.0,b'1',11.919,87.436,b'1',b'ARGOS   ',155,16.453,34.86
5,15,b'2900268 ',b'INDIAN ARGO PROJECT                                             ',b'K.RADHAKRISHNAN                                                 ',8,b'A',12:00.0,b'1',11.919,87.436,b'1',b'ARGOS   ',165,15.803,34.876
5,16,b'2900268 ',b'INDIAN ARGO PROJECT                                             ',b'K.RADHAKRISHNAN                                                 ',8,b'A',12:00.0,b'1',11.919,87.436,b'1',b'ARGOS   ',175,15.117,34.885
5,17,b'2900268 ',b'INDIAN ARGO PROJECT                                             ',b'K.RADHAKRISHNAN                                                 ',8,b'A',12:00.0,b'1',11.919,87.436,b'1',b'ARGOS   ',185,14.503,34.919
5,18,b'2900268 ',b'INDIAN ARGO PROJECT                                             ',b'K.RADHAKRISHNAN                                                 ',8,b'A',12:00.0,b'1',11.919,87.436,b'1',b'ARGOS   ',195,13.94,34.932
5,19,b'2900268 ',b'INDIAN ARGO PROJECT                                             ',b'K.RADHAKRISHNAN                                                 ',8,b'A',12:00.0,b'1',11.919,87.436,b'1',b'ARGOS   ',205,13.586,34.951
5,20,b'2900268 ',b'INDIAN ARGO PROJECT                                             ',b'K.RADHAKRISHNAN                                                 ',8,b'A',12:00.0,b'1',11.919,87.436,b'1',b'ARGOS   ',215,13.252,34.951
5,21,b'2900268 ',b'INDIAN ARGO PROJECT                                             ',b'K.RADHAKRISHNAN                                                 ',8,b'A',12:00.0,b'1',11.919,87.436,b'1',b'ARGOS   ',226,12.922,34.955
5,22,b'2900268 ',b'INDIAN ARGO PROJECT                                             ',b'K.RADHAKRISHNAN                                                 ',8,b'A',12:00.0,b'1',11.919,87.436,b'1',b'ARGOS   ',235,12.707,34.968
5,23,b'2900268 ',b'INDIAN ARGO PROJECT                                             ',b'K.RADHAKRISHNAN                                                 ',8,b'A',12:00.0,b'1',11.919,87.436,b'1',b'ARGOS   ',245,12.42,34.971
5,24,b'2900268 ',b'INDIAN ARGO PROJECT                                             ',b'K.RADHAKRISHNAN                                                 ',8,b'A',12:00.0,b'1',11.919,87.436,b'1',b'ARGOS   ',255,12.185,34.982
5,25,b'2900268 ',b'INDIAN ARGO PROJECT                                             ',b'K.RADHAKRISHNAN                                                 ',8,b'A',12:00.0,b'1',11.919,87.436,b'1',b'ARGOS   ',265,11.99,34.985
5,26,b'2900268 ',b'INDIAN ARGO PROJECT                                             ',b'K.RADHAKRISHNAN                                                 ',8,b'A',12:00.0,b'1',11.919,87.436,b'1',b'ARGOS   ',275,11.824,34.98
5,27,b'2900268 ',b'INDIAN ARGO PROJECT                                             ',b'K.RADHAKRISHNAN                                                 ',8,b'A',12:00.0,b'1',11.919,87.436,b'1',b'ARGOS   ',285,11.675,34.979
5,28,b'2900268 ',b'INDIAN ARGO PROJECT                                             ',b'K.RADHAKRISHNAN                                                 ',8,b'A',12:00.0,b'1',11.919,87.436,b'1',b'ARGOS   ',295,11.515,34.988
5,29,b'2900268 ',b'INDIAN ARGO PROJECT                                             ',b'K.RADHAKRISHNAN                                                 ',8,b'A',12:00.0,b'1',11.919,87.436,b'1',b'ARGOS   ',305,11.422,34.982
5,30,b'2900268 ',b'INDIAN ARGO PROJECT                                             ',b'K.RADHAKRISHNAN                                                 ',8,b'A',12:00.0,b'1',11.919,87.436,b'1',b'ARGOS   ',315,11.343,34.983
5,31,b'2900268 ',b'INDIAN ARGO PROJECT                                             ',b'K.RADHAKRISHNAN                                                 ',8,b'A',12:00.0,b'1',11.919,87.436,b'1',b'ARGOS   ',325,11.238,34.989
5,32,b'2900268 ',b'INDIAN ARGO PROJECT                                             ',b'K.RADHAKRISHNAN                                                 ',8,b'A',12:00.0,b'1',11.919,87.436,b'1',b'ARGOS   ',335,11.145,34.984
5,33,b'2900268 ',b'INDIAN ARGO PROJECT                                             ',b'K.RADHAKRISHNAN                                                 ',8,b'A',12:00.0,b'1',11.919,87.436,b'1',b'ARGOS   ',345,11.07,34.991
5,34,b'2900268 ',b'INDIAN ARGO PROJECT                                             ',b'K.RADHAKRISHNAN                                                 ',8,b'A',12:00.0,b'1',11.919,87.436,b'1',b'ARGOS   ',355,10.986,34.986
5,35,b'2900268 ',b'INDIAN ARGO PROJECT                                             ',b'K.RADHAKRISHNAN                                                 ',8,b'A',12:00.0,b'1',11.919,87.436,b'1',b'ARGOS   ',365,10.906,34.988
5,36,b'2900268 ',b'INDIAN ARGO PROJECT                                             ',b'K.RADHAKRISHNAN                                                 ',8,b'A',12:00.0,b'1',11.919,87.436,b'1',b'ARGOS   ',375,10.818,34.988
5,37,b'2900268 ',b'INDIAN ARGO PROJECT                                             ',b'K.RADHAKRISHNAN                                                 ',8,b'A',12:00.0,b'1',11.919,87.436,b'1',b'ARGOS   ',385,10.748,34.99
5,38,b'2900268 ',b'INDIAN ARGO PROJECT                                             ',b'K.RADHAKRISHNAN                                                 ',8,b'A',12:00.0,b'1',11.919,87.436,b'1',b'ARGOS   ',395,10.679,34.991
5,39,b'2900268 ',b'INDIAN ARGO PROJECT                                             ',b'K.RADHAKRISHNAN                                                 ',8,b'A',12:00.0,b'1',11.919,87.436,b'1',b'ARGOS   ',405,10.632,34.981
5,40,b'2900268 ',b'INDIAN ARGO PROJECT                                             ',b'K.RADHAKRISHNAN                                                 ',8,b'A',12:00.0,b'1',11.919,87.436,b'1',b'ARGOS   ',414,10.558,34.988
5,41,b'2900268 ',b'INDIAN ARGO PROJECT                                             ',b'K.RADHAKRISHNAN                                                 ',8,b'A',12:00.0,b'1',11.919,87.436,b'1',b'ARGOS   ',451,10.255,34.979
5,42,b'2900268 ',b'INDIAN ARGO PROJECT                                             ',b'K.RADHAKRISHNAN                                                 ',8,b'A',12:00.0,b'1',11.919,87.436,b'1',b'ARGOS   ',501,9.804,34.973
5,43,b'2900268 ',b'INDIAN ARGO PROJECT                                             ',b'K.RADHAKRISHNAN                                                 ',8,b'A',12:00.0,b'1',11.919,87.436,b'1',b'ARGOS   ',550,9.417,34.966
5,44,b'2900268 ',b'INDIAN ARGO PROJECT                                             ',b'K.RADHAKRISHNAN                                                 ',8,b'A',12:00.0,b'1',11.919,87.436,b'1',b'ARGOS   ',600,9.098,34.964
5,45,b'2900268 ',b'INDIAN ARGO PROJECT                                             ',b'K.RADHAKRISHNAN                                                 ',8,b'A',12:00.0,b'1',11.919,87.436,b'1',b'ARGOS   ',650,8.77,34.948
5,46,b'2900268 ',b'INDIAN ARGO PROJECT                                             ',b'K.RADHAKRISHNAN                                                 ',8,b'A',12:00.0,b'1',11.919,87.436,b'1',b'ARGOS   ',700,8.425,34.938
5,47,b'2900268 ',b'INDIAN ARGO PROJECT                                             ',b'K.RADHAKRISHNAN                                                 ',8,b'A',12:00.0,b'1',11.919,87.436,b'1',b'ARGOS   ',750,8.064,34.932
5,48,b'2900268 ',b'INDIAN ARGO PROJECT                                             ',b'K.RADHAKRISHNAN                                                 ',8,b'A',12:00.0,b'1',11.919,87.436,b'1',b'ARGOS   ',800,7.769,34.923
5,49,b'2900268 ',b'INDIAN ARGO PROJECT                                             ',b'K.RADHAKRISHNAN                                                 ',8,b'A',12:00.0,b'1',11.919,87.436,b'1',b'ARGOS   ',850,7.454,34.912
5,50,b'2900268 ',b'INDIAN ARGO PROJECT                                             ',b'K.RADHAKRISHNAN                                                 ',8,b'A',12:00.0,b'1',11.919,87.436,b'1',b'ARGOS   ',900,7.162,34.898
5,51,b'2900268 ',b'INDIAN ARGO PROJECT                                             ',b'K.RADHAKRISHNAN                                                 ',8,b'A',12:00.0,b'1',11.919,87.436,b'1',b'ARGOS   ',950,6.879,34.886
5,52,b'2900268 ',b'INDIAN ARGO PROJECT                                             ',b'K.RADHAKRISHNAN                                                 ',8,b'A',12:00.0,b'1',11.919,87.436,b'1',b'ARGOS   ',985,6.696,34.889
6,0,b'2900268 ',b'INDIAN ARGO PROJECT                                             ',b'K.RADHAKRISHNAN                                                 ',9,b'A',12:00.0,b'1',11.889,87.522,b'1',b'ARGOS   ',15,28.703,33.143
6,1,b'2900268 ',b'INDIAN ARGO PROJECT                                             ',b'K.RADHAKRISHNAN                                                 ',9,b'A',12:00.0,b'1',11.889,87.522,b'1',b'ARGOS   ',25,28.702,33.141
6,2,b'2900268 ',b'INDIAN ARGO PROJECT                                             ',b'K.RADHAKRISHNAN                                                 ',9,b'A',12:00.0,b'1',11.889,87.522,b'1',b'ARGOS   ',35,28.707,33.128
6,3,b'2900268 ',b'INDIAN ARGO PROJECT                                             ',b'K.RADHAKRISHNAN                                                 ',9,b'A',12:00.0,b'1',11.889,87.522,b'1',b'ARGOS   ',45,28.721,33.157
6,4,b'2900268 ',b'INDIAN ARGO PROJECT                                             ',b'K.RADHAKRISHNAN                                                 ',9,b'A',12:00.0,b'1',11.889,87.522,b'1',b'ARGOS   ',55,28.8,33.538
6,5,b'2900268 ',b'INDIAN ARGO PROJECT                                             ',b'K.RADHAKRISHNAN                                                 ',9,b'A',12:00.0,b'1',11.889,87.522,b'1',b'ARGOS   ',65,28.434,34.154
6,6,b'2900268 ',b'INDIAN ARGO PROJECT                                             ',b'K.RADHAKRISHNAN                                                 ',9,b'A',12:00.0,b'1',11.889,87.522,b'1',b'ARGOS   ',76,27.43,34.498
6,7,b'2900268 ',b'INDIAN ARGO PROJECT                                             ',b'K.RADHAKRISHNAN                                                 ',9,b'A',12:00.0,b'1',11.889,87.522,b'1',b'ARGOS   ',85,25.823,34.648
6,8,b'2900268 ',b'INDIAN ARGO PROJECT                                             ',b'K.RADHAKRISHNAN                                                 ',9,b'A',12:00.0,b'1',11.889,87.522,b'1',b'ARGOS   ',95,24.03,34.754
6,9,b'2900268 ',b'INDIAN ARGO PROJECT                                             ',b'K.RADHAKRISHNAN                                                 ',9,b'A',12:00.0,b'1',11.889,87.522,b'1',b'ARGOS   ',105,22.54,34.73
6,10,b'2900268 ',b'INDIAN ARGO PROJECT                                             ',b'K.RADHAKRISHNAN                                                 ',9,b'A',12:00.0,b'1',11.889,87.522,b'1',b'ARGOS   ',115,21.358,34.763
6,11,b'2900268 ',b'INDIAN ARGO PROJECT                                             ',b'K.RADHAKRISHNAN                                                 ',9,b'A',12:00.0,b'1',11.889,87.522,b'1',b'ARGOS   ',125,20.156,34.848
6,12,b'2900268 ',b'INDIAN ARGO PROJECT                                             ',b'K.RADHAKRISHNAN                                                 ',9,b'A',12:00.0,b'1',11.889,87.522,b'1',b'ARGOS   ',135,19.16,34.849
6,13,b'2900268 ',b'INDIAN ARGO PROJECT                                             ',b'K.RADHAKRISHNAN                                                 ',9,b'A',12:00.0,b'1',11.889,87.522,b'1',b'ARGOS   ',145,18.198,34.858
6,14,b'2900268 ',b'INDIAN ARGO PROJECT                                             ',b'K.RADHAKRISHNAN                                                 ',9,b'A',12:00.0,b'1',11.889,87.522,b'1',b'ARGOS   ',155,17.272,34.858
6,15,b'2900268 ',b'INDIAN ARGO PROJECT                                             ',b'K.RADHAKRISHNAN                                                 ',9,b'A',12:00.0,b'1',11.889,87.522,b'1',b'ARGOS   ',165,16.475,34.881
6,16,b'2900268 ',b'INDIAN ARGO PROJECT                                             ',b'K.RADHAKRISHNAN                                                 ',9,b'A',12:00.0,b'1',11.889,87.522,b'1',b'ARGOS   ',175,15.755,34.887
6,17,b'2900268 ',b'INDIAN ARGO PROJECT                                             ',b'K.RADHAKRISHNAN                                                 ',9,b'A',12:00.0,b'1',11.889,87.522,b'1',b'ARGOS   ',185,15.213,34.904
6,18,b'2900268 ',b'INDIAN ARGO PROJECT                                             ',b'K.RADHAKRISHNAN                                                 ',9,b'A',12:00.0,b'1',11.889,87.522,b'1',b'ARGOS   ',195,14.403,34.922
6,19,b'2900268 ',b'INDIAN ARGO PROJECT                                             ',b'K.RADHAKRISHNAN                                                 ',9,b'A',12:00.0,b'1',11.889,87.522,b'1',b'ARGOS   ',205,13.834,34.941
6,20,b'2900268 ',b'INDIAN ARGO PROJECT                                             ',b'K.RADHAKRISHNAN                                                 ',9,b'A',12:00.0,b'1',11.889,87.522,b'1',b'ARGOS   ',216,13.401,34.946
6,21,b'2900268 ',b'INDIAN ARGO PROJECT                                             ',b'K.RADHAKRISHNAN                                                 ',9,b'A',12:00.0,b'1',11.889,87.522,b'1',b'ARGOS   ',225,13.044,34.948
6,22,b'2900268 ',b'INDIAN ARGO PROJECT                                             ',b'K.RADHAKRISHNAN                                                 ',9,b'A',12:00.0,b'1',11.889,87.522,b'1',b'ARGOS   ',235,12.619,34.964
6,23,b'2900268 ',b'INDIAN ARGO PROJECT                                             ',b'K.RADHAKRISHNAN                                                 ',9,b'A',12:00.0,b'1',11.889,87.522,b'1',b'ARGOS   ',245,12.428,34.963
6,24,b'2900268 ',b'INDIAN ARGO PROJECT                                             ',b'K.RADHAKRISHNAN                                                 ',9,b'A',12:00.0,b'1',11.889,87.522,b'1',b'ARGOS   ',255,12.268,34.973
6,25,b'2900268 ',b'INDIAN ARGO PROJECT                                             ',b'K.RADHAKRISHNAN                                                 ',9,b'A',12:00.0,b'1',11.889,87.522,b'1',b'ARGOS   ',265,11.976,34.979
6,26,b'2900268 ',b'INDIAN ARGO PROJECT                                             ',b'K.RADHAKRISHNAN                                                 ',9,b'A',12:00.0,b'1',11.889,87.522,b'1',b'ARGOS   ',275,11.826,34.979
6,27,b'2900268 ',b'INDIAN ARGO PROJECT                                             ',b'K.RADHAKRISHNAN                                                 ',9,b'A',12:00.0,b'1',11.889,87.522,b'1',b'ARGOS   ',285,11.667,34.986
6,28,b'2900268 ',b'INDIAN ARGO PROJECT                                             ',b'K.RADHAKRISHNAN                                                 ',9,b'A',12:00.0,b'1',11.889,87.522,b'1',b'ARGOS   ',295,11.5,34.992
6,29,b'2900268 ',b'INDIAN ARGO PROJECT                                             ',b'K.RADHAKRISHNAN                                                 ',9,b'A',12:00.0,b'1',11.889,87.522,b'1',b'ARGOS   ',305,11.364,34.998
6,30,b'2900268 ',b'INDIAN ARGO PROJECT                                             ',b'K.RADHAKRISHNAN                                                 ',9,b'A',12:00.0,b'1',11.889,87.522,b'1',b'ARGOS   ',315,11.263,34.99
6,31,b'2900268 ',b'INDIAN ARGO PROJECT                                             ',b'K.RADHAKRISHNAN                                                 ',9,b'A',12:00.0,b'1',11.889,87.522,b'1',b'ARGOS   ',325,11.181,34.994
6,32,b'2900268 ',b'INDIAN ARGO PROJECT                                             ',b'K.RADHAKRISHNAN                                                 ',9,b'A',12:00.0,b'1',11.889,87.522,b'1',b'ARGOS   ',335,11.05,34.994
6,33,b'2900268 ',b'INDIAN ARGO PROJECT                                             ',b'K.RADHAKRISHNAN                                                 ',9,b'A',12:00.0,b'1',11.889,87.522,b'1',b'ARGOS   ',345,10.923,34.991
6,34,b'2900268 ',b'INDIAN ARGO PROJECT                                             ',b'K.RADHAKRISHNAN                                                 ',9,b'A',12:00.0,b'1',11.889,87.522,b'1',b'ARGOS   ',355,10.829,34.996
6,35,b'2900268 ',b'INDIAN ARGO PROJECT                                             ',b'K.RADHAKRISHNAN                                                 ',9,b'A',12:00.0,b'1',11.889,87.522,b'1',b'ARGOS   ',365,10.729,34.997
6,36,b'2900268 ',b'INDIAN ARGO PROJECT                                             ',b'K.RADHAKRISHNAN                                                 ',9,b'A',12:00.0,b'1',11.889,87.522,b'1',b'ARGOS   ',375,10.643,34.994
6,37,b'2900268 ',b'INDIAN ARGO PROJECT                                             ',b'K.RADHAKRISHNAN                                                 ',9,b'A',12:00.0,b'1',11.889,87.522,b'1',b'ARGOS   ',385,10.565,34.994
6,38,b'2900268 ',b'INDIAN ARGO PROJECT                                             ',b'K.RADHAKRISHNAN                                                 ',9,b'A',12:00.0,b'1',11.889,87.522,b'1',b'ARGOS   ',395,10.492,34.999
6,39,b'2900268 ',b'INDIAN ARGO PROJECT                                             ',b'K.RADHAKRISHNAN                                                 ',9,b'A',12:00.0,b'1',11.889,87.522,b'1',b'ARGOS   ',405,10.39,34.991
6,40,b'2900268 ',b'INDIAN ARGO PROJECT                                             ',b'K.RADHAKRISHNAN                                                 ',9,b'A',12:00.0,b'1',11.889,87.522,b'1',b'ARGOS   ',415,10.308,34.995
6,41,b'2900268 ',b'INDIAN ARGO PROJECT                                             ',b'K.RADHAKRISHNAN                                                 ',9,b'A',12:00.0,b'1',11.889,87.522,b'1',b'ARGOS   ',452,10.006,34.984
6,42,b'2900268 ',b'INDIAN ARGO PROJECT                                             ',b'K.RADHAKRISHNAN                                                 ',9,b'A',12:00.0,b'1',11.889,87.522,b'1',b'ARGOS   ',500,9.666,34.984
6,43,b'2900268 ',b'INDIAN ARGO PROJECT                                             ',b'K.RADHAKRISHNAN                                                 ',9,b'A',12:00.0,b'1',11.889,87.522,b'1',b'ARGOS   ',550,9.324,34.974
6,44,b'2900268 ',b'INDIAN ARGO PROJECT                                             ',b'K.RADHAKRISHNAN                                                 ',9,b'A',12:00.0,b'1',11.889,87.522,b'1',b'ARGOS   ',600,9.003,34.963
6,45,b'2900268 ',b'INDIAN ARGO PROJECT                                             ',b'K.RADHAKRISHNAN                                                 ',9,b'A',12:00.0,b'1',11.889,87.522,b'1',b'ARGOS   ',650,8.639,34.951
6,46,b'2900268 ',b'INDIAN ARGO PROJECT                                             ',b'K.RADHAKRISHNAN                                                 ',9,b'A',12:00.0,b'1',11.889,87.522,b'1',b'ARGOS   ',700,8.33,34.947
6,47,b'2900268 ',b'INDIAN ARGO PROJECT                                             ',b'K.RADHAKRISHNAN                                                 ',9,b'A',12:00.0,b'1',11.889,87.522,b'1',b'ARGOS   ',750,8.004,34.938
6,48,b'2900268 ',b'INDIAN ARGO PROJECT                                             ',b'K.RADHAKRISHNAN                                                 ',9,b'A',12:00.0,b'1',11.889,87.522,b'1',b'ARGOS   ',801,7.712,34.925
6,49,b'2900268 ',b'INDIAN ARGO PROJECT                                             ',b'K.RADHAKRISHNAN                                                 ',9,b'A',12:00.0,b'1',11.889,87.522,b'1',b'ARGOS   ',849,7.408,34.915
6,50,b'2900268 ',b'INDIAN ARGO PROJECT                                             ',b'K.RADHAKRISHNAN                                                 ',9,b'A',12:00.0,b'1',11.889,87.522,b'1',b'ARGOS   ',899,7.083,34.902
6,51,b'2900268 ',b'INDIAN ARGO PROJECT                                             ',b'K.RADHAKRISHNAN                                                 ',9,b'A',12:00.0,b'1',11.889,87.522,b'1',b'ARGOS   ',950,6.764,34.892
6,52,b'2900268 ',b'INDIAN ARGO PROJECT                                             ',b'K.RADHAKRISHNAN                                                 ',9,b'A',12:00.0,b'1',11.889,87.522,b'1',b'ARGOS   ',986,6.536,34.885
7,0,b'2900268 ',b'INDIAN ARGO PROJECT                                             ',b'K.RADHAKRISHNAN                                                 ',10,b'A',12:00.0,b'1',11.997,87.398,b'1',b'ARGOS   ',15,28.924,33.195
7,1,b'2900268 ',b'INDIAN ARGO PROJECT                                             ',b'K.RADHAKRISHNAN                                                 ',10,b'A',12:00.0,b'1',11.997,87.398,b'1',b'ARGOS   ',25,28.92,33.195
7,2,b'2900268 ',b'INDIAN ARGO PROJECT                                             ',b'K.RADHAKRISHNAN                                                 ',10,b'A',12:00.0,b'1',11.997,87.398,b'1',b'ARGOS   ',35,28.919,33.2
7,3,b'2900268 ',b'INDIAN ARGO PROJECT                                             ',b'K.RADHAKRISHNAN                                                 ',10,b'A',12:00.0,b'1',11.997,87.398,b'1',b'ARGOS   ',45,28.9,33.375
7,4,b'2900268 ',b'INDIAN ARGO PROJECT                                             ',b'K.RADHAKRISHNAN                                                 ',10,b'A',12:00.0,b'1',11.997,87.398,b'1',b'ARGOS   ',55,28.844,33.521
7,5,b'2900268 ',b'INDIAN ARGO PROJECT                                             ',b'K.RADHAKRISHNAN                                                 ',10,b'A',12:00.0,b'1',11.997,87.398,b'1',b'ARGOS   ',66,27.853,33.659
7,6,b'2900268 ',b'INDIAN ARGO PROJECT                                             ',b'K.RADHAKRISHNAN                                                 ',10,b'A',12:00.0,b'1',11.997,87.398,b'1',b'ARGOS   ',75,26.369,34.047
7,7,b'2900268 ',b'INDIAN ARGO PROJECT                                             ',b'K.RADHAKRISHNAN                                                 ',10,b'A',12:00.0,b'1',11.997,87.398,b'1',b'ARGOS   ',85,25.002,34.435
7,8,b'2900268 ',b'INDIAN ARGO PROJECT                                             ',b'K.RADHAKRISHNAN                                                 ',10,b'A',12:00.0,b'1',11.997,87.398,b'1',b'ARGOS   ',95,23.383,34.5
7,9,b'2900268 ',b'INDIAN ARGO PROJECT                                             ',b'K.RADHAKRISHNAN                                                 ',10,b'A',12:00.0,b'1',11.997,87.398,b'1',b'ARGOS   ',105,22.265,34.738
7,10,b'2900268 ',b'INDIAN ARGO PROJECT                                             ',b'K.RADHAKRISHNAN                                                 ',10,b'A',12:00.0,b'1',11.997,87.398,b'1',b'ARGOS   ',115,21.341,34.753
7,11,b'2900268 ',b'INDIAN ARGO PROJECT                                             ',b'K.RADHAKRISHNAN                                                 ',10,b'A',12:00.0,b'1',11.997,87.398,b'1',b'ARGOS   ',125,20.351,34.72
7,12,b'2900268 ',b'INDIAN ARGO PROJECT                                             ',b'K.RADHAKRISHNAN                                                 ',10,b'A',12:00.0,b'1',11.997,87.398,b'1',b'ARGOS   ',135,19.576,34.808
7,13,b'2900268 ',b'INDIAN ARGO PROJECT                                             ',b'K.RADHAKRISHNAN                                                 ',10,b'A',12:00.0,b'1',11.997,87.398,b'1',b'ARGOS   ',145,18.962,34.836
7,14,b'2900268 ',b'INDIAN ARGO PROJECT                                             ',b'K.RADHAKRISHNAN                                                 ',10,b'A',12:00.0,b'1',11.997,87.398,b'1',b'ARGOS   ',155,18.403,34.859
7,15,b'2900268 ',b'INDIAN ARGO PROJECT                                             ',b'K.RADHAKRISHNAN                                                 ',10,b'A',12:00.0,b'1',11.997,87.398,b'1',b'ARGOS   ',166,17.738,34.867
7,16,b'2900268 ',b'INDIAN ARGO PROJECT                                             ',b'K.RADHAKRISHNAN                                                 ',10,b'A',12:00.0,b'1',11.997,87.398,b'1',b'ARGOS   ',175,17.076,34.863
7,17,b'2900268 ',b'INDIAN ARGO PROJECT                                             ',b'K.RADHAKRISHNAN                                                 ',10,b'A',12:00.0,b'1',11.997,87.398,b'1',b'ARGOS   ',185,16.439,34.861
7,18,b'2900268 ',b'INDIAN ARGO PROJECT                                             ',b'K.RADHAKRISHNAN                                                 ',10,b'A',12:00.0,b'1',11.997,87.398,b'1',b'ARGOS   ',195,15.697,34.886
7,19,b'2900268 ',b'INDIAN ARGO PROJECT                                             ',b'K.RADHAKRISHNAN                                                 ',10,b'A',12:00.0,b'1',11.997,87.398,b'1',b'ARGOS   ',205,14.519,34.896
7,20,b'2900268 ',b'INDIAN ARGO PROJECT                                             ',b'K.RADHAKRISHNAN                                                 ',10,b'A',12:00.0,b'1',11.997,87.398,b'1',b'ARGOS   ',215,13.37,34.918
7,21,b'2900268 ',b'INDIAN ARGO PROJECT                                             ',b'K.RADHAKRISHNAN                                                 ',10,b'A',12:00.0,b'1',11.997,87.398,b'1',b'ARGOS   ',226,12.583,34.943
7,22,b'2900268 ',b'INDIAN ARGO PROJECT                                             ',b'K.RADHAKRISHNAN                                                 ',10,b'A',12:00.0,b'1',11.997,87.398,b'1',b'ARGOS   ',235,11.97,34.968
7,23,b'2900268 ',b'INDIAN ARGO PROJECT                                             ',b'K.RADHAKRISHNAN                                                 ',10,b'A',12:00.0,b'1',11.997,87.398,b'1',b'ARGOS   ',245,11.643,34.977
7,24,b'2900268 ',b'INDIAN ARGO PROJECT                                             ',b'K.RADHAKRISHNAN                                                 ',10,b'A',12:00.0,b'1',11.997,87.398,b'1',b'ARGOS   ',255,11.491,34.978
7,25,b'2900268 ',b'INDIAN ARGO PROJECT                                             ',b'K.RADHAKRISHNAN                                                 ',10,b'A',12:00.0,b'1',11.997,87.398,b'1',b'ARGOS   ',265,11.387,34.983
7,26,b'2900268 ',b'INDIAN ARGO PROJECT                                             ',b'K.RADHAKRISHNAN                                                 ',10,b'A',12:00.0,b'1',11.997,87.398,b'1',b'ARGOS   ',275,11.224,34.985
7,27,b'2900268 ',b'INDIAN ARGO PROJECT                                             ',b'K.RADHAKRISHNAN                                                 ',10,b'A',12:00.0,b'1',11.997,87.398,b'1',b'ARGOS   ',285,11.161,34.991
7,28,b'2900268 ',b'INDIAN ARGO PROJECT                                             ',b'K.RADHAKRISHNAN                                                 ',10,b'A',12:00.0,b'1',11.997,87.398,b'1',b'ARGOS   ',295,11.101,34.993
7,29,b'2900268 ',b'INDIAN ARGO PROJECT                                             ',b'K.RADHAKRISHNAN                                                 ',10,b'A',12:00.0,b'1',11.997,87.398,b'1',b'ARGOS   ',305,11.025,34.991
7,30,b'2900268 ',b'INDIAN ARGO PROJECT                                             ',b'K.RADHAKRISHNAN                                                 ',10,b'A',12:00.0,b'1',11.997,87.398,b'1',b'ARGOS   ',315,10.907,34.999
7,31,b'2900268 ',b'INDIAN ARGO PROJECT                                             ',b'K.RADHAKRISHNAN                                                 ',10,b'A',12:00.0,b'1',11.997,87.398,b'1',b'ARGOS   ',325,10.823,34.995
7,32,b'2900268 ',b'INDIAN ARGO PROJECT                                             ',b'K.RADHAKRISHNAN                                                 ',10,b'A',12:00.0,b'1',11.997,87.398,b'1',b'ARGOS   ',335,10.738,34.992
7,33,b'2900268 ',b'INDIAN ARGO PROJECT                                             ',b'K.RADHAKRISHNAN                                                 ',10,b'A',12:00.0,b'1',11.997,87.398,b'1',b'ARGOS   ',345,10.693,34.99
7,34,b'2900268 ',b'INDIAN ARGO PROJECT                                             ',b'K.RADHAKRISHNAN                                                 ',10,b'A',12:00.0,b'1',11.997,87.398,b'1',b'ARGOS   ',355,10.637,34.999
7,35,b'2900268 ',b'INDIAN ARGO PROJECT                                             ',b'K.RADHAKRISHNAN                                                 ',10,b'A',12:00.0,b'1',11.997,87.398,b'1',b'ARGOS   ',365,10.577,34.991
7,36,b'2900268 ',b'INDIAN ARGO PROJECT                                             ',b'K.RADHAKRISHNAN                                                 ',10,b'A',12:00.0,b'1',11.997,87.398,b'1',b'ARGOS   ',375,10.526,34.995
7,37,b'2900268 ',b'INDIAN ARGO PROJECT                                             ',b'K.RADHAKRISHNAN                                                 ',10,b'A',12:00.0,b'1',11.997,87.398,b'1',b'ARGOS   ',385,10.465,34.999
7,38,b'2900268 ',b'INDIAN ARGO PROJECT                                             ',b'K.RADHAKRISHNAN                                                 ',10,b'A',12:00.0,b'1',11.997,87.398,b'1',b'ARGOS   ',395,10.389,34.997
7,39,b'2900268 ',b'INDIAN ARGO PROJECT                                             ',b'K.RADHAKRISHNAN                                                 ',10,b'A',12:00.0,b'1',11.997,87.398,b'1',b'ARGOS   ',405,10.314,34.993
7,40,b'2900268 ',b'INDIAN ARGO PROJECT                                             ',b'K.RADHAKRISHNAN                                                 ',10,b'A',12:00.0,b'1',11.997,87.398,b'1',b'ARGOS   ',415,10.228,34.99
7,41,b'2900268 ',b'INDIAN ARGO PROJECT                                             ',b'K.RADHAKRISHNAN                                                 ',10,b'A',12:00.0,b'1',11.997,87.398,b'1',b'ARGOS   ',451,9.985,34.984
7,42,b'2900268 ',b'INDIAN ARGO PROJECT                                             ',b'K.RADHAKRISHNAN                                                 ',10,b'A',12:00.0,b'1',11.997,87.398,b'1',b'ARGOS   ',500,9.655,34.984
7,43,b'2900268 ',b'INDIAN ARGO PROJECT                                             ',b'K.RADHAKRISHNAN                                                 ',10,b'A',12:00.0,b'1',11.997,87.398,b'1',b'ARGOS   ',550,9.375,34.976
7,44,b'2900268 ',b'INDIAN ARGO PROJECT                                             ',b'K.RADHAKRISHNAN                                                 ',10,b'A',12:00.0,b'1',11.997,87.398,b'1',b'ARGOS   ',600,9.086,34.965
7,45,b'2900268 ',b'INDIAN ARGO PROJECT                                             ',b'K.RADHAKRISHNAN                                                 ',10,b'A',12:00.0,b'1',11.997,87.398,b'1',b'ARGOS   ',650,8.778,34.961
7,46,b'2900268 ',b'INDIAN ARGO PROJECT                                             ',b'K.RADHAKRISHNAN                                                 ',10,b'A',12:00.0,b'1',11.997,87.398,b'1',b'ARGOS   ',700,8.46,34.946
7,47,b'2900268 ',b'INDIAN ARGO PROJECT                                             ',b'K.RADHAKRISHNAN                                                 ',10,b'A',12:00.0,b'1',11.997,87.398,b'1',b'ARGOS   ',750,8.14,34.942
7,48,b'2900268 ',b'INDIAN ARGO PROJECT                                             ',b'K.RADHAKRISHNAN                                                 ',10,b'A',12:00.0,b'1',11.997,87.398,b'1',b'ARGOS   ',800,7.813,34.933
7,49,b'2900268 ',b'INDIAN ARGO PROJECT                                             ',b'K.RADHAKRISHNAN                                                 ',10,b'A',12:00.0,b'1',11.997,87.398,b'1',b'ARGOS   ',850,7.537,34.926
7,50,b'2900268 ',b'INDIAN ARGO PROJECT                                             ',b'K.RADHAKRISHNAN                                                 ',10,b'A',12:00.0,b'1',11.997,87.398,b'1',b'ARGOS   ',900,7.246,34.912
7,51,b'2900268 ',b'INDIAN ARGO PROJECT                                             ',b'K.RADHAKRISHNAN                                                 ',10,b'A',12:00.0,b'1',11.997,87.398,b'1',b'ARGOS   ',950,6.906,34.903
7,52,b'2900268 ',b'INDIAN ARGO PROJECT                                             ',b'K.RADHAKRISHNAN                                                 ',10,b'A',12:00.0,b'1',11.997,87.398,b'1',b'ARGOS   ',991,6.665,34.895
8,0,b'2900268 ',b'INDIAN ARGO PROJECT                                             ',b'K.RADHAKRISHNAN                                                 ',11,b'A',30:00.0,b'1',12.251,86.538,b'1',b'ARGOS   ',15,28.926,33.009
8,1,b'2900268 ',b'INDIAN ARGO PROJECT                                             ',b'K.RADHAKRISHNAN                                                 ',11,b'A',30:00.0,b'1',12.251,86.538,b'1',b'ARGOS   ',25,28.954,33.049
8,2,b'2900268 ',b'INDIAN ARGO PROJECT                                             ',b'K.RADHAKRISHNAN                                                 ',11,b'A',30:00.0,b'1',12.251,86.538,b'1',b'ARGOS   ',35,28.982,33.238
8,3,b'2900268 ',b'INDIAN ARGO PROJECT                                             ',b'K.RADHAKRISHNAN                                                 ',11,b'A',30:00.0,b'1',12.251,86.538,b'1',b'ARGOS   ',45,28.966,33.506
8,4,b'2900268 ',b'INDIAN ARGO PROJECT                                             ',b'K.RADHAKRISHNAN                                                 ',11,b'A',30:00.0,b'1',12.251,86.538,b'1',b'ARGOS   ',55,28.932,33.521
8,5,b'2900268 ',b'INDIAN ARGO PROJECT                                             ',b'K.RADHAKRISHNAN                                                 ',11,b'A',30:00.0,b'1',12.251,86.538,b'1',b'ARGOS   ',65,28.607,33.561
8,6,b'2900268 ',b'INDIAN ARGO PROJECT                                             ',b'K.RADHAKRISHNAN                                                 ',11,b'A',30:00.0,b'1',12.251,86.538,b'1',b'ARGOS   ',75,27.203,33.829
8,7,b'2900268 ',b'INDIAN ARGO PROJECT                                             ',b'K.RADHAKRISHNAN                                                 ',11,b'A',30:00.0,b'1',12.251,86.538,b'1',b'ARGOS   ',,,
8,8,b'2900268 ',b'INDIAN ARGO PROJECT                                             ',b'K.RADHAKRISHNAN                                                 ',11,b'A',30:00.0,b'1',12.251,86.538,b'1',b'ARGOS   ',,,
8,9,b'2900268 ',b'INDIAN ARGO PROJECT                                             ',b'K.RADHAKRISHNAN                                                 ',11,b'A',30:00.0,b'1',12.251,86.538,b'1',b'ARGOS   ',,,
8,10,b'2900268 ',b'INDIAN ARGO PROJECT                                             ',b'K.RADHAKRISHNAN                                                 ',11,b'A',30:00.0,b'1',12.251,86.538,b'1',b'ARGOS   ',,,
8,11,b'2900268 ',b'INDIAN ARGO PROJECT                                             ',b'K.RADHAKRISHNAN                                                 ',11,b'A',30:00.0,b'1',12.251,86.538,b'1',b'ARGOS   ',,,
8,12,b'2900268 ',b'INDIAN ARGO PROJECT                                             ',b'K.RADHAKRISHNAN                                                 ',11,b'A',30:00.0,b'1',12.251,86.538,b'1',b'ARGOS   ',,,
8,13,b'2900268 ',b'INDIAN ARGO PROJECT                                             ',b'K.RADHAKRISHNAN                                                 ',11,b'A',30:00.0,b'1',12.251,86.538,b'1',b'ARGOS   ',,,
8,14,b'2900268 ',b'INDIAN ARGO PROJECT                                             ',b'K.RADHAKRISHNAN                                                 ',11,b'A',30:00.0,b'1',12.251,86.538,b'1',b'ARGOS   ',,,
8,15,b'2900268 ',b'INDIAN ARGO PROJECT                                             ',b'K.RADHAKRISHNAN                                                 ',11,b'A',30:00.0,b'1',12.251,86.538,b'1',b'ARGOS   ',,,
8,16,b'2900268 ',b'INDIAN ARGO PROJECT                                             ',b'K.RADHAKRISHNAN                                                 ',11,b'A',30:00.0,b'1',12.251,86.538,b'1',b'ARGOS   ',,,
8,17,b'2900268 ',b'INDIAN ARGO PROJECT                                             ',b'K.RADHAKRISHNAN                                                 ',11,b'A',30:00.0,b'1',12.251,86.538,b'1',b'ARGOS   ',,,
8,18,b'2900268 ',b'INDIAN ARGO PROJECT                                             ',b'K.RADHAKRISHNAN                                                 ',11,b'A',30:00.0,b'1',12.251,86.538,b'1',b'ARGOS   ',,,
8,19,b'2900268 ',b'INDIAN ARGO PROJECT                                             ',b'K.RADHAKRISHNAN                                                 ',11,b'A',30:00.0,b'1',12.251,86.538,b'1',b'ARGOS   ',,,
8,20,b'2900268 ',b'INDIAN ARGO PROJECT                                             ',b'K.RADHAKRISHNAN                                                 ',11,b'A',30:00.0,b'1',12.251,86.538,b'1',b'ARGOS   ',,,
8,21,b'2900268 ',b'INDIAN ARGO PROJECT                                             ',b'K.RADHAKRISHNAN                                                 ',11,b'A',30:00.0,b'1',12.251,86.538,b'1',b'ARGOS   ',,,
8,22,b'2900268 ',b'INDIAN ARGO PROJECT                                             ',b'K.RADHAKRISHNAN                                                 ',11,b'A',30:00.0,b'1',12.251,86.538,b'1',b'ARGOS   ',,,
8,23,b'2900268 ',b'INDIAN ARGO PROJECT                                             ',b'K.RADHAKRISHNAN                                                 ',11,b'A',30:00.0,b'1',12.251,86.538,b'1',b'ARGOS   ',,,
8,24,b'2900268 ',b'INDIAN ARGO PROJECT                                             ',b'K.RADHAKRISHNAN                                                 ',11,b'A',30:00.0,b'1',12.251,86.538,b'1',b'ARGOS   ',,,
8,25,b'2900268 ',b'INDIAN ARGO PROJECT                                             ',b'K.RADHAKRISHNAN                                                 ',11,b'A',30:00.0,b'1',12.251,86.538,b'1',b'ARGOS   ',,,
8,26,b'2900268 ',b'INDIAN ARGO PROJECT                                             ',b'K.RADHAKRISHNAN                                                 ',11,b'A',30:00.0,b'1',12.251,86.538,b'1',b'ARGOS   ',,,
8,27,b'2900268 ',b'INDIAN ARGO PROJECT                                             ',b'K.RADHAKRISHNAN                                                 ',11,b'A',30:00.0,b'1',12.251,86.538,b'1',b'ARGOS   ',,,
8,28,b'2900268 ',b'INDIAN ARGO PROJECT                                             ',b'K.RADHAKRISHNAN                                                 ',11,b'A',30:00.0,b'1',12.251,86.538,b'1',b'ARGOS   ',,,
8,29,b'2900268 ',b'INDIAN ARGO PROJECT                                             ',b'K.RADHAKRISHNAN                                                 ',11,b'A',30:00.0,b'1',12.251,86.538,b'1',b'ARGOS   ',,,
8,30,b'2900268 ',b'INDIAN ARGO PROJECT                                             ',b'K.RADHAKRISHNAN                                                 ',11,b'A',30:00.0,b'1',12.251,86.538,b'1',b'ARGOS   ',,,
8,31,b'2900268 ',b'INDIAN ARGO PROJECT                                             ',b'K.RADHAKRISHNAN                                                 ',11,b'A',30:00.0,b'1',12.251,86.538,b'1',b'ARGOS   ',,,
8,32,b'2900268 ',b'INDIAN ARGO PROJECT                                             ',b'K.RADHAKRISHNAN                                                 ',11,b'A',30:00.0,b'1',12.251,86.538,b'1',b'ARGOS   ',,,
8,33,b'2900268 ',b'INDIAN ARGO PROJECT                                             ',b'K.RADHAKRISHNAN                                                 ',11,b'A',30:00.0,b'1',12.251,86.538,b'1',b'ARGOS   ',,,
8,34,b'2900268 ',b'INDIAN ARGO PROJECT                                             ',b'K.RADHAKRISHNAN                                                 ',11,b'A',30:00.0,b'1',12.251,86.538,b'1',b'ARGOS   ',,,
8,35,b'2900268 ',b'INDIAN ARGO PROJECT                                             ',b'K.RADHAKRISHNAN                                                 ',11,b'A',30:00.0,b'1',12.251,86.538,b'1',b'ARGOS   ',,,
8,36,b'2900268 ',b'INDIAN ARGO PROJECT                                             ',b'K.RADHAKRISHNAN                                                 ',11,b'A',30:00.0,b'1',12.251,86.538,b'1',b'ARGOS   ',,,
8,37,b'2900268 ',b'INDIAN ARGO PROJECT                                             ',b'K.RADHAKRISHNAN                                                 ',11,b'A',30:00.0,b'1',12.251,86.538,b'1',b'ARGOS   ',,,
8,38,b'2900268 ',b'INDIAN ARGO PROJECT                                             ',b'K.RADHAKRISHNAN                                                 ',11,b'A',30:00.0,b'1',12.251,86.538,b'1',b'ARGOS   ',,,
8,39,b'2900268 ',b'INDIAN ARGO PROJECT                                             ',b'K.RADHAKRISHNAN                                                 ',11,b'A',30:00.0,b'1',12.251,86.538,b'1',b'ARGOS   ',,,
8,40,b'2900268 ',b'INDIAN ARGO PROJECT                                             ',b'K.RADHAKRISHNAN                                                 ',11,b'A',30:00.0,b'1',12.251,86.538,b'1',b'ARGOS   ',,,
8,41,b'2900268 ',b'INDIAN ARGO PROJECT                                             ',b'K.RADHAKRISHNAN                                                 ',11,b'A',30:00.0,b'1',12.251,86.538,b'1',b'ARGOS   ',,,
8,42,b'2900268 ',b'INDIAN ARGO PROJECT                                             ',b'K.RADHAKRISHNAN                                                 ',11,b'A',30:00.0,b'1',12.251,86.538,b'1',b'ARGOS   ',,,
8,43,b'2900268 ',b'INDIAN ARGO PROJECT                                             ',b'K.RADHAKRISHNAN                                                 ',11,b'A',30:00.0,b'1',12.251,86.538,b'1',b'ARGOS   ',,,
8,44,b'2900268 ',b'INDIAN ARGO PROJECT                                             ',b'K.RADHAKRISHNAN                                                 ',11,b'A',30:00.0,b'1',12.251,86.538,b'1',b'ARGOS   ',,,
8,45,b'2900268 ',b'INDIAN ARGO PROJECT                                             ',b'K.RADHAKRISHNAN                                                 ',11,b'A',30:00.0,b'1',12.251,86.538,b'1',b'ARGOS   ',,,
8,46,b'2900268 ',b'INDIAN ARGO PROJECT                                             ',b'K.RADHAKRISHNAN                                                 ',11,b'A',30:00.0,b'1',12.251,86.538,b'1',b'ARGOS   ',,,
8,47,b'2900268 ',b'INDIAN ARGO PROJECT                                             ',b'K.RADHAKRISHNAN                                                 ',11,b'A',30:00.0,b'1',12.251,86.538,b'1',b'ARGOS   ',,,
8,48,b'2900268 ',b'INDIAN ARGO PROJECT                                             ',b'K.RADHAKRISHNAN                                                 ',11,b'A',30:00.0,b'1',12.251,86.538,b'1',b'ARGOS   ',,,
8,49,b'2900268 ',b'INDIAN ARGO PROJECT                                             ',b'K.RADHAKRISHNAN                                                 ',11,b'A',30:00.0,b'1',12.251,86.538,b'1',b'ARGOS   ',,,
8,50,b'2900268 ',b'INDIAN ARGO PROJECT                                             ',b'K.RADHAKRISHNAN                                                 ',11,b'A',30:00.0,b'1',12.251,86.538,b'1',b'ARGOS   ',,,
8,51,b'2900268 ',b'INDIAN ARGO PROJECT                                             ',b'K.RADHAKRISHNAN                                                 ',11,b'A',30:00.0,b'1',12.251,86.538,b'1',b'ARGOS   ',,,
8,52,b'2900268 ',b'INDIAN ARGO PROJECT                                             ',b'K.RADHAKRISHNAN                                                 ',11,b'A',30:00.0,b'1',12.251,86.538,b'1',b'ARGOS   ',,,
9,0,b'2900268 ',b'INDIAN ARGO PROJECT                                             ',b'K.RADHAKRISHNAN                                                 ',12,b'A',18:00.0,b'1',12.175,86.446,b'1',b'ARGOS   ',14,28.521,33.216
9,1,b'2900268 ',b'INDIAN ARGO PROJECT                                             ',b'K.RADHAKRISHNAN                                                 ',12,b'A',18:00.0,b'1',12.175,86.446,b'1',b'ARGOS   ',25,28.534,33.231
9,2,b'2900268 ',b'INDIAN ARGO PROJECT                                             ',b'K.RADHAKRISHNAN                                                 ',12,b'A',18:00.0,b'1',12.175,86.446,b'1',b'ARGOS   ',35,28.55,33.251
9,3,b'2900268 ',b'INDIAN ARGO PROJECT                                             ',b'K.RADHAKRISHNAN                                                 ',12,b'A',18:00.0,b'1',12.175,86.446,b'1',b'ARGOS   ',45,28.554,33.253
9,4,b'2900268 ',b'INDIAN ARGO PROJECT                                             ',b'K.RADHAKRISHNAN                                                 ',12,b'A',18:00.0,b'1',12.175,86.446,b'1',b'ARGOS   ',56,28.585,33.4
9,5,b'2900268 ',b'INDIAN ARGO PROJECT                                             ',b'K.RADHAKRISHNAN                                                 ',12,b'A',18:00.0,b'1',12.175,86.446,b'1',b'ARGOS   ',65,28.203,34.147
9,6,b'2900268 ',b'INDIAN ARGO PROJECT                                             ',b'K.RADHAKRISHNAN                                                 ',12,b'A',18:00.0,b'1',12.175,86.446,b'1',b'ARGOS   ',75,26.887,34.559
9,7,b'2900268 ',b'INDIAN ARGO PROJECT                                             ',b'K.RADHAKRISHNAN                                                 ',12,b'A',18:00.0,b'1',12.175,86.446,b'1',b'ARGOS   ',85,26.379,35.032
9,8,b'2900268 ',b'INDIAN ARGO PROJECT                                             ',b'K.RADHAKRISHNAN                                                 ',12,b'A',18:00.0,b'1',12.175,86.446,b'1',b'ARGOS   ',95,24.894,34.967
9,9,b'2900268 ',b'INDIAN ARGO PROJECT                                             ',b'K.RADHAKRISHNAN                                                 ',12,b'A',18:00.0,b'1',12.175,86.446,b'1',b'ARGOS   ',105,23.786,34.957
9,10,b'2900268 ',b'INDIAN ARGO PROJECT                                             ',b'K.RADHAKRISHNAN                                                 ',12,b'A',18:00.0,b'1',12.175,86.446,b'1',b'ARGOS   ',115,22.641,34.918
9,11,b'2900268 ',b'INDIAN ARGO PROJECT                                             ',b'K.RADHAKRISHNAN                                                 ',12,b'A',18:00.0,b'1',12.175,86.446,b'1',b'ARGOS   ',125,20.814,34.794
9,12,b'2900268 ',b'INDIAN ARGO PROJECT                                             ',b'K.RADHAKRISHNAN                                                 ',12,b'A',18:00.0,b'1',12.175,86.446,b'1',b'ARGOS   ',135,19.578,34.84
9,13,b'2900268 ',b'INDIAN ARGO PROJECT                                             ',b'K.RADHAKRISHNAN                                                 ',12,b'A',18:00.0,b'1',12.175,86.446,b'1',b'ARGOS   ',145,18.671,34.838
9,14,b'2900268 ',b'INDIAN ARGO PROJECT                                             ',b'K.RADHAKRISHNAN                                                 ',12,b'A',18:00.0,b'1',12.175,86.446,b'1',b'ARGOS   ',155,17.947,34.856
9,15,b'2900268 ',b'INDIAN ARGO PROJECT                                             ',b'K.RADHAKRISHNAN                                                 ',12,b'A',18:00.0,b'1',12.175,86.446,b'1',b'ARGOS   ',165,17.24,34.865
9,16,b'2900268 ',b'INDIAN ARGO PROJECT                                             ',b'K.RADHAKRISHNAN                                                 ',12,b'A',18:00.0,b'1',12.175,86.446,b'1',b'ARGOS   ',175,16.585,34.87
9,17,b'2900268 ',b'INDIAN ARGO PROJECT                                             ',b'K.RADHAKRISHNAN                                                 ',12,b'A',18:00.0,b'1',12.175,86.446,b'1',b'ARGOS   ',185,15.837,34.874
9,18,b'2900268 ',b'INDIAN ARGO PROJECT                                             ',b'K.RADHAKRISHNAN                                                 ',12,b'A',18:00.0,b'1',12.175,86.446,b'1',b'ARGOS   ',195,15.209,34.886
9,19,b'2900268 ',b'INDIAN ARGO PROJECT                                             ',b'K.RADHAKRISHNAN                                                 ',12,b'A',18:00.0,b'1',12.175,86.446,b'1',b'ARGOS   ',205,14.545,34.9
9,20,b'2900268 ',b'INDIAN ARGO PROJECT                                             ',b'K.RADHAKRISHNAN                                                 ',12,b'A',18:00.0,b'1',12.175,86.446,b'1',b'ARGOS   ',215,13.765,34.915
9,21,b'2900268 ',b'INDIAN ARGO PROJECT                                             ',b'K.RADHAKRISHNAN                                                 ',12,b'A',18:00.0,b'1',12.175,86.446,b'1',b'ARGOS   ',226,12.91,34.938
9,22,b'2900268 ',b'INDIAN ARGO PROJECT                                             ',b'K.RADHAKRISHNAN                                                 ',12,b'A',18:00.0,b'1',12.175,86.446,b'1',b'ARGOS   ',235,12.3,34.971
9,23,b'2900268 ',b'INDIAN ARGO PROJECT                                             ',b'K.RADHAKRISHNAN                                                 ',12,b'A',18:00.0,b'1',12.175,86.446,b'1',b'ARGOS   ',245,12.129,34.981
9,24,b'2900268 ',b'INDIAN ARGO PROJECT                                             ',b'K.RADHAKRISHNAN                                                 ',12,b'A',18:00.0,b'1',12.175,86.446,b'1',b'ARGOS   ',255,11.991,34.989
9,25,b'2900268 ',b'INDIAN ARGO PROJECT                                             ',b'K.RADHAKRISHNAN                                                 ',12,b'A',18:00.0,b'1',12.175,86.446,b'1',b'ARGOS   ',265,11.849,34.991
9,26,b'2900268 ',b'INDIAN ARGO PROJECT                                             ',b'K.RADHAKRISHNAN                                                 ',12,b'A',18:00.0,b'1',12.175,86.446,b'1',b'ARGOS   ',275,11.706,34.984
9,27,b'2900268 ',b'INDIAN ARGO PROJECT                                             ',b'K.RADHAKRISHNAN                                                 ',12,b'A',18:00.0,b'1',12.175,86.446,b'1',b'ARGOS   ',285,11.57,34.989
9,28,b'2900268 ',b'INDIAN ARGO PROJECT                                             ',b'K.RADHAKRISHNAN                                                 ',12,b'A',18:00.0,b'1',12.175,86.446,b'1',b'ARGOS   ',295,11.43,34.989
9,29,b'2900268 ',b'INDIAN ARGO PROJECT                                             ',b'K.RADHAKRISHNAN                                                 ',12,b'A',18:00.0,b'1',12.175,86.446,b'1',b'ARGOS   ',305,11.353,34.998
9,30,b'2900268 ',b'INDIAN ARGO PROJECT                                             ',b'K.RADHAKRISHNAN                                                 ',12,b'A',18:00.0,b'1',12.175,86.446,b'1',b'ARGOS   ',315,11.286,34.998
9,31,b'2900268 ',b'INDIAN ARGO PROJECT                                             ',b'K.RADHAKRISHNAN                                                 ',12,b'A',18:00.0,b'1',12.175,86.446,b'1',b'ARGOS   ',325,11.192,34.993
9,32,b'2900268 ',b'INDIAN ARGO PROJECT                                             ',b'K.RADHAKRISHNAN                                                 ',12,b'A',18:00.0,b'1',12.175,86.446,b'1',b'ARGOS   ',335,11.091,34.995
9,33,b'2900268 ',b'INDIAN ARGO PROJECT                                             ',b'K.RADHAKRISHNAN                                                 ',12,b'A',18:00.0,b'1',12.175,86.446,b'1',b'ARGOS   ',345,10.953,35.002
9,34,b'2900268 ',b'INDIAN ARGO PROJECT                                             ',b'K.RADHAKRISHNAN                                                 ',12,b'A',18:00.0,b'1',12.175,86.446,b'1',b'ARGOS   ',355,10.856,35
9,35,b'2900268 ',b'INDIAN ARGO PROJECT                                             ',b'K.RADHAKRISHNAN                                                 ',12,b'A',18:00.0,b'1',12.175,86.446,b'1',b'ARGOS   ',365,10.736,35
9,36,b'2900268 ',b'INDIAN ARGO PROJECT                                             ',b'K.RADHAKRISHNAN                                                 ',12,b'A',18:00.0,b'1',12.175,86.446,b'1',b'ARGOS   ',375,10.625,35.001
9,37,b'2900268 ',b'INDIAN ARGO PROJECT                                             ',b'K.RADHAKRISHNAN                                                 ',12,b'A',18:00.0,b'1',12.175,86.446,b'1',b'ARGOS   ',385,10.539,34.999
9,38,b'2900268 ',b'INDIAN ARGO PROJECT                                             ',b'K.RADHAKRISHNAN                                                 ',12,b'A',18:00.0,b'1',12.175,86.446,b'1',b'ARGOS   ',395,10.461,34.998
9,39,b'2900268 ',b'INDIAN ARGO PROJECT                                             ',b'K.RADHAKRISHNAN                                                 ',12,b'A',18:00.0,b'1',12.175,86.446,b'1',b'ARGOS   ',405,10.385,34.996
9,40,b'2900268 ',b'INDIAN ARGO PROJECT                                             ',b'K.RADHAKRISHNAN                                                 ',12,b'A',18:00.0,b'1',12.175,86.446,b'1',b'ARGOS   ',415,10.31,34.993
9,41,b'2900268 ',b'INDIAN ARGO PROJECT                                             ',b'K.RADHAKRISHNAN                                                 ',12,b'A',18:00.0,b'1',12.175,86.446,b'1',b'ARGOS   ',451,10.029,34.993
9,42,b'2900268 ',b'INDIAN ARGO PROJECT                                             ',b'K.RADHAKRISHNAN                                                 ',12,b'A',18:00.0,b'1',12.175,86.446,b'1',b'ARGOS   ',499,9.763,34.983
9,43,b'2900268 ',b'INDIAN ARGO PROJECT                                             ',b'K.RADHAKRISHNAN                                                 ',12,b'A',18:00.0,b'1',12.175,86.446,b'1',b'ARGOS   ',550,9.405,34.978
9,44,b'2900268 ',b'INDIAN ARGO PROJECT                                             ',b'K.RADHAKRISHNAN                                                 ',12,b'A',18:00.0,b'1',12.175,86.446,b'1',b'ARGOS   ',600,9.028,34.969
9,45,b'2900268 ',b'INDIAN ARGO PROJECT                                             ',b'K.RADHAKRISHNAN                                                 ',12,b'A',18:00.0,b'1',12.175,86.446,b'1',b'ARGOS   ',650,8.688,34.955
9,46,b'2900268 ',b'INDIAN ARGO PROJECT                                             ',b'K.RADHAKRISHNAN                                                 ',12,b'A',18:00.0,b'1',12.175,86.446,b'1',b'ARGOS   ',702,8.306,34.948
9,47,b'2900268 ',b'INDIAN ARGO PROJECT                                             ',b'K.RADHAKRISHNAN                                                 ',12,b'A',18:00.0,b'1',12.175,86.446,b'1',b'ARGOS   ',750,8.031,34.943
9,48,b'2900268 ',b'INDIAN ARGO PROJECT                                             ',b'K.RADHAKRISHNAN                                                 ',12,b'A',18:00.0,b'1',12.175,86.446,b'1',b'ARGOS   ',800,7.801,34.934
9,49,b'2900268 ',b'INDIAN ARGO PROJECT                                             ',b'K.RADHAKRISHNAN                                                 ',12,b'A',18:00.0,b'1',12.175,86.446,b'1',b'ARGOS   ',850,7.516,34.926
9,50,b'2900268 ',b'INDIAN ARGO PROJECT                                             ',b'K.RADHAKRISHNAN                                                 ',12,b'A',18:00.0,b'1',12.175,86.446,b'1',b'ARGOS   ',900,7.219,34.917
9,51,b'2900268 ',b'INDIAN ARGO PROJECT                                             ',b'K.RADHAKRISHNAN                                                 ',12,b'A',18:00.0,b'1',12.175,86.446,b'1',b'ARGOS   ',950,6.847,34.896
9,52,b'2900268 ',b'INDIAN ARGO PROJECT                                             ',b'K.RADHAKRISHNAN                                                 ',12,b'A',18:00.0,b'1',12.175,86.446,b'1',b'ARGOS   ',995,6.554,34.884
10,0,b'2900268 ',b'INDIAN ARGO PROJECT                                             ',b'K.RADHAKRISHNAN                                                 ',13,b'A',12:00.0,b'1',12.288,86.5,b'1',b'ARGOS   ',15,28.548,33.265
10,1,b'2900268 ',b'INDIAN ARGO PROJECT                                             ',b'K.RADHAKRISHNAN                                                 ',13,b'A',12:00.0,b'1',12.288,86.5,b'1',b'ARGOS   ',26,28.546,33.271
10,2,b'2900268 ',b'INDIAN ARGO PROJECT                                             ',b'K.RADHAKRISHNAN                                                 ',13,b'A',12:00.0,b'1',12.288,86.5,b'1',b'ARGOS   ',36,28.546,33.268
10,3,b'2900268 ',b'INDIAN ARGO PROJECT                                             ',b'K.RADHAKRISHNAN                                                 ',13,b'A',12:00.0,b'1',12.288,86.5,b'1',b'ARGOS   ',45,28.547,33.271
10,4,b'2900268 ',b'INDIAN ARGO PROJECT                                             ',b'K.RADHAKRISHNAN                                                 ',13,b'A',12:00.0,b'1',12.288,86.5,b'1',b'ARGOS   ',56,28.544,33.27
10,5,b'2900268 ',b'INDIAN ARGO PROJECT                                             ',b'K.RADHAKRISHNAN                                                 ',13,b'A',12:00.0,b'1',12.288,86.5,b'1',b'ARGOS   ',65,27.221,33.855
10,6,b'2900268 ',b'INDIAN ARGO PROJECT                                             ',b'K.RADHAKRISHNAN                                                 ',13,b'A',12:00.0,b'1',12.288,86.5,b'1',b'ARGOS   ',75,25.726,34.71
10,7,b'2900268 ',b'INDIAN ARGO PROJECT                                             ',b'K.RADHAKRISHNAN                                                 ',13,b'A',12:00.0,b'1',12.288,86.5,b'1',b'ARGOS   ',86,24.47,34.948
10,8,b'2900268 ',b'INDIAN ARGO PROJECT                                             ',b'K.RADHAKRISHNAN                                                 ',13,b'A',12:00.0,b'1',12.288,86.5,b'1',b'ARGOS   ',95,23.608,34.994
10,9,b'2900268 ',b'INDIAN ARGO PROJECT                                             ',b'K.RADHAKRISHNAN                                                 ',13,b'A',12:00.0,b'1',12.288,86.5,b'1',b'ARGOS   ',105,22.941,34.937
10,10,b'2900268 ',b'INDIAN ARGO PROJECT                                             ',b'K.RADHAKRISHNAN                                                 ',13,b'A',12:00.0,b'1',12.288,86.5,b'1',b'ARGOS   ',115,22.12,34.898
10,11,b'2900268 ',b'INDIAN ARGO PROJECT                                             ',b'K.RADHAKRISHNAN                                                 ',13,b'A',12:00.0,b'1',12.288,86.5,b'1',b'ARGOS   ',125,21.08,34.841
10,12,b'2900268 ',b'INDIAN ARGO PROJECT                                             ',b'K.RADHAKRISHNAN                                                 ',13,b'A',12:00.0,b'1',12.288,86.5,b'1',b'ARGOS   ',135,19.868,34.854
10,13,b'2900268 ',b'INDIAN ARGO PROJECT                                             ',b'K.RADHAKRISHNAN                                                 ',13,b'A',12:00.0,b'1',12.288,86.5,b'1',b'ARGOS   ',145,18.922,34.837
10,14,b'2900268 ',b'INDIAN ARGO PROJECT                                             ',b'K.RADHAKRISHNAN                                                 ',13,b'A',12:00.0,b'1',12.288,86.5,b'1',b'ARGOS   ',155,17.832,34.851
10,15,b'2900268 ',b'INDIAN ARGO PROJECT                                             ',b'K.RADHAKRISHNAN                                                 ',13,b'A',12:00.0,b'1',12.288,86.5,b'1',b'ARGOS   ',165,17.198,34.857
10,16,b'2900268 ',b'INDIAN ARGO PROJECT                                             ',b'K.RADHAKRISHNAN                                                 ',13,b'A',12:00.0,b'1',12.288,86.5,b'1',b'ARGOS   ',175,16.342,34.879
10,17,b'2900268 ',b'INDIAN ARGO PROJECT                                             ',b'K.RADHAKRISHNAN                                                 ',13,b'A',12:00.0,b'1',12.288,86.5,b'1',b'ARGOS   ',185,15.607,34.898
10,18,b'2900268 ',b'INDIAN ARGO PROJECT                                             ',b'K.RADHAKRISHNAN                                                 ',13,b'A',12:00.0,b'1',12.288,86.5,b'1',b'ARGOS   ',195,15.009,34.91
10,19,b'2900268 ',b'INDIAN ARGO PROJECT                                             ',b'K.RADHAKRISHNAN                                                 ',13,b'A',12:00.0,b'1',12.288,86.5,b'1',b'ARGOS   ',205,14.467,34.924
10,20,b'2900268 ',b'INDIAN ARGO PROJECT                                             ',b'K.RADHAKRISHNAN                                                 ',13,b'A',12:00.0,b'1',12.288,86.5,b'1',b'ARGOS   ',215,13.899,34.943
10,21,b'2900268 ',b'INDIAN ARGO PROJECT                                             ',b'K.RADHAKRISHNAN                                                 ',13,b'A',12:00.0,b'1',12.288,86.5,b'1',b'ARGOS   ',225,13.246,34.952
10,22,b'2900268 ',b'INDIAN ARGO PROJECT                                             ',b'K.RADHAKRISHNAN                                                 ',13,b'A',12:00.0,b'1',12.288,86.5,b'1',b'ARGOS   ',235,12.954,34.96
10,23,b'2900268 ',b'INDIAN ARGO PROJECT                                             ',b'K.RADHAKRISHNAN                                                 ',13,b'A',12:00.0,b'1',12.288,86.5,b'1',b'ARGOS   ',245,12.678,34.962
10,24,b'2900268 ',b'INDIAN ARGO PROJECT                                             ',b'K.RADHAKRISHNAN                                                 ',13,b'A',12:00.0,b'1',12.288,86.5,b'1',b'ARGOS   ',255,12.382,34.973
10,25,b'2900268 ',b'INDIAN ARGO PROJECT                                             ',b'K.RADHAKRISHNAN                                                 ',13,b'A',12:00.0,b'1',12.288,86.5,b'1',b'ARGOS   ',265,12.232,34.983
10,26,b'2900268 ',b'INDIAN ARGO PROJECT                                             ',b'K.RADHAKRISHNAN                                                 ',13,b'A',12:00.0,b'1',12.288,86.5,b'1',b'ARGOS   ',275,12.048,34.985
10,27,b'2900268 ',b'INDIAN ARGO PROJECT                                             ',b'K.RADHAKRISHNAN                                                 ',13,b'A',12:00.0,b'1',12.288,86.5,b'1',b'ARGOS   ',285,11.856,34.985
10,28,b'2900268 ',b'INDIAN ARGO PROJECT                                             ',b'K.RADHAKRISHNAN                                                 ',13,b'A',12:00.0,b'1',12.288,86.5,b'1',b'ARGOS   ',295,11.709,34.992
10,29,b'2900268 ',b'INDIAN ARGO PROJECT                                             ',b'K.RADHAKRISHNAN                                                 ',13,b'A',12:00.0,b'1',12.288,86.5,b'1',b'ARGOS   ',306,11.623,34.999
10,30,b'2900268 ',b'INDIAN ARGO PROJECT                                             ',b'K.RADHAKRISHNAN                                                 ',13,b'A',12:00.0,b'1',12.288,86.5,b'1',b'ARGOS   ',315,11.531,34.993
10,31,b'2900268 ',b'INDIAN ARGO PROJECT                                             ',b'K.RADHAKRISHNAN                                                 ',13,b'A',12:00.0,b'1',12.288,86.5,b'1',b'ARGOS   ',325,11.43,34.996
10,32,b'2900268 ',b'INDIAN ARGO PROJECT                                             ',b'K.RADHAKRISHNAN                                                 ',13,b'A',12:00.0,b'1',12.288,86.5,b'1',b'ARGOS   ',335,11.286,34.999
10,33,b'2900268 ',b'INDIAN ARGO PROJECT                                             ',b'K.RADHAKRISHNAN                                                 ',13,b'A',12:00.0,b'1',12.288,86.5,b'1',b'ARGOS   ',345,11.141,35.003
10,34,b'2900268 ',b'INDIAN ARGO PROJECT                                             ',b'K.RADHAKRISHNAN                                                 ',13,b'A',12:00.0,b'1',12.288,86.5,b'1',b'ARGOS   ',355,11.041,34.994
10,35,b'2900268 ',b'INDIAN ARGO PROJECT                                             ',b'K.RADHAKRISHNAN                                                 ',13,b'A',12:00.0,b'1',12.288,86.5,b'1',b'ARGOS   ',365,10.91,34.994
10,36,b'2900268 ',b'INDIAN ARGO PROJECT                                             ',b'K.RADHAKRISHNAN                                                 ',13,b'A',12:00.0,b'1',12.288,86.5,b'1',b'ARGOS   ',375,10.785,34.999
10,37,b'2900268 ',b'INDIAN ARGO PROJECT                                             ',b'K.RADHAKRISHNAN                                                 ',13,b'A',12:00.0,b'1',12.288,86.5,b'1',b'ARGOS   ',385,10.694,35.001
10,38,b'2900268 ',b'INDIAN ARGO PROJECT                                             ',b'K.RADHAKRISHNAN                                                 ',13,b'A',12:00.0,b'1',12.288,86.5,b'1',b'ARGOS   ',395,10.605,35.002
10,39,b'2900268 ',b'INDIAN ARGO PROJECT                                             ',b'K.RADHAKRISHNAN                                                 ',13,b'A',12:00.0,b'1',12.288,86.5,b'1',b'ARGOS   ',405,10.505,34.992
10,40,b'2900268 ',b'INDIAN ARGO PROJECT                                             ',b'K.RADHAKRISHNAN                                                 ',13,b'A',12:00.0,b'1',12.288,86.5,b'1',b'ARGOS   ',415,10.382,34.994
10,41,b'2900268 ',b'INDIAN ARGO PROJECT                                             ',b'K.RADHAKRISHNAN                                                 ',13,b'A',12:00.0,b'1',12.288,86.5,b'1',b'ARGOS   ',451,10.112,34.994
10,42,b'2900268 ',b'INDIAN ARGO PROJECT                                             ',b'K.RADHAKRISHNAN                                                 ',13,b'A',12:00.0,b'1',12.288,86.5,b'1',b'ARGOS   ',500,9.715,34.988
10,43,b'2900268 ',b'INDIAN ARGO PROJECT                                             ',b'K.RADHAKRISHNAN                                                 ',13,b'A',12:00.0,b'1',12.288,86.5,b'1',b'ARGOS   ',550,9.379,34.982
10,44,b'2900268 ',b'INDIAN ARGO PROJECT                                             ',b'K.RADHAKRISHNAN                                                 ',13,b'A',12:00.0,b'1',12.288,86.5,b'1',b'ARGOS   ',600,9.045,34.974
10,45,b'2900268 ',b'INDIAN ARGO PROJECT                                             ',b'K.RADHAKRISHNAN                                                 ',13,b'A',12:00.0,b'1',12.288,86.5,b'1',b'ARGOS   ',650,8.698,34.966
10,46,b'2900268 ',b'INDIAN ARGO PROJECT                                             ',b'K.RADHAKRISHNAN                                                 ',13,b'A',12:00.0,b'1',12.288,86.5,b'1',b'ARGOS   ',701,8.407,34.955
10,47,b'2900268 ',b'INDIAN ARGO PROJECT                                             ',b'K.RADHAKRISHNAN                                                 ',13,b'A',12:00.0,b'1',12.288,86.5,b'1',b'ARGOS   ',750,8.164,34.95
10,48,b'2900268 ',b'INDIAN ARGO PROJECT                                             ',b'K.RADHAKRISHNAN                                                 ',13,b'A',12:00.0,b'1',12.288,86.5,b'1',b'ARGOS   ',800,7.917,34.937
10,49,b'2900268 ',b'INDIAN ARGO PROJECT                                             ',b'K.RADHAKRISHNAN                                                 ',13,b'A',12:00.0,b'1',12.288,86.5,b'1',b'ARGOS   ',850,7.613,34.926
10,50,b'2900268 ',b'INDIAN ARGO PROJECT                                             ',b'K.RADHAKRISHNAN                                                 ',13,b'A',12:00.0,b'1',12.288,86.5,b'1',b'ARGOS   ',900,7.28,34.922
10,51,b'2900268 ',b'INDIAN ARGO PROJECT                                             ',b'K.RADHAKRISHNAN                                                 ',13,b'A',12:00.0,b'1',12.288,86.5,b'1',b'ARGOS   ',950,6.972,34.902
10,52,b'2900268 ',b'INDIAN ARGO PROJECT                                             ',b'K.RADHAKRISHNAN                                                 ',13,b'A',12:00.0,b'1',12.288,86.5,b'1',b'ARGOS   ',982,6.787,34.898
11,0,b'2900268 ',b'INDIAN ARGO PROJECT                                             ',b'K.RADHAKRISHNAN                                                 ',14,b'A',12:00.0,b'1',12.266,86.505,b'1',b'ARGOS   ',15,28.696,33.155
11,1,b'2900268 ',b'INDIAN ARGO PROJECT                                             ',b'K.RADHAKRISHNAN                                                 ',14,b'A',12:00.0,b'1',12.266,86.505,b'1',b'ARGOS   ',25,28.739,33.273
11,2,b'2900268 ',b'INDIAN ARGO PROJECT                                             ',b'K.RADHAKRISHNAN                                                 ',14,b'A',12:00.0,b'1',12.266,86.505,b'1',b'ARGOS   ',35,28.765,33.616
11,3,b'2900268 ',b'INDIAN ARGO PROJECT                                             ',b'K.RADHAKRISHNAN                                                 ',14,b'A',12:00.0,b'1',12.266,86.505,b'1',b'ARGOS   ',45,28.699,33.626
11,4,b'2900268 ',b'INDIAN ARGO PROJECT                                             ',b'K.RADHAKRISHNAN                                                 ',14,b'A',12:00.0,b'1',12.266,86.505,b'1',b'ARGOS   ',56,28.623,33.669
11,5,b'2900268 ',b'INDIAN ARGO PROJECT                                             ',b'K.RADHAKRISHNAN                                                 ',14,b'A',12:00.0,b'1',12.266,86.505,b'1',b'ARGOS   ',65,28.218,33.983
11,6,b'2900268 ',b'INDIAN ARGO PROJECT                                             ',b'K.RADHAKRISHNAN                                                 ',14,b'A',12:00.0,b'1',12.266,86.505,b'1',b'ARGOS   ',76,26.358,34.43
11,7,b'2900268 ',b'INDIAN ARGO PROJECT                                             ',b'K.RADHAKRISHNAN                                                 ',14,b'A',12:00.0,b'1',12.266,86.505,b'1',b'ARGOS   ',85,25.082,34.573
11,8,b'2900268 ',b'INDIAN ARGO PROJECT                                             ',b'K.RADHAKRISHNAN                                                 ',14,b'A',12:00.0,b'1',12.266,86.505,b'1',b'ARGOS   ',95,23.688,34.597
11,9,b'2900268 ',b'INDIAN ARGO PROJECT                                             ',b'K.RADHAKRISHNAN                                                 ',14,b'A',12:00.0,b'1',12.266,86.505,b'1',b'ARGOS   ',105,22.685,34.669
11,10,b'2900268 ',b'INDIAN ARGO PROJECT                                             ',b'K.RADHAKRISHNAN                                                 ',14,b'A',12:00.0,b'1',12.266,86.505,b'1',b'ARGOS   ',115,22.019,34.736
11,11,b'2900268 ',b'INDIAN ARGO PROJECT                                             ',b'K.RADHAKRISHNAN                                                 ',14,b'A',12:00.0,b'1',12.266,86.505,b'1',b'ARGOS   ',125,21.103,34.887
11,12,b'2900268 ',b'INDIAN ARGO PROJECT                                             ',b'K.RADHAKRISHNAN                                                 ',14,b'A',12:00.0,b'1',12.266,86.505,b'1',b'ARGOS   ',135,19.993,34.873
11,13,b'2900268 ',b'INDIAN ARGO PROJECT                                             ',b'K.RADHAKRISHNAN                                                 ',14,b'A',12:00.0,b'1',12.266,86.505,b'1',b'ARGOS   ',145,19.27,34.928
11,14,b'2900268 ',b'INDIAN ARGO PROJECT                                             ',b'K.RADHAKRISHNAN                                                 ',14,b'A',12:00.0,b'1',12.266,86.505,b'1',b'ARGOS   ',155,18.24,34.87
11,15,b'2900268 ',b'INDIAN ARGO PROJECT                                             ',b'K.RADHAKRISHNAN                                                 ',14,b'A',12:00.0,b'1',12.266,86.505,b'1',b'ARGOS   ',165,17.42,34.857
11,16,b'2900268 ',b'INDIAN ARGO PROJECT                                             ',b'K.RADHAKRISHNAN                                                 ',14,b'A',12:00.0,b'1',12.266,86.505,b'1',b'ARGOS   ',175,16.55,34.874
11,17,b'2900268 ',b'INDIAN ARGO PROJECT                                             ',b'K.RADHAKRISHNAN                                                 ',14,b'A',12:00.0,b'1',12.266,86.505,b'1',b'ARGOS   ',185,15.834,34.885
11,18,b'2900268 ',b'INDIAN ARGO PROJECT                                             ',b'K.RADHAKRISHNAN                                                 ',14,b'A',12:00.0,b'1',12.266,86.505,b'1',b'ARGOS   ',195,15.208,34.914
11,19,b'2900268 ',b'INDIAN ARGO PROJECT                                             ',b'K.RADHAKRISHNAN                                                 ',14,b'A',12:00.0,b'1',12.266,86.505,b'1',b'ARGOS   ',205,14.402,34.937
11,20,b'2900268 ',b'INDIAN ARGO PROJECT                                             ',b'K.RADHAKRISHNAN                                                 ',14,b'A',12:00.0,b'1',12.266,86.505,b'1',b'ARGOS   ',215,13.632,34.952
11,21,b'2900268 ',b'INDIAN ARGO PROJECT                                             ',b'K.RADHAKRISHNAN                                                 ',14,b'A',12:00.0,b'1',12.266,86.505,b'1',b'ARGOS   ',225,13.089,34.973
11,22,b'2900268 ',b'INDIAN ARGO PROJECT                                             ',b'K.RADHAKRISHNAN                                                 ',14,b'A',12:00.0,b'1',12.266,86.505,b'1',b'ARGOS   ',235,12.771,34.976
11,23,b'2900268 ',b'INDIAN ARGO PROJECT                                             ',b'K.RADHAKRISHNAN                                                 ',14,b'A',12:00.0,b'1',12.266,86.505,b'1',b'ARGOS   ',245,12.585,34.981
11,24,b'2900268 ',b'INDIAN ARGO PROJECT                                             ',b'K.RADHAKRISHNAN                                                 ',14,b'A',12:00.0,b'1',12.266,86.505,b'1',b'ARGOS   ',255,12.379,34.985
11,25,b'2900268 ',b'INDIAN ARGO PROJECT                                             ',b'K.RADHAKRISHNAN                                                 ',14,b'A',12:00.0,b'1',12.266,86.505,b'1',b'ARGOS   ',265,12.185,34.988
11,26,b'2900268 ',b'INDIAN ARGO PROJECT                                             ',b'K.RADHAKRISHNAN                                                 ',14,b'A',12:00.0,b'1',12.266,86.505,b'1',b'ARGOS   ',275,11.961,34.989
11,27,b'2900268 ',b'INDIAN ARGO PROJECT                                             ',b'K.RADHAKRISHNAN                                                 ',14,b'A',12:00.0,b'1',12.266,86.505,b'1',b'ARGOS   ',285,11.762,34.985
11,28,b'2900268 ',b'INDIAN ARGO PROJECT                                             ',b'K.RADHAKRISHNAN                                                 ',14,b'A',12:00.0,b'1',12.266,86.505,b'1',b'ARGOS   ',295,11.619,34.998
11,29,b'2900268 ',b'INDIAN ARGO PROJECT                                             ',b'K.RADHAKRISHNAN                                                 ',14,b'A',12:00.0,b'1',12.266,86.505,b'1',b'ARGOS   ',305,11.47,34.996
11,30,b'2900268 ',b'INDIAN ARGO PROJECT                                             ',b'K.RADHAKRISHNAN                                                 ',14,b'A',12:00.0,b'1',12.266,86.505,b'1',b'ARGOS   ',315,11.341,34.995
11,31,b'2900268 ',b'INDIAN ARGO PROJECT                                             ',b'K.RADHAKRISHNAN                                                 ',14,b'A',12:00.0,b'1',12.266,86.505,b'1',b'ARGOS   ',325,11.211,34.995
11,32,b'2900268 ',b'INDIAN ARGO PROJECT                                             ',b'K.RADHAKRISHNAN                                                 ',14,b'A',12:00.0,b'1',12.266,86.505,b'1',b'ARGOS   ',335,11.094,34.992
11,33,b'2900268 ',b'INDIAN ARGO PROJECT                                             ',b'K.RADHAKRISHNAN                                                 ',14,b'A',12:00.0,b'1',12.266,86.505,b'1',b'ARGOS   ',345,10.982,34.995
11,34,b'2900268 ',b'INDIAN ARGO PROJECT                                             ',b'K.RADHAKRISHNAN                                                 ',14,b'A',12:00.0,b'1',12.266,86.505,b'1',b'ARGOS   ',355,10.891,34.997
11,35,b'2900268 ',b'INDIAN ARGO PROJECT                                             ',b'K.RADHAKRISHNAN                                                 ',14,b'A',12:00.0,b'1',12.266,86.505,b'1',b'ARGOS   ',365,10.781,34.997
11,36,b'2900268 ',b'INDIAN ARGO PROJECT                                             ',b'K.RADHAKRISHNAN                                                 ',14,b'A',12:00.0,b'1',12.266,86.505,b'1',b'ARGOS   ',375,10.663,34.995
11,37,b'2900268 ',b'INDIAN ARGO PROJECT                                             ',b'K.RADHAKRISHNAN                                                 ',14,b'A',12:00.0,b'1',12.266,86.505,b'1',b'ARGOS   ',385,10.589,35.001
11,38,b'2900268 ',b'INDIAN ARGO PROJECT                                             ',b'K.RADHAKRISHNAN                                                 ',14,b'A',12:00.0,b'1',12.266,86.505,b'1',b'ARGOS   ',395,10.505,34.997
11,39,b'2900268 ',b'INDIAN ARGO PROJECT                                             ',b'K.RADHAKRISHNAN                                                 ',14,b'A',12:00.0,b'1',12.266,86.505,b'1',b'ARGOS   ',405,10.423,34.99
11,40,b'2900268 ',b'INDIAN ARGO PROJECT                                             ',b'K.RADHAKRISHNAN                                                 ',14,b'A',12:00.0,b'1',12.266,86.505,b'1',b'ARGOS   ',415,10.331,34.993
11,41,b'2900268 ',b'INDIAN ARGO PROJECT                                             ',b'K.RADHAKRISHNAN                                                 ',14,b'A',12:00.0,b'1',12.266,86.505,b'1',b'ARGOS   ',451,10.095,34.99
11,42,b'2900268 ',b'INDIAN ARGO PROJECT                                             ',b'K.RADHAKRISHNAN                                                 ',14,b'A',12:00.0,b'1',12.266,86.505,b'1',b'ARGOS   ',500,9.767,34.989
11,43,b'2900268 ',b'INDIAN ARGO PROJECT                                             ',b'K.RADHAKRISHNAN                                                 ',14,b'A',12:00.0,b'1',12.266,86.505,b'1',b'ARGOS   ',550,9.433,34.981
11,44,b'2900268 ',b'INDIAN ARGO PROJECT                                             ',b'K.RADHAKRISHNAN                                                 ',14,b'A',12:00.0,b'1',12.266,86.505,b'1',b'ARGOS   ',600,9.128,34.976
11,45,b'2900268 ',b'INDIAN ARGO PROJECT                                             ',b'K.RADHAKRISHNAN                                                 ',14,b'A',12:00.0,b'1',12.266,86.505,b'1',b'ARGOS   ',649,8.786,34.964
11,46,b'2900268 ',b'INDIAN ARGO PROJECT                                             ',b'K.RADHAKRISHNAN                                                 ',14,b'A',12:00.0,b'1',12.266,86.505,b'1',b'ARGOS   ',701,8.389,34.952
11,47,b'2900268 ',b'INDIAN ARGO PROJECT                                             ',b'K.RADHAKRISHNAN                                                 ',14,b'A',12:00.0,b'1',12.266,86.505,b'1',b'ARGOS   ',750,8.056,34.94
11,48,b'2900268 ',b'INDIAN ARGO PROJECT                                             ',b'K.RADHAKRISHNAN                                                 ',14,b'A',12:00.0,b'1',12.266,86.505,b'1',b'ARGOS   ',800,7.758,34.934
11,49,b'2900268 ',b'INDIAN ARGO PROJECT                                             ',b'K.RADHAKRISHNAN                                                 ',14,b'A',12:00.0,b'1',12.266,86.505,b'1',b'ARGOS   ',849,7.48,34.919
11,50,b'2900268 ',b'INDIAN ARGO PROJECT                                             ',b'K.RADHAKRISHNAN                                                 ',14,b'A',12:00.0,b'1',12.266,86.505,b'1',b'ARGOS   ',900,7.231,34.916
11,51,b'2900268 ',b'INDIAN ARGO PROJECT                                             ',b'K.RADHAKRISHNAN                                                 ',14,b'A',12:00.0,b'1',12.266,86.505,b'1',b'ARGOS   ',950,6.94,34.901
11,52,b'2900268 ',b'INDIAN ARGO PROJECT                                             ',b'K.RADHAKRISHNAN                                                 ',14,b'A',12:00.0,b'1',12.266,86.505,b'1',b'ARGOS   ',994,6.694,34.898
12,0,b'2900268 ',b'INDIAN ARGO PROJECT                                             ',b'K.RADHAKRISHNAN                                                 ',15,b'A',12:00.0,b'1',12.119,86.777,b'1',b'ARGOS   ',16,28.77,33.254
12,1,b'2900268 ',b'INDIAN ARGO PROJECT                                             ',b'K.RADHAKRISHNAN                                                 ',15,b'A',12:00.0,b'1',12.119,86.777,b'1',b'ARGOS   ',25,28.769,33.266
12,2,b'2900268 ',b'INDIAN ARGO PROJECT                                             ',b'K.RADHAKRISHNAN                                                 ',15,b'A',12:00.0,b'1',12.119,86.777,b'1',b'ARGOS   ',35,28.825,33.423
12,3,b'2900268 ',b'INDIAN ARGO PROJECT                                             ',b'K.RADHAKRISHNAN                                                 ',15,b'A',12:00.0,b'1',12.119,86.777,b'1',b'ARGOS   ',45,28.798,33.625
12,4,b'2900268 ',b'INDIAN ARGO PROJECT                                             ',b'K.RADHAKRISHNAN                                                 ',15,b'A',12:00.0,b'1',12.119,86.777,b'1',b'ARGOS   ',55,28.227,33.987
12,5,b'2900268 ',b'INDIAN ARGO PROJECT                                             ',b'K.RADHAKRISHNAN                                                 ',15,b'A',12:00.0,b'1',12.119,86.777,b'1',b'ARGOS   ',64,26.972,34.471
12,6,b'2900268 ',b'INDIAN ARGO PROJECT                                             ',b'K.RADHAKRISHNAN                                                 ',15,b'A',12:00.0,b'1',12.119,86.777,b'1',b'ARGOS   ',74,25.414,34.626
12,7,b'2900268 ',b'INDIAN ARGO PROJECT                                             ',b'K.RADHAKRISHNAN                                                 ',15,b'A',12:00.0,b'1',12.119,86.777,b'1',b'ARGOS   ',85,24.064,34.55
12,8,b'2900268 ',b'INDIAN ARGO PROJECT                                             ',b'K.RADHAKRISHNAN                                                 ',15,b'A',12:00.0,b'1',12.119,86.777,b'1',b'ARGOS   ',95,23.436,34.626
12,9,b'2900268 ',b'INDIAN ARGO PROJECT                                             ',b'K.RADHAKRISHNAN                                                 ',15,b'A',12:00.0,b'1',12.119,86.777,b'1',b'ARGOS   ',106,22.904,34.75
12,10,b'2900268 ',b'INDIAN ARGO PROJECT                                             ',b'K.RADHAKRISHNAN                                                 ',15,b'A',12:00.0,b'1',12.119,86.777,b'1',b'ARGOS   ',115,21.878,34.763
12,11,b'2900268 ',b'INDIAN ARGO PROJECT                                             ',b'K.RADHAKRISHNAN                                                 ',15,b'A',12:00.0,b'1',12.119,86.777,b'1',b'ARGOS   ',125,20.544,34.554
12,12,b'2900268 ',b'INDIAN ARGO PROJECT                                             ',b'K.RADHAKRISHNAN                                                 ',15,b'A',12:00.0,b'1',12.119,86.777,b'1',b'ARGOS   ',135,19.964,34.692
12,13,b'2900268 ',b'INDIAN ARGO PROJECT                                             ',b'K.RADHAKRISHNAN                                                 ',15,b'A',12:00.0,b'1',12.119,86.777,b'1',b'ARGOS   ',145,18.703,34.752
12,14,b'2900268 ',b'INDIAN ARGO PROJECT                                             ',b'K.RADHAKRISHNAN                                                 ',15,b'A',12:00.0,b'1',12.119,86.777,b'1',b'ARGOS   ',155,17.818,34.795
12,15,b'2900268 ',b'INDIAN ARGO PROJECT                                             ',b'K.RADHAKRISHNAN                                                 ',15,b'A',12:00.0,b'1',12.119,86.777,b'1',b'ARGOS   ',165,17.054,34.817
12,16,b'2900268 ',b'INDIAN ARGO PROJECT                                             ',b'K.RADHAKRISHNAN                                                 ',15,b'A',12:00.0,b'1',12.119,86.777,b'1',b'ARGOS   ',175,16.639,34.858
12,17,b'2900268 ',b'INDIAN ARGO PROJECT                                             ',b'K.RADHAKRISHNAN                                                 ',15,b'A',12:00.0,b'1',12.119,86.777,b'1',b'ARGOS   ',185,15.563,34.865
12,18,b'2900268 ',b'INDIAN ARGO PROJECT                                             ',b'K.RADHAKRISHNAN                                                 ',15,b'A',12:00.0,b'1',12.119,86.777,b'1',b'ARGOS   ',195,14.637,34.858
12,19,b'2900268 ',b'INDIAN ARGO PROJECT                                             ',b'K.RADHAKRISHNAN                                                 ',15,b'A',12:00.0,b'1',12.119,86.777,b'1',b'ARGOS   ',205,14.32,34.872
12,20,b'2900268 ',b'INDIAN ARGO PROJECT                                             ',b'K.RADHAKRISHNAN                                                 ',15,b'A',12:00.0,b'1',12.119,86.777,b'1',b'ARGOS   ',215,14.112,34.889
12,21,b'2900268 ',b'INDIAN ARGO PROJECT                                             ',b'K.RADHAKRISHNAN                                                 ',15,b'A',12:00.0,b'1',12.119,86.777,b'1',b'ARGOS   ',225,13.972,34.928
12,22,b'2900268 ',b'INDIAN ARGO PROJECT                                             ',b'K.RADHAKRISHNAN                                                 ',15,b'A',12:00.0,b'1',12.119,86.777,b'1',b'ARGOS   ',235,13.552,34.96
12,23,b'2900268 ',b'INDIAN ARGO PROJECT                                             ',b'K.RADHAKRISHNAN                                                 ',15,b'A',12:00.0,b'1',12.119,86.777,b'1',b'ARGOS   ',245,13.045,34.958
12,24,b'2900268 ',b'INDIAN ARGO PROJECT                                             ',b'K.RADHAKRISHNAN                                                 ',15,b'A',12:00.0,b'1',12.119,86.777,b'1',b'ARGOS   ',255,12.752,34.976
12,25,b'2900268 ',b'INDIAN ARGO PROJECT                                             ',b'K.RADHAKRISHNAN                                                 ',15,b'A',12:00.0,b'1',12.119,86.777,b'1',b'ARGOS   ',265,12.509,34.976
12,26,b'2900268 ',b'INDIAN ARGO PROJECT                                             ',b'K.RADHAKRISHNAN                                                 ',15,b'A',12:00.0,b'1',12.119,86.777,b'1',b'ARGOS   ',275,12.314,34.989
12,27,b'2900268 ',b'INDIAN ARGO PROJECT                                             ',b'K.RADHAKRISHNAN                                                 ',15,b'A',12:00.0,b'1',12.119,86.777,b'1',b'ARGOS   ',286,12.122,34.989
12,28,b'2900268 ',b'INDIAN ARGO PROJECT                                             ',b'K.RADHAKRISHNAN                                                 ',15,b'A',12:00.0,b'1',12.119,86.777,b'1',b'ARGOS   ',295,11.894,34.994
12,29,b'2900268 ',b'INDIAN ARGO PROJECT                                             ',b'K.RADHAKRISHNAN                                                 ',15,b'A',12:00.0,b'1',12.119,86.777,b'1',b'ARGOS   ',305,11.747,34.991
12,30,b'2900268 ',b'INDIAN ARGO PROJECT                                             ',b'K.RADHAKRISHNAN                                                 ',15,b'A',12:00.0,b'1',12.119,86.777,b'1',b'ARGOS   ',315,11.592,34.995
12,31,b'2900268 ',b'INDIAN ARGO PROJECT                                             ',b'K.RADHAKRISHNAN                                                 ',15,b'A',12:00.0,b'1',12.119,86.777,b'1',b'ARGOS   ',325,11.503,34.996
12,32,b'2900268 ',b'INDIAN ARGO PROJECT                                             ',b'K.RADHAKRISHNAN                                                 ',15,b'A',12:00.0,b'1',12.119,86.777,b'1',b'ARGOS   ',335,11.388,35.001
12,33,b'2900268 ',b'INDIAN ARGO PROJECT                                             ',b'K.RADHAKRISHNAN                                                 ',15,b'A',12:00.0,b'1',12.119,86.777,b'1',b'ARGOS   ',345,11.251,34.998
12,34,b'2900268 ',b'INDIAN ARGO PROJECT                                             ',b'K.RADHAKRISHNAN                                                 ',15,b'A',12:00.0,b'1',12.119,86.777,b'1',b'ARGOS   ',355,11.135,34.994
12,35,b'2900268 ',b'INDIAN ARGO PROJECT                                             ',b'K.RADHAKRISHNAN                                                 ',15,b'A',12:00.0,b'1',12.119,86.777,b'1',b'ARGOS   ',365,10.994,34.994
12,36,b'2900268 ',b'INDIAN ARGO PROJECT                                             ',b'K.RADHAKRISHNAN                                                 ',15,b'A',12:00.0,b'1',12.119,86.777,b'1',b'ARGOS   ',375,10.876,35.002
12,37,b'2900268 ',b'INDIAN ARGO PROJECT                                             ',b'K.RADHAKRISHNAN                                                 ',15,b'A',12:00.0,b'1',12.119,86.777,b'1',b'ARGOS   ',385,10.813,34.998
12,38,b'2900268 ',b'INDIAN ARGO PROJECT                                             ',b'K.RADHAKRISHNAN                                                 ',15,b'A',12:00.0,b'1',12.119,86.777,b'1',b'ARGOS   ',395,10.744,34.999
12,39,b'2900268 ',b'INDIAN ARGO PROJECT                                             ',b'K.RADHAKRISHNAN                                                 ',15,b'A',12:00.0,b'1',12.119,86.777,b'1',b'ARGOS   ',405,10.675,35.001
12,40,b'2900268 ',b'INDIAN ARGO PROJECT                                             ',b'K.RADHAKRISHNAN                                                 ',15,b'A',12:00.0,b'1',12.119,86.777,b'1',b'ARGOS   ',415,10.595,35.002
12,41,b'2900268 ',b'INDIAN ARGO PROJECT                                             ',b'K.RADHAKRISHNAN                                                 ',15,b'A',12:00.0,b'1',12.119,86.777,b'1',b'ARGOS   ',450,10.367,34.993
12,42,b'2900268 ',b'INDIAN ARGO PROJECT                                             ',b'K.RADHAKRISHNAN                                                 ',15,b'A',12:00.0,b'1',12.119,86.777,b'1',b'ARGOS   ',501,9.962,34.994
12,43,b'2900268 ',b'INDIAN ARGO PROJECT                                             ',b'K.RADHAKRISHNAN                                                 ',15,b'A',12:00.0,b'1',12.119,86.777,b'1',b'ARGOS   ',549,9.481,34.987
12,44,b'2900268 ',b'INDIAN ARGO PROJECT                                             ',b'K.RADHAKRISHNAN                                                 ',15,b'A',12:00.0,b'1',12.119,86.777,b'1',b'ARGOS   ',600,9.149,34.976
12,45,b'2900268 ',b'INDIAN ARGO PROJECT                                             ',b'K.RADHAKRISHNAN                                                 ',15,b'A',12:00.0,b'1',12.119,86.777,b'1',b'ARGOS   ',650,8.826,34.967
12,46,b'2900268 ',b'INDIAN ARGO PROJECT                                             ',b'K.RADHAKRISHNAN                                                 ',15,b'A',12:00.0,b'1',12.119,86.777,b'1',b'ARGOS   ',701,8.402,34.95
12,47,b'2900268 ',b'INDIAN ARGO PROJECT                                             ',b'K.RADHAKRISHNAN                                                 ',15,b'A',12:00.0,b'1',12.119,86.777,b'1',b'ARGOS   ',750,8.081,34.947
12,48,b'2900268 ',b'INDIAN ARGO PROJECT                                             ',b'K.RADHAKRISHNAN                                                 ',15,b'A',12:00.0,b'1',12.119,86.777,b'1',b'ARGOS   ',800,7.868,34.943
12,49,b'2900268 ',b'INDIAN ARGO PROJECT                                             ',b'K.RADHAKRISHNAN                                                 ',15,b'A',12:00.0,b'1',12.119,86.777,b'1',b'ARGOS   ',850,7.57,34.926
12,50,b'2900268 ',b'INDIAN ARGO PROJECT                                             ',b'K.RADHAKRISHNAN                                                 ',15,b'A',12:00.0,b'1',12.119,86.777,b'1',b'ARGOS   ',899,7.221,34.916
12,51,b'2900268 ',b'INDIAN ARGO PROJECT                                             ',b'K.RADHAKRISHNAN                                                 ',15,b'A',12:00.0,b'1',12.119,86.777,b'1',b'ARGOS   ',950,6.924,34.906
12,52,b'2900268 ',b'INDIAN ARGO PROJECT                                             ',b'K.RADHAKRISHNAN                                                 ',15,b'A',12:00.0,b'1',12.119,86.777,b'1',b'ARGOS   ',978,6.758,34.896
13,0,b'2900268 ',b'INDIAN ARGO PROJECT                                             ',b'K.RADHAKRISHNAN                                                 ',16,b'A',54:00.0,b'1',11.87,87.161,b'1',b'ARGOS   ',15,28.813,33.492
13,1,b'2900268 ',b'INDIAN ARGO PROJECT                                             ',b'K.RADHAKRISHNAN                                                 ',16,b'A',54:00.0,b'1',11.87,87.161,b'1',b'ARGOS   ',25,28.814,33.495
13,2,b'2900268 ',b'INDIAN ARGO PROJECT                                             ',b'K.RADHAKRISHNAN                                                 ',16,b'A',54:00.0,b'1',11.87,87.161,b'1',b'ARGOS   ',35,28.804,33.513
13,3,b'2900268 ',b'INDIAN ARGO PROJECT                                             ',b'K.RADHAKRISHNAN                                                 ',16,b'A',54:00.0,b'1',11.87,87.161,b'1',b'ARGOS   ',45,28.608,33.759
13,4,b'2900268 ',b'INDIAN ARGO PROJECT                                             ',b'K.RADHAKRISHNAN                                                 ',16,b'A',54:00.0,b'1',11.87,87.161,b'1',b'ARGOS   ',55,27.967,34.188
13,5,b'2900268 ',b'INDIAN ARGO PROJECT                                             ',b'K.RADHAKRISHNAN                                                 ',16,b'A',54:00.0,b'1',11.87,87.161,b'1',b'ARGOS   ',65,26.3,34.606
13,6,b'2900268 ',b'INDIAN ARGO PROJECT                                             ',b'K.RADHAKRISHNAN                                                 ',16,b'A',54:00.0,b'1',11.87,87.161,b'1',b'ARGOS   ',75,24.727,34.671
13,7,b'2900268 ',b'INDIAN ARGO PROJECT                                             ',b'K.RADHAKRISHNAN                                                 ',16,b'A',54:00.0,b'1',11.87,87.161,b'1',b'ARGOS   ',85,23.174,34.675
13,8,b'2900268 ',b'INDIAN ARGO PROJECT                                             ',b'K.RADHAKRISHNAN                                                 ',16,b'A',54:00.0,b'1',11.87,87.161,b'1',b'ARGOS   ',95,22.102,34.629
13,9,b'2900268 ',b'INDIAN ARGO PROJECT                                             ',b'K.RADHAKRISHNAN                                                 ',16,b'A',54:00.0,b'1',11.87,87.161,b'1',b'ARGOS   ',105,21.666,34.795
13,10,b'2900268 ',b'INDIAN ARGO PROJECT                                             ',b'K.RADHAKRISHNAN                                                 ',16,b'A',54:00.0,b'1',11.87,87.161,b'1',b'ARGOS   ',115,21.447,34.969
13,11,b'2900268 ',b'INDIAN ARGO PROJECT                                             ',b'K.RADHAKRISHNAN                                                 ',16,b'A',54:00.0,b'1',11.87,87.161,b'1',b'ARGOS   ',125,20.744,35.004
13,12,b'2900268 ',b'INDIAN ARGO PROJECT                                             ',b'K.RADHAKRISHNAN                                                 ',16,b'A',54:00.0,b'1',11.87,87.161,b'1',b'ARGOS   ',135,19.802,34.933
13,13,b'2900268 ',b'INDIAN ARGO PROJECT                                             ',b'K.RADHAKRISHNAN                                                 ',16,b'A',54:00.0,b'1',11.87,87.161,b'1',b'ARGOS   ',145,18.62,34.848
13,14,b'2900268 ',b'INDIAN ARGO PROJECT                                             ',b'K.RADHAKRISHNAN                                                 ',16,b'A',54:00.0,b'1',11.87,87.161,b'1',b'ARGOS   ',155,17.704,34.849
13,15,b'2900268 ',b'INDIAN ARGO PROJECT                                             ',b'K.RADHAKRISHNAN                                                 ',16,b'A',54:00.0,b'1',11.87,87.161,b'1',b'ARGOS   ',165,17.262,34.854
13,16,b'2900268 ',b'INDIAN ARGO PROJECT                                             ',b'K.RADHAKRISHNAN                                                 ',16,b'A',54:00.0,b'1',11.87,87.161,b'1',b'ARGOS   ',175,16.254,34.876
13,17,b'2900268 ',b'INDIAN ARGO PROJECT                                             ',b'K.RADHAKRISHNAN                                                 ',16,b'A',54:00.0,b'1',11.87,87.161,b'1',b'ARGOS   ',185,15.494,34.899
13,18,b'2900268 ',b'INDIAN ARGO PROJECT                                             ',b'K.RADHAKRISHNAN                                                 ',16,b'A',54:00.0,b'1',11.87,87.161,b'1',b'ARGOS   ',195,14.891,34.915
13,19,b'2900268 ',b'INDIAN ARGO PROJECT                                             ',b'K.RADHAKRISHNAN                                                 ',16,b'A',54:00.0,b'1',11.87,87.161,b'1',b'ARGOS   ',205,14.332,34.926
13,20,b'2900268 ',b'INDIAN ARGO PROJECT                                             ',b'K.RADHAKRISHNAN                                                 ',16,b'A',54:00.0,b'1',11.87,87.161,b'1',b'ARGOS   ',215,13.905,34.947
13,21,b'2900268 ',b'INDIAN ARGO PROJECT                                             ',b'K.RADHAKRISHNAN                                                 ',16,b'A',54:00.0,b'1',11.87,87.161,b'1',b'ARGOS   ',225,13.48,34.946
13,22,b'2900268 ',b'INDIAN ARGO PROJECT                                             ',b'K.RADHAKRISHNAN                                                 ',16,b'A',54:00.0,b'1',11.87,87.161,b'1',b'ARGOS   ',235,13.21,34.962
13,23,b'2900268 ',b'INDIAN ARGO PROJECT                                             ',b'K.RADHAKRISHNAN                                                 ',16,b'A',54:00.0,b'1',11.87,87.161,b'1',b'ARGOS   ',245,12.947,34.972
13,24,b'2900268 ',b'INDIAN ARGO PROJECT                                             ',b'K.RADHAKRISHNAN                                                 ',16,b'A',54:00.0,b'1',11.87,87.161,b'1',b'ARGOS   ',256,12.642,34.981
13,25,b'2900268 ',b'INDIAN ARGO PROJECT                                             ',b'K.RADHAKRISHNAN                                                 ',16,b'A',54:00.0,b'1',11.87,87.161,b'1',b'ARGOS   ',265,12.409,34.982
13,26,b'2900268 ',b'INDIAN ARGO PROJECT                                             ',b'K.RADHAKRISHNAN                                                 ',16,b'A',54:00.0,b'1',11.87,87.161,b'1',b'ARGOS   ',275,12.191,34.988
13,27,b'2900268 ',b'INDIAN ARGO PROJECT                                             ',b'K.RADHAKRISHNAN                                                 ',16,b'A',54:00.0,b'1',11.87,87.161,b'1',b'ARGOS   ',285,12.003,34.994
13,28,b'2900268 ',b'INDIAN ARGO PROJECT                                             ',b'K.RADHAKRISHNAN                                                 ',16,b'A',54:00.0,b'1',11.87,87.161,b'1',b'ARGOS   ',295,11.838,34.998
13,29,b'2900268 ',b'INDIAN ARGO PROJECT                                             ',b'K.RADHAKRISHNAN                                                 ',16,b'A',54:00.0,b'1',11.87,87.161,b'1',b'ARGOS   ',305,11.65,34.994
13,30,b'2900268 ',b'INDIAN ARGO PROJECT                                             ',b'K.RADHAKRISHNAN                                                 ',16,b'A',54:00.0,b'1',11.87,87.161,b'1',b'ARGOS   ',315,11.476,34.996
13,31,b'2900268 ',b'INDIAN ARGO PROJECT                                             ',b'K.RADHAKRISHNAN                                                 ',16,b'A',54:00.0,b'1',11.87,87.161,b'1',b'ARGOS   ',325,11.299,35.001
13,32,b'2900268 ',b'INDIAN ARGO PROJECT                                             ',b'K.RADHAKRISHNAN                                                 ',16,b'A',54:00.0,b'1',11.87,87.161,b'1',b'ARGOS   ',335,11.188,35.002
13,33,b'2900268 ',b'INDIAN ARGO PROJECT                                             ',b'K.RADHAKRISHNAN                                                 ',16,b'A',54:00.0,b'1',11.87,87.161,b'1',b'ARGOS   ',345,11.046,35.004
13,34,b'2900268 ',b'INDIAN ARGO PROJECT                                             ',b'K.RADHAKRISHNAN                                                 ',16,b'A',54:00.0,b'1',11.87,87.161,b'1',b'ARGOS   ',355,10.927,35.003
13,35,b'2900268 ',b'INDIAN ARGO PROJECT                                             ',b'K.RADHAKRISHNAN                                                 ',16,b'A',54:00.0,b'1',11.87,87.161,b'1',b'ARGOS   ',365,10.844,34.997
13,36,b'2900268 ',b'INDIAN ARGO PROJECT                                             ',b'K.RADHAKRISHNAN                                                 ',16,b'A',54:00.0,b'1',11.87,87.161,b'1',b'ARGOS   ',375,10.8,34.995
13,37,b'2900268 ',b'INDIAN ARGO PROJECT                                             ',b'K.RADHAKRISHNAN                                                 ',16,b'A',54:00.0,b'1',11.87,87.161,b'1',b'ARGOS   ',386,10.741,34.996
13,38,b'2900268 ',b'INDIAN ARGO PROJECT                                             ',b'K.RADHAKRISHNAN                                                 ',16,b'A',54:00.0,b'1',11.87,87.161,b'1',b'ARGOS   ',395,10.648,35.001
13,39,b'2900268 ',b'INDIAN ARGO PROJECT                                             ',b'K.RADHAKRISHNAN                                                 ',16,b'A',54:00.0,b'1',11.87,87.161,b'1',b'ARGOS   ',405,10.545,34.994
13,40,b'2900268 ',b'INDIAN ARGO PROJECT                                             ',b'K.RADHAKRISHNAN                                                 ',16,b'A',54:00.0,b'1',11.87,87.161,b'1',b'ARGOS   ',415,10.462,34.999
13,41,b'2900268 ',b'INDIAN ARGO PROJECT                                             ',b'K.RADHAKRISHNAN                                                 ',16,b'A',54:00.0,b'1',11.87,87.161,b'1',b'ARGOS   ',450,10.235,34.998
13,42,b'2900268 ',b'INDIAN ARGO PROJECT                                             ',b'K.RADHAKRISHNAN                                                 ',16,b'A',54:00.0,b'1',11.87,87.161,b'1',b'ARGOS   ',500,9.886,34.986
13,43,b'2900268 ',b'INDIAN ARGO PROJECT                                             ',b'K.RADHAKRISHNAN                                                 ',16,b'A',54:00.0,b'1',11.87,87.161,b'1',b'ARGOS   ',551,9.45,34.985
13,44,b'2900268 ',b'INDIAN ARGO PROJECT                                             ',b'K.RADHAKRISHNAN                                                 ',16,b'A',54:00.0,b'1',11.87,87.161,b'1',b'ARGOS   ',599,9.131,34.973
13,45,b'2900268 ',b'INDIAN ARGO PROJECT                                             ',b'K.RADHAKRISHNAN                                                 ',16,b'A',54:00.0,b'1',11.87,87.161,b'1',b'ARGOS   ',650,8.841,34.962
13,46,b'2900268 ',b'INDIAN ARGO PROJECT                                             ',b'K.RADHAKRISHNAN                                                 ',16,b'A',54:00.0,b'1',11.87,87.161,b'1',b'ARGOS   ',700,8.531,34.96
13,47,b'2900268 ',b'INDIAN ARGO PROJECT                                             ',b'K.RADHAKRISHNAN                                                 ',16,b'A',54:00.0,b'1',11.87,87.161,b'1',b'ARGOS   ',750,8.246,34.954
13,48,b'2900268 ',b'INDIAN ARGO PROJECT                                             ',b'K.RADHAKRISHNAN                                                 ',16,b'A',54:00.0,b'1',11.87,87.161,b'1',b'ARGOS   ',801,7.857,34.942
13,49,b'2900268 ',b'INDIAN ARGO PROJECT                                             ',b'K.RADHAKRISHNAN                                                 ',16,b'A',54:00.0,b'1',11.87,87.161,b'1',b'ARGOS   ',849,7.521,34.932
13,50,b'2900268 ',b'INDIAN ARGO PROJECT                                             ',b'K.RADHAKRISHNAN                                                 ',16,b'A',54:00.0,b'1',11.87,87.161,b'1',b'ARGOS   ',900,7.202,34.913
13,51,b'2900268 ',b'INDIAN ARGO PROJECT                                             ',b'K.RADHAKRISHNAN                                                 ',16,b'A',54:00.0,b'1',11.87,87.161,b'1',b'ARGOS   ',951,6.927,34.903
13,52,b'2900268 ',b'INDIAN ARGO PROJECT                                             ',b'K.RADHAKRISHNAN                                                 ',16,b'A',54:00.0,b'1',11.87,87.161,b'1',b'ARGOS   ',,,
14,0,b'2900268 ',b'INDIAN ARGO PROJECT                                             ',b'K.RADHAKRISHNAN                                                 ',17,b'A',19:00.0,b'1',11.579,87.493,b'1',b'ARGOS   ',16,28.848,33.591
14,1,b'2900268 ',b'INDIAN ARGO PROJECT                                             ',b'K.RADHAKRISHNAN                                                 ',17,b'A',19:00.0,b'1',11.579,87.493,b'1',b'ARGOS   ',26,28.844,33.591
14,2,b'2900268 ',b'INDIAN ARGO PROJECT                                             ',b'K.RADHAKRISHNAN                                                 ',17,b'A',19:00.0,b'1',11.579,87.493,b'1',b'ARGOS   ',36,28.84,33.598
14,3,b'2900268 ',b'INDIAN ARGO PROJECT                                             ',b'K.RADHAKRISHNAN                                                 ',17,b'A',19:00.0,b'1',11.579,87.493,b'1',b'ARGOS   ',45,28.016,34.093
14,4,b'2900268 ',b'INDIAN ARGO PROJECT                                             ',b'K.RADHAKRISHNAN                                                 ',17,b'A',19:00.0,b'1',11.579,87.493,b'1',b'ARGOS   ',55,25.676,34.294
14,5,b'2900268 ',b'INDIAN ARGO PROJECT                                             ',b'K.RADHAKRISHNAN                                                 ',17,b'A',19:00.0,b'1',11.579,87.493,b'1',b'ARGOS   ',65,24.978,34.511
14,6,b'2900268 ',b'INDIAN ARGO PROJECT                                             ',b'K.RADHAKRISHNAN                                                 ',17,b'A',19:00.0,b'1',11.579,87.493,b'1',b'ARGOS   ',75,23.596,34.485
14,7,b'2900268 ',b'INDIAN ARGO PROJECT                                             ',b'K.RADHAKRISHNAN                                                 ',17,b'A',19:00.0,b'1',11.579,87.493,b'1',b'ARGOS   ',85,22.321,34.365
14,8,b'2900268 ',b'INDIAN ARGO PROJECT                                             ',b'K.RADHAKRISHNAN                                                 ',17,b'A',19:00.0,b'1',11.579,87.493,b'1',b'ARGOS   ',96,21.329,34.419
14,9,b'2900268 ',b'INDIAN ARGO PROJECT                                             ',b'K.RADHAKRISHNAN                                                 ',17,b'A',19:00.0,b'1',11.579,87.493,b'1',b'ARGOS   ',105,20.994,34.582
14,10,b'2900268 ',b'INDIAN ARGO PROJECT                                             ',b'K.RADHAKRISHNAN                                                 ',17,b'A',19:00.0,b'1',11.579,87.493,b'1',b'ARGOS   ',115,20.956,34.858
14,11,b'2900268 ',b'INDIAN ARGO PROJECT                                             ',b'K.RADHAKRISHNAN                                                 ',17,b'A',19:00.0,b'1',11.579,87.493,b'1',b'ARGOS   ',125,20.55,34.946
14,12,b'2900268 ',b'INDIAN ARGO PROJECT                                             ',b'K.RADHAKRISHNAN                                                 ',17,b'A',19:00.0,b'1',11.579,87.493,b'1',b'ARGOS   ',135,19.47,34.88
14,13,b'2900268 ',b'INDIAN ARGO PROJECT                                             ',b'K.RADHAKRISHNAN                                                 ',17,b'A',19:00.0,b'1',11.579,87.493,b'1',b'ARGOS   ',145,18.675,34.843
14,14,b'2900268 ',b'INDIAN ARGO PROJECT                                             ',b'K.RADHAKRISHNAN                                                 ',17,b'A',19:00.0,b'1',11.579,87.493,b'1',b'ARGOS   ',156,18.019,34.845
14,15,b'2900268 ',b'INDIAN ARGO PROJECT                                             ',b'K.RADHAKRISHNAN                                                 ',17,b'A',19:00.0,b'1',11.579,87.493,b'1',b'ARGOS   ',165,17.248,34.849
14,16,b'2900268 ',b'INDIAN ARGO PROJECT                                             ',b'K.RADHAKRISHNAN                                                 ',17,b'A',19:00.0,b'1',11.579,87.493,b'1',b'ARGOS   ',175,16.352,34.87
14,17,b'2900268 ',b'INDIAN ARGO PROJECT                                             ',b'K.RADHAKRISHNAN                                                 ',17,b'A',19:00.0,b'1',11.579,87.493,b'1',b'ARGOS   ',185,15.731,34.887
14,18,b'2900268 ',b'INDIAN ARGO PROJECT                                             ',b'K.RADHAKRISHNAN                                                 ',17,b'A',19:00.0,b'1',11.579,87.493,b'1',b'ARGOS   ',195,15.038,34.902
14,19,b'2900268 ',b'INDIAN ARGO PROJECT                                             ',b'K.RADHAKRISHNAN                                                 ',17,b'A',19:00.0,b'1',11.579,87.493,b'1',b'ARGOS   ',205,14.313,34.925
14,20,b'2900268 ',b'INDIAN ARGO PROJECT                                             ',b'K.RADHAKRISHNAN                                                 ',17,b'A',19:00.0,b'1',11.579,87.493,b'1',b'ARGOS   ',215,13.539,34.962
14,21,b'2900268 ',b'INDIAN ARGO PROJECT                                             ',b'K.RADHAKRISHNAN                                                 ',17,b'A',19:00.0,b'1',11.579,87.493,b'1',b'ARGOS   ',225,13.135,34.959
14,22,b'2900268 ',b'INDIAN ARGO PROJECT                                             ',b'K.RADHAKRISHNAN                                                 ',17,b'A',19:00.0,b'1',11.579,87.493,b'1',b'ARGOS   ',235,12.838,34.972
14,23,b'2900268 ',b'INDIAN ARGO PROJECT                                             ',b'K.RADHAKRISHNAN                                                 ',17,b'A',19:00.0,b'1',11.579,87.493,b'1',b'ARGOS   ',245,12.592,34.975
14,24,b'2900268 ',b'INDIAN ARGO PROJECT                                             ',b'K.RADHAKRISHNAN                                                 ',17,b'A',19:00.0,b'1',11.579,87.493,b'1',b'ARGOS   ',255,12.353,34.981
14,25,b'2900268 ',b'INDIAN ARGO PROJECT                                             ',b'K.RADHAKRISHNAN                                                 ',17,b'A',19:00.0,b'1',11.579,87.493,b'1',b'ARGOS   ',265,12.192,34.981
14,26,b'2900268 ',b'INDIAN ARGO PROJECT                                             ',b'K.RADHAKRISHNAN                                                 ',17,b'A',19:00.0,b'1',11.579,87.493,b'1',b'ARGOS   ',275,11.994,34.987
14,27,b'2900268 ',b'INDIAN ARGO PROJECT                                             ',b'K.RADHAKRISHNAN                                                 ',17,b'A',19:00.0,b'1',11.579,87.493,b'1',b'ARGOS   ',285,11.83,34.99
14,28,b'2900268 ',b'INDIAN ARGO PROJECT                                             ',b'K.RADHAKRISHNAN                                                 ',17,b'A',19:00.0,b'1',11.579,87.493,b'1',b'ARGOS   ',295,11.668,34.991
14,29,b'2900268 ',b'INDIAN ARGO PROJECT                                             ',b'K.RADHAKRISHNAN                                                 ',17,b'A',19:00.0,b'1',11.579,87.493,b'1',b'ARGOS   ',305,11.486,34.991
14,30,b'2900268 ',b'INDIAN ARGO PROJECT                                             ',b'K.RADHAKRISHNAN                                                 ',17,b'A',19:00.0,b'1',11.579,87.493,b'1',b'ARGOS   ',315,11.373,34.995
14,31,b'2900268 ',b'INDIAN ARGO PROJECT                                             ',b'K.RADHAKRISHNAN                                                 ',17,b'A',19:00.0,b'1',11.579,87.493,b'1',b'ARGOS   ',325,11.27,34.999
14,32,b'2900268 ',b'INDIAN ARGO PROJECT                                             ',b'K.RADHAKRISHNAN                                                 ',17,b'A',19:00.0,b'1',11.579,87.493,b'1',b'ARGOS   ',335,11.161,34.998
14,33,b'2900268 ',b'INDIAN ARGO PROJECT                                             ',b'K.RADHAKRISHNAN                                                 ',17,b'A',19:00.0,b'1',11.579,87.493,b'1',b'ARGOS   ',345,11.053,34.997
14,34,b'2900268 ',b'INDIAN ARGO PROJECT                                             ',b'K.RADHAKRISHNAN                                                 ',17,b'A',19:00.0,b'1',11.579,87.493,b'1',b'ARGOS   ',355,10.939,34.991
14,35,b'2900268 ',b'INDIAN ARGO PROJECT                                             ',b'K.RADHAKRISHNAN                                                 ',17,b'A',16-09-2003 03:19,b'1',11.579,87.493,b'1',b'ARGOS   ',365,10.821,34.999
14,36,b'2900268 ',b'INDIAN ARGO PROJECT                                             ',b'K.RADHAKRISHNAN                                                 ',17,b'A',16-09-2003 03:19,b'1',11.579,87.493,b'1',b'ARGOS   ',375,10.715,34.996
14,37,b'2900268 ',b'INDIAN ARGO PROJECT                                             ',b'K.RADHAKRISHNAN                                                 ',17,b'A',19:00.0,b'1',11.579,87.493,b'1',b'ARGOS   ',385,10.604,34.997
14,38,b'2900268 ',b'INDIAN ARGO PROJECT                                             ',b'K.RADHAKRISHNAN                                                 ',17,b'A',19:00.0,b'1',11.579,87.493,b'1',b'ARGOS   ',395,10.526,34.997
14,39,b'2900268 ',b'INDIAN ARGO PROJECT                                             ',b'K.RADHAKRISHNAN                                                 ',17,b'A',19:00.0,b'1',11.579,87.493,b'1',b'ARGOS   ',405,10.448,34.996
14,40,b'2900268 ',b'INDIAN ARGO PROJECT                                             ',b'K.RADHAKRISHNAN                                                 ',17,b'A',19:00.0,b'1',11.579,87.493,b'1',b'ARGOS   ',415,10.386,34.991
14,41,b'2900268 ',b'INDIAN ARGO PROJECT                                             ',b'K.RADHAKRISHNAN                                                 ',17,b'A',19:00.0,b'1',11.579,87.493,b'1',b'ARGOS   ',452,10.067,34.997
14,42,b'2900268 ',b'INDIAN ARGO PROJECT                                             ',b'K.RADHAKRISHNAN                                                 ',17,b'A',19:00.0,b'1',11.579,87.493,b'1',b'ARGOS   ',500,9.695,34.987
14,43,b'2900268 ',b'INDIAN ARGO PROJECT                                             ',b'K.RADHAKRISHNAN                                                 ',17,b'A',19:00.0,b'1',11.579,87.493,b'1',b'ARGOS   ',550,9.387,34.974
14,44,b'2900268 ',b'INDIAN ARGO PROJECT                                             ',b'K.RADHAKRISHNAN                                                 ',17,b'A',19:00.0,b'1',11.579,87.493,b'1',b'ARGOS   ',600,9.075,34.965
14,45,b'2900268 ',b'INDIAN ARGO PROJECT                                             ',b'K.RADHAKRISHNAN                                                 ',17,b'A',19:00.0,b'1',11.579,87.493,b'1',b'ARGOS   ',650,8.707,34.958
14,46,b'2900268 ',b'INDIAN ARGO PROJECT                                             ',b'K.RADHAKRISHNAN                                                 ',17,b'A',19:00.0,b'1',11.579,87.493,b'1',b'ARGOS   ',701,8.363,34.956
14,47,b'2900268 ',b'INDIAN ARGO PROJECT                                             ',b'K.RADHAKRISHNAN                                                 ',17,b'A',19:00.0,b'1',11.579,87.493,b'1',b'ARGOS   ',749,8.064,34.943
14,48,b'2900268 ',b'INDIAN ARGO PROJECT                                             ',b'K.RADHAKRISHNAN                                                 ',17,b'A',19:00.0,b'1',11.579,87.493,b'1',b'ARGOS   ',800,7.749,34.932
14,49,b'2900268 ',b'INDIAN ARGO PROJECT                                             ',b'K.RADHAKRISHNAN                                                 ',17,b'A',19:00.0,b'1',11.579,87.493,b'1',b'ARGOS   ',850,7.439,34.927
14,50,b'2900268 ',b'INDIAN ARGO PROJECT                                             ',b'K.RADHAKRISHNAN                                                 ',17,b'A',19:00.0,b'1',11.579,87.493,b'1',b'ARGOS   ',899,7.082,34.914
14,51,b'2900268 ',b'INDIAN ARGO PROJECT                                             ',b'K.RADHAKRISHNAN                                                 ',17,b'A',19:00.0,b'1',11.579,87.493,b'1',b'ARGOS   ',950,6.771,34.896
14,52,b'2900268 ',b'INDIAN ARGO PROJECT                                             ',b'K.RADHAKRISHNAN                                                 ',17,b'A',19:00.0,b'1',11.579,87.493,b'1',b'ARGOS   ',998,6.533,34.882
15,0,b'2900268 ',b'INDIAN ARGO PROJECT                                             ',b'K.RADHAKRISHNAN                                                 ',18,b'A',07:00.0,b'1',11.482,87.82,b'1',b'ARGOS   ',15,29.02,33.593
15,1,b'2900268 ',b'INDIAN ARGO PROJECT                                             ',b'K.RADHAKRISHNAN                                                 ',18,b'A',07:00.0,b'1',11.482,87.82,b'1',b'ARGOS   ',25,28.972,33.617
15,2,b'2900268 ',b'INDIAN ARGO PROJECT                                             ',b'K.RADHAKRISHNAN                                                 ',18,b'A',07:00.0,b'1',11.482,87.82,b'1',b'ARGOS   ',35,28.963,33.648
15,3,b'2900268 ',b'INDIAN ARGO PROJECT                                             ',b'K.RADHAKRISHNAN                                                 ',18,b'A',07:00.0,b'1',11.482,87.82,b'1',b'ARGOS   ',46,28.841,33.656
15,4,b'2900268 ',b'INDIAN ARGO PROJECT                                             ',b'K.RADHAKRISHNAN                                                 ',18,b'A',07:00.0,b'1',11.482,87.82,b'1',b'ARGOS   ',55,27.844,34.145
15,5,b'2900268 ',b'INDIAN ARGO PROJECT                                             ',b'K.RADHAKRISHNAN                                                 ',18,b'A',07:00.0,b'1',11.482,87.82,b'1',b'ARGOS   ',65,26.1,34.518
15,6,b'2900268 ',b'INDIAN ARGO PROJECT                                             ',b'K.RADHAKRISHNAN                                                 ',18,b'A',07:00.0,b'1',11.482,87.82,b'1',b'ARGOS   ',75,24.509,34.592
15,7,b'2900268 ',b'INDIAN ARGO PROJECT                                             ',b'K.RADHAKRISHNAN                                                 ',18,b'A',07:00.0,b'1',11.482,87.82,b'1',b'ARGOS   ',86,22.638,34.596
15,8,b'2900268 ',b'INDIAN ARGO PROJECT                                             ',b'K.RADHAKRISHNAN                                                 ',18,b'A',07:00.0,b'1',11.482,87.82,b'1',b'ARGOS   ',95,21.638,34.71
15,9,b'2900268 ',b'INDIAN ARGO PROJECT                                             ',b'K.RADHAKRISHNAN                                                 ',18,b'A',07:00.0,b'1',11.482,87.82,b'1',b'ARGOS   ',105,20.971,34.737
15,10,b'2900268 ',b'INDIAN ARGO PROJECT                                             ',b'K.RADHAKRISHNAN                                                 ',18,b'A',07:00.0,b'1',11.482,87.82,b'1',b'ARGOS   ',115,20.479,34.74
15,11,b'2900268 ',b'INDIAN ARGO PROJECT                                             ',b'K.RADHAKRISHNAN                                                 ',18,b'A',07:00.0,b'1',11.482,87.82,b'1',b'ARGOS   ',125,19.525,34.673
15,12,b'2900268 ',b'INDIAN ARGO PROJECT                                             ',b'K.RADHAKRISHNAN                                                 ',18,b'A',07:00.0,b'1',11.482,87.82,b'1',b'ARGOS   ',135,18.426,34.669
15,13,b'2900268 ',b'INDIAN ARGO PROJECT                                             ',b'K.RADHAKRISHNAN                                                 ',18,b'A',07:00.0,b'1',11.482,87.82,b'1',b'ARGOS   ',145,17.524,34.689
15,14,b'2900268 ',b'INDIAN ARGO PROJECT                                             ',b'K.RADHAKRISHNAN                                                 ',18,b'A',07:00.0,b'1',11.482,87.82,b'1',b'ARGOS   ',156,17.035,34.767
15,15,b'2900268 ',b'INDIAN ARGO PROJECT                                             ',b'K.RADHAKRISHNAN                                                 ',18,b'A',07:00.0,b'1',11.482,87.82,b'1',b'ARGOS   ',166,16.399,34.868
15,16,b'2900268 ',b'INDIAN ARGO PROJECT                                             ',b'K.RADHAKRISHNAN                                                 ',18,b'A',07:00.0,b'1',11.482,87.82,b'1',b'ARGOS   ',175,15.664,34.896
15,17,b'2900268 ',b'INDIAN ARGO PROJECT                                             ',b'K.RADHAKRISHNAN                                                 ',18,b'A',07:00.0,b'1',11.482,87.82,b'1',b'ARGOS   ',185,14.574,34.919
15,18,b'2900268 ',b'INDIAN ARGO PROJECT                                             ',b'K.RADHAKRISHNAN                                                 ',18,b'A',07:00.0,b'1',11.482,87.82,b'1',b'ARGOS   ',195,14.048,34.937
15,19,b'2900268 ',b'INDIAN ARGO PROJECT                                             ',b'K.RADHAKRISHNAN                                                 ',18,b'A',07:00.0,b'1',11.482,87.82,b'1',b'ARGOS   ',205,13.757,34.945
15,20,b'2900268 ',b'INDIAN ARGO PROJECT                                             ',b'K.RADHAKRISHNAN                                                 ',18,b'A',07:00.0,b'1',11.482,87.82,b'1',b'ARGOS   ',215,13.389,34.958
15,21,b'2900268 ',b'INDIAN ARGO PROJECT                                             ',b'K.RADHAKRISHNAN                                                 ',18,b'A',07:00.0,b'1',11.482,87.82,b'1',b'ARGOS   ',225,13.093,34.96
15,22,b'2900268 ',b'INDIAN ARGO PROJECT                                             ',b'K.RADHAKRISHNAN                                                 ',18,b'A',07:00.0,b'1',11.482,87.82,b'1',b'ARGOS   ',236,12.796,34.972
15,23,b'2900268 ',b'INDIAN ARGO PROJECT                                             ',b'K.RADHAKRISHNAN                                                 ',18,b'A',07:00.0,b'1',11.482,87.82,b'1',b'ARGOS   ',245,12.569,34.977
15,24,b'2900268 ',b'INDIAN ARGO PROJECT                                             ',b'K.RADHAKRISHNAN                                                 ',18,b'A',07:00.0,b'1',11.482,87.82,b'1',b'ARGOS   ',255,12.299,34.983
15,25,b'2900268 ',b'INDIAN ARGO PROJECT                                             ',b'K.RADHAKRISHNAN                                                 ',18,b'A',07:00.0,b'1',11.482,87.82,b'1',b'ARGOS   ',265,12.062,34.986
15,26,b'2900268 ',b'INDIAN ARGO PROJECT                                             ',b'K.RADHAKRISHNAN                                                 ',18,b'A',07:00.0,b'1',11.482,87.82,b'1',b'ARGOS   ',275,11.887,34.99
15,27,b'2900268 ',b'INDIAN ARGO PROJECT                                             ',b'K.RADHAKRISHNAN                                                 ',18,b'A',07:00.0,b'1',11.482,87.82,b'1',b'ARGOS   ',285,11.64,34.992
15,28,b'2900268 ',b'INDIAN ARGO PROJECT                                             ',b'K.RADHAKRISHNAN                                                 ',18,b'A',07:00.0,b'1',11.482,87.82,b'1',b'ARGOS   ',295,11.452,34.998
15,29,b'2900268 ',b'INDIAN ARGO PROJECT                                             ',b'K.RADHAKRISHNAN                                                 ',18,b'A',07:00.0,b'1',11.482,87.82,b'1',b'ARGOS   ',305,11.316,34.993
15,30,b'2900268 ',b'INDIAN ARGO PROJECT                                             ',b'K.RADHAKRISHNAN                                                 ',18,b'A',07:00.0,b'1',11.482,87.82,b'1',b'ARGOS   ',315,11.188,34.991
15,31,b'2900268 ',b'INDIAN ARGO PROJECT                                             ',b'K.RADHAKRISHNAN                                                 ',18,b'A',07:00.0,b'1',11.482,87.82,b'1',b'ARGOS   ',325,11.083,34.997
15,32,b'2900268 ',b'INDIAN ARGO PROJECT                                             ',b'K.RADHAKRISHNAN                                                 ',18,b'A',07:00.0,b'1',11.482,87.82,b'1',b'ARGOS   ',336,11.019,34.993
15,33,b'2900268 ',b'INDIAN ARGO PROJECT                                             ',b'K.RADHAKRISHNAN                                                 ',18,b'A',07:00.0,b'1',11.482,87.82,b'1',b'ARGOS   ',345,10.971,34.995
15,34,b'2900268 ',b'INDIAN ARGO PROJECT                                             ',b'K.RADHAKRISHNAN                                                 ',18,b'A',07:00.0,b'1',11.482,87.82,b'1',b'ARGOS   ',355,10.882,34.996
15,35,b'2900268 ',b'INDIAN ARGO PROJECT                                             ',b'K.RADHAKRISHNAN                                                 ',18,b'A',07:00.0,b'1',11.482,87.82,b'1',b'ARGOS   ',365,10.784,34.994
15,36,b'2900268 ',b'INDIAN ARGO PROJECT                                             ',b'K.RADHAKRISHNAN                                                 ',18,b'A',07:00.0,b'1',11.482,87.82,b'1',b'ARGOS   ',375,10.693,34.997
15,37,b'2900268 ',b'INDIAN ARGO PROJECT                                             ',b'K.RADHAKRISHNAN                                                 ',18,b'A',07:00.0,b'1',11.482,87.82,b'1',b'ARGOS   ',385,10.608,34.993
15,38,b'2900268 ',b'INDIAN ARGO PROJECT                                             ',b'K.RADHAKRISHNAN                                                 ',18,b'A',07:00.0,b'1',11.482,87.82,b'1',b'ARGOS   ',395,10.511,34.991
15,39,b'2900268 ',b'INDIAN ARGO PROJECT                                             ',b'K.RADHAKRISHNAN                                                 ',18,b'A',07:00.0,b'1',11.482,87.82,b'1',b'ARGOS   ',405,10.429,34.994
15,40,b'2900268 ',b'INDIAN ARGO PROJECT                                             ',b'K.RADHAKRISHNAN                                                 ',18,b'A',07:00.0,b'1',11.482,87.82,b'1',b'ARGOS   ',415,10.355,34.99
15,41,b'2900268 ',b'INDIAN ARGO PROJECT                                             ',b'K.RADHAKRISHNAN                                                 ',18,b'A',07:00.0,b'1',11.482,87.82,b'1',b'ARGOS   ',450,10.097,34.989
15,42,b'2900268 ',b'INDIAN ARGO PROJECT                                             ',b'K.RADHAKRISHNAN                                                 ',18,b'A',07:00.0,b'1',11.482,87.82,b'1',b'ARGOS   ',500,9.743,34.981
15,43,b'2900268 ',b'INDIAN ARGO PROJECT                                             ',b'K.RADHAKRISHNAN                                                 ',18,b'A',07:00.0,b'1',11.482,87.82,b'1',b'ARGOS   ',549,9.343,34.976
15,44,b'2900268 ',b'INDIAN ARGO PROJECT                                             ',b'K.RADHAKRISHNAN                                                 ',18,b'A',07:00.0,b'1',11.482,87.82,b'1',b'ARGOS   ',600,9.051,34.968
15,45,b'2900268 ',b'INDIAN ARGO PROJECT                                             ',b'K.RADHAKRISHNAN                                                 ',18,b'A',07:00.0,b'1',11.482,87.82,b'1',b'ARGOS   ',651,8.75,34.957
15,46,b'2900268 ',b'INDIAN ARGO PROJECT                                             ',b'K.RADHAKRISHNAN                                                 ',18,b'A',07:00.0,b'1',11.482,87.82,b'1',b'ARGOS   ',700,8.377,34.953
15,47,b'2900268 ',b'INDIAN ARGO PROJECT                                             ',b'K.RADHAKRISHNAN                                                 ',18,b'A',07:00.0,b'1',11.482,87.82,b'1',b'ARGOS   ',751,8.037,34.947
15,48,b'2900268 ',b'INDIAN ARGO PROJECT                                             ',b'K.RADHAKRISHNAN                                                 ',18,b'A',07:00.0,b'1',11.482,87.82,b'1',b'ARGOS   ',800,7.765,34.938
15,49,b'2900268 ',b'INDIAN ARGO PROJECT                                             ',b'K.RADHAKRISHNAN                                                 ',18,b'A',07:00.0,b'1',11.482,87.82,b'1',b'ARGOS   ',850,7.495,34.925
15,50,b'2900268 ',b'INDIAN ARGO PROJECT                                             ',b'K.RADHAKRISHNAN                                                 ',18,b'A',07:00.0,b'1',11.482,87.82,b'1',b'ARGOS   ',900,7.199,34.916
15,51,b'2900268 ',b'INDIAN ARGO PROJECT                                             ',b'K.RADHAKRISHNAN                                                 ',18,b'A',07:00.0,b'1',11.482,87.82,b'1',b'ARGOS   ',951,6.88,34.895
15,52,b'2900268 ',b'INDIAN ARGO PROJECT                                             ',b'K.RADHAKRISHNAN                                                 ',18,b'A',07:00.0,b'1',11.482,87.82,b'1',b'ARGOS   ',991,6.612,34.894
16,0,b'2900268 ',b'INDIAN ARGO PROJECT                                             ',b'K.RADHAKRISHNAN                                                 ',19,b'A',19:00.0,b'1',11.684,88.071,b'1',b'ARGOS   ',15,29.043,33.331
16,1,b'2900268 ',b'INDIAN ARGO PROJECT                                             ',b'K.RADHAKRISHNAN                                                 ',19,b'A',19:00.0,b'1',11.684,88.071,b'1',b'ARGOS   ',25,28.996,33.347
16,2,b'2900268 ',b'INDIAN ARGO PROJECT                                             ',b'K.RADHAKRISHNAN                                                 ',19,b'A',19:00.0,b'1',11.684,88.071,b'1',b'ARGOS   ',35,28.958,33.392
16,3,b'2900268 ',b'INDIAN ARGO PROJECT                                             ',b'K.RADHAKRISHNAN                                                 ',19,b'A',19:00.0,b'1',11.684,88.071,b'1',b'ARGOS   ',46,28.915,33.426
16,4,b'2900268 ',b'INDIAN ARGO PROJECT                                             ',b'K.RADHAKRISHNAN                                                 ',19,b'A',19:00.0,b'1',11.684,88.071,b'1',b'ARGOS   ',55,28.147,33.815
16,5,b'2900268 ',b'INDIAN ARGO PROJECT                                             ',b'K.RADHAKRISHNAN                                                 ',19,b'A',19:00.0,b'1',11.684,88.071,b'1',b'ARGOS   ',65,26.357,34.427
16,6,b'2900268 ',b'INDIAN ARGO PROJECT                                             ',b'K.RADHAKRISHNAN                                                 ',19,b'A',19:00.0,b'1',11.684,88.071,b'1',b'ARGOS   ',75,24.16,34.419
16,7,b'2900268 ',b'INDIAN ARGO PROJECT                                             ',b'K.RADHAKRISHNAN                                                 ',19,b'A',19:00.0,b'1',11.684,88.071,b'1',b'ARGOS   ',85,22.991,34.496
16,8,b'2900268 ',b'INDIAN ARGO PROJECT                                             ',b'K.RADHAKRISHNAN                                                 ',19,b'A',19:00.0,b'1',11.684,88.071,b'1',b'ARGOS   ',95,22.036,34.682
16,9,b'2900268 ',b'INDIAN ARGO PROJECT                                             ',b'K.RADHAKRISHNAN                                                 ',19,b'A',19:00.0,b'1',11.684,88.071,b'1',b'ARGOS   ',105,21.108,34.674
16,10,b'2900268 ',b'INDIAN ARGO PROJECT                                             ',b'K.RADHAKRISHNAN                                                 ',19,b'A',19:00.0,b'1',11.684,88.071,b'1',b'ARGOS   ',115,20.191,34.717
16,11,b'2900268 ',b'INDIAN ARGO PROJECT                                             ',b'K.RADHAKRISHNAN                                                 ',19,b'A',19:00.0,b'1',11.684,88.071,b'1',b'ARGOS   ',125,19.27,34.736
16,12,b'2900268 ',b'INDIAN ARGO PROJECT                                             ',b'K.RADHAKRISHNAN                                                 ',19,b'A',19:00.0,b'1',11.684,88.071,b'1',b'ARGOS   ',136,17.991,34.757
16,13,b'2900268 ',b'INDIAN ARGO PROJECT                                             ',b'K.RADHAKRISHNAN                                                 ',19,b'A',19:00.0,b'1',11.684,88.071,b'1',b'ARGOS   ',145,17.268,34.813
16,14,b'2900268 ',b'INDIAN ARGO PROJECT                                             ',b'K.RADHAKRISHNAN                                                 ',19,b'A',19:00.0,b'1',11.684,88.071,b'1',b'ARGOS   ',154,16.643,34.854
16,15,b'2900268 ',b'INDIAN ARGO PROJECT                                             ',b'K.RADHAKRISHNAN                                                 ',19,b'A',19:00.0,b'1',11.684,88.071,b'1',b'ARGOS   ',165,15.912,34.869
16,16,b'2900268 ',b'INDIAN ARGO PROJECT                                             ',b'K.RADHAKRISHNAN                                                 ',19,b'A',19:00.0,b'1',11.684,88.071,b'1',b'ARGOS   ',175,15.254,34.899
16,17,b'2900268 ',b'INDIAN ARGO PROJECT                                             ',b'K.RADHAKRISHNAN                                                 ',19,b'A',19:00.0,b'1',11.684,88.071,b'1',b'ARGOS   ',185,14.536,34.926
16,18,b'2900268 ',b'INDIAN ARGO PROJECT                                             ',b'K.RADHAKRISHNAN                                                 ',19,b'A',19:00.0,b'1',11.684,88.071,b'1',b'ARGOS   ',195,14.043,34.932
16,19,b'2900268 ',b'INDIAN ARGO PROJECT                                             ',b'K.RADHAKRISHNAN                                                 ',19,b'A',19:00.0,b'1',11.684,88.071,b'1',b'ARGOS   ',205,13.491,34.925
16,20,b'2900268 ',b'INDIAN ARGO PROJECT                                             ',b'K.RADHAKRISHNAN                                                 ',19,b'A',19:00.0,b'1',11.684,88.071,b'1',b'ARGOS   ',215,13.018,34.938
16,21,b'2900268 ',b'INDIAN ARGO PROJECT                                             ',b'K.RADHAKRISHNAN                                                 ',19,b'A',19:00.0,b'1',11.684,88.071,b'1',b'ARGOS   ',225,12.704,34.947
16,22,b'2900268 ',b'INDIAN ARGO PROJECT                                             ',b'K.RADHAKRISHNAN                                                 ',19,b'A',19:00.0,b'1',11.684,88.071,b'1',b'ARGOS   ',235,12.529,34.97
16,23,b'2900268 ',b'INDIAN ARGO PROJECT                                             ',b'K.RADHAKRISHNAN                                                 ',19,b'A',19:00.0,b'1',11.684,88.071,b'1',b'ARGOS   ',245,12.331,34.986
16,24,b'2900268 ',b'INDIAN ARGO PROJECT                                             ',b'K.RADHAKRISHNAN                                                 ',19,b'A',19:00.0,b'1',11.684,88.071,b'1',b'ARGOS   ',255,12.169,34.988
16,25,b'2900268 ',b'INDIAN ARGO PROJECT                                             ',b'K.RADHAKRISHNAN                                                 ',19,b'A',19:00.0,b'1',11.684,88.071,b'1',b'ARGOS   ',265,12.024,34.992
16,26,b'2900268 ',b'INDIAN ARGO PROJECT                                             ',b'K.RADHAKRISHNAN                                                 ',19,b'A',19:00.0,b'1',11.684,88.071,b'1',b'ARGOS   ',275,11.882,34.985
16,27,b'2900268 ',b'INDIAN ARGO PROJECT                                             ',b'K.RADHAKRISHNAN                                                 ',19,b'A',19:00.0,b'1',11.684,88.071,b'1',b'ARGOS   ',285,11.718,34.988
16,28,b'2900268 ',b'INDIAN ARGO PROJECT                                             ',b'K.RADHAKRISHNAN                                                 ',19,b'A',19:00.0,b'1',11.684,88.071,b'1',b'ARGOS   ',295,11.568,34.987
16,29,b'2900268 ',b'INDIAN ARGO PROJECT                                             ',b'K.RADHAKRISHNAN                                                 ',19,b'A',19:00.0,b'1',11.684,88.071,b'1',b'ARGOS   ',305,11.372,34.99
16,30,b'2900268 ',b'INDIAN ARGO PROJECT                                             ',b'K.RADHAKRISHNAN                                                 ',19,b'A',19:00.0,b'1',11.684,88.071,b'1',b'ARGOS   ',315,11.239,34.993
16,31,b'2900268 ',b'INDIAN ARGO PROJECT                                             ',b'K.RADHAKRISHNAN                                                 ',19,b'A',19:00.0,b'1',11.684,88.071,b'1',b'ARGOS   ',325,11.127,34.995
16,32,b'2900268 ',b'INDIAN ARGO PROJECT                                             ',b'K.RADHAKRISHNAN                                                 ',19,b'A',19:00.0,b'1',11.684,88.071,b'1',b'ARGOS   ',335,11.02,34.993
16,33,b'2900268 ',b'INDIAN ARGO PROJECT                                             ',b'K.RADHAKRISHNAN                                                 ',19,b'A',19:00.0,b'1',11.684,88.071,b'1',b'ARGOS   ',345,10.93,34.994
16,34,b'2900268 ',b'INDIAN ARGO PROJECT                                             ',b'K.RADHAKRISHNAN                                                 ',19,b'A',19:00.0,b'1',11.684,88.071,b'1',b'ARGOS   ',355,10.86,34.997
16,35,b'2900268 ',b'INDIAN ARGO PROJECT                                             ',b'K.RADHAKRISHNAN                                                 ',19,b'A',19:00.0,b'1',11.684,88.071,b'1',b'ARGOS   ',365,10.792,34.997
16,36,b'2900268 ',b'INDIAN ARGO PROJECT                                             ',b'K.RADHAKRISHNAN                                                 ',19,b'A',19:00.0,b'1',11.684,88.071,b'1',b'ARGOS   ',375,10.72,34.991
16,37,b'2900268 ',b'INDIAN ARGO PROJECT                                             ',b'K.RADHAKRISHNAN                                                 ',19,b'A',19:00.0,b'1',11.684,88.071,b'1',b'ARGOS   ',385,10.651,34.992
16,38,b'2900268 ',b'INDIAN ARGO PROJECT                                             ',b'K.RADHAKRISHNAN                                                 ',19,b'A',19:00.0,b'1',11.684,88.071,b'1',b'ARGOS   ',395,10.555,34.999
16,39,b'2900268 ',b'INDIAN ARGO PROJECT                                             ',b'K.RADHAKRISHNAN                                                 ',19,b'A',19:00.0,b'1',11.684,88.071,b'1',b'ARGOS   ',405,10.473,34.992
16,40,b'2900268 ',b'INDIAN ARGO PROJECT                                             ',b'K.RADHAKRISHNAN                                                 ',19,b'A',19:00.0,b'1',11.684,88.071,b'1',b'ARGOS   ',415,10.406,34.992
16,41,b'2900268 ',b'INDIAN ARGO PROJECT                                             ',b'K.RADHAKRISHNAN                                                 ',19,b'A',19:00.0,b'1',11.684,88.071,b'1',b'ARGOS   ',450,10.114,34.993
16,42,b'2900268 ',b'INDIAN ARGO PROJECT                                             ',b'K.RADHAKRISHNAN                                                 ',19,b'A',19:00.0,b'1',11.684,88.071,b'1',b'ARGOS   ',500,9.759,34.986
16,43,b'2900268 ',b'INDIAN ARGO PROJECT                                             ',b'K.RADHAKRISHNAN                                                 ',19,b'A',19:00.0,b'1',11.684,88.071,b'1',b'ARGOS   ',550,9.443,34.982
16,44,b'2900268 ',b'INDIAN ARGO PROJECT                                             ',b'K.RADHAKRISHNAN                                                 ',19,b'A',19:00.0,b'1',11.684,88.071,b'1',b'ARGOS   ',600,9.148,34.967
16,45,b'2900268 ',b'INDIAN ARGO PROJECT                                             ',b'K.RADHAKRISHNAN                                                 ',19,b'A',19:00.0,b'1',11.684,88.071,b'1',b'ARGOS   ',650,8.774,34.955
16,46,b'2900268 ',b'INDIAN ARGO PROJECT                                             ',b'K.RADHAKRISHNAN                                                 ',19,b'A',19:00.0,b'1',11.684,88.071,b'1',b'ARGOS   ',700,8.445,34.95
16,47,b'2900268 ',b'INDIAN ARGO PROJECT                                             ',b'K.RADHAKRISHNAN                                                 ',19,b'A',19:00.0,b'1',11.684,88.071,b'1',b'ARGOS   ',750,8.112,34.937
16,48,b'2900268 ',b'INDIAN ARGO PROJECT                                             ',b'K.RADHAKRISHNAN                                                 ',19,b'A',19:00.0,b'1',11.684,88.071,b'1',b'ARGOS   ',800,7.761,34.931
16,49,b'2900268 ',b'INDIAN ARGO PROJECT                                             ',b'K.RADHAKRISHNAN                                                 ',19,b'A',19:00.0,b'1',11.684,88.071,b'1',b'ARGOS   ',850,7.466,34.921
16,50,b'2900268 ',b'INDIAN ARGO PROJECT                                             ',b'K.RADHAKRISHNAN                                                 ',19,b'A',19:00.0,b'1',11.684,88.071,b'1',b'ARGOS   ',900,7.151,34.909
16,51,b'2900268 ',b'INDIAN ARGO PROJECT                                             ',b'K.RADHAKRISHNAN                                                 ',19,b'A',19:00.0,b'1',11.684,88.071,b'1',b'ARGOS   ',950,6.868,34.897
16,52,b'2900268 ',b'INDIAN ARGO PROJECT                                             ',b'K.RADHAKRISHNAN                                                 ',19,b'A',19:00.0,b'1',11.684,88.071,b'1',b'ARGOS   ',988,6.648,34.892
17,0,b'2900268 ',b'INDIAN ARGO PROJECT                                             ',b'K.RADHAKRISHNAN                                                 ',20,b'A',25:00.0,b'1',13.082,88.381,b'1',b'ARGOS   ',15,29.17,33.345
17,1,b'2900268 ',b'INDIAN ARGO PROJECT                                             ',b'K.RADHAKRISHNAN                                                 ',20,b'A',25:00.0,b'1',13.082,88.381,b'1',b'ARGOS   ',25,29.106,33.366
17,2,b'2900268 ',b'INDIAN ARGO PROJECT                                             ',b'K.RADHAKRISHNAN                                                 ',20,b'A',25:00.0,b'1',13.082,88.381,b'1',b'ARGOS   ',35,29.029,33.39
17,3,b'2900268 ',b'INDIAN ARGO PROJECT                                             ',b'K.RADHAKRISHNAN                                                 ',20,b'A',25:00.0,b'1',13.082,88.381,b'1',b'ARGOS   ',45,28.966,33.431
17,4,b'2900268 ',b'INDIAN ARGO PROJECT                                             ',b'K.RADHAKRISHNAN                                                 ',20,b'A',25:00.0,b'1',13.082,88.381,b'1',b'ARGOS   ',55,28.663,33.621
17,5,b'2900268 ',b'INDIAN ARGO PROJECT                                             ',b'K.RADHAKRISHNAN                                                 ',20,b'A',25:00.0,b'1',13.082,88.381,b'1',b'ARGOS   ',63,27.206,34.341
17,6,b'2900268 ',b'INDIAN ARGO PROJECT                                             ',b'K.RADHAKRISHNAN                                                 ',20,b'A',25:00.0,b'1',13.082,88.381,b'1',b'ARGOS   ',,,
17,7,b'2900268 ',b'INDIAN ARGO PROJECT                                             ',b'K.RADHAKRISHNAN                                                 ',20,b'A',25:00.0,b'1',13.082,88.381,b'1',b'ARGOS   ',,,
17,8,b'2900268 ',b'INDIAN ARGO PROJECT                                             ',b'K.RADHAKRISHNAN                                                 ',20,b'A',25:00.0,b'1',13.082,88.381,b'1',b'ARGOS   ',,,
17,9,b'2900268 ',b'INDIAN ARGO PROJECT                                             ',b'K.RADHAKRISHNAN                                                 ',20,b'A',25:00.0,b'1',13.082,88.381,b'1',b'ARGOS   ',,,
17,10,b'2900268 ',b'INDIAN ARGO PROJECT                                             ',b'K.RADHAKRISHNAN                                                 ',20,b'A',25:00.0,b'1',13.082,88.381,b'1',b'ARGOS   ',,,
17,11,b'2900268 ',b'INDIAN ARGO PROJECT                                             ',b'K.RADHAKRISHNAN                                                 ',20,b'A',25:00.0,b'1',13.082,88.381,b'1',b'ARGOS   ',,,
17,12,b'2900268 ',b'INDIAN ARGO PROJECT                                             ',b'K.RADHAKRISHNAN                                                 ',20,b'A',25:00.0,b'1',13.082,88.381,b'1',b'ARGOS   ',,,
17,13,b'2900268 ',b'INDIAN ARGO PROJECT                                             ',b'K.RADHAKRISHNAN                                                 ',20,b'A',25:00.0,b'1',13.082,88.381,b'1',b'ARGOS   ',,,
17,14,b'2900268 ',b'INDIAN ARGO PROJECT                                             ',b'K.RADHAKRISHNAN                                                 ',20,b'A',25:00.0,b'1',13.082,88.381,b'1',b'ARGOS   ',,,
17,15,b'2900268 ',b'INDIAN ARGO PROJECT                                             ',b'K.RADHAKRISHNAN                                                 ',20,b'A',25:00.0,b'1',13.082,88.381,b'1',b'ARGOS   ',,,
17,16,b'2900268 ',b'INDIAN ARGO PROJECT                                             ',b'K.RADHAKRISHNAN                                                 ',20,b'A',25:00.0,b'1',13.082,88.381,b'1',b'ARGOS   ',,,
17,17,b'2900268 ',b'INDIAN ARGO PROJECT                                             ',b'K.RADHAKRISHNAN                                                 ',20,b'A',25:00.0,b'1',13.082,88.381,b'1',b'ARGOS   ',,,
17,18,b'2900268 ',b'INDIAN ARGO PROJECT                                             ',b'K.RADHAKRISHNAN                                                 ',20,b'A',25:00.0,b'1',13.082,88.381,b'1',b'ARGOS   ',,,
17,19,b'2900268 ',b'INDIAN ARGO PROJECT                                             ',b'K.RADHAKRISHNAN                                                 ',20,b'A',25:00.0,b'1',13.082,88.381,b'1',b'ARGOS   ',,,
17,20,b'2900268 ',b'INDIAN ARGO PROJECT                                             ',b'K.RADHAKRISHNAN                                                 ',20,b'A',25:00.0,b'1',13.082,88.381,b'1',b'ARGOS   ',,,
17,21,b'2900268 ',b'INDIAN ARGO PROJECT                                             ',b'K.RADHAKRISHNAN                                                 ',20,b'A',25:00.0,b'1',13.082,88.381,b'1',b'ARGOS   ',,,
17,22,b'2900268 ',b'INDIAN ARGO PROJECT                                             ',b'K.RADHAKRISHNAN                                                 ',20,b'A',25:00.0,b'1',13.082,88.381,b'1',b'ARGOS   ',,,
17,23,b'2900268 ',b'INDIAN ARGO PROJECT                                             ',b'K.RADHAKRISHNAN                                                 ',20,b'A',25:00.0,b'1',13.082,88.381,b'1',b'ARGOS   ',,,
17,24,b'2900268 ',b'INDIAN ARGO PROJECT                                             ',b'K.RADHAKRISHNAN                                                 ',20,b'A',25:00.0,b'1',13.082,88.381,b'1',b'ARGOS   ',,,
17,25,b'2900268 ',b'INDIAN ARGO PROJECT                                             ',b'K.RADHAKRISHNAN                                                 ',20,b'A',25:00.0,b'1',13.082,88.381,b'1',b'ARGOS   ',,,
17,26,b'2900268 ',b'INDIAN ARGO PROJECT                                             ',b'K.RADHAKRISHNAN                                                 ',20,b'A',25:00.0,b'1',13.082,88.381,b'1',b'ARGOS   ',,,
17,27,b'2900268 ',b'INDIAN ARGO PROJECT                                             ',b'K.RADHAKRISHNAN                                                 ',20,b'A',25:00.0,b'1',13.082,88.381,b'1',b'ARGOS   ',,,
17,28,b'2900268 ',b'INDIAN ARGO PROJECT                                             ',b'K.RADHAKRISHNAN                                                 ',20,b'A',25:00.0,b'1',13.082,88.381,b'1',b'ARGOS   ',,,
17,29,b'2900268 ',b'INDIAN ARGO PROJECT                                             ',b'K.RADHAKRISHNAN                                                 ',20,b'A',25:00.0,b'1',13.082,88.381,b'1',b'ARGOS   ',,,
17,30,b'2900268 ',b'INDIAN ARGO PROJECT                                             ',b'K.RADHAKRISHNAN                                                 ',20,b'A',25:00.0,b'1',13.082,88.381,b'1',b'ARGOS   ',,,
17,31,b'2900268 ',b'INDIAN ARGO PROJECT                                             ',b'K.RADHAKRISHNAN                                                 ',20,b'A',25:00.0,b'1',13.082,88.381,b'1',b'ARGOS   ',,,
17,32,b'2900268 ',b'INDIAN ARGO PROJECT                                             ',b'K.RADHAKRISHNAN                                                 ',20,b'A',25:00.0,b'1',13.082,88.381,b'1',b'ARGOS   ',,,
17,33,b'2900268 ',b'INDIAN ARGO PROJECT                                             ',b'K.RADHAKRISHNAN                                                 ',20,b'A',25:00.0,b'1',13.082,88.381,b'1',b'ARGOS   ',,,
17,34,b'2900268 ',b'INDIAN ARGO PROJECT                                             ',b'K.RADHAKRISHNAN                                                 ',20,b'A',25:00.0,b'1',13.082,88.381,b'1',b'ARGOS   ',,,
17,35,b'2900268 ',b'INDIAN ARGO PROJECT                                             ',b'K.RADHAKRISHNAN                                                 ',20,b'A',25:00.0,b'1',13.082,88.381,b'1',b'ARGOS   ',,,
17,36,b'2900268 ',b'INDIAN ARGO PROJECT                                             ',b'K.RADHAKRISHNAN                                                 ',20,b'A',25:00.0,b'1',13.082,88.381,b'1',b'ARGOS   ',,,
17,37,b'2900268 ',b'INDIAN ARGO PROJECT                                             ',b'K.RADHAKRISHNAN                                                 ',20,b'A',25:00.0,b'1',13.082,88.381,b'1',b'ARGOS   ',,,
17,38,b'2900268 ',b'INDIAN ARGO PROJECT                                             ',b'K.RADHAKRISHNAN                                                 ',20,b'A',25:00.0,b'1',13.082,88.381,b'1',b'ARGOS   ',,,
17,39,b'2900268 ',b'INDIAN ARGO PROJECT                                             ',b'K.RADHAKRISHNAN                                                 ',20,b'A',25:00.0,b'1',13.082,88.381,b'1',b'ARGOS   ',,,
17,40,b'2900268 ',b'INDIAN ARGO PROJECT                                             ',b'K.RADHAKRISHNAN                                                 ',20,b'A',25:00.0,b'1',13.082,88.381,b'1',b'ARGOS   ',,,
17,41,b'2900268 ',b'INDIAN ARGO PROJECT                                             ',b'K.RADHAKRISHNAN                                                 ',20,b'A',25:00.0,b'1',13.082,88.381,b'1',b'ARGOS   ',,,
17,42,b'2900268 ',b'INDIAN ARGO PROJECT                                             ',b'K.RADHAKRISHNAN                                                 ',20,b'A',25:00.0,b'1',13.082,88.381,b'1',b'ARGOS   ',,,
17,43,b'2900268 ',b'INDIAN ARGO PROJECT                                             ',b'K.RADHAKRISHNAN                                                 ',20,b'A',25:00.0,b'1',13.082,88.381,b'1',b'ARGOS   ',,,
17,44,b'2900268 ',b'INDIAN ARGO PROJECT                                             ',b'K.RADHAKRISHNAN                                                 ',20,b'A',25:00.0,b'1',13.082,88.381,b'1',b'ARGOS   ',,,
17,45,b'2900268 ',b'INDIAN ARGO PROJECT                                             ',b'K.RADHAKRISHNAN                                                 ',20,b'A',25:00.0,b'1',13.082,88.381,b'1',b'ARGOS   ',,,
17,46,b'2900268 ',b'INDIAN ARGO PROJECT                                             ',b'K.RADHAKRISHNAN                                                 ',20,b'A',25:00.0,b'1',13.082,88.381,b'1',b'ARGOS   ',,,
17,47,b'2900268 ',b'INDIAN ARGO PROJECT                                             ',b'K.RADHAKRISHNAN                                                 ',20,b'A',25:00.0,b'1',13.082,88.381,b'1',b'ARGOS   ',,,
17,48,b'2900268 ',b'INDIAN ARGO PROJECT                                             ',b'K.RADHAKRISHNAN                                                 ',20,b'A',25:00.0,b'1',13.082,88.381,b'1',b'ARGOS   ',,,
17,49,b'2900268 ',b'INDIAN ARGO PROJECT                                             ',b'K.RADHAKRISHNAN                                                 ',20,b'A',25:00.0,b'1',13.082,88.381,b'1',b'ARGOS   ',,,
17,50,b'2900268 ',b'INDIAN ARGO PROJECT                                             ',b'K.RADHAKRISHNAN                                                 ',20,b'A',25:00.0,b'1',13.082,88.381,b'1',b'ARGOS   ',,,
17,51,b'2900268 ',b'INDIAN ARGO PROJECT                                             ',b'K.RADHAKRISHNAN                                                 ',20,b'A',25:00.0,b'1',13.082,88.381,b'1',b'ARGOS   ',,,
17,52,b'2900268 ',b'INDIAN ARGO PROJECT                                             ',b'K.RADHAKRISHNAN                                                 ',20,b'A',25:00.0,b'1',13.082,88.381,b'1',b'ARGOS   ',,,
18,0,b'2900268 ',b'INDIAN ARGO PROJECT                                             ',b'K.RADHAKRISHNAN                                                 ',21,b'A',13:00.0,b'1',13.614,88.74,b'1',b'ARGOS   ',15,29.195,33.389
18,1,b'2900268 ',b'INDIAN ARGO PROJECT                                             ',b'K.RADHAKRISHNAN                                                 ',21,b'A',13:00.0,b'1',13.614,88.74,b'1',b'ARGOS   ',25,29.196,33.385
18,2,b'2900268 ',b'INDIAN ARGO PROJECT                                             ',b'K.RADHAKRISHNAN                                                 ',21,b'A',13:00.0,b'1',13.614,88.74,b'1',b'ARGOS   ',35,29.195,33.397
18,3,b'2900268 ',b'INDIAN ARGO PROJECT                                             ',b'K.RADHAKRISHNAN                                                 ',21,b'A',13:00.0,b'1',13.614,88.74,b'1',b'ARGOS   ',45,29.142,33.486
18,4,b'2900268 ',b'INDIAN ARGO PROJECT                                             ',b'K.RADHAKRISHNAN                                                 ',21,b'A',13:00.0,b'1',13.614,88.74,b'1',b'ARGOS   ',55,28.624,33.676
18,5,b'2900268 ',b'INDIAN ARGO PROJECT                                             ',b'K.RADHAKRISHNAN                                                 ',21,b'A',13:00.0,b'1',13.614,88.74,b'1',b'ARGOS   ',65,27.015,34.261
18,6,b'2900268 ',b'INDIAN ARGO PROJECT                                             ',b'K.RADHAKRISHNAN                                                 ',21,b'A',13:00.0,b'1',13.614,88.74,b'1',b'ARGOS   ',75,25.584,34.87
18,7,b'2900268 ',b'INDIAN ARGO PROJECT                                             ',b'K.RADHAKRISHNAN                                                 ',21,b'A',13:00.0,b'1',13.614,88.74,b'1',b'ARGOS   ',85,24.805,35.032
18,8,b'2900268 ',b'INDIAN ARGO PROJECT                                             ',b'K.RADHAKRISHNAN                                                 ',21,b'A',13:00.0,b'1',13.614,88.74,b'1',b'ARGOS   ',95,23.488,34.899
18,9,b'2900268 ',b'INDIAN ARGO PROJECT                                             ',b'K.RADHAKRISHNAN                                                 ',21,b'A',13:00.0,b'1',13.614,88.74,b'1',b'ARGOS   ',105,21.645,34.764
18,10,b'2900268 ',b'INDIAN ARGO PROJECT                                             ',b'K.RADHAKRISHNAN                                                 ',21,b'A',13:00.0,b'1',13.614,88.74,b'1',b'ARGOS   ',115,20.565,34.767
18,11,b'2900268 ',b'INDIAN ARGO PROJECT                                             ',b'K.RADHAKRISHNAN                                                 ',21,b'A',13:00.0,b'1',13.614,88.74,b'1',b'ARGOS   ',125,19.471,34.85
18,12,b'2900268 ',b'INDIAN ARGO PROJECT                                             ',b'K.RADHAKRISHNAN                                                 ',21,b'A',13:00.0,b'1',13.614,88.74,b'1',b'ARGOS   ',135,18.668,34.844
18,13,b'2900268 ',b'INDIAN ARGO PROJECT                                             ',b'K.RADHAKRISHNAN                                                 ',21,b'A',13:00.0,b'1',13.614,88.74,b'1',b'ARGOS   ',145,18.053,34.846
18,14,b'2900268 ',b'INDIAN ARGO PROJECT                                             ',b'K.RADHAKRISHNAN                                                 ',21,b'A',13:00.0,b'1',13.614,88.74,b'1',b'ARGOS   ',155,17.584,34.857
18,15,b'2900268 ',b'INDIAN ARGO PROJECT                                             ',b'K.RADHAKRISHNAN                                                 ',21,b'A',13:00.0,b'1',13.614,88.74,b'1',b'ARGOS   ',165,16.698,34.863
18,16,b'2900268 ',b'INDIAN ARGO PROJECT                                             ',b'K.RADHAKRISHNAN                                                 ',21,b'A',13:00.0,b'1',13.614,88.74,b'1',b'ARGOS   ',175,15.876,34.879
18,17,b'2900268 ',b'INDIAN ARGO PROJECT                                             ',b'K.RADHAKRISHNAN                                                 ',21,b'A',13:00.0,b'1',13.614,88.74,b'1',b'ARGOS   ',185,15.284,34.904
18,18,b'2900268 ',b'INDIAN ARGO PROJECT                                             ',b'K.RADHAKRISHNAN                                                 ',21,b'A',13:00.0,b'1',13.614,88.74,b'1',b'ARGOS   ',195,14.652,34.918
18,19,b'2900268 ',b'INDIAN ARGO PROJECT                                             ',b'K.RADHAKRISHNAN                                                 ',21,b'A',13:00.0,b'1',13.614,88.74,b'1',b'ARGOS   ',205,14.217,34.937
18,20,b'2900268 ',b'INDIAN ARGO PROJECT                                             ',b'K.RADHAKRISHNAN                                                 ',21,b'A',13:00.0,b'1',13.614,88.74,b'1',b'ARGOS   ',215,13.771,34.956
18,21,b'2900268 ',b'INDIAN ARGO PROJECT                                             ',b'K.RADHAKRISHNAN                                                 ',21,b'A',13:00.0,b'1',13.614,88.74,b'1',b'ARGOS   ',225,13.264,34.964
18,22,b'2900268 ',b'INDIAN ARGO PROJECT                                             ',b'K.RADHAKRISHNAN                                                 ',21,b'A',13:00.0,b'1',13.614,88.74,b'1',b'ARGOS   ',235,12.954,34.96
18,23,b'2900268 ',b'INDIAN ARGO PROJECT                                             ',b'K.RADHAKRISHNAN                                                 ',21,b'A',13:00.0,b'1',13.614,88.74,b'1',b'ARGOS   ',245,12.756,34.967
18,24,b'2900268 ',b'INDIAN ARGO PROJECT                                             ',b'K.RADHAKRISHNAN                                                 ',21,b'A',13:00.0,b'1',13.614,88.74,b'1',b'ARGOS   ',255,12.607,34.966
18,25,b'2900268 ',b'INDIAN ARGO PROJECT                                             ',b'K.RADHAKRISHNAN                                                 ',21,b'A',13:00.0,b'1',13.614,88.74,b'1',b'ARGOS   ',265,12.418,34.974
18,26,b'2900268 ',b'INDIAN ARGO PROJECT                                             ',b'K.RADHAKRISHNAN                                                 ',21,b'A',13:00.0,b'1',13.614,88.74,b'1',b'ARGOS   ',275,12.213,34.986
18,27,b'2900268 ',b'INDIAN ARGO PROJECT                                             ',b'K.RADHAKRISHNAN                                                 ',21,b'A',13:00.0,b'1',13.614,88.74,b'1',b'ARGOS   ',285,12.033,34.985
18,28,b'2900268 ',b'INDIAN ARGO PROJECT                                             ',b'K.RADHAKRISHNAN                                                 ',21,b'A',13:00.0,b'1',13.614,88.74,b'1',b'ARGOS   ',295,11.861,34.986
18,29,b'2900268 ',b'INDIAN ARGO PROJECT                                             ',b'K.RADHAKRISHNAN                                                 ',21,b'A',13:00.0,b'1',13.614,88.74,b'1',b'ARGOS   ',305,11.735,34.992
18,30,b'2900268 ',b'INDIAN ARGO PROJECT                                             ',b'K.RADHAKRISHNAN                                                 ',21,b'A',13:00.0,b'1',13.614,88.74,b'1',b'ARGOS   ',315,11.591,34.996
18,31,b'2900268 ',b'INDIAN ARGO PROJECT                                             ',b'K.RADHAKRISHNAN                                                 ',21,b'A',13:00.0,b'1',13.614,88.74,b'1',b'ARGOS   ',325,11.468,34.989
18,32,b'2900268 ',b'INDIAN ARGO PROJECT                                             ',b'K.RADHAKRISHNAN                                                 ',21,b'A',13:00.0,b'1',13.614,88.74,b'1',b'ARGOS   ',335,11.346,34.992
18,33,b'2900268 ',b'INDIAN ARGO PROJECT                                             ',b'K.RADHAKRISHNAN                                                 ',21,b'A',13:00.0,b'1',13.614,88.74,b'1',b'ARGOS   ',345,11.22,34.997
18,34,b'2900268 ',b'INDIAN ARGO PROJECT                                             ',b'K.RADHAKRISHNAN                                                 ',21,b'A',13:00.0,b'1',13.614,88.74,b'1',b'ARGOS   ',355,11.114,34.994
18,35,b'2900268 ',b'INDIAN ARGO PROJECT                                             ',b'K.RADHAKRISHNAN                                                 ',21,b'A',13:00.0,b'1',13.614,88.74,b'1',b'ARGOS   ',365,10.997,34.992
18,36,b'2900268 ',b'INDIAN ARGO PROJECT                                             ',b'K.RADHAKRISHNAN                                                 ',21,b'A',13:00.0,b'1',13.614,88.74,b'1',b'ARGOS   ',375,10.845,34.992
18,37,b'2900268 ',b'INDIAN ARGO PROJECT                                             ',b'K.RADHAKRISHNAN                                                 ',21,b'A',13:00.0,b'1',13.614,88.74,b'1',b'ARGOS   ',385,10.759,34.989
18,38,b'2900268 ',b'INDIAN ARGO PROJECT                                             ',b'K.RADHAKRISHNAN                                                 ',21,b'A',13:00.0,b'1',13.614,88.74,b'1',b'ARGOS   ',395,10.683,34.987
18,39,b'2900268 ',b'INDIAN ARGO PROJECT                                             ',b'K.RADHAKRISHNAN                                                 ',21,b'A',13:00.0,b'1',13.614,88.74,b'1',b'ARGOS   ',405,10.615,34.988
18,40,b'2900268 ',b'INDIAN ARGO PROJECT                                             ',b'K.RADHAKRISHNAN                                                 ',21,b'A',13:00.0,b'1',13.614,88.74,b'1',b'ARGOS   ',415,10.542,34.992
18,41,b'2900268 ',b'INDIAN ARGO PROJECT                                             ',b'K.RADHAKRISHNAN                                                 ',21,b'A',13:00.0,b'1',13.614,88.74,b'1',b'ARGOS   ',450,10.246,34.988
18,42,b'2900268 ',b'INDIAN ARGO PROJECT                                             ',b'K.RADHAKRISHNAN                                                 ',21,b'A',13:00.0,b'1',13.614,88.74,b'1',b'ARGOS   ',500,9.894,34.989
18,43,b'2900268 ',b'INDIAN ARGO PROJECT                                             ',b'K.RADHAKRISHNAN                                                 ',21,b'A',13:00.0,b'1',13.614,88.74,b'1',b'ARGOS   ',550,9.548,34.983
18,44,b'2900268 ',b'INDIAN ARGO PROJECT                                             ',b'K.RADHAKRISHNAN                                                 ',21,b'A',13:00.0,b'1',13.614,88.74,b'1',b'ARGOS   ',600,9.213,34.976
18,45,b'2900268 ',b'INDIAN ARGO PROJECT                                             ',b'K.RADHAKRISHNAN                                                 ',21,b'A',13:00.0,b'1',13.614,88.74,b'1',b'ARGOS   ',651,8.857,34.967
18,46,b'2900268 ',b'INDIAN ARGO PROJECT                                             ',b'K.RADHAKRISHNAN                                                 ',21,b'A',13:00.0,b'1',13.614,88.74,b'1',b'ARGOS   ',700,8.589,34.956
18,47,b'2900268 ',b'INDIAN ARGO PROJECT                                             ',b'K.RADHAKRISHNAN                                                 ',21,b'A',13:00.0,b'1',13.614,88.74,b'1',b'ARGOS   ',750,8.301,34.952
18,48,b'2900268 ',b'INDIAN ARGO PROJECT                                             ',b'K.RADHAKRISHNAN                                                 ',21,b'A',13:00.0,b'1',13.614,88.74,b'1',b'ARGOS   ',800,8.052,34.942
18,49,b'2900268 ',b'INDIAN ARGO PROJECT                                             ',b'K.RADHAKRISHNAN                                                 ',21,b'A',13:00.0,b'1',13.614,88.74,b'1',b'ARGOS   ',850,7.785,34.927
18,50,b'2900268 ',b'INDIAN ARGO PROJECT                                             ',b'K.RADHAKRISHNAN                                                 ',21,b'A',13:00.0,b'1',13.614,88.74,b'1',b'ARGOS   ',900,7.507,34.922
18,51,b'2900268 ',b'INDIAN ARGO PROJECT                                             ',b'K.RADHAKRISHNAN                                                 ',21,b'A',13:00.0,b'1',13.614,88.74,b'1',b'ARGOS   ',950,7.202,34.911
18,52,b'2900268 ',b'INDIAN ARGO PROJECT                                             ',b'K.RADHAKRISHNAN                                                 ',21,b'A',13:00.0,b'1',13.614,88.74,b'1',b'ARGOS   ',982,7.035,34.9
19,0,b'2900268 ',b'INDIAN ARGO PROJECT                                             ',b'K.RADHAKRISHNAN                                                 ',22,b'A',07:00.0,b'1',13.706,89.157,b'1',b'ARGOS   ',15,29.122,33.324
19,1,b'2900268 ',b'INDIAN ARGO PROJECT                                             ',b'K.RADHAKRISHNAN                                                 ',22,b'A',07:00.0,b'1',13.706,89.157,b'1',b'ARGOS   ',25,29.119,33.323
19,2,b'2900268 ',b'INDIAN ARGO PROJECT                                             ',b'K.RADHAKRISHNAN                                                 ',22,b'A',07:00.0,b'1',13.706,89.157,b'1',b'ARGOS   ',35,29.118,33.328
19,3,b'2900268 ',b'INDIAN ARGO PROJECT                                             ',b'K.RADHAKRISHNAN                                                 ',22,b'A',07:00.0,b'1',13.706,89.157,b'1',b'ARGOS   ',45,29.122,33.329
19,4,b'2900268 ',b'INDIAN ARGO PROJECT                                             ',b'K.RADHAKRISHNAN                                                 ',22,b'A',07:00.0,b'1',13.706,89.157,b'1',b'ARGOS   ',55,29.069,33.691
19,5,b'2900268 ',b'INDIAN ARGO PROJECT                                             ',b'K.RADHAKRISHNAN                                                 ',22,b'A',07:00.0,b'1',13.706,89.157,b'1',b'ARGOS   ',65,28.419,34.013
19,6,b'2900268 ',b'INDIAN ARGO PROJECT                                             ',b'K.RADHAKRISHNAN                                                 ',22,b'A',07:00.0,b'1',13.706,89.157,b'1',b'ARGOS   ',76,26.749,34.454
19,7,b'2900268 ',b'INDIAN ARGO PROJECT                                             ',b'K.RADHAKRISHNAN                                                 ',22,b'A',07:00.0,b'1',13.706,89.157,b'1',b'ARGOS   ',85,25.133,34.756
19,8,b'2900268 ',b'INDIAN ARGO PROJECT                                             ',b'K.RADHAKRISHNAN                                                 ',22,b'A',07:00.0,b'1',13.706,89.157,b'1',b'ARGOS   ',95,23.356,34.75
19,9,b'2900268 ',b'INDIAN ARGO PROJECT                                             ',b'K.RADHAKRISHNAN                                                 ',22,b'A',07:00.0,b'1',13.706,89.157,b'1',b'ARGOS   ',106,22.513,34.782
19,10,b'2900268 ',b'INDIAN ARGO PROJECT                                             ',b'K.RADHAKRISHNAN                                                 ',22,b'A',07:00.0,b'1',13.706,89.157,b'1',b'ARGOS   ',115,21.276,34.765
19,11,b'2900268 ',b'INDIAN ARGO PROJECT                                             ',b'K.RADHAKRISHNAN                                                 ',22,b'A',07:00.0,b'1',13.706,89.157,b'1',b'ARGOS   ',125,19.503,34.79
19,12,b'2900268 ',b'INDIAN ARGO PROJECT                                             ',b'K.RADHAKRISHNAN                                                 ',22,b'A',07:00.0,b'1',13.706,89.157,b'1',b'ARGOS   ',135,18.356,34.855
19,13,b'2900268 ',b'INDIAN ARGO PROJECT                                             ',b'K.RADHAKRISHNAN                                                 ',22,b'A',07:00.0,b'1',13.706,89.157,b'1',b'ARGOS   ',145,17.635,34.852
19,14,b'2900268 ',b'INDIAN ARGO PROJECT                                             ',b'K.RADHAKRISHNAN                                                 ',22,b'A',07:00.0,b'1',13.706,89.157,b'1',b'ARGOS   ',155,16.937,34.861
19,15,b'2900268 ',b'INDIAN ARGO PROJECT                                             ',b'K.RADHAKRISHNAN                                                 ',22,b'A',07:00.0,b'1',13.706,89.157,b'1',b'ARGOS   ',165,15.849,34.88
19,16,b'2900268 ',b'INDIAN ARGO PROJECT                                             ',b'K.RADHAKRISHNAN                                                 ',22,b'A',07:00.0,b'1',13.706,89.157,b'1',b'ARGOS   ',175,15.327,34.906
19,17,b'2900268 ',b'INDIAN ARGO PROJECT                                             ',b'K.RADHAKRISHNAN                                                 ',22,b'A',07:00.0,b'1',13.706,89.157,b'1',b'ARGOS   ',185,14.975,34.907
19,18,b'2900268 ',b'INDIAN ARGO PROJECT                                             ',b'K.RADHAKRISHNAN                                                 ',22,b'A',07:00.0,b'1',13.706,89.157,b'1',b'ARGOS   ',195,14.433,34.922
19,19,b'2900268 ',b'INDIAN ARGO PROJECT                                             ',b'K.RADHAKRISHNAN                                                 ',22,b'A',07:00.0,b'1',13.706,89.157,b'1',b'ARGOS   ',205,13.837,34.947
19,20,b'2900268 ',b'INDIAN ARGO PROJECT                                             ',b'K.RADHAKRISHNAN                                                 ',22,b'A',07:00.0,b'1',13.706,89.157,b'1',b'ARGOS   ',215,13.377,34.959
19,21,b'2900268 ',b'INDIAN ARGO PROJECT                                             ',b'K.RADHAKRISHNAN                                                 ',22,b'A',07:00.0,b'1',13.706,89.157,b'1',b'ARGOS   ',225,13.035,34.956
19,22,b'2900268 ',b'INDIAN ARGO PROJECT                                             ',b'K.RADHAKRISHNAN                                                 ',22,b'A',07:00.0,b'1',13.706,89.157,b'1',b'ARGOS   ',235,12.773,34.965
19,23,b'2900268 ',b'INDIAN ARGO PROJECT                                             ',b'K.RADHAKRISHNAN                                                 ',22,b'A',07:00.0,b'1',13.706,89.157,b'1',b'ARGOS   ',245,12.53,34.975
19,24,b'2900268 ',b'INDIAN ARGO PROJECT                                             ',b'K.RADHAKRISHNAN                                                 ',22,b'A',07:00.0,b'1',13.706,89.157,b'1',b'ARGOS   ',255,12.287,34.974
19,25,b'2900268 ',b'INDIAN ARGO PROJECT                                             ',b'K.RADHAKRISHNAN                                                 ',22,b'A',07:00.0,b'1',13.706,89.157,b'1',b'ARGOS   ',265,12.113,34.977
19,26,b'2900268 ',b'INDIAN ARGO PROJECT                                             ',b'K.RADHAKRISHNAN                                                 ',22,b'A',07:00.0,b'1',13.706,89.157,b'1',b'ARGOS   ',275,11.968,34.982
19,27,b'2900268 ',b'INDIAN ARGO PROJECT                                             ',b'K.RADHAKRISHNAN                                                 ',22,b'A',07:00.0,b'1',13.706,89.157,b'1',b'ARGOS   ',285,11.852,34.989
19,28,b'2900268 ',b'INDIAN ARGO PROJECT                                             ',b'K.RADHAKRISHNAN                                                 ',22,b'A',07:00.0,b'1',13.706,89.157,b'1',b'ARGOS   ',295,11.738,34.984
19,29,b'2900268 ',b'INDIAN ARGO PROJECT                                             ',b'K.RADHAKRISHNAN                                                 ',22,b'A',07:00.0,b'1',13.706,89.157,b'1',b'ARGOS   ',305,11.622,34.991
19,30,b'2900268 ',b'INDIAN ARGO PROJECT                                             ',b'K.RADHAKRISHNAN                                                 ',22,b'A',07:00.0,b'1',13.706,89.157,b'1',b'ARGOS   ',315,11.515,34.989
19,31,b'2900268 ',b'INDIAN ARGO PROJECT                                             ',b'K.RADHAKRISHNAN                                                 ',22,b'A',07:00.0,b'1',13.706,89.157,b'1',b'ARGOS   ',325,11.397,34.997
19,32,b'2900268 ',b'INDIAN ARGO PROJECT                                             ',b'K.RADHAKRISHNAN                                                 ',22,b'A',07:00.0,b'1',13.706,89.157,b'1',b'ARGOS   ',335,11.324,34.993
19,33,b'2900268 ',b'INDIAN ARGO PROJECT                                             ',b'K.RADHAKRISHNAN                                                 ',22,b'A',07:00.0,b'1',13.706,89.157,b'1',b'ARGOS   ',345,11.258,34.991
19,34,b'2900268 ',b'INDIAN ARGO PROJECT                                             ',b'K.RADHAKRISHNAN                                                 ',22,b'A',07:00.0,b'1',13.706,89.157,b'1',b'ARGOS   ',355,11.183,34.988
19,35,b'2900268 ',b'INDIAN ARGO PROJECT                                             ',b'K.RADHAKRISHNAN                                                 ',22,b'A',07:00.0,b'1',13.706,89.157,b'1',b'ARGOS   ',365,11.094,34.989
19,36,b'2900268 ',b'INDIAN ARGO PROJECT                                             ',b'K.RADHAKRISHNAN                                                 ',22,b'A',07:00.0,b'1',13.706,89.157,b'1',b'ARGOS   ',375,10.977,34.996
19,37,b'2900268 ',b'INDIAN ARGO PROJECT                                             ',b'K.RADHAKRISHNAN                                                 ',22,b'A',07:00.0,b'1',13.706,89.157,b'1',b'ARGOS   ',385,10.902,34.993
19,38,b'2900268 ',b'INDIAN ARGO PROJECT                                             ',b'K.RADHAKRISHNAN                                                 ',22,b'A',07:00.0,b'1',13.706,89.157,b'1',b'ARGOS   ',395,10.828,34.989
19,39,b'2900268 ',b'INDIAN ARGO PROJECT                                             ',b'K.RADHAKRISHNAN                                                 ',22,b'A',07:00.0,b'1',13.706,89.157,b'1',b'ARGOS   ',405,10.729,34.989
19,40,b'2900268 ',b'INDIAN ARGO PROJECT                                             ',b'K.RADHAKRISHNAN                                                 ',22,b'A',07:00.0,b'1',13.706,89.157,b'1',b'ARGOS   ',415,10.647,34.993
19,41,b'2900268 ',b'INDIAN ARGO PROJECT                                             ',b'K.RADHAKRISHNAN                                                 ',22,b'A',07:00.0,b'1',13.706,89.157,b'1',b'ARGOS   ',452,10.37,34.989
19,42,b'2900268 ',b'INDIAN ARGO PROJECT                                             ',b'K.RADHAKRISHNAN                                                 ',22,b'A',07:00.0,b'1',13.706,89.157,b'1',b'ARGOS   ',500,10.016,34.983
19,43,b'2900268 ',b'INDIAN ARGO PROJECT                                             ',b'K.RADHAKRISHNAN                                                 ',22,b'A',07:00.0,b'1',13.706,89.157,b'1',b'ARGOS   ',550,9.645,34.982
19,44,b'2900268 ',b'INDIAN ARGO PROJECT                                             ',b'K.RADHAKRISHNAN                                                 ',22,b'A',07:00.0,b'1',13.706,89.157,b'1',b'ARGOS   ',600,9.341,34.976
19,45,b'2900268 ',b'INDIAN ARGO PROJECT                                             ',b'K.RADHAKRISHNAN                                                 ',22,b'A',07:00.0,b'1',13.706,89.157,b'1',b'ARGOS   ',650,9.055,34.972
19,46,b'2900268 ',b'INDIAN ARGO PROJECT                                             ',b'K.RADHAKRISHNAN                                                 ',22,b'A',07:00.0,b'1',13.706,89.157,b'1',b'ARGOS   ',700,8.722,34.962
19,47,b'2900268 ',b'INDIAN ARGO PROJECT                                             ',b'K.RADHAKRISHNAN                                                 ',22,b'A',07:00.0,b'1',13.706,89.157,b'1',b'ARGOS   ',752,8.345,34.951
19,48,b'2900268 ',b'INDIAN ARGO PROJECT                                             ',b'K.RADHAKRISHNAN                                                 ',22,b'A',07:00.0,b'1',13.706,89.157,b'1',b'ARGOS   ',799,8.061,34.944
19,49,b'2900268 ',b'INDIAN ARGO PROJECT                                             ',b'K.RADHAKRISHNAN                                                 ',22,b'A',07:00.0,b'1',13.706,89.157,b'1',b'ARGOS   ',849,7.759,34.932
19,50,b'2900268 ',b'INDIAN ARGO PROJECT                                             ',b'K.RADHAKRISHNAN                                                 ',22,b'A',07:00.0,b'1',13.706,89.157,b'1',b'ARGOS   ',900,7.474,34.923
19,51,b'2900268 ',b'INDIAN ARGO PROJECT                                             ',b'K.RADHAKRISHNAN                                                 ',22,b'A',07:00.0,b'1',13.706,89.157,b'1',b'ARGOS   ',950,7.161,34.909
19,52,b'2900268 ',b'INDIAN ARGO PROJECT                                             ',b'K.RADHAKRISHNAN                                                 ',22,b'A',07:00.0,b'1',13.706,89.157,b'1',b'ARGOS   ',981,6.964,34.906
20,0,b'2900268 ',b'INDIAN ARGO PROJECT                                             ',b'K.RADHAKRISHNAN                                                 ',23,b'A',13:00.0,b'1',13.562,89.454,b'1',b'ARGOS   ',15,29.324,33.218
20,1,b'2900268 ',b'INDIAN ARGO PROJECT                                             ',b'K.RADHAKRISHNAN                                                 ',23,b'A',13:00.0,b'1',13.562,89.454,b'1',b'ARGOS   ',24,29.247,33.235
20,2,b'2900268 ',b'INDIAN ARGO PROJECT                                             ',b'K.RADHAKRISHNAN                                                 ',23,b'A',13:00.0,b'1',13.562,89.454,b'1',b'ARGOS   ',35,29.131,33.326
20,3,b'2900268 ',b'INDIAN ARGO PROJECT                                             ',b'K.RADHAKRISHNAN                                                 ',23,b'A',13:00.0,b'1',13.562,89.454,b'1',b'ARGOS   ',46,28.898,33.437
20,4,b'2900268 ',b'INDIAN ARGO PROJECT                                             ',b'K.RADHAKRISHNAN                                                 ',23,b'A',13:00.0,b'1',13.562,89.454,b'1',b'ARGOS   ',55,28.376,33.541
20,5,b'2900268 ',b'INDIAN ARGO PROJECT                                             ',b'K.RADHAKRISHNAN                                                 ',23,b'A',13:00.0,b'1',13.562,89.454,b'1',b'ARGOS   ',65,27.137,34.072
20,6,b'2900268 ',b'INDIAN ARGO PROJECT                                             ',b'K.RADHAKRISHNAN                                                 ',23,b'A',13:00.0,b'1',13.562,89.454,b'1',b'ARGOS   ',75,25.96,34.65
20,7,b'2900268 ',b'INDIAN ARGO PROJECT                                             ',b'K.RADHAKRISHNAN                                                 ',23,b'A',13:00.0,b'1',13.562,89.454,b'1',b'ARGOS   ',85,24.916,34.864
20,8,b'2900268 ',b'INDIAN ARGO PROJECT                                             ',b'K.RADHAKRISHNAN                                                 ',23,b'A',13:00.0,b'1',13.562,89.454,b'1',b'ARGOS   ',95,23.852,34.871
20,9,b'2900268 ',b'INDIAN ARGO PROJECT                                             ',b'K.RADHAKRISHNAN                                                 ',23,b'A',13:00.0,b'1',13.562,89.454,b'1',b'ARGOS   ',105,22.897,34.864
20,10,b'2900268 ',b'INDIAN ARGO PROJECT                                             ',b'K.RADHAKRISHNAN                                                 ',23,b'A',13:00.0,b'1',13.562,89.454,b'1',b'ARGOS   ',115,21.672,34.85
20,11,b'2900268 ',b'INDIAN ARGO PROJECT                                             ',b'K.RADHAKRISHNAN                                                 ',23,b'A',13:00.0,b'1',13.562,89.454,b'1',b'ARGOS   ',125,20.816,34.84
20,12,b'2900268 ',b'INDIAN ARGO PROJECT                                             ',b'K.RADHAKRISHNAN                                                 ',23,b'A',13:00.0,b'1',13.562,89.454,b'1',b'ARGOS   ',135,19.811,34.835
20,13,b'2900268 ',b'INDIAN ARGO PROJECT                                             ',b'K.RADHAKRISHNAN                                                 ',23,b'A',13:00.0,b'1',13.562,89.454,b'1',b'ARGOS   ',145,18.566,34.826
20,14,b'2900268 ',b'INDIAN ARGO PROJECT                                             ',b'K.RADHAKRISHNAN                                                 ',23,b'A',13:00.0,b'1',13.562,89.454,b'1',b'ARGOS   ',155,17.439,34.792
20,15,b'2900268 ',b'INDIAN ARGO PROJECT                                             ',b'K.RADHAKRISHNAN                                                 ',23,b'A',13:00.0,b'1',13.562,89.454,b'1',b'ARGOS   ',165,16.735,34.848
20,16,b'2900268 ',b'INDIAN ARGO PROJECT                                             ',b'K.RADHAKRISHNAN                                                 ',23,b'A',13:00.0,b'1',13.562,89.454,b'1',b'ARGOS   ',175,15.879,34.867
20,17,b'2900268 ',b'INDIAN ARGO PROJECT                                             ',b'K.RADHAKRISHNAN                                                 ',23,b'A',13:00.0,b'1',13.562,89.454,b'1',b'ARGOS   ',185,15.302,34.898
20,18,b'2900268 ',b'INDIAN ARGO PROJECT                                             ',b'K.RADHAKRISHNAN                                                 ',23,b'A',13:00.0,b'1',13.562,89.454,b'1',b'ARGOS   ',195,14.538,34.92
20,19,b'2900268 ',b'INDIAN ARGO PROJECT                                             ',b'K.RADHAKRISHNAN                                                 ',23,b'A',13:00.0,b'1',13.562,89.454,b'1',b'ARGOS   ',205,14.02,34.93
20,20,b'2900268 ',b'INDIAN ARGO PROJECT                                             ',b'K.RADHAKRISHNAN                                                 ',23,b'A',13:00.0,b'1',13.562,89.454,b'1',b'ARGOS   ',215,13.605,34.939
20,21,b'2900268 ',b'INDIAN ARGO PROJECT                                             ',b'K.RADHAKRISHNAN                                                 ',23,b'A',13:00.0,b'1',13.562,89.454,b'1',b'ARGOS   ',225,13.22,34.948
20,22,b'2900268 ',b'INDIAN ARGO PROJECT                                             ',b'K.RADHAKRISHNAN                                                 ',23,b'A',13:00.0,b'1',13.562,89.454,b'1',b'ARGOS   ',235,12.949,34.965
20,23,b'2900268 ',b'INDIAN ARGO PROJECT                                             ',b'K.RADHAKRISHNAN                                                 ',23,b'A',13:00.0,b'1',13.562,89.454,b'1',b'ARGOS   ',245,12.718,34.973
20,24,b'2900268 ',b'INDIAN ARGO PROJECT                                             ',b'K.RADHAKRISHNAN                                                 ',23,b'A',13:00.0,b'1',13.562,89.454,b'1',b'ARGOS   ',255,12.5,34.969
20,25,b'2900268 ',b'INDIAN ARGO PROJECT                                             ',b'K.RADHAKRISHNAN                                                 ',23,b'A',13:00.0,b'1',13.562,89.454,b'1',b'ARGOS   ',265,12.372,34.968
20,26,b'2900268 ',b'INDIAN ARGO PROJECT                                             ',b'K.RADHAKRISHNAN                                                 ',23,b'A',13:00.0,b'1',13.562,89.454,b'1',b'ARGOS   ',275,12.248,34.973
20,27,b'2900268 ',b'INDIAN ARGO PROJECT                                             ',b'K.RADHAKRISHNAN                                                 ',23,b'A',13:00.0,b'1',13.562,89.454,b'1',b'ARGOS   ',285,12.117,34.975
20,28,b'2900268 ',b'INDIAN ARGO PROJECT                                             ',b'K.RADHAKRISHNAN                                                 ',23,b'A',13:00.0,b'1',13.562,89.454,b'1',b'ARGOS   ',295,11.942,34.988
20,29,b'2900268 ',b'INDIAN ARGO PROJECT                                             ',b'K.RADHAKRISHNAN                                                 ',23,b'A',13:00.0,b'1',13.562,89.454,b'1',b'ARGOS   ',305,11.781,34.988
20,30,b'2900268 ',b'INDIAN ARGO PROJECT                                             ',b'K.RADHAKRISHNAN                                                 ',23,b'A',13:00.0,b'1',13.562,89.454,b'1',b'ARGOS   ',315,11.661,34.989
20,31,b'2900268 ',b'INDIAN ARGO PROJECT                                             ',b'K.RADHAKRISHNAN                                                 ',23,b'A',13:00.0,b'1',13.562,89.454,b'1',b'ARGOS   ',325,11.587,34.985
20,32,b'2900268 ',b'INDIAN ARGO PROJECT                                             ',b'K.RADHAKRISHNAN                                                 ',23,b'A',13:00.0,b'1',13.562,89.454,b'1',b'ARGOS   ',335,11.497,34.987
20,33,b'2900268 ',b'INDIAN ARGO PROJECT                                             ',b'K.RADHAKRISHNAN                                                 ',23,b'A',13:00.0,b'1',13.562,89.454,b'1',b'ARGOS   ',346,11.399,34.986
20,34,b'2900268 ',b'INDIAN ARGO PROJECT                                             ',b'K.RADHAKRISHNAN                                                 ',23,b'A',13:00.0,b'1',13.562,89.454,b'1',b'ARGOS   ',356,11.286,34.99
20,35,b'2900268 ',b'INDIAN ARGO PROJECT                                             ',b'K.RADHAKRISHNAN                                                 ',23,b'A',13:00.0,b'1',13.562,89.454,b'1',b'ARGOS   ',365,11.16,34.986
20,36,b'2900268 ',b'INDIAN ARGO PROJECT                                             ',b'K.RADHAKRISHNAN                                                 ',23,b'A',13:00.0,b'1',13.562,89.454,b'1',b'ARGOS   ',374,11.062,34.996
20,37,b'2900268 ',b'INDIAN ARGO PROJECT                                             ',b'K.RADHAKRISHNAN                                                 ',23,b'A',13:00.0,b'1',13.562,89.454,b'1',b'ARGOS   ',385,10.968,34.99
20,38,b'2900268 ',b'INDIAN ARGO PROJECT                                             ',b'K.RADHAKRISHNAN                                                 ',23,b'A',13:00.0,b'1',13.562,89.454,b'1',b'ARGOS   ',395,10.896,34.995
20,39,b'2900268 ',b'INDIAN ARGO PROJECT                                             ',b'K.RADHAKRISHNAN                                                 ',23,b'A',13:00.0,b'1',13.562,89.454,b'1',b'ARGOS   ',405,10.797,34.994
20,40,b'2900268 ',b'INDIAN ARGO PROJECT                                             ',b'K.RADHAKRISHNAN                                                 ',23,b'A',13:00.0,b'1',13.562,89.454,b'1',b'ARGOS   ',415,10.696,34.986
20,41,b'2900268 ',b'INDIAN ARGO PROJECT                                             ',b'K.RADHAKRISHNAN                                                 ',23,b'A',13:00.0,b'1',13.562,89.454,b'1',b'ARGOS   ',451,10.432,34.991
20,42,b'2900268 ',b'INDIAN ARGO PROJECT                                             ',b'K.RADHAKRISHNAN                                                 ',23,b'A',13:00.0,b'1',13.562,89.454,b'1',b'ARGOS   ',500,10.068,34.984
20,43,b'2900268 ',b'INDIAN ARGO PROJECT                                             ',b'K.RADHAKRISHNAN                                                 ',23,b'A',13:00.0,b'1',13.562,89.454,b'1',b'ARGOS   ',550,9.659,34.979
20,44,b'2900268 ',b'INDIAN ARGO PROJECT                                             ',b'K.RADHAKRISHNAN                                                 ',23,b'A',13:00.0,b'1',13.562,89.454,b'1',b'ARGOS   ',600,9.362,34.976
20,45,b'2900268 ',b'INDIAN ARGO PROJECT                                             ',b'K.RADHAKRISHNAN                                                 ',23,b'A',13:00.0,b'1',13.562,89.454,b'1',b'ARGOS   ',650,9.002,34.962
20,46,b'2900268 ',b'INDIAN ARGO PROJECT                                             ',b'K.RADHAKRISHNAN                                                 ',23,b'A',13:00.0,b'1',13.562,89.454,b'1',b'ARGOS   ',700,8.669,34.951
20,47,b'2900268 ',b'INDIAN ARGO PROJECT                                             ',b'K.RADHAKRISHNAN                                                 ',23,b'A',13:00.0,b'1',13.562,89.454,b'1',b'ARGOS   ',750,8.341,34.945
20,48,b'2900268 ',b'INDIAN ARGO PROJECT                                             ',b'K.RADHAKRISHNAN                                                 ',23,b'A',13:00.0,b'1',13.562,89.454,b'1',b'ARGOS   ',801,8.027,34.934
20,49,b'2900268 ',b'INDIAN ARGO PROJECT                                             ',b'K.RADHAKRISHNAN                                                 ',23,b'A',13:00.0,b'1',13.562,89.454,b'1',b'ARGOS   ',850,7.744,34.925
20,50,b'2900268 ',b'INDIAN ARGO PROJECT                                             ',b'K.RADHAKRISHNAN                                                 ',23,b'A',13:00.0,b'1',13.562,89.454,b'1',b'ARGOS   ',900,7.453,34.911
20,51,b'2900268 ',b'INDIAN ARGO PROJECT                                             ',b'K.RADHAKRISHNAN                                                 ',23,b'A',13:00.0,b'1',13.562,89.454,b'1',b'ARGOS   ',950,7.142,34.906
20,52,b'2900268 ',b'INDIAN ARGO PROJECT                                             ',b'K.RADHAKRISHNAN                                                 ',23,b'A',13:00.0,b'1',13.562,89.454,b'1',b'ARGOS   ',985,6.928,34.897
21,0,b'2900268 ',b'INDIAN ARGO PROJECT                                             ',b'K.RADHAKRISHNAN                                                 ',24,b'A',13:00.0,b'1',13.353,89.825,b'1',b'ARGOS   ',15,29.328,33.174
21,1,b'2900268 ',b'INDIAN ARGO PROJECT                                             ',b'K.RADHAKRISHNAN                                                 ',24,b'A',13:00.0,b'1',13.353,89.825,b'1',b'ARGOS   ',25,29.347,33.274
21,2,b'2900268 ',b'INDIAN ARGO PROJECT                                             ',b'K.RADHAKRISHNAN                                                 ',24,b'A',13:00.0,b'1',13.353,89.825,b'1',b'ARGOS   ',35,29.306,33.279
21,3,b'2900268 ',b'INDIAN ARGO PROJECT                                             ',b'K.RADHAKRISHNAN                                                 ',24,b'A',13:00.0,b'1',13.353,89.825,b'1',b'ARGOS   ',45,29.124,33.382
21,4,b'2900268 ',b'INDIAN ARGO PROJECT                                             ',b'K.RADHAKRISHNAN                                                 ',24,b'A',13:00.0,b'1',13.353,89.825,b'1',b'ARGOS   ',54,28.799,33.766
21,5,b'2900268 ',b'INDIAN ARGO PROJECT                                             ',b'K.RADHAKRISHNAN                                                 ',24,b'A',13:00.0,b'1',13.353,89.825,b'1',b'ARGOS   ',65,26.995,34.318
21,6,b'2900268 ',b'INDIAN ARGO PROJECT                                             ',b'K.RADHAKRISHNAN                                                 ',24,b'A',13:00.0,b'1',13.353,89.825,b'1',b'ARGOS   ',75,25.8,34.523
21,7,b'2900268 ',b'INDIAN ARGO PROJECT                                             ',b'K.RADHAKRISHNAN                                                 ',24,b'A',13:00.0,b'1',13.353,89.825,b'1',b'ARGOS   ',85,24.601,34.645
21,8,b'2900268 ',b'INDIAN ARGO PROJECT                                             ',b'K.RADHAKRISHNAN                                                 ',24,b'A',13:00.0,b'1',13.353,89.825,b'1',b'ARGOS   ',95,23.586,34.722
21,9,b'2900268 ',b'INDIAN ARGO PROJECT                                             ',b'K.RADHAKRISHNAN                                                 ',24,b'A',13:00.0,b'1',13.353,89.825,b'1',b'ARGOS   ',105,22.575,34.787
21,10,b'2900268 ',b'INDIAN ARGO PROJECT                                             ',b'K.RADHAKRISHNAN                                                 ',24,b'A',13:00.0,b'1',13.353,89.825,b'1',b'ARGOS   ',115,21.168,34.837
21,11,b'2900268 ',b'INDIAN ARGO PROJECT                                             ',b'K.RADHAKRISHNAN                                                 ',24,b'A',13:00.0,b'1',13.353,89.825,b'1',b'ARGOS   ',125,20.092,34.795
21,12,b'2900268 ',b'INDIAN ARGO PROJECT                                             ',b'K.RADHAKRISHNAN                                                 ',24,b'A',13:00.0,b'1',13.353,89.825,b'1',b'ARGOS   ',135,19.129,34.833
21,13,b'2900268 ',b'INDIAN ARGO PROJECT                                             ',b'K.RADHAKRISHNAN                                                 ',24,b'A',13:00.0,b'1',13.353,89.825,b'1',b'ARGOS   ',146,17.841,34.847
21,14,b'2900268 ',b'INDIAN ARGO PROJECT                                             ',b'K.RADHAKRISHNAN                                                 ',24,b'A',13:00.0,b'1',13.353,89.825,b'1',b'ARGOS   ',155,16.894,34.854
21,15,b'2900268 ',b'INDIAN ARGO PROJECT                                             ',b'K.RADHAKRISHNAN                                                 ',24,b'A',13:00.0,b'1',13.353,89.825,b'1',b'ARGOS   ',165,16.04,34.872
21,16,b'2900268 ',b'INDIAN ARGO PROJECT                                             ',b'K.RADHAKRISHNAN                                                 ',24,b'A',13:00.0,b'1',13.353,89.825,b'1',b'ARGOS   ',175,15.27,34.912
21,17,b'2900268 ',b'INDIAN ARGO PROJECT                                             ',b'K.RADHAKRISHNAN                                                 ',24,b'A',13:00.0,b'1',13.353,89.825,b'1',b'ARGOS   ',185,14.68,34.906
21,18,b'2900268 ',b'INDIAN ARGO PROJECT                                             ',b'K.RADHAKRISHNAN                                                 ',24,b'A',13:00.0,b'1',13.353,89.825,b'1',b'ARGOS   ',195,14.218,34.922
21,19,b'2900268 ',b'INDIAN ARGO PROJECT                                             ',b'K.RADHAKRISHNAN                                                 ',24,b'A',13:00.0,b'1',13.353,89.825,b'1',b'ARGOS   ',205,13.73,34.942
21,20,b'2900268 ',b'INDIAN ARGO PROJECT                                             ',b'K.RADHAKRISHNAN                                                 ',24,b'A',13:00.0,b'1',13.353,89.825,b'1',b'ARGOS   ',215,13.289,34.955
21,21,b'2900268 ',b'INDIAN ARGO PROJECT                                             ',b'K.RADHAKRISHNAN                                                 ',24,b'A',13:00.0,b'1',13.353,89.825,b'1',b'ARGOS   ',225,12.963,34.946
21,22,b'2900268 ',b'INDIAN ARGO PROJECT                                             ',b'K.RADHAKRISHNAN                                                 ',24,b'A',13:00.0,b'1',13.353,89.825,b'1',b'ARGOS   ',235,12.795,34.964
21,23,b'2900268 ',b'INDIAN ARGO PROJECT                                             ',b'K.RADHAKRISHNAN                                                 ',24,b'A',13:00.0,b'1',13.353,89.825,b'1',b'ARGOS   ',245,12.618,34.97
21,24,b'2900268 ',b'INDIAN ARGO PROJECT                                             ',b'K.RADHAKRISHNAN                                                 ',24,b'A',13:00.0,b'1',13.353,89.825,b'1',b'ARGOS   ',255,12.314,34.969
21,25,b'2900268 ',b'INDIAN ARGO PROJECT                                             ',b'K.RADHAKRISHNAN                                                 ',24,b'A',13:00.0,b'1',13.353,89.825,b'1',b'ARGOS   ',265,12.165,34.968
21,26,b'2900268 ',b'INDIAN ARGO PROJECT                                             ',b'K.RADHAKRISHNAN                                                 ',24,b'A',13:00.0,b'1',13.353,89.825,b'1',b'ARGOS   ',275,12.035,34.978
21,27,b'2900268 ',b'INDIAN ARGO PROJECT                                             ',b'K.RADHAKRISHNAN                                                 ',24,b'A',13:00.0,b'1',13.353,89.825,b'1',b'ARGOS   ',285,11.959,34.976
21,28,b'2900268 ',b'INDIAN ARGO PROJECT                                             ',b'K.RADHAKRISHNAN                                                 ',24,b'A',13:00.0,b'1',13.353,89.825,b'1',b'ARGOS   ',295,11.842,34.974
21,29,b'2900268 ',b'INDIAN ARGO PROJECT                                             ',b'K.RADHAKRISHNAN                                                 ',24,b'A',13:00.0,b'1',13.353,89.825,b'1',b'ARGOS   ',305,11.729,34.968
21,30,b'2900268 ',b'INDIAN ARGO PROJECT                                             ',b'K.RADHAKRISHNAN                                                 ',24,b'A',13:00.0,b'1',13.353,89.825,b'1',b'ARGOS   ',315,11.682,34.969
21,31,b'2900268 ',b'INDIAN ARGO PROJECT                                             ',b'K.RADHAKRISHNAN                                                 ',24,b'A',13:00.0,b'1',13.353,89.825,b'1',b'ARGOS   ',325,11.604,34.969
21,32,b'2900268 ',b'INDIAN ARGO PROJECT                                             ',b'K.RADHAKRISHNAN                                                 ',24,b'A',13:00.0,b'1',13.353,89.825,b'1',b'ARGOS   ',335,11.536,34.97
21,33,b'2900268 ',b'INDIAN ARGO PROJECT                                             ',b'K.RADHAKRISHNAN                                                 ',24,b'A',13:00.0,b'1',13.353,89.825,b'1',b'ARGOS   ',345,11.459,34.969
21,34,b'2900268 ',b'INDIAN ARGO PROJECT                                             ',b'K.RADHAKRISHNAN                                                 ',24,b'A',13:00.0,b'1',13.353,89.825,b'1',b'ARGOS   ',355,11.381,34.969
21,35,b'2900268 ',b'INDIAN ARGO PROJECT                                             ',b'K.RADHAKRISHNAN                                                 ',24,b'A',13:00.0,b'1',13.353,89.825,b'1',b'ARGOS   ',365,11.266,34.975
21,36,b'2900268 ',b'INDIAN ARGO PROJECT                                             ',b'K.RADHAKRISHNAN                                                 ',24,b'A',13:00.0,b'1',13.353,89.825,b'1',b'ARGOS   ',375,11.189,34.974
21,37,b'2900268 ',b'INDIAN ARGO PROJECT                                             ',b'K.RADHAKRISHNAN                                                 ',24,b'A',13:00.0,b'1',13.353,89.825,b'1',b'ARGOS   ',385,11.134,34.972
21,38,b'2900268 ',b'INDIAN ARGO PROJECT                                             ',b'K.RADHAKRISHNAN                                                 ',24,b'A',13:00.0,b'1',13.353,89.825,b'1',b'ARGOS   ',395,11.066,34.973
21,39,b'2900268 ',b'INDIAN ARGO PROJECT                                             ',b'K.RADHAKRISHNAN                                                 ',24,b'A',13:00.0,b'1',13.353,89.825,b'1',b'ARGOS   ',405,10.956,34.973
21,40,b'2900268 ',b'INDIAN ARGO PROJECT                                             ',b'K.RADHAKRISHNAN                                                 ',24,b'A',13:00.0,b'1',13.353,89.825,b'1',b'ARGOS   ',415,10.813,34.975
21,41,b'2900268 ',b'INDIAN ARGO PROJECT                                             ',b'K.RADHAKRISHNAN                                                 ',24,b'A',13:00.0,b'1',13.353,89.825,b'1',b'ARGOS   ',450,10.172,34.968
21,42,b'2900268 ',b'INDIAN ARGO PROJECT                                             ',b'K.RADHAKRISHNAN                                                 ',24,b'A',13:00.0,b'1',13.353,89.825,b'1',b'ARGOS   ',499,9.486,34.963
21,43,b'2900268 ',b'INDIAN ARGO PROJECT                                             ',b'K.RADHAKRISHNAN                                                 ',24,b'A',13:00.0,b'1',13.353,89.825,b'1',b'ARGOS   ',549,9.093,34.95
21,44,b'2900268 ',b'INDIAN ARGO PROJECT                                             ',b'K.RADHAKRISHNAN                                                 ',24,b'A',13:00.0,b'1',13.353,89.825,b'1',b'ARGOS   ',600,8.76,34.95
21,45,b'2900268 ',b'INDIAN ARGO PROJECT                                             ',b'K.RADHAKRISHNAN                                                 ',24,b'A',13:00.0,b'1',13.353,89.825,b'1',b'ARGOS   ',649,8.547,34.947
21,46,b'2900268 ',b'INDIAN ARGO PROJECT                                             ',b'K.RADHAKRISHNAN                                                 ',24,b'A',13:00.0,b'1',13.353,89.825,b'1',b'ARGOS   ',702,8.335,34.941
21,47,b'2900268 ',b'INDIAN ARGO PROJECT                                             ',b'K.RADHAKRISHNAN                                                 ',24,b'A',13:00.0,b'1',13.353,89.825,b'1',b'ARGOS   ',750,8.144,34.938
21,48,b'2900268 ',b'INDIAN ARGO PROJECT                                             ',b'K.RADHAKRISHNAN                                                 ',24,b'A',13:00.0,b'1',13.353,89.825,b'1',b'ARGOS   ',800,7.864,34.925
21,49,b'2900268 ',b'INDIAN ARGO PROJECT                                             ',b'K.RADHAKRISHNAN                                                 ',24,b'A',13:00.0,b'1',13.353,89.825,b'1',b'ARGOS   ',850,7.559,34.915
21,50,b'2900268 ',b'INDIAN ARGO PROJECT                                             ',b'K.RADHAKRISHNAN                                                 ',24,b'A',13:00.0,b'1',13.353,89.825,b'1',b'ARGOS   ',900,7.263,34.906
21,51,b'2900268 ',b'INDIAN ARGO PROJECT                                             ',b'K.RADHAKRISHNAN                                                 ',24,b'A',13:00.0,b'1',13.353,89.825,b'1',b'ARGOS   ',950,6.932,34.887
21,52,b'2900268 ',b'INDIAN ARGO PROJECT                                             ',b'K.RADHAKRISHNAN                                                 ',24,b'A',13:00.0,b'1',13.353,89.825,b'1',b'ARGOS   ',992,6.683,34.888
22,0,b'2900268 ',b'INDIAN ARGO PROJECT                                             ',b'K.RADHAKRISHNAN                                                 ',25,b'A',13:00.0,b'1',13.164,90.071,b'1',b'ARGOS   ',15,29.547,32.997
22,1,b'2900268 ',b'INDIAN ARGO PROJECT                                             ',b'K.RADHAKRISHNAN                                                 ',25,b'A',13:00.0,b'1',13.164,90.071,b'1',b'ARGOS   ',25,29.401,33.237
22,2,b'2900268 ',b'INDIAN ARGO PROJECT                                             ',b'K.RADHAKRISHNAN                                                 ',25,b'A',13:00.0,b'1',13.164,90.071,b'1',b'ARGOS   ',35,29.228,33.258
22,3,b'2900268 ',b'INDIAN ARGO PROJECT                                             ',b'K.RADHAKRISHNAN                                                 ',25,b'A',13:00.0,b'1',13.164,90.071,b'1',b'ARGOS   ',45,28.89,33.409
22,4,b'2900268 ',b'INDIAN ARGO PROJECT                                             ',b'K.RADHAKRISHNAN                                                 ',25,b'A',13:00.0,b'1',13.164,90.071,b'1',b'ARGOS   ',55,27.836,33.877
22,5,b'2900268 ',b'INDIAN ARGO PROJECT                                             ',b'K.RADHAKRISHNAN                                                 ',25,b'A',13:00.0,b'1',13.164,90.071,b'1',b'ARGOS   ',65,26.533,34.525
22,6,b'2900268 ',b'INDIAN ARGO PROJECT                                             ',b'K.RADHAKRISHNAN                                                 ',25,b'A',13:00.0,b'1',13.164,90.071,b'1',b'ARGOS   ',75,24.949,34.582
22,7,b'2900268 ',b'INDIAN ARGO PROJECT                                             ',b'K.RADHAKRISHNAN                                                 ',25,b'A',13:00.0,b'1',13.164,90.071,b'1',b'ARGOS   ',85,23.828,34.756
22,8,b'2900268 ',b'INDIAN ARGO PROJECT                                             ',b'K.RADHAKRISHNAN                                                 ',25,b'A',13:00.0,b'1',13.164,90.071,b'1',b'ARGOS   ',96,22.684,34.75
22,9,b'2900268 ',b'INDIAN ARGO PROJECT                                             ',b'K.RADHAKRISHNAN                                                 ',25,b'A',13:00.0,b'1',13.164,90.071,b'1',b'ARGOS   ',105,21.709,34.784
22,10,b'2900268 ',b'INDIAN ARGO PROJECT                                             ',b'K.RADHAKRISHNAN                                                 ',25,b'A',13:00.0,b'1',13.164,90.071,b'1',b'ARGOS   ',115,20.422,34.779
22,11,b'2900268 ',b'INDIAN ARGO PROJECT                                             ',b'K.RADHAKRISHNAN                                                 ',25,b'A',13:00.0,b'1',13.164,90.071,b'1',b'ARGOS   ',125,19.226,34.814
22,12,b'2900268 ',b'INDIAN ARGO PROJECT                                             ',b'K.RADHAKRISHNAN                                                 ',25,b'A',13:00.0,b'1',13.164,90.071,b'1',b'ARGOS   ',135,18.147,34.838
22,13,b'2900268 ',b'INDIAN ARGO PROJECT                                             ',b'K.RADHAKRISHNAN                                                 ',25,b'A',13:00.0,b'1',13.164,90.071,b'1',b'ARGOS   ',144,17.257,34.875
22,14,b'2900268 ',b'INDIAN ARGO PROJECT                                             ',b'K.RADHAKRISHNAN                                                 ',25,b'A',13:00.0,b'1',13.164,90.071,b'1',b'ARGOS   ',155,16.323,34.877
22,15,b'2900268 ',b'INDIAN ARGO PROJECT                                             ',b'K.RADHAKRISHNAN                                                 ',25,b'A',13:00.0,b'1',13.164,90.071,b'1',b'ARGOS   ',165,15.522,34.9
22,16,b'2900268 ',b'INDIAN ARGO PROJECT                                             ',b'K.RADHAKRISHNAN                                                 ',25,b'A',13:00.0,b'1',13.164,90.071,b'1',b'ARGOS   ',175,15.003,34.905
22,17,b'2900268 ',b'INDIAN ARGO PROJECT                                             ',b'K.RADHAKRISHNAN                                                 ',25,b'A',13:00.0,b'1',13.164,90.071,b'1',b'ARGOS   ',185,14.49,34.921
22,18,b'2900268 ',b'INDIAN ARGO PROJECT                                             ',b'K.RADHAKRISHNAN                                                 ',25,b'A',13:00.0,b'1',13.164,90.071,b'1',b'ARGOS   ',195,13.947,34.945
22,19,b'2900268 ',b'INDIAN ARGO PROJECT                                             ',b'K.RADHAKRISHNAN                                                 ',25,b'A',13:00.0,b'1',13.164,90.071,b'1',b'ARGOS   ',205,13.467,34.956
22,20,b'2900268 ',b'INDIAN ARGO PROJECT                                             ',b'K.RADHAKRISHNAN                                                 ',25,b'A',13:00.0,b'1',13.164,90.071,b'1',b'ARGOS   ',215,13.015,34.96
22,21,b'2900268 ',b'INDIAN ARGO PROJECT                                             ',b'K.RADHAKRISHNAN                                                 ',25,b'A',13:00.0,b'1',13.164,90.071,b'1',b'ARGOS   ',225,12.718,34.963
22,22,b'2900268 ',b'INDIAN ARGO PROJECT                                             ',b'K.RADHAKRISHNAN                                                 ',25,b'A',13:00.0,b'1',13.164,90.071,b'1',b'ARGOS   ',235,12.461,34.966
22,23,b'2900268 ',b'INDIAN ARGO PROJECT                                             ',b'K.RADHAKRISHNAN                                                 ',25,b'A',13:00.0,b'1',13.164,90.071,b'1',b'ARGOS   ',245,12.288,34.968
22,24,b'2900268 ',b'INDIAN ARGO PROJECT                                             ',b'K.RADHAKRISHNAN                                                 ',25,b'A',13:00.0,b'1',13.164,90.071,b'1',b'ARGOS   ',255,12.085,34.979
22,25,b'2900268 ',b'INDIAN ARGO PROJECT                                             ',b'K.RADHAKRISHNAN                                                 ',25,b'A',13:00.0,b'1',13.164,90.071,b'1',b'ARGOS   ',265,11.878,34.973
22,26,b'2900268 ',b'INDIAN ARGO PROJECT                                             ',b'K.RADHAKRISHNAN                                                 ',25,b'A',13:00.0,b'1',13.164,90.071,b'1',b'ARGOS   ',275,11.693,34.976
22,27,b'2900268 ',b'INDIAN ARGO PROJECT                                             ',b'K.RADHAKRISHNAN                                                 ',25,b'A',13:00.0,b'1',13.164,90.071,b'1',b'ARGOS   ',285,11.545,34.983
22,28,b'2900268 ',b'INDIAN ARGO PROJECT                                             ',b'K.RADHAKRISHNAN                                                 ',25,b'A',13:00.0,b'1',13.164,90.071,b'1',b'ARGOS   ',295,11.427,34.982
22,29,b'2900268 ',b'INDIAN ARGO PROJECT                                             ',b'K.RADHAKRISHNAN                                                 ',25,b'A',13:00.0,b'1',13.164,90.071,b'1',b'ARGOS   ',305,11.293,34.986
22,30,b'2900268 ',b'INDIAN ARGO PROJECT                                             ',b'K.RADHAKRISHNAN                                                 ',25,b'A',13:00.0,b'1',13.164,90.071,b'1',b'ARGOS   ',315,11.136,34.991
22,31,b'2900268 ',b'INDIAN ARGO PROJECT                                             ',b'K.RADHAKRISHNAN                                                 ',25,b'A',13:00.0,b'1',13.164,90.071,b'1',b'ARGOS   ',325,11.029,34.989
22,32,b'2900268 ',b'INDIAN ARGO PROJECT                                             ',b'K.RADHAKRISHNAN                                                 ',25,b'A',13:00.0,b'1',13.164,90.071,b'1',b'ARGOS   ',335,10.934,34.985
22,33,b'2900268 ',b'INDIAN ARGO PROJECT                                             ',b'K.RADHAKRISHNAN                                                 ',25,b'A',13:00.0,b'1',13.164,90.071,b'1',b'ARGOS   ',345,10.854,34.987
22,34,b'2900268 ',b'INDIAN ARGO PROJECT                                             ',b'K.RADHAKRISHNAN                                                 ',25,b'A',13:00.0,b'1',13.164,90.071,b'1',b'ARGOS   ',355,10.781,34.982
22,35,b'2900268 ',b'INDIAN ARGO PROJECT                                             ',b'K.RADHAKRISHNAN                                                 ',25,b'A',13:00.0,b'1',13.164,90.071,b'1',b'ARGOS   ',365,10.697,34.987
22,36,b'2900268 ',b'INDIAN ARGO PROJECT                                             ',b'K.RADHAKRISHNAN                                                 ',25,b'A',13:00.0,b'1',13.164,90.071,b'1',b'ARGOS   ',375,10.617,34.989
22,37,b'2900268 ',b'INDIAN ARGO PROJECT                                             ',b'K.RADHAKRISHNAN                                                 ',25,b'A',13:00.0,b'1',13.164,90.071,b'1',b'ARGOS   ',385,10.557,34.981
22,38,b'2900268 ',b'INDIAN ARGO PROJECT                                             ',b'K.RADHAKRISHNAN                                                 ',25,b'A',13:00.0,b'1',13.164,90.071,b'1',b'ARGOS   ',395,10.484,34.986
22,39,b'2900268 ',b'INDIAN ARGO PROJECT                                             ',b'K.RADHAKRISHNAN                                                 ',25,b'A',13:00.0,b'1',13.164,90.071,b'1',b'ARGOS   ',405,10.397,34.984
22,40,b'2900268 ',b'INDIAN ARGO PROJECT                                             ',b'K.RADHAKRISHNAN                                                 ',25,b'A',13:00.0,b'1',13.164,90.071,b'1',b'ARGOS   ',415,10.3,34.982
22,41,b'2900268 ',b'INDIAN ARGO PROJECT                                             ',b'K.RADHAKRISHNAN                                                 ',25,b'A',13:00.0,b'1',13.164,90.071,b'1',b'ARGOS   ',452,9.975,34.973
22,42,b'2900268 ',b'INDIAN ARGO PROJECT                                             ',b'K.RADHAKRISHNAN                                                 ',25,b'A',13:00.0,b'1',13.164,90.071,b'1',b'ARGOS   ',500,9.579,34.965
22,43,b'2900268 ',b'INDIAN ARGO PROJECT                                             ',b'K.RADHAKRISHNAN                                                 ',25,b'A',13:00.0,b'1',13.164,90.071,b'1',b'ARGOS   ',550,9.259,34.964
22,44,b'2900268 ',b'INDIAN ARGO PROJECT                                             ',b'K.RADHAKRISHNAN                                                 ',25,b'A',13:00.0,b'1',13.164,90.071,b'1',b'ARGOS   ',600,8.925,34.955
22,45,b'2900268 ',b'INDIAN ARGO PROJECT                                             ',b'K.RADHAKRISHNAN                                                 ',25,b'A',13:00.0,b'1',13.164,90.071,b'1',b'ARGOS   ',650,8.617,34.941
22,46,b'2900268 ',b'INDIAN ARGO PROJECT                                             ',b'K.RADHAKRISHNAN                                                 ',25,b'A',13:00.0,b'1',13.164,90.071,b'1',b'ARGOS   ',700,8.312,34.933
22,47,b'2900268 ',b'INDIAN ARGO PROJECT                                             ',b'K.RADHAKRISHNAN                                                 ',25,b'A',13:00.0,b'1',13.164,90.071,b'1',b'ARGOS   ',752,8.003,34.927
22,48,b'2900268 ',b'INDIAN ARGO PROJECT                                             ',b'K.RADHAKRISHNAN                                                 ',25,b'A',13:00.0,b'1',13.164,90.071,b'1',b'ARGOS   ',800,7.73,34.919
22,49,b'2900268 ',b'INDIAN ARGO PROJECT                                             ',b'K.RADHAKRISHNAN                                                 ',25,b'A',13:00.0,b'1',13.164,90.071,b'1',b'ARGOS   ',850,7.419,34.914
22,50,b'2900268 ',b'INDIAN ARGO PROJECT                                             ',b'K.RADHAKRISHNAN                                                 ',25,b'A',13:00.0,b'1',13.164,90.071,b'1',b'ARGOS   ',900,7.056,34.896
22,51,b'2900268 ',b'INDIAN ARGO PROJECT                                             ',b'K.RADHAKRISHNAN                                                 ',25,b'A',13:00.0,b'1',13.164,90.071,b'1',b'ARGOS   ',950,6.759,34.886
22,52,b'2900268 ',b'INDIAN ARGO PROJECT                                             ',b'K.RADHAKRISHNAN                                                 ',25,b'A',13:00.0,b'1',13.164,90.071,b'1',b'ARGOS   ',991,6.518,34.878
23,0,b'2900268 ',b'INDIAN ARGO PROJECT                                             ',b'K.RADHAKRISHNAN                                                 ',26,b'A',13:00.0,b'1',13.104,90.282,b'1',b'ARGOS   ',15,29.492,32.757
23,1,b'2900268 ',b'INDIAN ARGO PROJECT                                             ',b'K.RADHAKRISHNAN                                                 ',26,b'A',13:00.0,b'1',13.104,90.282,b'1',b'ARGOS   ',25,29.468,33.021
23,2,b'2900268 ',b'INDIAN ARGO PROJECT                                             ',b'K.RADHAKRISHNAN                                                 ',26,b'A',13:00.0,b'1',13.104,90.282,b'1',b'ARGOS   ',35,29.3,33.181
23,3,b'2900268 ',b'INDIAN ARGO PROJECT                                             ',b'K.RADHAKRISHNAN                                                 ',26,b'A',13:00.0,b'1',13.104,90.282,b'1',b'ARGOS   ',45,28.87,33.471
23,4,b'2900268 ',b'INDIAN ARGO PROJECT                                             ',b'K.RADHAKRISHNAN                                                 ',26,b'A',13:00.0,b'1',13.104,90.282,b'1',b'ARGOS   ',55,28.049,33.801
23,5,b'2900268 ',b'INDIAN ARGO PROJECT                                             ',b'K.RADHAKRISHNAN                                                 ',26,b'A',13:00.0,b'1',13.104,90.282,b'1',b'ARGOS   ',65,26.85,34.504
23,6,b'2900268 ',b'INDIAN ARGO PROJECT                                             ',b'K.RADHAKRISHNAN                                                 ',26,b'A',13:00.0,b'1',13.104,90.282,b'1',b'ARGOS   ',75,25.328,34.757
23,7,b'2900268 ',b'INDIAN ARGO PROJECT                                             ',b'K.RADHAKRISHNAN                                                 ',26,b'A',13:00.0,b'1',13.104,90.282,b'1',b'ARGOS   ',85,23.957,34.83
23,8,b'2900268 ',b'INDIAN ARGO PROJECT                                             ',b'K.RADHAKRISHNAN                                                 ',26,b'A',13:00.0,b'1',13.104,90.282,b'1',b'ARGOS   ',95,22.236,34.749
23,9,b'2900268 ',b'INDIAN ARGO PROJECT                                             ',b'K.RADHAKRISHNAN                                                 ',26,b'A',13:00.0,b'1',13.104,90.282,b'1',b'ARGOS   ',105,20.719,34.79
23,10,b'2900268 ',b'INDIAN ARGO PROJECT                                             ',b'K.RADHAKRISHNAN                                                 ',26,b'A',13:00.0,b'1',13.104,90.282,b'1',b'ARGOS   ',115,19.426,34.792
23,11,b'2900268 ',b'INDIAN ARGO PROJECT                                             ',b'K.RADHAKRISHNAN                                                 ',26,b'A',13:00.0,b'1',13.104,90.282,b'1',b'ARGOS   ',126,17.622,34.81
23,12,b'2900268 ',b'INDIAN ARGO PROJECT                                             ',b'K.RADHAKRISHNAN                                                 ',26,b'A',13:00.0,b'1',13.104,90.282,b'1',b'ARGOS   ',135,16.728,34.848
23,13,b'2900268 ',b'INDIAN ARGO PROJECT                                             ',b'K.RADHAKRISHNAN                                                 ',26,b'A',13:00.0,b'1',13.104,90.282,b'1',b'ARGOS   ',145,16.112,34.861
23,14,b'2900268 ',b'INDIAN ARGO PROJECT                                             ',b'K.RADHAKRISHNAN                                                 ',26,b'A',13:00.0,b'1',13.104,90.282,b'1',b'ARGOS   ',155,15.462,34.867
23,15,b'2900268 ',b'INDIAN ARGO PROJECT                                             ',b'K.RADHAKRISHNAN                                                 ',26,b'A',13:00.0,b'1',13.104,90.282,b'1',b'ARGOS   ',165,14.66,34.896
23,16,b'2900268 ',b'INDIAN ARGO PROJECT                                             ',b'K.RADHAKRISHNAN                                                 ',26,b'A',13:00.0,b'1',13.104,90.282,b'1',b'ARGOS   ',175,14.304,34.908
23,17,b'2900268 ',b'INDIAN ARGO PROJECT                                             ',b'K.RADHAKRISHNAN                                                 ',26,b'A',13:00.0,b'1',13.104,90.282,b'1',b'ARGOS   ',185,13.929,34.928
23,18,b'2900268 ',b'INDIAN ARGO PROJECT                                             ',b'K.RADHAKRISHNAN                                                 ',26,b'A',13:00.0,b'1',13.104,90.282,b'1',b'ARGOS   ',195,13.621,34.933
23,19,b'2900268 ',b'INDIAN ARGO PROJECT                                             ',b'K.RADHAKRISHNAN                                                 ',26,b'A',13:00.0,b'1',13.104,90.282,b'1',b'ARGOS   ',205,13.209,34.938
23,20,b'2900268 ',b'INDIAN ARGO PROJECT                                             ',b'K.RADHAKRISHNAN                                                 ',26,b'A',13:00.0,b'1',13.104,90.282,b'1',b'ARGOS   ',215,12.804,34.945
23,21,b'2900268 ',b'INDIAN ARGO PROJECT                                             ',b'K.RADHAKRISHNAN                                                 ',26,b'A',13:00.0,b'1',13.104,90.282,b'1',b'ARGOS   ',225,12.538,34.956
23,22,b'2900268 ',b'INDIAN ARGO PROJECT                                             ',b'K.RADHAKRISHNAN                                                 ',26,b'A',13:00.0,b'1',13.104,90.282,b'1',b'ARGOS   ',235,12.366,34.977
23,23,b'2900268 ',b'INDIAN ARGO PROJECT                                             ',b'K.RADHAKRISHNAN                                                 ',26,b'A',13:00.0,b'1',13.104,90.282,b'1',b'ARGOS   ',245,12.149,34.981
23,24,b'2900268 ',b'INDIAN ARGO PROJECT                                             ',b'K.RADHAKRISHNAN                                                 ',26,b'A',13:00.0,b'1',13.104,90.282,b'1',b'ARGOS   ',255,11.985,34.985
23,25,b'2900268 ',b'INDIAN ARGO PROJECT                                             ',b'K.RADHAKRISHNAN                                                 ',26,b'A',13:00.0,b'1',13.104,90.282,b'1',b'ARGOS   ',265,11.84,34.98
23,26,b'2900268 ',b'INDIAN ARGO PROJECT                                             ',b'K.RADHAKRISHNAN                                                 ',26,b'A',13:00.0,b'1',13.104,90.282,b'1',b'ARGOS   ',275,11.703,34.986
23,27,b'2900268 ',b'INDIAN ARGO PROJECT                                             ',b'K.RADHAKRISHNAN                                                 ',26,b'A',13:00.0,b'1',13.104,90.282,b'1',b'ARGOS   ',285,11.581,34.979
23,28,b'2900268 ',b'INDIAN ARGO PROJECT                                             ',b'K.RADHAKRISHNAN                                                 ',26,b'A',13:00.0,b'1',13.104,90.282,b'1',b'ARGOS   ',295,11.486,34.985
23,29,b'2900268 ',b'INDIAN ARGO PROJECT                                             ',b'K.RADHAKRISHNAN                                                 ',26,b'A',13:00.0,b'1',13.104,90.282,b'1',b'ARGOS   ',305,11.346,34.985
23,30,b'2900268 ',b'INDIAN ARGO PROJECT                                             ',b'K.RADHAKRISHNAN                                                 ',26,b'A',13:00.0,b'1',13.104,90.282,b'1',b'ARGOS   ',315,11.242,34.98
23,31,b'2900268 ',b'INDIAN ARGO PROJECT                                             ',b'K.RADHAKRISHNAN                                                 ',26,b'A',13:00.0,b'1',13.104,90.282,b'1',b'ARGOS   ',325,11.13,34.982
23,32,b'2900268 ',b'INDIAN ARGO PROJECT                                             ',b'K.RADHAKRISHNAN                                                 ',26,b'A',13:00.0,b'1',13.104,90.282,b'1',b'ARGOS   ',335,11.044,34.99
23,33,b'2900268 ',b'INDIAN ARGO PROJECT                                             ',b'K.RADHAKRISHNAN                                                 ',26,b'A',13:00.0,b'1',13.104,90.282,b'1',b'ARGOS   ',345,10.968,34.988
23,34,b'2900268 ',b'INDIAN ARGO PROJECT                                             ',b'K.RADHAKRISHNAN                                                 ',26,b'A',13:00.0,b'1',13.104,90.282,b'1',b'ARGOS   ',355,10.886,34.982
23,35,b'2900268 ',b'INDIAN ARGO PROJECT                                             ',b'K.RADHAKRISHNAN                                                 ',26,b'A',13:00.0,b'1',13.104,90.282,b'1',b'ARGOS   ',365,10.787,34.982
23,36,b'2900268 ',b'INDIAN ARGO PROJECT                                             ',b'K.RADHAKRISHNAN                                                 ',26,b'A',13:00.0,b'1',13.104,90.282,b'1',b'ARGOS   ',375,10.698,34.982
23,37,b'2900268 ',b'INDIAN ARGO PROJECT                                             ',b'K.RADHAKRISHNAN                                                 ',26,b'A',13:00.0,b'1',13.104,90.282,b'1',b'ARGOS   ',385,10.603,34.988
23,38,b'2900268 ',b'INDIAN ARGO PROJECT                                             ',b'K.RADHAKRISHNAN                                                 ',26,b'A',13:00.0,b'1',13.104,90.282,b'1',b'ARGOS   ',395,10.538,34.985
23,39,b'2900268 ',b'INDIAN ARGO PROJECT                                             ',b'K.RADHAKRISHNAN                                                 ',26,b'A',13:00.0,b'1',13.104,90.282,b'1',b'ARGOS   ',405,10.445,34.979
23,40,b'2900268 ',b'INDIAN ARGO PROJECT                                             ',b'K.RADHAKRISHNAN                                                 ',26,b'A',13:00.0,b'1',13.104,90.282,b'1',b'ARGOS   ',415,10.361,34.984
23,41,b'2900268 ',b'INDIAN ARGO PROJECT                                             ',b'K.RADHAKRISHNAN                                                 ',26,b'A',13:00.0,b'1',13.104,90.282,b'1',b'ARGOS   ',451,10.077,34.977
23,42,b'2900268 ',b'INDIAN ARGO PROJECT                                             ',b'K.RADHAKRISHNAN                                                 ',26,b'A',13:00.0,b'1',13.104,90.282,b'1',b'ARGOS   ',499,9.707,34.976
23,43,b'2900268 ',b'INDIAN ARGO PROJECT                                             ',b'K.RADHAKRISHNAN                                                 ',26,b'A',13:00.0,b'1',13.104,90.282,b'1',b'ARGOS   ',550,9.393,34.969
23,44,b'2900268 ',b'INDIAN ARGO PROJECT                                             ',b'K.RADHAKRISHNAN                                                 ',26,b'A',13:00.0,b'1',13.104,90.282,b'1',b'ARGOS   ',600,9.07,34.96
23,45,b'2900268 ',b'INDIAN ARGO PROJECT                                             ',b'K.RADHAKRISHNAN                                                 ',26,b'A',13:00.0,b'1',13.104,90.282,b'1',b'ARGOS   ',651,8.785,34.954
23,46,b'2900268 ',b'INDIAN ARGO PROJECT                                             ',b'K.RADHAKRISHNAN                                                 ',26,b'A',13:00.0,b'1',13.104,90.282,b'1',b'ARGOS   ',700,8.461,34.945
23,47,b'2900268 ',b'INDIAN ARGO PROJECT                                             ',b'K.RADHAKRISHNAN                                                 ',26,b'A',13:00.0,b'1',13.104,90.282,b'1',b'ARGOS   ',751,8.071,34.935
23,48,b'2900268 ',b'INDIAN ARGO PROJECT                                             ',b'K.RADHAKRISHNAN                                                 ',26,b'A',13:00.0,b'1',13.104,90.282,b'1',b'ARGOS   ',800,7.718,34.92
23,49,b'2900268 ',b'INDIAN ARGO PROJECT                                             ',b'K.RADHAKRISHNAN                                                 ',26,b'A',13:00.0,b'1',13.104,90.282,b'1',b'ARGOS   ',850,7.385,34.905
23,50,b'2900268 ',b'INDIAN ARGO PROJECT                                             ',b'K.RADHAKRISHNAN                                                 ',26,b'A',13:00.0,b'1',13.104,90.282,b'1',b'ARGOS   ',900,7.093,34.902
23,51,b'2900268 ',b'INDIAN ARGO PROJECT                                             ',b'K.RADHAKRISHNAN                                                 ',26,b'A',13:00.0,b'1',13.104,90.282,b'1',b'ARGOS   ',950,6.806,34.894
23,52,b'2900268 ',b'INDIAN ARGO PROJECT                                             ',b'K.RADHAKRISHNAN                                                 ',26,b'A',13:00.0,b'1',13.104,90.282,b'1',b'ARGOS   ',992,6.596,34.876
24,0,b'2900268 ',b'INDIAN ARGO PROJECT                                             ',b'K.RADHAKRISHNAN                                                 ',27,b'A',13:00.0,b'1',13.246,90.436,b'1',b'ARGOS   ',15,29.59,32.826
24,1,b'2900268 ',b'INDIAN ARGO PROJECT                                             ',b'K.RADHAKRISHNAN                                                 ',27,b'A',13:00.0,b'1',13.246,90.436,b'1',b'ARGOS   ',25,29.593,32.834
24,2,b'2900268 ',b'INDIAN ARGO PROJECT                                             ',b'K.RADHAKRISHNAN                                                 ',27,b'A',13:00.0,b'1',13.246,90.436,b'1',b'ARGOS   ',35,29.435,33.109
24,3,b'2900268 ',b'INDIAN ARGO PROJECT                                             ',b'K.RADHAKRISHNAN                                                 ',27,b'A',13:00.0,b'1',13.246,90.436,b'1',b'ARGOS   ',46,29.073,33.486
24,4,b'2900268 ',b'INDIAN ARGO PROJECT                                             ',b'K.RADHAKRISHNAN                                                 ',27,b'A',13:00.0,b'1',13.246,90.436,b'1',b'ARGOS   ',55,28.507,33.8
24,5,b'2900268 ',b'INDIAN ARGO PROJECT                                             ',b'K.RADHAKRISHNAN                                                 ',27,b'A',13:00.0,b'1',13.246,90.436,b'1',b'ARGOS   ',65,26.754,34.325
24,6,b'2900268 ',b'INDIAN ARGO PROJECT                                             ',b'K.RADHAKRISHNAN                                                 ',27,b'A',13:00.0,b'1',13.246,90.436,b'1',b'ARGOS   ',75,24.998,34.618
24,7,b'2900268 ',b'INDIAN ARGO PROJECT                                             ',b'K.RADHAKRISHNAN                                                 ',27,b'A',13:00.0,b'1',13.246,90.436,b'1',b'ARGOS   ',85,22.99,34.72
24,8,b'2900268 ',b'INDIAN ARGO PROJECT                                             ',b'K.RADHAKRISHNAN                                                 ',27,b'A',13:00.0,b'1',13.246,90.436,b'1',b'ARGOS   ',95,21.318,34.722
24,9,b'2900268 ',b'INDIAN ARGO PROJECT                                             ',b'K.RADHAKRISHNAN                                                 ',27,b'A',13:00.0,b'1',13.246,90.436,b'1',b'ARGOS   ',105,20.312,34.743
24,10,b'2900268 ',b'INDIAN ARGO PROJECT                                             ',b'K.RADHAKRISHNAN                                                 ',27,b'A',13:00.0,b'1',13.246,90.436,b'1',b'ARGOS   ',116,19.148,34.783
24,11,b'2900268 ',b'INDIAN ARGO PROJECT                                             ',b'K.RADHAKRISHNAN                                                 ',27,b'A',13:00.0,b'1',13.246,90.436,b'1',b'ARGOS   ',125,17.737,34.832
24,12,b'2900268 ',b'INDIAN ARGO PROJECT                                             ',b'K.RADHAKRISHNAN                                                 ',27,b'A',13:00.0,b'1',13.246,90.436,b'1',b'ARGOS   ',135,16.974,34.845
24,13,b'2900268 ',b'INDIAN ARGO PROJECT                                             ',b'K.RADHAKRISHNAN                                                 ',27,b'A',13:00.0,b'1',13.246,90.436,b'1',b'ARGOS   ',145,16.155,34.868
24,14,b'2900268 ',b'INDIAN ARGO PROJECT                                             ',b'K.RADHAKRISHNAN                                                 ',27,b'A',13:00.0,b'1',13.246,90.436,b'1',b'ARGOS   ',155,15.643,34.887
24,15,b'2900268 ',b'INDIAN ARGO PROJECT                                             ',b'K.RADHAKRISHNAN                                                 ',27,b'A',13:00.0,b'1',13.246,90.436,b'1',b'ARGOS   ',165,15.108,34.897
24,16,b'2900268 ',b'INDIAN ARGO PROJECT                                             ',b'K.RADHAKRISHNAN                                                 ',27,b'A',13:00.0,b'1',13.246,90.436,b'1',b'ARGOS   ',175,14.563,34.905
24,17,b'2900268 ',b'INDIAN ARGO PROJECT                                             ',b'K.RADHAKRISHNAN                                                 ',27,b'A',13:00.0,b'1',13.246,90.436,b'1',b'ARGOS   ',185,14.088,34.914
24,18,b'2900268 ',b'INDIAN ARGO PROJECT                                             ',b'K.RADHAKRISHNAN                                                 ',27,b'A',13:00.0,b'1',13.246,90.436,b'1',b'ARGOS   ',195,13.649,34.926
24,19,b'2900268 ',b'INDIAN ARGO PROJECT                                             ',b'K.RADHAKRISHNAN                                                 ',27,b'A',13:00.0,b'1',13.246,90.436,b'1',b'ARGOS   ',204,13.237,34.941
24,20,b'2900268 ',b'INDIAN ARGO PROJECT                                             ',b'K.RADHAKRISHNAN                                                 ',27,b'A',13:00.0,b'1',13.246,90.436,b'1',b'ARGOS   ',215,12.995,34.95
24,21,b'2900268 ',b'INDIAN ARGO PROJECT                                             ',b'K.RADHAKRISHNAN                                                 ',27,b'A',13:00.0,b'1',13.246,90.436,b'1',b'ARGOS   ',225,12.716,34.964
24,22,b'2900268 ',b'INDIAN ARGO PROJECT                                             ',b'K.RADHAKRISHNAN                                                 ',27,b'A',13:00.0,b'1',13.246,90.436,b'1',b'ARGOS   ',236,12.399,34.965
24,23,b'2900268 ',b'INDIAN ARGO PROJECT                                             ',b'K.RADHAKRISHNAN                                                 ',27,b'A',13:00.0,b'1',13.246,90.436,b'1',b'ARGOS   ',245,12.148,34.963
24,24,b'2900268 ',b'INDIAN ARGO PROJECT                                             ',b'K.RADHAKRISHNAN                                                 ',27,b'A',13:00.0,b'1',13.246,90.436,b'1',b'ARGOS   ',255,11.95,34.969
24,25,b'2900268 ',b'INDIAN ARGO PROJECT                                             ',b'K.RADHAKRISHNAN                                                 ',27,b'A',13:00.0,b'1',13.246,90.436,b'1',b'ARGOS   ',265,11.78,34.967
24,26,b'2900268 ',b'INDIAN ARGO PROJECT                                             ',b'K.RADHAKRISHNAN                                                 ',27,b'A',13:00.0,b'1',13.246,90.436,b'1',b'ARGOS   ',275,11.609,34.977
24,27,b'2900268 ',b'INDIAN ARGO PROJECT                                             ',b'K.RADHAKRISHNAN                                                 ',27,b'A',13:00.0,b'1',13.246,90.436,b'1',b'ARGOS   ',285,11.438,34.976
24,28,b'2900268 ',b'INDIAN ARGO PROJECT                                             ',b'K.RADHAKRISHNAN                                                 ',27,b'A',13:00.0,b'1',13.246,90.436,b'1',b'ARGOS   ',295,11.329,34.976
24,29,b'2900268 ',b'INDIAN ARGO PROJECT                                             ',b'K.RADHAKRISHNAN                                                 ',27,b'A',13:00.0,b'1',13.246,90.436,b'1',b'ARGOS   ',305,11.187,34.977
24,30,b'2900268 ',b'INDIAN ARGO PROJECT                                             ',b'K.RADHAKRISHNAN                                                 ',27,b'A',13:00.0,b'1',13.246,90.436,b'1',b'ARGOS   ',315,11.107,34.979
24,31,b'2900268 ',b'INDIAN ARGO PROJECT                                             ',b'K.RADHAKRISHNAN                                                 ',27,b'A',13:00.0,b'1',13.246,90.436,b'1',b'ARGOS   ',325,11.054,34.985
24,32,b'2900268 ',b'INDIAN ARGO PROJECT                                             ',b'K.RADHAKRISHNAN                                                 ',27,b'A',13:00.0,b'1',13.246,90.436,b'1',b'ARGOS   ',335,10.955,34.985
24,33,b'2900268 ',b'INDIAN ARGO PROJECT                                             ',b'K.RADHAKRISHNAN                                                 ',27,b'A',13:00.0,b'1',13.246,90.436,b'1',b'ARGOS   ',345,10.853,34.978
24,34,b'2900268 ',b'INDIAN ARGO PROJECT                                             ',b'K.RADHAKRISHNAN                                                 ',27,b'A',13:00.0,b'1',13.246,90.436,b'1',b'ARGOS   ',355,10.769,34.983
24,35,b'2900268 ',b'INDIAN ARGO PROJECT                                             ',b'K.RADHAKRISHNAN                                                 ',27,b'A',13:00.0,b'1',13.246,90.436,b'1',b'ARGOS   ',365,10.699,34.985
24,36,b'2900268 ',b'INDIAN ARGO PROJECT                                             ',b'K.RADHAKRISHNAN                                                 ',27,b'A',13:00.0,b'1',13.246,90.436,b'1',b'ARGOS   ',375,10.62,34.986
24,37,b'2900268 ',b'INDIAN ARGO PROJECT                                             ',b'K.RADHAKRISHNAN                                                 ',27,b'A',13:00.0,b'1',13.246,90.436,b'1',b'ARGOS   ',385,10.519,34.977
24,38,b'2900268 ',b'INDIAN ARGO PROJECT                                             ',b'K.RADHAKRISHNAN                                                 ',27,b'A',13:00.0,b'1',13.246,90.436,b'1',b'ARGOS   ',395,10.405,34.981
24,39,b'2900268 ',b'INDIAN ARGO PROJECT                                             ',b'K.RADHAKRISHNAN                                                 ',27,b'A',13:00.0,b'1',13.246,90.436,b'1',b'ARGOS   ',405,10.334,34.974
24,40,b'2900268 ',b'INDIAN ARGO PROJECT                                             ',b'K.RADHAKRISHNAN                                                 ',27,b'A',13:00.0,b'1',13.246,90.436,b'1',b'ARGOS   ',415,10.237,34.972
24,41,b'2900268 ',b'INDIAN ARGO PROJECT                                             ',b'K.RADHAKRISHNAN                                                 ',27,b'A',13:00.0,b'1',13.246,90.436,b'1',b'ARGOS   ',452,9.915,34.97
24,42,b'2900268 ',b'INDIAN ARGO PROJECT                                             ',b'K.RADHAKRISHNAN                                                 ',27,b'A',13:00.0,b'1',13.246,90.436,b'1',b'ARGOS   ',500,9.561,34.962
24,43,b'2900268 ',b'INDIAN ARGO PROJECT                                             ',b'K.RADHAKRISHNAN                                                 ',27,b'A',13:00.0,b'1',13.246,90.436,b'1',b'ARGOS   ',550,9.23,34.962
24,44,b'2900268 ',b'INDIAN ARGO PROJECT                                             ',b'K.RADHAKRISHNAN                                                 ',27,b'A',13:00.0,b'1',13.246,90.436,b'1',b'ARGOS   ',599,8.957,34.956
24,45,b'2900268 ',b'INDIAN ARGO PROJECT                                             ',b'K.RADHAKRISHNAN                                                 ',27,b'A',13:00.0,b'1',13.246,90.436,b'1',b'ARGOS   ',650,8.63,34.949
24,46,b'2900268 ',b'INDIAN ARGO PROJECT                                             ',b'K.RADHAKRISHNAN                                                 ',27,b'A',13:00.0,b'1',13.246,90.436,b'1',b'ARGOS   ',701,8.306,34.938
24,47,b'2900268 ',b'INDIAN ARGO PROJECT                                             ',b'K.RADHAKRISHNAN                                                 ',27,b'A',13:00.0,b'1',13.246,90.436,b'1',b'ARGOS   ',752,7.959,34.928
24,48,b'2900268 ',b'INDIAN ARGO PROJECT                                             ',b'K.RADHAKRISHNAN                                                 ',27,b'A',13:00.0,b'1',13.246,90.436,b'1',b'ARGOS   ',800,7.601,34.907
24,49,b'2900268 ',b'INDIAN ARGO PROJECT                                             ',b'K.RADHAKRISHNAN                                                 ',27,b'A',13:00.0,b'1',13.246,90.436,b'1',b'ARGOS   ',850,7.264,34.896
24,50,b'2900268 ',b'INDIAN ARGO PROJECT                                             ',b'K.RADHAKRISHNAN                                                 ',27,b'A',13:00.0,b'1',13.246,90.436,b'1',b'ARGOS   ',900,6.938,34.894
24,51,b'2900268 ',b'INDIAN ARGO PROJECT                                             ',b'K.RADHAKRISHNAN                                                 ',27,b'A',13:00.0,b'1',13.246,90.436,b'1',b'ARGOS   ',950,6.653,34.883
24,52,b'2900268 ',b'INDIAN ARGO PROJECT                                             ',b'K.RADHAKRISHNAN                                                 ',27,b'A',13:00.0,b'1',13.246,90.436,b'1',b'ARGOS   ',984,6.456,34.878
25,0,b'2900268 ',b'INDIAN ARGO PROJECT                                             ',b'K.RADHAKRISHNAN                                                 ',28,b'A',19:00.0,b'1',13.283,90.493,b'1',b'ARGOS   ',15,29.418,33.004
25,1,b'2900268 ',b'INDIAN ARGO PROJECT                                             ',b'K.RADHAKRISHNAN                                                 ',28,b'A',19:00.0,b'1',13.283,90.493,b'1',b'ARGOS   ',25,29.431,33.013
25,2,b'2900268 ',b'INDIAN ARGO PROJECT                                             ',b'K.RADHAKRISHNAN                                                 ',28,b'A',19:00.0,b'1',13.283,90.493,b'1',b'ARGOS   ',35,29.438,33.222
25,3,b'2900268 ',b'INDIAN ARGO PROJECT                                             ',b'K.RADHAKRISHNAN                                                 ',28,b'A',19:00.0,b'1',13.283,90.493,b'1',b'ARGOS   ',45,29.255,33.4
25,4,b'2900268 ',b'INDIAN ARGO PROJECT                                             ',b'K.RADHAKRISHNAN                                                 ',28,b'A',19:00.0,b'1',13.283,90.493,b'1',b'ARGOS   ',55,28.946,33.545
25,5,b'2900268 ',b'INDIAN ARGO PROJECT                                             ',b'K.RADHAKRISHNAN                                                 ',28,b'A',19:00.0,b'1',13.283,90.493,b'1',b'ARGOS   ',65,27.699,34.03
25,6,b'2900268 ',b'INDIAN ARGO PROJECT                                             ',b'K.RADHAKRISHNAN                                                 ',28,b'A',19:00.0,b'1',13.283,90.493,b'1',b'ARGOS   ',74,25.461,34.605
25,7,b'2900268 ',b'INDIAN ARGO PROJECT                                             ',b'K.RADHAKRISHNAN                                                 ',28,b'A',19:00.0,b'1',13.283,90.493,b'1',b'ARGOS   ',85,23.428,34.667
25,8,b'2900268 ',b'INDIAN ARGO PROJECT                                             ',b'K.RADHAKRISHNAN                                                 ',28,b'A',19:00.0,b'1',13.283,90.493,b'1',b'ARGOS   ',95,21.941,34.711
25,9,b'2900268 ',b'INDIAN ARGO PROJECT                                             ',b'K.RADHAKRISHNAN                                                 ',28,b'A',19:00.0,b'1',13.283,90.493,b'1',b'ARGOS   ',105,20.932,34.745
25,10,b'2900268 ',b'INDIAN ARGO PROJECT                                             ',b'K.RADHAKRISHNAN                                                 ',28,b'A',19:00.0,b'1',13.283,90.493,b'1',b'ARGOS   ',115,20.085,34.796
25,11,b'2900268 ',b'INDIAN ARGO PROJECT                                             ',b'K.RADHAKRISHNAN                                                 ',28,b'A',19:00.0,b'1',13.283,90.493,b'1',b'ARGOS   ',126,18.543,34.802
25,12,b'2900268 ',b'INDIAN ARGO PROJECT                                             ',b'K.RADHAKRISHNAN                                                 ',28,b'A',19:00.0,b'1',13.283,90.493,b'1',b'ARGOS   ',135,17.288,34.826
25,13,b'2900268 ',b'INDIAN ARGO PROJECT                                             ',b'K.RADHAKRISHNAN                                                 ',28,b'A',19:00.0,b'1',13.283,90.493,b'1',b'ARGOS   ',145,16.409,34.858
25,14,b'2900268 ',b'INDIAN ARGO PROJECT                                             ',b'K.RADHAKRISHNAN                                                 ',28,b'A',19:00.0,b'1',13.283,90.493,b'1',b'ARGOS   ',155,15.716,34.876
25,15,b'2900268 ',b'INDIAN ARGO PROJECT                                             ',b'K.RADHAKRISHNAN                                                 ',28,b'A',19:00.0,b'1',13.283,90.493,b'1',b'ARGOS   ',165,14.898,34.893
25,16,b'2900268 ',b'INDIAN ARGO PROJECT                                             ',b'K.RADHAKRISHNAN                                                 ',28,b'A',19:00.0,b'1',13.283,90.493,b'1',b'ARGOS   ',175,14.17,34.909
25,17,b'2900268 ',b'INDIAN ARGO PROJECT                                             ',b'K.RADHAKRISHNAN                                                 ',28,b'A',19:00.0,b'1',13.283,90.493,b'1',b'ARGOS   ',185,13.647,34.932
25,18,b'2900268 ',b'INDIAN ARGO PROJECT                                             ',b'K.RADHAKRISHNAN                                                 ',28,b'A',19:00.0,b'1',13.283,90.493,b'1',b'ARGOS   ',196,13.243,34.939
25,19,b'2900268 ',b'INDIAN ARGO PROJECT                                             ',b'K.RADHAKRISHNAN                                                 ',28,b'A',19:00.0,b'1',13.283,90.493,b'1',b'ARGOS   ',205,12.916,34.941
25,20,b'2900268 ',b'INDIAN ARGO PROJECT                                             ',b'K.RADHAKRISHNAN                                                 ',28,b'A',19:00.0,b'1',13.283,90.493,b'1',b'ARGOS   ',215,12.658,34.946
25,21,b'2900268 ',b'INDIAN ARGO PROJECT                                             ',b'K.RADHAKRISHNAN                                                 ',28,b'A',19:00.0,b'1',13.283,90.493,b'1',b'ARGOS   ',225,12.402,34.948
25,22,b'2900268 ',b'INDIAN ARGO PROJECT                                             ',b'K.RADHAKRISHNAN                                                 ',28,b'A',19:00.0,b'1',13.283,90.493,b'1',b'ARGOS   ',235,12.258,34.962
25,23,b'2900268 ',b'INDIAN ARGO PROJECT                                             ',b'K.RADHAKRISHNAN                                                 ',28,b'A',19:00.0,b'1',13.283,90.493,b'1',b'ARGOS   ',245,12.06,34.977
25,24,b'2900268 ',b'INDIAN ARGO PROJECT                                             ',b'K.RADHAKRISHNAN                                                 ',28,b'A',19:00.0,b'1',13.283,90.493,b'1',b'ARGOS   ',255,11.885,34.981
25,25,b'2900268 ',b'INDIAN ARGO PROJECT                                             ',b'K.RADHAKRISHNAN                                                 ',28,b'A',19:00.0,b'1',13.283,90.493,b'1',b'ARGOS   ',265,11.772,34.975
25,26,b'2900268 ',b'INDIAN ARGO PROJECT                                             ',b'K.RADHAKRISHNAN                                                 ',28,b'A',19:00.0,b'1',13.283,90.493,b'1',b'ARGOS   ',275,11.691,34.978
25,27,b'2900268 ',b'INDIAN ARGO PROJECT                                             ',b'K.RADHAKRISHNAN                                                 ',28,b'A',19:00.0,b'1',13.283,90.493,b'1',b'ARGOS   ',285,11.574,34.986
25,28,b'2900268 ',b'INDIAN ARGO PROJECT                                             ',b'K.RADHAKRISHNAN                                                 ',28,b'A',19:00.0,b'1',13.283,90.493,b'1',b'ARGOS   ',295,11.42,34.979
25,29,b'2900268 ',b'INDIAN ARGO PROJECT                                             ',b'K.RADHAKRISHNAN                                                 ',28,b'A',19:00.0,b'1',13.283,90.493,b'1',b'ARGOS   ',305,11.297,34.982
25,30,b'2900268 ',b'INDIAN ARGO PROJECT                                             ',b'K.RADHAKRISHNAN                                                 ',28,b'A',19:00.0,b'1',13.283,90.493,b'1',b'ARGOS   ',315,11.21,34.98
25,31,b'2900268 ',b'INDIAN ARGO PROJECT                                             ',b'K.RADHAKRISHNAN                                                 ',28,b'A',19:00.0,b'1',13.283,90.493,b'1',b'ARGOS   ',325,11.09,34.981
25,32,b'2900268 ',b'INDIAN ARGO PROJECT                                             ',b'K.RADHAKRISHNAN                                                 ',28,b'A',19:00.0,b'1',13.283,90.493,b'1',b'ARGOS   ',335,11.001,34.981
25,33,b'2900268 ',b'INDIAN ARGO PROJECT                                             ',b'K.RADHAKRISHNAN                                                 ',28,b'A',19:00.0,b'1',13.283,90.493,b'1',b'ARGOS   ',345,10.918,34.986
25,34,b'2900268 ',b'INDIAN ARGO PROJECT                                             ',b'K.RADHAKRISHNAN                                                 ',28,b'A',19:00.0,b'1',13.283,90.493,b'1',b'ARGOS   ',355,10.832,34.983
25,35,b'2900268 ',b'INDIAN ARGO PROJECT                                             ',b'K.RADHAKRISHNAN                                                 ',28,b'A',19:00.0,b'1',13.283,90.493,b'1',b'ARGOS   ',365,10.737,34.979
25,36,b'2900268 ',b'INDIAN ARGO PROJECT                                             ',b'K.RADHAKRISHNAN                                                 ',28,b'A',19:00.0,b'1',13.283,90.493,b'1',b'ARGOS   ',375,10.619,34.987
25,37,b'2900268 ',b'INDIAN ARGO PROJECT                                             ',b'K.RADHAKRISHNAN                                                 ',28,b'A',19:00.0,b'1',13.283,90.493,b'1',b'ARGOS   ',385,10.536,34.981
25,38,b'2900268 ',b'INDIAN ARGO PROJECT                                             ',b'K.RADHAKRISHNAN                                                 ',28,b'A',19:00.0,b'1',13.283,90.493,b'1',b'ARGOS   ',395,10.458,34.981
25,39,b'2900268 ',b'INDIAN ARGO PROJECT                                             ',b'K.RADHAKRISHNAN                                                 ',28,b'A',19:00.0,b'1',13.283,90.493,b'1',b'ARGOS   ',405,10.359,34.98
25,40,b'2900268 ',b'INDIAN ARGO PROJECT                                             ',b'K.RADHAKRISHNAN                                                 ',28,b'A',19:00.0,b'1',13.283,90.493,b'1',b'ARGOS   ',415,10.286,34.975
25,41,b'2900268 ',b'INDIAN ARGO PROJECT                                             ',b'K.RADHAKRISHNAN                                                 ',28,b'A',19:00.0,b'1',13.283,90.493,b'1',b'ARGOS   ',450,10.035,34.977
25,42,b'2900268 ',b'INDIAN ARGO PROJECT                                             ',b'K.RADHAKRISHNAN                                                 ',28,b'A',19:00.0,b'1',13.283,90.493,b'1',b'ARGOS   ',500,9.735,34.969
25,43,b'2900268 ',b'INDIAN ARGO PROJECT                                             ',b'K.RADHAKRISHNAN                                                 ',28,b'A',19:00.0,b'1',13.283,90.493,b'1',b'ARGOS   ',550,9.418,34.965
25,44,b'2900268 ',b'INDIAN ARGO PROJECT                                             ',b'K.RADHAKRISHNAN                                                 ',28,b'A',19:00.0,b'1',13.283,90.493,b'1',b'ARGOS   ',599,9.025,34.952
25,45,b'2900268 ',b'INDIAN ARGO PROJECT                                             ',b'K.RADHAKRISHNAN                                                 ',28,b'A',19:00.0,b'1',13.283,90.493,b'1',b'ARGOS   ',650,8.708,34.946
25,46,b'2900268 ',b'INDIAN ARGO PROJECT                                             ',b'K.RADHAKRISHNAN                                                 ',28,b'A',19:00.0,b'1',13.283,90.493,b'1',b'ARGOS   ',700,8.394,34.937
25,47,b'2900268 ',b'INDIAN ARGO PROJECT                                             ',b'K.RADHAKRISHNAN                                                 ',28,b'A',19:00.0,b'1',13.283,90.493,b'1',b'ARGOS   ',750,8.088,34.929
25,48,b'2900268 ',b'INDIAN ARGO PROJECT                                             ',b'K.RADHAKRISHNAN                                                 ',28,b'A',19:00.0,b'1',13.283,90.493,b'1',b'ARGOS   ',800,7.756,34.914
25,49,b'2900268 ',b'INDIAN ARGO PROJECT                                             ',b'K.RADHAKRISHNAN                                                 ',28,b'A',19:00.0,b'1',13.283,90.493,b'1',b'ARGOS   ',849,7.464,34.913
25,50,b'2900268 ',b'INDIAN ARGO PROJECT                                             ',b'K.RADHAKRISHNAN                                                 ',28,b'A',19:00.0,b'1',13.283,90.493,b'1',b'ARGOS   ',899,7.123,34.894
25,51,b'2900268 ',b'INDIAN ARGO PROJECT                                             ',b'K.RADHAKRISHNAN                                                 ',28,b'A',19:00.0,b'1',13.283,90.493,b'1',b'ARGOS   ',950,6.811,34.889
25,52,b'2900268 ',b'INDIAN ARGO PROJECT                                             ',b'K.RADHAKRISHNAN                                                 ',28,b'A',19:00.0,b'1',13.283,90.493,b'1',b'ARGOS   ',995,6.556,34.871
26,0,b'2900268 ',b'INDIAN ARGO PROJECT                                             ',b'K.RADHAKRISHNAN                                                 ',29,b'A',07:00.0,b'1',13.445,90.523,b'1',b'ARGOS   ',15,29.244,33.137
26,1,b'2900268 ',b'INDIAN ARGO PROJECT                                             ',b'K.RADHAKRISHNAN                                                 ',29,b'A',07:00.0,b'1',13.445,90.523,b'1',b'ARGOS   ',25,29.245,33.134
26,2,b'2900268 ',b'INDIAN ARGO PROJECT                                             ',b'K.RADHAKRISHNAN                                                 ',29,b'A',07:00.0,b'1',13.445,90.523,b'1',b'ARGOS   ',35,29.246,33.137
26,3,b'2900268 ',b'INDIAN ARGO PROJECT                                             ',b'K.RADHAKRISHNAN                                                 ',29,b'A',07:00.0,b'1',13.445,90.523,b'1',b'ARGOS   ',45,29.25,33.138
26,4,b'2900268 ',b'INDIAN ARGO PROJECT                                             ',b'K.RADHAKRISHNAN                                                 ',29,b'A',07:00.0,b'1',13.445,90.523,b'1',b'ARGOS   ',55,29.075,33.578
26,5,b'2900268 ',b'INDIAN ARGO PROJECT                                             ',b'K.RADHAKRISHNAN                                                 ',29,b'A',07:00.0,b'1',13.445,90.523,b'1',b'ARGOS   ',65,27.891,34.346
26,6,b'2900268 ',b'INDIAN ARGO PROJECT                                             ',b'K.RADHAKRISHNAN                                                 ',29,b'A',07:00.0,b'1',13.445,90.523,b'1',b'ARGOS   ',75,26.203,34.604
26,7,b'2900268 ',b'INDIAN ARGO PROJECT                                             ',b'K.RADHAKRISHNAN                                                 ',29,b'A',07:00.0,b'1',13.445,90.523,b'1',b'ARGOS   ',85,24.22,34.693
26,8,b'2900268 ',b'INDIAN ARGO PROJECT                                             ',b'K.RADHAKRISHNAN                                                 ',29,b'A',07:00.0,b'1',13.445,90.523,b'1',b'ARGOS   ',95,22.429,34.712
26,9,b'2900268 ',b'INDIAN ARGO PROJECT                                             ',b'K.RADHAKRISHNAN                                                 ',29,b'A',07:00.0,b'1',13.445,90.523,b'1',b'ARGOS   ',105,21.195,34.747
26,10,b'2900268 ',b'INDIAN ARGO PROJECT                                             ',b'K.RADHAKRISHNAN                                                 ',29,b'A',07:00.0,b'1',13.445,90.523,b'1',b'ARGOS   ',115,20.435,34.784
26,11,b'2900268 ',b'INDIAN ARGO PROJECT                                             ',b'K.RADHAKRISHNAN                                                 ',29,b'A',07:00.0,b'1',13.445,90.523,b'1',b'ARGOS   ',125,19.327,34.813
26,12,b'2900268 ',b'INDIAN ARGO PROJECT                                             ',b'K.RADHAKRISHNAN                                                 ',29,b'A',07:00.0,b'1',13.445,90.523,b'1',b'ARGOS   ',136,18.093,34.798
26,13,b'2900268 ',b'INDIAN ARGO PROJECT                                             ',b'K.RADHAKRISHNAN                                                 ',29,b'A',07:00.0,b'1',13.445,90.523,b'1',b'ARGOS   ',145,17.022,34.817
26,14,b'2900268 ',b'INDIAN ARGO PROJECT                                             ',b'K.RADHAKRISHNAN                                                 ',29,b'A',07:00.0,b'1',13.445,90.523,b'1',b'ARGOS   ',155,15.95,34.84
26,15,b'2900268 ',b'INDIAN ARGO PROJECT                                             ',b'K.RADHAKRISHNAN                                                 ',29,b'A',07:00.0,b'1',13.445,90.523,b'1',b'ARGOS   ',165,15.148,34.898
26,16,b'2900268 ',b'INDIAN ARGO PROJECT                                             ',b'K.RADHAKRISHNAN                                                 ',29,b'A',07:00.0,b'1',13.445,90.523,b'1',b'ARGOS   ',175,14.68,34.901
26,17,b'2900268 ',b'INDIAN ARGO PROJECT                                             ',b'K.RADHAKRISHNAN                                                 ',29,b'A',07:00.0,b'1',13.445,90.523,b'1',b'ARGOS   ',185,14.136,34.898
26,18,b'2900268 ',b'INDIAN ARGO PROJECT                                             ',b'K.RADHAKRISHNAN                                                 ',29,b'A',07:00.0,b'1',13.445,90.523,b'1',b'ARGOS   ',195,13.783,34.907
26,19,b'2900268 ',b'INDIAN ARGO PROJECT                                             ',b'K.RADHAKRISHNAN                                                 ',29,b'A',07:00.0,b'1',13.445,90.523,b'1',b'ARGOS   ',205,13.403,34.911
26,20,b'2900268 ',b'INDIAN ARGO PROJECT                                             ',b'K.RADHAKRISHNAN                                                 ',29,b'A',07:00.0,b'1',13.445,90.523,b'1',b'ARGOS   ',215,13.137,34.914
26,21,b'2900268 ',b'INDIAN ARGO PROJECT                                             ',b'K.RADHAKRISHNAN                                                 ',29,b'A',07:00.0,b'1',13.445,90.523,b'1',b'ARGOS   ',225,12.799,34.926
26,22,b'2900268 ',b'INDIAN ARGO PROJECT                                             ',b'K.RADHAKRISHNAN                                                 ',29,b'A',07:00.0,b'1',13.445,90.523,b'1',b'ARGOS   ',235,12.508,34.942
26,23,b'2900268 ',b'INDIAN ARGO PROJECT                                             ',b'K.RADHAKRISHNAN                                                 ',29,b'A',07:00.0,b'1',13.445,90.523,b'1',b'ARGOS   ',245,12.276,34.95
26,24,b'2900268 ',b'INDIAN ARGO PROJECT                                             ',b'K.RADHAKRISHNAN                                                 ',29,b'A',07:00.0,b'1',13.445,90.523,b'1',b'ARGOS   ',255,12.078,34.956
26,25,b'2900268 ',b'INDIAN ARGO PROJECT                                             ',b'K.RADHAKRISHNAN                                                 ',29,b'A',07:00.0,b'1',13.445,90.523,b'1',b'ARGOS   ',265,11.889,34.963
26,26,b'2900268 ',b'INDIAN ARGO PROJECT                                             ',b'K.RADHAKRISHNAN                                                 ',29,b'A',07:00.0,b'1',13.445,90.523,b'1',b'ARGOS   ',275,11.692,34.967
26,27,b'2900268 ',b'INDIAN ARGO PROJECT                                             ',b'K.RADHAKRISHNAN                                                 ',29,b'A',07:00.0,b'1',13.445,90.523,b'1',b'ARGOS   ',285,11.541,34.977
26,28,b'2900268 ',b'INDIAN ARGO PROJECT                                             ',b'K.RADHAKRISHNAN                                                 ',29,b'A',07:00.0,b'1',13.445,90.523,b'1',b'ARGOS   ',295,11.406,34.982
26,29,b'2900268 ',b'INDIAN ARGO PROJECT                                             ',b'K.RADHAKRISHNAN                                                 ',29,b'A',07:00.0,b'1',13.445,90.523,b'1',b'ARGOS   ',305,11.317,34.983
26,30,b'2900268 ',b'INDIAN ARGO PROJECT                                             ',b'K.RADHAKRISHNAN                                                 ',29,b'A',07:00.0,b'1',13.445,90.523,b'1',b'ARGOS   ',315,11.235,34.977
26,31,b'2900268 ',b'INDIAN ARGO PROJECT                                             ',b'K.RADHAKRISHNAN                                                 ',29,b'A',07:00.0,b'1',13.445,90.523,b'1',b'ARGOS   ',325,11.113,34.979
26,32,b'2900268 ',b'INDIAN ARGO PROJECT                                             ',b'K.RADHAKRISHNAN                                                 ',29,b'A',07:00.0,b'1',13.445,90.523,b'1',b'ARGOS   ',335,11.004,34.978
26,33,b'2900268 ',b'INDIAN ARGO PROJECT                                             ',b'K.RADHAKRISHNAN                                                 ',29,b'A',07:00.0,b'1',13.445,90.523,b'1',b'ARGOS   ',345,10.923,34.981
26,34,b'2900268 ',b'INDIAN ARGO PROJECT                                             ',b'K.RADHAKRISHNAN                                                 ',29,b'A',07:00.0,b'1',13.445,90.523,b'1',b'ARGOS   ',355,10.832,34.983
26,35,b'2900268 ',b'INDIAN ARGO PROJECT                                             ',b'K.RADHAKRISHNAN                                                 ',29,b'A',07:00.0,b'1',13.445,90.523,b'1',b'ARGOS   ',365,10.76,34.977
26,36,b'2900268 ',b'INDIAN ARGO PROJECT                                             ',b'K.RADHAKRISHNAN                                                 ',29,b'A',07:00.0,b'1',13.445,90.523,b'1',b'ARGOS   ',375,10.681,34.978
26,37,b'2900268 ',b'INDIAN ARGO PROJECT                                             ',b'K.RADHAKRISHNAN                                                 ',29,b'A',07:00.0,b'1',13.445,90.523,b'1',b'ARGOS   ',385,10.611,34.98
26,38,b'2900268 ',b'INDIAN ARGO PROJECT                                             ',b'K.RADHAKRISHNAN                                                 ',29,b'A',07:00.0,b'1',13.445,90.523,b'1',b'ARGOS   ',395,10.539,34.974
26,39,b'2900268 ',b'INDIAN ARGO PROJECT                                             ',b'K.RADHAKRISHNAN                                                 ',29,b'A',07:00.0,b'1',13.445,90.523,b'1',b'ARGOS   ',405,10.486,34.98
26,40,b'2900268 ',b'INDIAN ARGO PROJECT                                             ',b'K.RADHAKRISHNAN                                                 ',29,b'A',07:00.0,b'1',13.445,90.523,b'1',b'ARGOS   ',415,10.428,34.981
26,41,b'2900268 ',b'INDIAN ARGO PROJECT                                             ',b'K.RADHAKRISHNAN                                                 ',29,b'A',07:00.0,b'1',13.445,90.523,b'1',b'ARGOS   ',452,10.112,34.974
26,42,b'2900268 ',b'INDIAN ARGO PROJECT                                             ',b'K.RADHAKRISHNAN                                                 ',29,b'A',07:00.0,b'1',13.445,90.523,b'1',b'ARGOS   ',500,9.741,34.973
26,43,b'2900268 ',b'INDIAN ARGO PROJECT                                             ',b'K.RADHAKRISHNAN                                                 ',29,b'A',07:00.0,b'1',13.445,90.523,b'1',b'ARGOS   ',550,9.43,34.964
26,44,b'2900268 ',b'INDIAN ARGO PROJECT                                             ',b'K.RADHAKRISHNAN                                                 ',29,b'A',07:00.0,b'1',13.445,90.523,b'1',b'ARGOS   ',600,9.102,34.96
26,45,b'2900268 ',b'INDIAN ARGO PROJECT                                             ',b'K.RADHAKRISHNAN                                                 ',29,b'A',07:00.0,b'1',13.445,90.523,b'1',b'ARGOS   ',650,8.791,34.949
26,46,b'2900268 ',b'INDIAN ARGO PROJECT                                             ',b'K.RADHAKRISHNAN                                                 ',29,b'A',07:00.0,b'1',13.445,90.523,b'1',b'ARGOS   ',701,8.437,34.936
26,47,b'2900268 ',b'INDIAN ARGO PROJECT                                             ',b'K.RADHAKRISHNAN                                                 ',29,b'A',07:00.0,b'1',13.445,90.523,b'1',b'ARGOS   ',750,8.121,34.928
26,48,b'2900268 ',b'INDIAN ARGO PROJECT                                             ',b'K.RADHAKRISHNAN                                                 ',29,b'A',07:00.0,b'1',13.445,90.523,b'1',b'ARGOS   ',800,7.849,34.919
26,49,b'2900268 ',b'INDIAN ARGO PROJECT                                             ',b'K.RADHAKRISHNAN                                                 ',29,b'A',07:00.0,b'1',13.445,90.523,b'1',b'ARGOS   ',851,7.573,34.911
26,50,b'2900268 ',b'INDIAN ARGO PROJECT                                             ',b'K.RADHAKRISHNAN                                                 ',29,b'A',07:00.0,b'1',13.445,90.523,b'1',b'ARGOS   ',900,7.235,34.901
26,51,b'2900268 ',b'INDIAN ARGO PROJECT                                             ',b'K.RADHAKRISHNAN                                                 ',29,b'A',07:00.0,b'1',13.445,90.523,b'1',b'ARGOS   ',949,6.911,34.887
26,52,b'2900268 ',b'INDIAN ARGO PROJECT                                             ',b'K.RADHAKRISHNAN                                                 ',29,b'A',07:00.0,b'1',13.445,90.523,b'1',b'ARGOS   ',980,6.754,34.888
27,0,b'2900268 ',b'INDIAN ARGO PROJECT                                             ',b'K.RADHAKRISHNAN                                                 ',30,b'A',19:00.0,b'1',13.776,90.436,b'1',b'ARGOS   ',15,29.193,33.166
27,1,b'2900268 ',b'INDIAN ARGO PROJECT                                             ',b'K.RADHAKRISHNAN                                                 ',30,b'A',19:00.0,b'1',13.776,90.436,b'1',b'ARGOS   ',25,29.192,33.164
27,2,b'2900268 ',b'INDIAN ARGO PROJECT                                             ',b'K.RADHAKRISHNAN                                                 ',30,b'A',19:00.0,b'1',13.776,90.436,b'1',b'ARGOS   ',35,29.192,33.168
27,3,b'2900268 ',b'INDIAN ARGO PROJECT                                             ',b'K.RADHAKRISHNAN                                                 ',30,b'A',19:00.0,b'1',13.776,90.436,b'1',b'ARGOS   ',45,29.192,33.172
27,4,b'2900268 ',b'INDIAN ARGO PROJECT                                             ',b'K.RADHAKRISHNAN                                                 ',30,b'A',19:00.0,b'1',13.776,90.436,b'1',b'ARGOS   ',55,28.931,33.802
27,5,b'2900268 ',b'INDIAN ARGO PROJECT                                             ',b'K.RADHAKRISHNAN                                                 ',30,b'A',19:00.0,b'1',13.776,90.436,b'1',b'ARGOS   ',65,26.896,34.448
27,6,b'2900268 ',b'INDIAN ARGO PROJECT                                             ',b'K.RADHAKRISHNAN                                                 ',30,b'A',19:00.0,b'1',13.776,90.436,b'1',b'ARGOS   ',75,25.445,34.565
27,7,b'2900268 ',b'INDIAN ARGO PROJECT                                             ',b'K.RADHAKRISHNAN                                                 ',30,b'A',19:00.0,b'1',13.776,90.436,b'1',b'ARGOS   ',85,23.967,34.633
27,8,b'2900268 ',b'INDIAN ARGO PROJECT                                             ',b'K.RADHAKRISHNAN                                                 ',30,b'A',19:00.0,b'1',13.776,90.436,b'1',b'ARGOS   ',95,22.594,34.674
27,9,b'2900268 ',b'INDIAN ARGO PROJECT                                             ',b'K.RADHAKRISHNAN                                                 ',30,b'A',19:00.0,b'1',13.776,90.436,b'1',b'ARGOS   ',105,21.519,34.708
27,10,b'2900268 ',b'INDIAN ARGO PROJECT                                             ',b'K.RADHAKRISHNAN                                                 ',30,b'A',19:00.0,b'1',13.776,90.436,b'1',b'ARGOS   ',115,20.094,34.772
27,11,b'2900268 ',b'INDIAN ARGO PROJECT                                             ',b'K.RADHAKRISHNAN                                                 ',30,b'A',19:00.0,b'1',13.776,90.436,b'1',b'ARGOS   ',125,18.918,34.814
27,12,b'2900268 ',b'INDIAN ARGO PROJECT                                             ',b'K.RADHAKRISHNAN                                                 ',30,b'A',19:00.0,b'1',13.776,90.436,b'1',b'ARGOS   ',135,17.931,34.808
27,13,b'2900268 ',b'INDIAN ARGO PROJECT                                             ',b'K.RADHAKRISHNAN                                                 ',30,b'A',19:00.0,b'1',13.776,90.436,b'1',b'ARGOS   ',145,16.826,34.821
27,14,b'2900268 ',b'INDIAN ARGO PROJECT                                             ',b'K.RADHAKRISHNAN                                                 ',30,b'A',19:00.0,b'1',13.776,90.436,b'1',b'ARGOS   ',155,15.88,34.83
27,15,b'2900268 ',b'INDIAN ARGO PROJECT                                             ',b'K.RADHAKRISHNAN                                                 ',30,b'A',19:00.0,b'1',13.776,90.436,b'1',b'ARGOS   ',165,15.191,34.886
27,16,b'2900268 ',b'INDIAN ARGO PROJECT                                             ',b'K.RADHAKRISHNAN                                                 ',30,b'A',19:00.0,b'1',13.776,90.436,b'1',b'ARGOS   ',175,14.697,34.904
27,17,b'2900268 ',b'INDIAN ARGO PROJECT                                             ',b'K.RADHAKRISHNAN                                                 ',30,b'A',19:00.0,b'1',13.776,90.436,b'1',b'ARGOS   ',185,13.838,34.908
27,18,b'2900268 ',b'INDIAN ARGO PROJECT                                             ',b'K.RADHAKRISHNAN                                                 ',30,b'A',19:00.0,b'1',13.776,90.436,b'1',b'ARGOS   ',195,13.401,34.908
27,19,b'2900268 ',b'INDIAN ARGO PROJECT                                             ',b'K.RADHAKRISHNAN                                                 ',30,b'A',19:00.0,b'1',13.776,90.436,b'1',b'ARGOS   ',205,13.188,34.91
27,20,b'2900268 ',b'INDIAN ARGO PROJECT                                             ',b'K.RADHAKRISHNAN                                                 ',30,b'A',19:00.0,b'1',13.776,90.436,b'1',b'ARGOS   ',215,12.921,34.932
27,21,b'2900268 ',b'INDIAN ARGO PROJECT                                             ',b'K.RADHAKRISHNAN                                                 ',30,b'A',19:00.0,b'1',13.776,90.436,b'1',b'ARGOS   ',225,12.627,34.941
27,22,b'2900268 ',b'INDIAN ARGO PROJECT                                             ',b'K.RADHAKRISHNAN                                                 ',30,b'A',19:00.0,b'1',13.776,90.436,b'1',b'ARGOS   ',235,12.375,34.94
27,23,b'2900268 ',b'INDIAN ARGO PROJECT                                             ',b'K.RADHAKRISHNAN                                                 ',30,b'A',19:00.0,b'1',13.776,90.436,b'1',b'ARGOS   ',245,12.168,34.944
27,24,b'2900268 ',b'INDIAN ARGO PROJECT                                             ',b'K.RADHAKRISHNAN                                                 ',30,b'A',19:00.0,b'1',13.776,90.436,b'1',b'ARGOS   ',255,12.009,34.952
27,25,b'2900268 ',b'INDIAN ARGO PROJECT                                             ',b'K.RADHAKRISHNAN                                                 ',30,b'A',19:00.0,b'1',13.776,90.436,b'1',b'ARGOS   ',265,11.898,34.964
27,26,b'2900268 ',b'INDIAN ARGO PROJECT                                             ',b'K.RADHAKRISHNAN                                                 ',30,b'A',19:00.0,b'1',13.776,90.436,b'1',b'ARGOS   ',275,11.765,34.958
27,27,b'2900268 ',b'INDIAN ARGO PROJECT                                             ',b'K.RADHAKRISHNAN                                                 ',30,b'A',19:00.0,b'1',13.776,90.436,b'1',b'ARGOS   ',285,11.68,34.964
27,28,b'2900268 ',b'INDIAN ARGO PROJECT                                             ',b'K.RADHAKRISHNAN                                                 ',30,b'A',19:00.0,b'1',13.776,90.436,b'1',b'ARGOS   ',295,11.525,34.968
27,29,b'2900268 ',b'INDIAN ARGO PROJECT                                             ',b'K.RADHAKRISHNAN                                                 ',30,b'A',19:00.0,b'1',13.776,90.436,b'1',b'ARGOS   ',305,11.418,34.976
27,30,b'2900268 ',b'INDIAN ARGO PROJECT                                             ',b'K.RADHAKRISHNAN                                                 ',30,b'A',19:00.0,b'1',13.776,90.436,b'1',b'ARGOS   ',315,11.296,34.978
27,31,b'2900268 ',b'INDIAN ARGO PROJECT                                             ',b'K.RADHAKRISHNAN                                                 ',30,b'A',19:00.0,b'1',13.776,90.436,b'1',b'ARGOS   ',325,11.165,34.979
27,32,b'2900268 ',b'INDIAN ARGO PROJECT                                             ',b'K.RADHAKRISHNAN                                                 ',30,b'A',19:00.0,b'1',13.776,90.436,b'1',b'ARGOS   ',335,11.072,34.973
27,33,b'2900268 ',b'INDIAN ARGO PROJECT                                             ',b'K.RADHAKRISHNAN                                                 ',30,b'A',19:00.0,b'1',13.776,90.436,b'1',b'ARGOS   ',345,10.971,34.975
27,34,b'2900268 ',b'INDIAN ARGO PROJECT                                             ',b'K.RADHAKRISHNAN                                                 ',30,b'A',19:00.0,b'1',13.776,90.436,b'1',b'ARGOS   ',355,10.895,34.973
27,35,b'2900268 ',b'INDIAN ARGO PROJECT                                             ',b'K.RADHAKRISHNAN                                                 ',30,b'A',19:00.0,b'1',13.776,90.436,b'1',b'ARGOS   ',365,10.794,34.975
27,36,b'2900268 ',b'INDIAN ARGO PROJECT                                             ',b'K.RADHAKRISHNAN                                                 ',30,b'A',19:00.0,b'1',13.776,90.436,b'1',b'ARGOS   ',375,10.712,34.978
27,37,b'2900268 ',b'INDIAN ARGO PROJECT                                             ',b'K.RADHAKRISHNAN                                                 ',30,b'A',19:00.0,b'1',13.776,90.436,b'1',b'ARGOS   ',384,10.588,34.972
27,38,b'2900268 ',b'INDIAN ARGO PROJECT                                             ',b'K.RADHAKRISHNAN                                                 ',30,b'A',19:00.0,b'1',13.776,90.436,b'1',b'ARGOS   ',395,10.494,34.967
27,39,b'2900268 ',b'INDIAN ARGO PROJECT                                             ',b'K.RADHAKRISHNAN                                                 ',30,b'A',19:00.0,b'1',13.776,90.436,b'1',b'ARGOS   ',405,10.376,34.964
27,40,b'2900268 ',b'INDIAN ARGO PROJECT                                             ',b'K.RADHAKRISHNAN                                                 ',30,b'A',19:00.0,b'1',13.776,90.436,b'1',b'ARGOS   ',415,10.28,34.971
27,41,b'2900268 ',b'INDIAN ARGO PROJECT                                             ',b'K.RADHAKRISHNAN                                                 ',30,b'A',19:00.0,b'1',13.776,90.436,b'1',b'ARGOS   ',449,10.114,34.973
27,42,b'2900268 ',b'INDIAN ARGO PROJECT                                             ',b'K.RADHAKRISHNAN                                                 ',30,b'A',19:00.0,b'1',13.776,90.436,b'1',b'ARGOS   ',500,9.8,34.967
27,43,b'2900268 ',b'INDIAN ARGO PROJECT                                             ',b'K.RADHAKRISHNAN                                                 ',30,b'A',19:00.0,b'1',13.776,90.436,b'1',b'ARGOS   ',549,9.418,34.965
27,44,b'2900268 ',b'INDIAN ARGO PROJECT                                             ',b'K.RADHAKRISHNAN                                                 ',30,b'A',19:00.0,b'1',13.776,90.436,b'1',b'ARGOS   ',600,9.098,34.953
27,45,b'2900268 ',b'INDIAN ARGO PROJECT                                             ',b'K.RADHAKRISHNAN                                                 ',30,b'A',19:00.0,b'1',13.776,90.436,b'1',b'ARGOS   ',650,8.765,34.943
27,46,b'2900268 ',b'INDIAN ARGO PROJECT                                             ',b'K.RADHAKRISHNAN                                                 ',30,b'A',19:00.0,b'1',13.776,90.436,b'1',b'ARGOS   ',699,8.42,34.933
27,47,b'2900268 ',b'INDIAN ARGO PROJECT                                             ',b'K.RADHAKRISHNAN                                                 ',30,b'A',19:00.0,b'1',13.776,90.436,b'1',b'ARGOS   ',752,8.087,34.919
27,48,b'2900268 ',b'INDIAN ARGO PROJECT                                             ',b'K.RADHAKRISHNAN                                                 ',30,b'A',19:00.0,b'1',13.776,90.436,b'1',b'ARGOS   ',800,7.811,34.913
27,49,b'2900268 ',b'INDIAN ARGO PROJECT                                             ',b'K.RADHAKRISHNAN                                                 ',30,b'A',19:00.0,b'1',13.776,90.436,b'1',b'ARGOS   ',850,7.471,34.906
27,50,b'2900268 ',b'INDIAN ARGO PROJECT                                             ',b'K.RADHAKRISHNAN                                                 ',30,b'A',19:00.0,b'1',13.776,90.436,b'1',b'ARGOS   ',900,7.131,34.886
27,51,b'2900268 ',b'INDIAN ARGO PROJECT                                             ',b'K.RADHAKRISHNAN                                                 ',30,b'A',19:00.0,b'1',13.776,90.436,b'1',b'ARGOS   ',949,6.777,34.879
27,52,b'2900268 ',b'INDIAN ARGO PROJECT                                             ',b'K.RADHAKRISHNAN                                                 ',30,b'A',19:00.0,b'1',13.776,90.436,b'1',b'ARGOS   ',992,6.526,34.87
28,0,b'2900268 ',b'INDIAN ARGO PROJECT                                             ',b'K.RADHAKRISHNAN                                                 ',31,b'A',13:00.0,b'1',14.064,90.326,b'1',b'ARGOS   ',15,28.99,33.259
28,1,b'2900268 ',b'INDIAN ARGO PROJECT                                             ',b'K.RADHAKRISHNAN                                                 ',31,b'A',13:00.0,b'1',14.064,90.326,b'1',b'ARGOS   ',25,28.988,33.264
28,2,b'2900268 ',b'INDIAN ARGO PROJECT                                             ',b'K.RADHAKRISHNAN                                                 ',31,b'A',13:00.0,b'1',14.064,90.326,b'1',b'ARGOS   ',34,28.985,33.264
28,3,b'2900268 ',b'INDIAN ARGO PROJECT                                             ',b'K.RADHAKRISHNAN                                                 ',31,b'A',13:00.0,b'1',14.064,90.326,b'1',b'ARGOS   ',45,28.991,33.263
28,4,b'2900268 ',b'INDIAN ARGO PROJECT                                             ',b'K.RADHAKRISHNAN                                                 ',31,b'A',13:00.0,b'1',14.064,90.326,b'1',b'ARGOS   ',55,28.989,33.365
28,5,b'2900268 ',b'INDIAN ARGO PROJECT                                             ',b'K.RADHAKRISHNAN                                                 ',31,b'A',13:00.0,b'1',14.064,90.326,b'1',b'ARGOS   ',65,28.157,33.93
28,6,b'2900268 ',b'INDIAN ARGO PROJECT                                             ',b'K.RADHAKRISHNAN                                                 ',31,b'A',13:00.0,b'1',14.064,90.326,b'1',b'ARGOS   ',75,26.669,34.443
28,7,b'2900268 ',b'INDIAN ARGO PROJECT                                             ',b'K.RADHAKRISHNAN                                                 ',31,b'A',13:00.0,b'1',14.064,90.326,b'1',b'ARGOS   ',85,25.272,34.583
28,8,b'2900268 ',b'INDIAN ARGO PROJECT                                             ',b'K.RADHAKRISHNAN                                                 ',31,b'A',13:00.0,b'1',14.064,90.326,b'1',b'ARGOS   ',95,23.975,34.654
28,9,b'2900268 ',b'INDIAN ARGO PROJECT                                             ',b'K.RADHAKRISHNAN                                                 ',31,b'A',13:00.0,b'1',14.064,90.326,b'1',b'ARGOS   ',105,22.777,34.689
28,10,b'2900268 ',b'INDIAN ARGO PROJECT                                             ',b'K.RADHAKRISHNAN                                                 ',31,b'A',13:00.0,b'1',14.064,90.326,b'1',b'ARGOS   ',115,21.492,34.702
28,11,b'2900268 ',b'INDIAN ARGO PROJECT                                             ',b'K.RADHAKRISHNAN                                                 ',31,b'A',13:00.0,b'1',14.064,90.326,b'1',b'ARGOS   ',125,20.528,34.769
28,12,b'2900268 ',b'INDIAN ARGO PROJECT                                             ',b'K.RADHAKRISHNAN                                                 ',31,b'A',13:00.0,b'1',14.064,90.326,b'1',b'ARGOS   ',135,19.535,34.793
28,13,b'2900268 ',b'INDIAN ARGO PROJECT                                             ',b'K.RADHAKRISHNAN                                                 ',31,b'A',13:00.0,b'1',14.064,90.326,b'1',b'ARGOS   ',146,18.509,34.823
28,14,b'2900268 ',b'INDIAN ARGO PROJECT                                             ',b'K.RADHAKRISHNAN                                                 ',31,b'A',13:00.0,b'1',14.064,90.326,b'1',b'ARGOS   ',155,17.424,34.831
28,15,b'2900268 ',b'INDIAN ARGO PROJECT                                             ',b'K.RADHAKRISHNAN                                                 ',31,b'A',13:00.0,b'1',14.064,90.326,b'1',b'ARGOS   ',165,16.32,34.822
28,16,b'2900268 ',b'INDIAN ARGO PROJECT                                             ',b'K.RADHAKRISHNAN                                                 ',31,b'A',13:00.0,b'1',14.064,90.326,b'1',b'ARGOS   ',175,15.772,34.854
28,17,b'2900268 ',b'INDIAN ARGO PROJECT                                             ',b'K.RADHAKRISHNAN                                                 ',31,b'A',13:00.0,b'1',14.064,90.326,b'1',b'ARGOS   ',185,15.15,34.879
28,18,b'2900268 ',b'INDIAN ARGO PROJECT                                             ',b'K.RADHAKRISHNAN                                                 ',31,b'A',13:00.0,b'1',14.064,90.326,b'1',b'ARGOS   ',195,14.44,34.87
28,19,b'2900268 ',b'INDIAN ARGO PROJECT                                             ',b'K.RADHAKRISHNAN                                                 ',31,b'A',13:00.0,b'1',14.064,90.326,b'1',b'ARGOS   ',204,13.946,34.886
28,20,b'2900268 ',b'INDIAN ARGO PROJECT                                             ',b'K.RADHAKRISHNAN                                                 ',31,b'A',13:00.0,b'1',14.064,90.326,b'1',b'ARGOS   ',215,13.485,34.907
28,21,b'2900268 ',b'INDIAN ARGO PROJECT                                             ',b'K.RADHAKRISHNAN                                                 ',31,b'A',13:00.0,b'1',14.064,90.326,b'1',b'ARGOS   ',226,13.213,34.916
28,22,b'2900268 ',b'INDIAN ARGO PROJECT                                             ',b'K.RADHAKRISHNAN                                                 ',31,b'A',13:00.0,b'1',14.064,90.326,b'1',b'ARGOS   ',235,13.061,34.919
28,23,b'2900268 ',b'INDIAN ARGO PROJECT                                             ',b'K.RADHAKRISHNAN                                                 ',31,b'A',13:00.0,b'1',14.064,90.326,b'1',b'ARGOS   ',245,12.854,34.924
28,24,b'2900268 ',b'INDIAN ARGO PROJECT                                             ',b'K.RADHAKRISHNAN                                                 ',31,b'A',13:00.0,b'1',14.064,90.326,b'1',b'ARGOS   ',255,12.647,34.929
28,25,b'2900268 ',b'INDIAN ARGO PROJECT                                             ',b'K.RADHAKRISHNAN                                                 ',31,b'A',13:00.0,b'1',14.064,90.326,b'1',b'ARGOS   ',265,12.451,34.943
28,26,b'2900268 ',b'INDIAN ARGO PROJECT                                             ',b'K.RADHAKRISHNAN                                                 ',31,b'A',13:00.0,b'1',14.064,90.326,b'1',b'ARGOS   ',275,12.246,34.946
28,27,b'2900268 ',b'INDIAN ARGO PROJECT                                             ',b'K.RADHAKRISHNAN                                                 ',31,b'A',13:00.0,b'1',14.064,90.326,b'1',b'ARGOS   ',285,12.09,34.942
28,28,b'2900268 ',b'INDIAN ARGO PROJECT                                             ',b'K.RADHAKRISHNAN                                                 ',31,b'A',13:00.0,b'1',14.064,90.326,b'1',b'ARGOS   ',295,11.896,34.943
28,29,b'2900268 ',b'INDIAN ARGO PROJECT                                             ',b'K.RADHAKRISHNAN                                                 ',31,b'A',13:00.0,b'1',14.064,90.326,b'1',b'ARGOS   ',305,11.776,34.954
28,30,b'2900268 ',b'INDIAN ARGO PROJECT                                             ',b'K.RADHAKRISHNAN                                                 ',31,b'A',13:00.0,b'1',14.064,90.326,b'1',b'ARGOS   ',315,11.672,34.959
28,31,b'2900268 ',b'INDIAN ARGO PROJECT                                             ',b'K.RADHAKRISHNAN                                                 ',31,b'A',13:00.0,b'1',14.064,90.326,b'1',b'ARGOS   ',325,11.558,34.964
28,32,b'2900268 ',b'INDIAN ARGO PROJECT                                             ',b'K.RADHAKRISHNAN                                                 ',31,b'A',13:00.0,b'1',14.064,90.326,b'1',b'ARGOS   ',334,11.432,34.96
28,33,b'2900268 ',b'INDIAN ARGO PROJECT                                             ',b'K.RADHAKRISHNAN                                                 ',31,b'A',13:00.0,b'1',14.064,90.326,b'1',b'ARGOS   ',345,11.316,34.966
28,34,b'2900268 ',b'INDIAN ARGO PROJECT                                             ',b'K.RADHAKRISHNAN                                                 ',31,b'A',13:00.0,b'1',14.064,90.326,b'1',b'ARGOS   ',355,11.218,34.965
28,35,b'2900268 ',b'INDIAN ARGO PROJECT                                             ',b'K.RADHAKRISHNAN                                                 ',31,b'A',13:00.0,b'1',14.064,90.326,b'1',b'ARGOS   ',365,11.113,34.961
28,36,b'2900268 ',b'INDIAN ARGO PROJECT                                             ',b'K.RADHAKRISHNAN                                                 ',31,b'A',13:00.0,b'1',14.064,90.326,b'1',b'ARGOS   ',375,11.025,34.97
28,37,b'2900268 ',b'INDIAN ARGO PROJECT                                             ',b'K.RADHAKRISHNAN                                                 ',31,b'A',13:00.0,b'1',14.064,90.326,b'1',b'ARGOS   ',385,10.948,34.969
28,38,b'2900268 ',b'INDIAN ARGO PROJECT                                             ',b'K.RADHAKRISHNAN                                                 ',31,b'A',13:00.0,b'1',14.064,90.326,b'1',b'ARGOS   ',395,10.865,34.964
28,39,b'2900268 ',b'INDIAN ARGO PROJECT                                             ',b'K.RADHAKRISHNAN                                                 ',31,b'A',13:00.0,b'1',14.064,90.326,b'1',b'ARGOS   ',405,10.798,34.963
28,40,b'2900268 ',b'INDIAN ARGO PROJECT                                             ',b'K.RADHAKRISHNAN                                                 ',31,b'A',13:00.0,b'1',14.064,90.326,b'1',b'ARGOS   ',415,10.727,34.967
28,41,b'2900268 ',b'INDIAN ARGO PROJECT                                             ',b'K.RADHAKRISHNAN                                                 ',31,b'A',13:00.0,b'1',14.064,90.326,b'1',b'ARGOS   ',450,10.418,34.965
28,42,b'2900268 ',b'INDIAN ARGO PROJECT                                             ',b'K.RADHAKRISHNAN                                                 ',31,b'A',13:00.0,b'1',14.064,90.326,b'1',b'ARGOS   ',500,10.014,34.955
28,43,b'2900268 ',b'INDIAN ARGO PROJECT                                             ',b'K.RADHAKRISHNAN                                                 ',31,b'A',13:00.0,b'1',14.064,90.326,b'1',b'ARGOS   ',550,9.633,34.952
28,44,b'2900268 ',b'INDIAN ARGO PROJECT                                             ',b'K.RADHAKRISHNAN                                                 ',31,b'A',13:00.0,b'1',14.064,90.326,b'1',b'ARGOS   ',600,9.287,34.946
28,45,b'2900268 ',b'INDIAN ARGO PROJECT                                             ',b'K.RADHAKRISHNAN                                                 ',31,b'A',13:00.0,b'1',14.064,90.326,b'1',b'ARGOS   ',650,8.894,34.932
28,46,b'2900268 ',b'INDIAN ARGO PROJECT                                             ',b'K.RADHAKRISHNAN                                                 ',31,b'A',13:00.0,b'1',14.064,90.326,b'1',b'ARGOS   ',700,8.556,34.925
28,47,b'2900268 ',b'INDIAN ARGO PROJECT                                             ',b'K.RADHAKRISHNAN                                                 ',31,b'A',13:00.0,b'1',14.064,90.326,b'1',b'ARGOS   ',750,8.227,34.919
28,48,b'2900268 ',b'INDIAN ARGO PROJECT                                             ',b'K.RADHAKRISHNAN                                                 ',31,b'A',13:00.0,b'1',14.064,90.326,b'1',b'ARGOS   ',800,7.856,34.901
28,49,b'2900268 ',b'INDIAN ARGO PROJECT                                             ',b'K.RADHAKRISHNAN                                                 ',31,b'A',13:00.0,b'1',14.064,90.326,b'1',b'ARGOS   ',850,7.485,34.892
28,50,b'2900268 ',b'INDIAN ARGO PROJECT                                             ',b'K.RADHAKRISHNAN                                                 ',31,b'A',13:00.0,b'1',14.064,90.326,b'1',b'ARGOS   ',899,7.168,34.882
28,51,b'2900268 ',b'INDIAN ARGO PROJECT                                             ',b'K.RADHAKRISHNAN                                                 ',31,b'A',13:00.0,b'1',14.064,90.326,b'1',b'ARGOS   ',950,6.867,34.865
28,52,b'2900268 ',b'INDIAN ARGO PROJECT                                             ',b'K.RADHAKRISHNAN                                                 ',31,b'A',13:00.0,b'1',14.064,90.326,b'1',b'ARGOS   ',995,6.63,34.863
29,0,b'2900268 ',b'INDIAN ARGO PROJECT                                             ',b'K.RADHAKRISHNAN                                                 ',32,b'A',19:00.0,b'1',14.428,90.315,b'1',b'ARGOS   ',15,28.869,33.268
29,1,b'2900268 ',b'INDIAN ARGO PROJECT                                             ',b'K.RADHAKRISHNAN                                                 ',32,b'A',19:00.0,b'1',14.428,90.315,b'1',b'ARGOS   ',25,28.869,33.265
29,2,b'2900268 ',b'INDIAN ARGO PROJECT                                             ',b'K.RADHAKRISHNAN                                                 ',32,b'A',19:00.0,b'1',14.428,90.315,b'1',b'ARGOS   ',35,28.872,33.267
29,3,b'2900268 ',b'INDIAN ARGO PROJECT                                             ',b'K.RADHAKRISHNAN                                                 ',32,b'A',19:00.0,b'1',14.428,90.315,b'1',b'ARGOS   ',45,28.874,33.27
29,4,b'2900268 ',b'INDIAN ARGO PROJECT                                             ',b'K.RADHAKRISHNAN                                                 ',32,b'A',19:00.0,b'1',14.428,90.315,b'1',b'ARGOS   ',55,28.846,33.423
29,5,b'2900268 ',b'INDIAN ARGO PROJECT                                             ',b'K.RADHAKRISHNAN                                                 ',32,b'A',19:00.0,b'1',14.428,90.315,b'1',b'ARGOS   ',65,28.131,34.018
29,6,b'2900268 ',b'INDIAN ARGO PROJECT                                             ',b'K.RADHAKRISHNAN                                                 ',32,b'A',19:00.0,b'1',14.428,90.315,b'1',b'ARGOS   ',75,27.006,34.3
29,7,b'2900268 ',b'INDIAN ARGO PROJECT                                             ',b'K.RADHAKRISHNAN                                                 ',32,b'A',19:00.0,b'1',14.428,90.315,b'1',b'ARGOS   ',85,25.81,34.549
29,8,b'2900268 ',b'INDIAN ARGO PROJECT                                             ',b'K.RADHAKRISHNAN                                                 ',32,b'A',19:00.0,b'1',14.428,90.315,b'1',b'ARGOS   ',95,24.345,34.66
29,9,b'2900268 ',b'INDIAN ARGO PROJECT                                             ',b'K.RADHAKRISHNAN                                                 ',32,b'A',19:00.0,b'1',14.428,90.315,b'1',b'ARGOS   ',105,22.669,34.767
29,10,b'2900268 ',b'INDIAN ARGO PROJECT                                             ',b'K.RADHAKRISHNAN                                                 ',32,b'A',19:00.0,b'1',14.428,90.315,b'1',b'ARGOS   ',115,21.396,34.724
29,11,b'2900268 ',b'INDIAN ARGO PROJECT                                             ',b'K.RADHAKRISHNAN                                                 ',32,b'A',19:00.0,b'1',14.428,90.315,b'1',b'ARGOS   ',125,20.125,34.776
29,12,b'2900268 ',b'INDIAN ARGO PROJECT                                             ',b'K.RADHAKRISHNAN                                                 ',32,b'A',19:00.0,b'1',14.428,90.315,b'1',b'ARGOS   ',135,19.147,34.802
29,13,b'2900268 ',b'INDIAN ARGO PROJECT                                             ',b'K.RADHAKRISHNAN                                                 ',32,b'A',19:00.0,b'1',14.428,90.315,b'1',b'ARGOS   ',145,18.098,34.807
29,14,b'2900268 ',b'INDIAN ARGO PROJECT                                             ',b'K.RADHAKRISHNAN                                                 ',32,b'A',19:00.0,b'1',14.428,90.315,b'1',b'ARGOS   ',156,17.141,34.814
29,15,b'2900268 ',b'INDIAN ARGO PROJECT                                             ',b'K.RADHAKRISHNAN                                                 ',32,b'A',19:00.0,b'1',14.428,90.315,b'1',b'ARGOS   ',165,16.551,34.815
29,16,b'2900268 ',b'INDIAN ARGO PROJECT                                             ',b'K.RADHAKRISHNAN                                                 ',32,b'A',19:00.0,b'1',14.428,90.315,b'1',b'ARGOS   ',175,15.545,34.857
29,17,b'2900268 ',b'INDIAN ARGO PROJECT                                             ',b'K.RADHAKRISHNAN                                                 ',32,b'A',19:00.0,b'1',14.428,90.315,b'1',b'ARGOS   ',185,14.742,34.878
29,18,b'2900268 ',b'INDIAN ARGO PROJECT                                             ',b'K.RADHAKRISHNAN                                                 ',32,b'A',19:00.0,b'1',14.428,90.315,b'1',b'ARGOS   ',195,14.147,34.875
29,19,b'2900268 ',b'INDIAN ARGO PROJECT                                             ',b'K.RADHAKRISHNAN                                                 ',32,b'A',19:00.0,b'1',14.428,90.315,b'1',b'ARGOS   ',206,13.758,34.888
29,20,b'2900268 ',b'INDIAN ARGO PROJECT                                             ',b'K.RADHAKRISHNAN                                                 ',32,b'A',19:00.0,b'1',14.428,90.315,b'1',b'ARGOS   ',216,13.445,34.906
29,21,b'2900268 ',b'INDIAN ARGO PROJECT                                             ',b'K.RADHAKRISHNAN                                                 ',32,b'A',19:00.0,b'1',14.428,90.315,b'1',b'ARGOS   ',225,13.189,34.91
29,22,b'2900268 ',b'INDIAN ARGO PROJECT                                             ',b'K.RADHAKRISHNAN                                                 ',32,b'A',19:00.0,b'1',14.428,90.315,b'1',b'ARGOS   ',235,13.008,34.92
29,23,b'2900268 ',b'INDIAN ARGO PROJECT                                             ',b'K.RADHAKRISHNAN                                                 ',32,b'A',19:00.0,b'1',14.428,90.315,b'1',b'ARGOS   ',245,12.793,34.923
29,24,b'2900268 ',b'INDIAN ARGO PROJECT                                             ',b'K.RADHAKRISHNAN                                                 ',32,b'A',19:00.0,b'1',14.428,90.315,b'1',b'ARGOS   ',255,12.601,34.933
29,25,b'2900268 ',b'INDIAN ARGO PROJECT                                             ',b'K.RADHAKRISHNAN                                                 ',32,b'A',19:00.0,b'1',14.428,90.315,b'1',b'ARGOS   ',265,12.359,34.942
29,26,b'2900268 ',b'INDIAN ARGO PROJECT                                             ',b'K.RADHAKRISHNAN                                                 ',32,b'A',19:00.0,b'1',14.428,90.315,b'1',b'ARGOS   ',275,12.154,34.935
29,27,b'2900268 ',b'INDIAN ARGO PROJECT                                             ',b'K.RADHAKRISHNAN                                                 ',32,b'A',19:00.0,b'1',14.428,90.315,b'1',b'ARGOS   ',286,12.019,34.949
29,28,b'2900268 ',b'INDIAN ARGO PROJECT                                             ',b'K.RADHAKRISHNAN                                                 ',32,b'A',19:00.0,b'1',14.428,90.315,b'1',b'ARGOS   ',295,11.914,34.956
29,29,b'2900268 ',b'INDIAN ARGO PROJECT                                             ',b'K.RADHAKRISHNAN                                                 ',32,b'A',19:00.0,b'1',14.428,90.315,b'1',b'ARGOS   ',305,11.798,34.962
29,30,b'2900268 ',b'INDIAN ARGO PROJECT                                             ',b'K.RADHAKRISHNAN                                                 ',32,b'A',19:00.0,b'1',14.428,90.315,b'1',b'ARGOS   ',315,11.664,34.957
29,31,b'2900268 ',b'INDIAN ARGO PROJECT                                             ',b'K.RADHAKRISHNAN                                                 ',32,b'A',19:00.0,b'1',14.428,90.315,b'1',b'ARGOS   ',325,11.479,34.959
29,32,b'2900268 ',b'INDIAN ARGO PROJECT                                             ',b'K.RADHAKRISHNAN                                                 ',32,b'A',19:00.0,b'1',14.428,90.315,b'1',b'ARGOS   ',335,11.369,34.96
29,33,b'2900268 ',b'INDIAN ARGO PROJECT                                             ',b'K.RADHAKRISHNAN                                                 ',32,b'A',19:00.0,b'1',14.428,90.315,b'1',b'ARGOS   ',345,11.272,34.968
29,34,b'2900268 ',b'INDIAN ARGO PROJECT                                             ',b'K.RADHAKRISHNAN                                                 ',32,b'A',19:00.0,b'1',14.428,90.315,b'1',b'ARGOS   ',355,11.174,34.967
29,35,b'2900268 ',b'INDIAN ARGO PROJECT                                             ',b'K.RADHAKRISHNAN                                                 ',32,b'A',19:00.0,b'1',14.428,90.315,b'1',b'ARGOS   ',365,11.076,34.966
29,36,b'2900268 ',b'INDIAN ARGO PROJECT                                             ',b'K.RADHAKRISHNAN                                                 ',32,b'A',19:00.0,b'1',14.428,90.315,b'1',b'ARGOS   ',375,11.002,34.962
29,37,b'2900268 ',b'INDIAN ARGO PROJECT                                             ',b'K.RADHAKRISHNAN                                                 ',32,b'A',19:00.0,b'1',14.428,90.315,b'1',b'ARGOS   ',385,10.896,34.959
29,38,b'2900268 ',b'INDIAN ARGO PROJECT                                             ',b'K.RADHAKRISHNAN                                                 ',32,b'A',19:00.0,b'1',14.428,90.315,b'1',b'ARGOS   ',395,10.789,34.966
29,39,b'2900268 ',b'INDIAN ARGO PROJECT                                             ',b'K.RADHAKRISHNAN                                                 ',32,b'A',19:00.0,b'1',14.428,90.315,b'1',b'ARGOS   ',406,10.71,34.967
29,40,b'2900268 ',b'INDIAN ARGO PROJECT                                             ',b'K.RADHAKRISHNAN                                                 ',32,b'A',19:00.0,b'1',14.428,90.315,b'1',b'ARGOS   ',415,10.635,34.964
29,41,b'2900268 ',b'INDIAN ARGO PROJECT                                             ',b'K.RADHAKRISHNAN                                                 ',32,b'A',19:00.0,b'1',14.428,90.315,b'1',b'ARGOS   ',451,10.369,34.96
29,42,b'2900268 ',b'INDIAN ARGO PROJECT                                             ',b'K.RADHAKRISHNAN                                                 ',32,b'A',19:00.0,b'1',14.428,90.315,b'1',b'ARGOS   ',500,9.98,34.957
29,43,b'2900268 ',b'INDIAN ARGO PROJECT                                             ',b'K.RADHAKRISHNAN                                                 ',32,b'A',19:00.0,b'1',14.428,90.315,b'1',b'ARGOS   ',550,9.592,34.951
29,44,b'2900268 ',b'INDIAN ARGO PROJECT                                             ',b'K.RADHAKRISHNAN                                                 ',32,b'A',19:00.0,b'1',14.428,90.315,b'1',b'ARGOS   ',600,9.22,34.938
29,45,b'2900268 ',b'INDIAN ARGO PROJECT                                             ',b'K.RADHAKRISHNAN                                                 ',32,b'A',19:00.0,b'1',14.428,90.315,b'1',b'ARGOS   ',650,8.883,34.932
29,46,b'2900268 ',b'INDIAN ARGO PROJECT                                             ',b'K.RADHAKRISHNAN                                                 ',32,b'A',19:00.0,b'1',14.428,90.315,b'1',b'ARGOS   ',702,8.561,34.919
29,47,b'2900268 ',b'INDIAN ARGO PROJECT                                             ',b'K.RADHAKRISHNAN                                                 ',32,b'A',19:00.0,b'1',14.428,90.315,b'1',b'ARGOS   ',750,8.255,34.913
29,48,b'2900268 ',b'INDIAN ARGO PROJECT                                             ',b'K.RADHAKRISHNAN                                                 ',32,b'A',19:00.0,b'1',14.428,90.315,b'1',b'ARGOS   ',800,7.952,34.902
29,49,b'2900268 ',b'INDIAN ARGO PROJECT                                             ',b'K.RADHAKRISHNAN                                                 ',32,b'A',19:00.0,b'1',14.428,90.315,b'1',b'ARGOS   ',850,7.652,34.898
29,50,b'2900268 ',b'INDIAN ARGO PROJECT                                             ',b'K.RADHAKRISHNAN                                                 ',32,b'A',19:00.0,b'1',14.428,90.315,b'1',b'ARGOS   ',900,7.334,34.878
29,51,b'2900268 ',b'INDIAN ARGO PROJECT                                             ',b'K.RADHAKRISHNAN                                                 ',32,b'A',19:00.0,b'1',14.428,90.315,b'1',b'ARGOS   ',950,7.04,34.877
29,52,b'2900268 ',b'INDIAN ARGO PROJECT                                             ',b'K.RADHAKRISHNAN                                                 ',32,b'A',19:00.0,b'1',14.428,90.315,b'1',b'ARGOS   ',991,6.778,34.87
30,0,b'2900268 ',b'INDIAN ARGO PROJECT                                             ',b'K.RADHAKRISHNAN                                                 ',33,b'A',13:00.0,b'1',14.676,90.332,b'1',b'ARGOS   ',15,28.569,32.721
30,1,b'2900268 ',b'INDIAN ARGO PROJECT                                             ',b'K.RADHAKRISHNAN                                                 ',33,b'A',13:00.0,b'1',14.676,90.332,b'1',b'ARGOS   ',25,28.652,32.963
30,2,b'2900268 ',b'INDIAN ARGO PROJECT                                             ',b'K.RADHAKRISHNAN                                                 ',33,b'A',13:00.0,b'1',14.676,90.332,b'1',b'ARGOS   ',35,28.714,33.034
30,3,b'2900268 ',b'INDIAN ARGO PROJECT                                             ',b'K.RADHAKRISHNAN                                                 ',33,b'A',13:00.0,b'1',14.676,90.332,b'1',b'ARGOS   ',45,28.911,33.155
30,4,b'2900268 ',b'INDIAN ARGO PROJECT                                             ',b'K.RADHAKRISHNAN                                                 ',33,b'A',13:00.0,b'1',14.676,90.332,b'1',b'ARGOS   ',56,28.92,33.31
30,5,b'2900268 ',b'INDIAN ARGO PROJECT                                             ',b'K.RADHAKRISHNAN                                                 ',33,b'A',13:00.0,b'1',14.676,90.332,b'1',b'ARGOS   ',65,28.378,33.903
30,6,b'2900268 ',b'INDIAN ARGO PROJECT                                             ',b'K.RADHAKRISHNAN                                                 ',33,b'A',13:00.0,b'1',14.676,90.332,b'1',b'ARGOS   ',75,26.743,34.459
30,7,b'2900268 ',b'INDIAN ARGO PROJECT                                             ',b'K.RADHAKRISHNAN                                                 ',33,b'A',13:00.0,b'1',14.676,90.332,b'1',b'ARGOS   ',85,25.223,34.414
30,8,b'2900268 ',b'INDIAN ARGO PROJECT                                             ',b'K.RADHAKRISHNAN                                                 ',33,b'A',13:00.0,b'1',14.676,90.332,b'1',b'ARGOS   ',95,24.251,34.47
30,9,b'2900268 ',b'INDIAN ARGO PROJECT                                             ',b'K.RADHAKRISHNAN                                                 ',33,b'A',13:00.0,b'1',14.676,90.332,b'1',b'ARGOS   ',105,23.27,34.57
30,10,b'2900268 ',b'INDIAN ARGO PROJECT                                             ',b'K.RADHAKRISHNAN                                                 ',33,b'A',13:00.0,b'1',14.676,90.332,b'1',b'ARGOS   ',116,21.7,34.653
30,11,b'2900268 ',b'INDIAN ARGO PROJECT                                             ',b'K.RADHAKRISHNAN                                                 ',33,b'A',13:00.0,b'1',14.676,90.332,b'1',b'ARGOS   ',125,20.743,34.666
30,12,b'2900268 ',b'INDIAN ARGO PROJECT                                             ',b'K.RADHAKRISHNAN                                                 ',33,b'A',13:00.0,b'1',14.676,90.332,b'1',b'ARGOS   ',135,19.556,34.709
30,13,b'2900268 ',b'INDIAN ARGO PROJECT                                             ',b'K.RADHAKRISHNAN                                                 ',33,b'A',13:00.0,b'1',14.676,90.332,b'1',b'ARGOS   ',145,18.79,34.721
30,14,b'2900268 ',b'INDIAN ARGO PROJECT                                             ',b'K.RADHAKRISHNAN                                                 ',33,b'A',13:00.0,b'1',14.676,90.332,b'1',b'ARGOS   ',156,17.776,34.762
30,15,b'2900268 ',b'INDIAN ARGO PROJECT                                             ',b'K.RADHAKRISHNAN                                                 ',33,b'A',13:00.0,b'1',14.676,90.332,b'1',b'ARGOS   ',165,16.938,34.795
30,16,b'2900268 ',b'INDIAN ARGO PROJECT                                             ',b'K.RADHAKRISHNAN                                                 ',33,b'A',13:00.0,b'1',14.676,90.332,b'1',b'ARGOS   ',175,15.829,34.822
30,17,b'2900268 ',b'INDIAN ARGO PROJECT                                             ',b'K.RADHAKRISHNAN                                                 ',33,b'A',13:00.0,b'1',14.676,90.332,b'1',b'ARGOS   ',185,15.008,34.851
30,18,b'2900268 ',b'INDIAN ARGO PROJECT                                             ',b'K.RADHAKRISHNAN                                                 ',33,b'A',13:00.0,b'1',14.676,90.332,b'1',b'ARGOS   ',195,14.67,34.847
30,19,b'2900268 ',b'INDIAN ARGO PROJECT                                             ',b'K.RADHAKRISHNAN                                                 ',33,b'A',13:00.0,b'1',14.676,90.332,b'1',b'ARGOS   ',205,14.261,34.87
30,20,b'2900268 ',b'INDIAN ARGO PROJECT                                             ',b'K.RADHAKRISHNAN                                                 ',33,b'A',13:00.0,b'1',14.676,90.332,b'1',b'ARGOS   ',215,13.654,34.894
30,21,b'2900268 ',b'INDIAN ARGO PROJECT                                             ',b'K.RADHAKRISHNAN                                                 ',33,b'A',13:00.0,b'1',14.676,90.332,b'1',b'ARGOS   ',225,13.262,34.9
30,22,b'2900268 ',b'INDIAN ARGO PROJECT                                             ',b'K.RADHAKRISHNAN                                                 ',33,b'A',13:00.0,b'1',14.676,90.332,b'1',b'ARGOS   ',236,12.916,34.899
30,23,b'2900268 ',b'INDIAN ARGO PROJECT                                             ',b'K.RADHAKRISHNAN                                                 ',33,b'A',13:00.0,b'1',14.676,90.332,b'1',b'ARGOS   ',245,12.701,34.912
30,24,b'2900268 ',b'INDIAN ARGO PROJECT                                             ',b'K.RADHAKRISHNAN                                                 ',33,b'A',13:00.0,b'1',14.676,90.332,b'1',b'ARGOS   ',255,12.442,34.927
30,25,b'2900268 ',b'INDIAN ARGO PROJECT                                             ',b'K.RADHAKRISHNAN                                                 ',33,b'A',13:00.0,b'1',14.676,90.332,b'1',b'ARGOS   ',265,12.265,34.933
30,26,b'2900268 ',b'INDIAN ARGO PROJECT                                             ',b'K.RADHAKRISHNAN                                                 ',33,b'A',13:00.0,b'1',14.676,90.332,b'1',b'ARGOS   ',275,12.117,34.93
30,27,b'2900268 ',b'INDIAN ARGO PROJECT                                             ',b'K.RADHAKRISHNAN                                                 ',33,b'A',13:00.0,b'1',14.676,90.332,b'1',b'ARGOS   ',285,11.946,34.93
30,28,b'2900268 ',b'INDIAN ARGO PROJECT                                             ',b'K.RADHAKRISHNAN                                                 ',33,b'A',13:00.0,b'1',14.676,90.332,b'1',b'ARGOS   ',295,11.851,34.937
30,29,b'2900268 ',b'INDIAN ARGO PROJECT                                             ',b'K.RADHAKRISHNAN                                                 ',33,b'A',13:00.0,b'1',14.676,90.332,b'1',b'ARGOS   ',305,11.747,34.942
30,30,b'2900268 ',b'INDIAN ARGO PROJECT                                             ',b'K.RADHAKRISHNAN                                                 ',33,b'A',13:00.0,b'1',14.676,90.332,b'1',b'ARGOS   ',315,11.629,34.94
30,31,b'2900268 ',b'INDIAN ARGO PROJECT                                             ',b'K.RADHAKRISHNAN                                                 ',33,b'A',13:00.0,b'1',14.676,90.332,b'1',b'ARGOS   ',325,11.475,34.943
30,32,b'2900268 ',b'INDIAN ARGO PROJECT                                             ',b'K.RADHAKRISHNAN                                                 ',33,b'A',13:00.0,b'1',14.676,90.332,b'1',b'ARGOS   ',336,11.35,34.948
30,33,b'2900268 ',b'INDIAN ARGO PROJECT                                             ',b'K.RADHAKRISHNAN                                                 ',33,b'A',13:00.0,b'1',14.676,90.332,b'1',b'ARGOS   ',345,11.264,34.946
30,34,b'2900268 ',b'INDIAN ARGO PROJECT                                             ',b'K.RADHAKRISHNAN                                                 ',33,b'A',13:00.0,b'1',14.676,90.332,b'1',b'ARGOS   ',355,11.173,34.948
30,35,b'2900268 ',b'INDIAN ARGO PROJECT                                             ',b'K.RADHAKRISHNAN                                                 ',33,b'A',13:00.0,b'1',14.676,90.332,b'1',b'ARGOS   ',365,11.088,34.945
30,36,b'2900268 ',b'INDIAN ARGO PROJECT                                             ',b'K.RADHAKRISHNAN                                                 ',33,b'A',13:00.0,b'1',14.676,90.332,b'1',b'ARGOS   ',375,10.994,34.94
30,37,b'2900268 ',b'INDIAN ARGO PROJECT                                             ',b'K.RADHAKRISHNAN                                                 ',33,b'A',13:00.0,b'1',14.676,90.332,b'1',b'ARGOS   ',385,10.914,34.942
30,38,b'2900268 ',b'INDIAN ARGO PROJECT                                             ',b'K.RADHAKRISHNAN                                                 ',33,b'A',13:00.0,b'1',14.676,90.332,b'1',b'ARGOS   ',395,10.838,34.95
30,39,b'2900268 ',b'INDIAN ARGO PROJECT                                             ',b'K.RADHAKRISHNAN                                                 ',33,b'A',13:00.0,b'1',14.676,90.332,b'1',b'ARGOS   ',405,10.77,34.95
30,40,b'2900268 ',b'INDIAN ARGO PROJECT                                             ',b'K.RADHAKRISHNAN                                                 ',33,b'A',13:00.0,b'1',14.676,90.332,b'1',b'ARGOS   ',415,10.69,34.942
30,41,b'2900268 ',b'INDIAN ARGO PROJECT                                             ',b'K.RADHAKRISHNAN                                                 ',33,b'A',13:00.0,b'1',14.676,90.332,b'1',b'ARGOS   ',450,10.42,34.942
30,42,b'2900268 ',b'INDIAN ARGO PROJECT                                             ',b'K.RADHAKRISHNAN                                                 ',33,b'A',13:00.0,b'1',14.676,90.332,b'1',b'ARGOS   ',499,10.052,34.939
30,43,b'2900268 ',b'INDIAN ARGO PROJECT                                             ',b'K.RADHAKRISHNAN                                                 ',33,b'A',13:00.0,b'1',14.676,90.332,b'1',b'ARGOS   ',550,9.737,34.924
30,44,b'2900268 ',b'INDIAN ARGO PROJECT                                             ',b'K.RADHAKRISHNAN                                                 ',33,b'A',13:00.0,b'1',14.676,90.332,b'1',b'ARGOS   ',600,9.415,34.925
30,45,b'2900268 ',b'INDIAN ARGO PROJECT                                             ',b'K.RADHAKRISHNAN                                                 ',33,b'A',13:00.0,b'1',14.676,90.332,b'1',b'ARGOS   ',650,9.088,34.899
30,46,b'2900268 ',b'INDIAN ARGO PROJECT                                             ',b'K.RADHAKRISHNAN                                                 ',33,b'A',13:00.0,b'1',14.676,90.332,b'1',b'ARGOS   ',701,8.725,34.906
30,47,b'2900268 ',b'INDIAN ARGO PROJECT                                             ',b'K.RADHAKRISHNAN                                                 ',33,b'A',13:00.0,b'1',14.676,90.332,b'1',b'ARGOS   ',750,8.364,34.901
30,48,b'2900268 ',b'INDIAN ARGO PROJECT                                             ',b'K.RADHAKRISHNAN                                                 ',33,b'A',13:00.0,b'1',14.676,90.332,b'1',b'ARGOS   ',800,8.058,34.893
30,49,b'2900268 ',b'INDIAN ARGO PROJECT                                             ',b'K.RADHAKRISHNAN                                                 ',33,b'A',13:00.0,b'1',14.676,90.332,b'1',b'ARGOS   ',849,7.745,34.881
30,50,b'2900268 ',b'INDIAN ARGO PROJECT                                             ',b'K.RADHAKRISHNAN                                                 ',33,b'A',13:00.0,b'1',14.676,90.332,b'1',b'ARGOS   ',899,7.432,34.868
30,51,b'2900268 ',b'INDIAN ARGO PROJECT                                             ',b'K.RADHAKRISHNAN                                                 ',33,b'A',13:00.0,b'1',14.676,90.332,b'1',b'ARGOS   ',950,7.107,34.854
30,52,b'2900268 ',b'INDIAN ARGO PROJECT                                             ',b'K.RADHAKRISHNAN                                                 ',33,b'A',13:00.0,b'1',14.676,90.332,b'1',b'ARGOS   ',979,6.923,34.85
31,0,b'2900268 ',b'INDIAN ARGO PROJECT                                             ',b'K.RADHAKRISHNAN                                                 ',34,b'A',07:00.0,b'1',14.874,90.311,b'1',b'ARGOS   ',16,28.323,31.837
31,1,b'2900268 ',b'INDIAN ARGO PROJECT                                             ',b'K.RADHAKRISHNAN                                                 ',34,b'A',07:00.0,b'1',14.874,90.311,b'1',b'ARGOS   ',25,28.618,32.198
31,2,b'2900268 ',b'INDIAN ARGO PROJECT                                             ',b'K.RADHAKRISHNAN                                                 ',34,b'A',07:00.0,b'1',14.874,90.311,b'1',b'ARGOS   ',35,29.029,32.878
31,3,b'2900268 ',b'INDIAN ARGO PROJECT                                             ',b'K.RADHAKRISHNAN                                                 ',34,b'A',07:00.0,b'1',14.874,90.311,b'1',b'ARGOS   ',45,28.849,33.253
31,4,b'2900268 ',b'INDIAN ARGO PROJECT                                             ',b'K.RADHAKRISHNAN                                                 ',34,b'A',07:00.0,b'1',14.874,90.311,b'1',b'ARGOS   ',55,28.407,33.388
31,5,b'2900268 ',b'INDIAN ARGO PROJECT                                             ',b'K.RADHAKRISHNAN                                                 ',34,b'A',07:00.0,b'1',14.874,90.311,b'1',b'ARGOS   ',65,27.673,33.613
31,6,b'2900268 ',b'INDIAN ARGO PROJECT                                             ',b'K.RADHAKRISHNAN                                                 ',34,b'A',07:00.0,b'1',14.874,90.311,b'1',b'ARGOS   ',75,26.896,33.776
31,7,b'2900268 ',b'INDIAN ARGO PROJECT                                             ',b'K.RADHAKRISHNAN                                                 ',34,b'A',07:00.0,b'1',14.874,90.311,b'1',b'ARGOS   ',85,25.897,33.96
31,8,b'2900268 ',b'INDIAN ARGO PROJECT                                             ',b'K.RADHAKRISHNAN                                                 ',34,b'A',07:00.0,b'1',14.874,90.311,b'1',b'ARGOS   ',95,25.121,34.032
31,9,b'2900268 ',b'INDIAN ARGO PROJECT                                             ',b'K.RADHAKRISHNAN                                                 ',34,b'A',07:00.0,b'1',14.874,90.311,b'1',b'ARGOS   ',105,24.28,34.137
31,10,b'2900268 ',b'INDIAN ARGO PROJECT                                             ',b'K.RADHAKRISHNAN                                                 ',34,b'A',07:00.0,b'1',14.874,90.311,b'1',b'ARGOS   ',115,23.154,34.32
31,11,b'2900268 ',b'INDIAN ARGO PROJECT                                             ',b'K.RADHAKRISHNAN                                                 ',34,b'A',07:00.0,b'1',14.874,90.311,b'1',b'ARGOS   ',125,22.28,34.431
31,12,b'2900268 ',b'INDIAN ARGO PROJECT                                             ',b'K.RADHAKRISHNAN                                                 ',34,b'A',07:00.0,b'1',14.874,90.311,b'1',b'ARGOS   ',135,21.389,34.627
31,13,b'2900268 ',b'INDIAN ARGO PROJECT                                             ',b'K.RADHAKRISHNAN                                                 ',34,b'A',07:00.0,b'1',14.874,90.311,b'1',b'ARGOS   ',145,20.327,34.708
31,14,b'2900268 ',b'INDIAN ARGO PROJECT                                             ',b'K.RADHAKRISHNAN                                                 ',34,b'A',07:00.0,b'1',14.874,90.311,b'1',b'ARGOS   ',155,19.341,34.732
31,15,b'2900268 ',b'INDIAN ARGO PROJECT                                             ',b'K.RADHAKRISHNAN                                                 ',34,b'A',07:00.0,b'1',14.874,90.311,b'1',b'ARGOS   ',165,18.354,34.744
31,16,b'2900268 ',b'INDIAN ARGO PROJECT                                             ',b'K.RADHAKRISHNAN                                                 ',34,b'A',07:00.0,b'1',14.874,90.311,b'1',b'ARGOS   ',176,17.506,34.779
31,17,b'2900268 ',b'INDIAN ARGO PROJECT                                             ',b'K.RADHAKRISHNAN                                                 ',34,b'A',07:00.0,b'1',14.874,90.311,b'1',b'ARGOS   ',185,16.753,34.799
31,18,b'2900268 ',b'INDIAN ARGO PROJECT                                             ',b'K.RADHAKRISHNAN                                                 ',34,b'A',07:00.0,b'1',14.874,90.311,b'1',b'ARGOS   ',195,15.885,34.81
31,19,b'2900268 ',b'INDIAN ARGO PROJECT                                             ',b'K.RADHAKRISHNAN                                                 ',34,b'A',07:00.0,b'1',14.874,90.311,b'1',b'ARGOS   ',205,15.293,34.834
31,20,b'2900268 ',b'INDIAN ARGO PROJECT                                             ',b'K.RADHAKRISHNAN                                                 ',34,b'A',07:00.0,b'1',14.874,90.311,b'1',b'ARGOS   ',215,14.711,34.885
31,21,b'2900268 ',b'INDIAN ARGO PROJECT                                             ',b'K.RADHAKRISHNAN                                                 ',34,b'A',07:00.0,b'1',14.874,90.311,b'1',b'ARGOS   ',225,14.173,34.876
31,22,b'2900268 ',b'INDIAN ARGO PROJECT                                             ',b'K.RADHAKRISHNAN                                                 ',34,b'A',07:00.0,b'1',14.874,90.311,b'1',b'ARGOS   ',235,13.789,34.885
31,23,b'2900268 ',b'INDIAN ARGO PROJECT                                             ',b'K.RADHAKRISHNAN                                                 ',34,b'A',07:00.0,b'1',14.874,90.311,b'1',b'ARGOS   ',246,13.394,34.902
31,24,b'2900268 ',b'INDIAN ARGO PROJECT                                             ',b'K.RADHAKRISHNAN                                                 ',34,b'A',07:00.0,b'1',14.874,90.311,b'1',b'ARGOS   ',255,13.139,34.905
31,25,b'2900268 ',b'INDIAN ARGO PROJECT                                             ',b'K.RADHAKRISHNAN                                                 ',34,b'A',07:00.0,b'1',14.874,90.311,b'1',b'ARGOS   ',265,12.935,34.908
31,26,b'2900268 ',b'INDIAN ARGO PROJECT                                             ',b'K.RADHAKRISHNAN                                                 ',34,b'A',07:00.0,b'1',14.874,90.311,b'1',b'ARGOS   ',275,12.683,34.907
31,27,b'2900268 ',b'INDIAN ARGO PROJECT                                             ',b'K.RADHAKRISHNAN                                                 ',34,b'A',07:00.0,b'1',14.874,90.311,b'1',b'ARGOS   ',285,12.436,34.92
31,28,b'2900268 ',b'INDIAN ARGO PROJECT                                             ',b'K.RADHAKRISHNAN                                                 ',34,b'A',07:00.0,b'1',14.874,90.311,b'1',b'ARGOS   ',295,12.224,34.929
31,29,b'2900268 ',b'INDIAN ARGO PROJECT                                             ',b'K.RADHAKRISHNAN                                                 ',34,b'A',07:00.0,b'1',14.874,90.311,b'1',b'ARGOS   ',305,12.03,34.931
31,30,b'2900268 ',b'INDIAN ARGO PROJECT                                             ',b'K.RADHAKRISHNAN                                                 ',34,b'A',07:00.0,b'1',14.874,90.311,b'1',b'ARGOS   ',315,11.839,34.929
31,31,b'2900268 ',b'INDIAN ARGO PROJECT                                             ',b'K.RADHAKRISHNAN                                                 ',34,b'A',07:00.0,b'1',14.874,90.311,b'1',b'ARGOS   ',325,11.696,34.932
31,32,b'2900268 ',b'INDIAN ARGO PROJECT                                             ',b'K.RADHAKRISHNAN                                                 ',34,b'A',07:00.0,b'1',14.874,90.311,b'1',b'ARGOS   ',335,11.519,34.937
31,33,b'2900268 ',b'INDIAN ARGO PROJECT                                             ',b'K.RADHAKRISHNAN                                                 ',34,b'A',07:00.0,b'1',14.874,90.311,b'1',b'ARGOS   ',345,11.374,34.941
31,34,b'2900268 ',b'INDIAN ARGO PROJECT                                             ',b'K.RADHAKRISHNAN                                                 ',34,b'A',07:00.0,b'1',14.874,90.311,b'1',b'ARGOS   ',355,11.246,34.939
31,35,b'2900268 ',b'INDIAN ARGO PROJECT                                             ',b'K.RADHAKRISHNAN                                                 ',34,b'A',07:00.0,b'1',14.874,90.311,b'1',b'ARGOS   ',365,11.134,34.941
31,36,b'2900268 ',b'INDIAN ARGO PROJECT                                             ',b'K.RADHAKRISHNAN                                                 ',34,b'A',07:00.0,b'1',14.874,90.311,b'1',b'ARGOS   ',375,11.043,34.943
31,37,b'2900268 ',b'INDIAN ARGO PROJECT                                             ',b'K.RADHAKRISHNAN                                                 ',34,b'A',07:00.0,b'1',14.874,90.311,b'1',b'ARGOS   ',385,10.97,34.939
31,38,b'2900268 ',b'INDIAN ARGO PROJECT                                             ',b'K.RADHAKRISHNAN                                                 ',34,b'A',07:00.0,b'1',14.874,90.311,b'1',b'ARGOS   ',395,10.884,34.946
31,39,b'2900268 ',b'INDIAN ARGO PROJECT                                             ',b'K.RADHAKRISHNAN                                                 ',34,b'A',07:00.0,b'1',14.874,90.311,b'1',b'ARGOS   ',405,10.804,34.938
31,40,b'2900268 ',b'INDIAN ARGO PROJECT                                             ',b'K.RADHAKRISHNAN                                                 ',34,b'A',07:00.0,b'1',14.874,90.311,b'1',b'ARGOS   ',415,10.738,34.946
31,41,b'2900268 ',b'INDIAN ARGO PROJECT                                             ',b'K.RADHAKRISHNAN                                                 ',34,b'A',07:00.0,b'1',14.874,90.311,b'1',b'ARGOS   ',450,10.483,34.943
31,42,b'2900268 ',b'INDIAN ARGO PROJECT                                             ',b'K.RADHAKRISHNAN                                                 ',34,b'A',07:00.0,b'1',14.874,90.311,b'1',b'ARGOS   ',502,10.088,34.934
31,43,b'2900268 ',b'INDIAN ARGO PROJECT                                             ',b'K.RADHAKRISHNAN                                                 ',34,b'A',07:00.0,b'1',14.874,90.311,b'1',b'ARGOS   ',550,9.736,34.935
31,44,b'2900268 ',b'INDIAN ARGO PROJECT                                             ',b'K.RADHAKRISHNAN                                                 ',34,b'A',07:00.0,b'1',14.874,90.311,b'1',b'ARGOS   ',599,9.402,34.927
31,45,b'2900268 ',b'INDIAN ARGO PROJECT                                             ',b'K.RADHAKRISHNAN                                                 ',34,b'A',07:00.0,b'1',14.874,90.311,b'1',b'ARGOS   ',650,9.025,34.918
31,46,b'2900268 ',b'INDIAN ARGO PROJECT                                             ',b'K.RADHAKRISHNAN                                                 ',34,b'A',07:00.0,b'1',14.874,90.311,b'1',b'ARGOS   ',700,8.699,34.911
31,47,b'2900268 ',b'INDIAN ARGO PROJECT                                             ',b'K.RADHAKRISHNAN                                                 ',34,b'A',07:00.0,b'1',14.874,90.311,b'1',b'ARGOS   ',750,8.428,34.901
31,48,b'2900268 ',b'INDIAN ARGO PROJECT                                             ',b'K.RADHAKRISHNAN                                                 ',34,b'A',07:00.0,b'1',14.874,90.311,b'1',b'ARGOS   ',800,8.126,34.89
31,49,b'2900268 ',b'INDIAN ARGO PROJECT                                             ',b'K.RADHAKRISHNAN                                                 ',34,b'A',07:00.0,b'1',14.874,90.311,b'1',b'ARGOS   ',850,7.831,34.881
31,50,b'2900268 ',b'INDIAN ARGO PROJECT                                             ',b'K.RADHAKRISHNAN                                                 ',34,b'A',07:00.0,b'1',14.874,90.311,b'1',b'ARGOS   ',900,7.506,34.869
31,51,b'2900268 ',b'INDIAN ARGO PROJECT                                             ',b'K.RADHAKRISHNAN                                                 ',34,b'A',07:00.0,b'1',14.874,90.311,b'1',b'ARGOS   ',949,7.188,34.86
31,52,b'2900268 ',b'INDIAN ARGO PROJECT                                             ',b'K.RADHAKRISHNAN                                                 ',34,b'A',07:00.0,b'1',14.874,90.311,b'1',b'ARGOS   ',986,6.941,34.851
32,0,b'2900268 ',b'INDIAN ARGO PROJECT                                             ',b'K.RADHAKRISHNAN                                                 ',35,b'A',13:00.0,b'1',14.869,90.435,b'1',b'ARGOS   ',15,28.055,31.067
32,1,b'2900268 ',b'INDIAN ARGO PROJECT                                             ',b'K.RADHAKRISHNAN                                                 ',35,b'A',13:00.0,b'1',14.869,90.435,b'1',b'ARGOS   ',25,28.14,31.167
32,2,b'2900268 ',b'INDIAN ARGO PROJECT                                             ',b'K.RADHAKRISHNAN                                                 ',35,b'A',13:00.0,b'1',14.869,90.435,b'1',b'ARGOS   ',36,28.782,32.214
32,3,b'2900268 ',b'INDIAN ARGO PROJECT                                             ',b'K.RADHAKRISHNAN                                                 ',35,b'A',13:00.0,b'1',14.869,90.435,b'1',b'ARGOS   ',45,29.255,33.067
32,4,b'2900268 ',b'INDIAN ARGO PROJECT                                             ',b'K.RADHAKRISHNAN                                                 ',35,b'A',13:00.0,b'1',14.869,90.435,b'1',b'ARGOS   ',55,28.953,33.15
32,5,b'2900268 ',b'INDIAN ARGO PROJECT                                             ',b'K.RADHAKRISHNAN                                                 ',35,b'A',13:00.0,b'1',14.869,90.435,b'1',b'ARGOS   ',65,28.427,33.385
32,6,b'2900268 ',b'INDIAN ARGO PROJECT                                             ',b'K.RADHAKRISHNAN                                                 ',35,b'A',13:00.0,b'1',14.869,90.435,b'1',b'ARGOS   ',75,27.681,33.619
32,7,b'2900268 ',b'INDIAN ARGO PROJECT                                             ',b'K.RADHAKRISHNAN                                                 ',35,b'A',13:00.0,b'1',14.869,90.435,b'1',b'ARGOS   ',85,26.517,33.921
32,8,b'2900268 ',b'INDIAN ARGO PROJECT                                             ',b'K.RADHAKRISHNAN                                                 ',35,b'A',13:00.0,b'1',14.869,90.435,b'1',b'ARGOS   ',95,24.804,34.219
32,9,b'2900268 ',b'INDIAN ARGO PROJECT                                             ',b'K.RADHAKRISHNAN                                                 ',35,b'A',13:00.0,b'1',14.869,90.435,b'1',b'ARGOS   ',105,23.231,34.478
32,10,b'2900268 ',b'INDIAN ARGO PROJECT                                             ',b'K.RADHAKRISHNAN                                                 ',35,b'A',13:00.0,b'1',14.869,90.435,b'1',b'ARGOS   ',116,22.365,34.663
32,11,b'2900268 ',b'INDIAN ARGO PROJECT                                             ',b'K.RADHAKRISHNAN                                                 ',35,b'A',13:00.0,b'1',14.869,90.435,b'1',b'ARGOS   ',125,21.216,34.683
32,12,b'2900268 ',b'INDIAN ARGO PROJECT                                             ',b'K.RADHAKRISHNAN                                                 ',35,b'A',13:00.0,b'1',14.869,90.435,b'1',b'ARGOS   ',135,19.976,34.715
32,13,b'2900268 ',b'INDIAN ARGO PROJECT                                             ',b'K.RADHAKRISHNAN                                                 ',35,b'A',13:00.0,b'1',14.869,90.435,b'1',b'ARGOS   ',145,18.821,34.754
32,14,b'2900268 ',b'INDIAN ARGO PROJECT                                             ',b'K.RADHAKRISHNAN                                                 ',35,b'A',13:00.0,b'1',14.869,90.435,b'1',b'ARGOS   ',155,17.879,34.768
32,15,b'2900268 ',b'INDIAN ARGO PROJECT                                             ',b'K.RADHAKRISHNAN                                                 ',35,b'A',13:00.0,b'1',14.869,90.435,b'1',b'ARGOS   ',165,17.177,34.771
32,16,b'2900268 ',b'INDIAN ARGO PROJECT                                             ',b'K.RADHAKRISHNAN                                                 ',35,b'A',13:00.0,b'1',14.869,90.435,b'1',b'ARGOS   ',175,16.505,34.807
32,17,b'2900268 ',b'INDIAN ARGO PROJECT                                             ',b'K.RADHAKRISHNAN                                                 ',35,b'A',13:00.0,b'1',14.869,90.435,b'1',b'ARGOS   ',185,15.731,34.824
32,18,b'2900268 ',b'INDIAN ARGO PROJECT                                             ',b'K.RADHAKRISHNAN                                                 ',35,b'A',13:00.0,b'1',14.869,90.435,b'1',b'ARGOS   ',195,15.069,34.838
32,19,b'2900268 ',b'INDIAN ARGO PROJECT                                             ',b'K.RADHAKRISHNAN                                                 ',35,b'A',13:00.0,b'1',14.869,90.435,b'1',b'ARGOS   ',205,14.669,34.844
32,20,b'2900268 ',b'INDIAN ARGO PROJECT                                             ',b'K.RADHAKRISHNAN                                                 ',35,b'A',13:00.0,b'1',14.869,90.435,b'1',b'ARGOS   ',215,14.075,34.867
32,21,b'2900268 ',b'INDIAN ARGO PROJECT                                             ',b'K.RADHAKRISHNAN                                                 ',35,b'A',13:00.0,b'1',14.869,90.435,b'1',b'ARGOS   ',225,13.679,34.886
32,22,b'2900268 ',b'INDIAN ARGO PROJECT                                             ',b'K.RADHAKRISHNAN                                                 ',35,b'A',13:00.0,b'1',14.869,90.435,b'1',b'ARGOS   ',235,13.335,34.895
32,23,b'2900268 ',b'INDIAN ARGO PROJECT                                             ',b'K.RADHAKRISHNAN                                                 ',35,b'A',13:00.0,b'1',14.869,90.435,b'1',b'ARGOS   ',245,12.992,34.902
32,24,b'2900268 ',b'INDIAN ARGO PROJECT                                             ',b'K.RADHAKRISHNAN                                                 ',35,b'A',13:00.0,b'1',14.869,90.435,b'1',b'ARGOS   ',255,12.68,34.899
32,25,b'2900268 ',b'INDIAN ARGO PROJECT                                             ',b'K.RADHAKRISHNAN                                                 ',35,b'A',13:00.0,b'1',14.869,90.435,b'1',b'ARGOS   ',265,12.4,34.913
32,26,b'2900268 ',b'INDIAN ARGO PROJECT                                             ',b'K.RADHAKRISHNAN                                                 ',35,b'A',13:00.0,b'1',14.869,90.435,b'1',b'ARGOS   ',275,12.231,34.911
32,27,b'2900268 ',b'INDIAN ARGO PROJECT                                             ',b'K.RADHAKRISHNAN                                                 ',35,b'A',13:00.0,b'1',14.869,90.435,b'1',b'ARGOS   ',285,12.034,34.916
32,28,b'2900268 ',b'INDIAN ARGO PROJECT                                             ',b'K.RADHAKRISHNAN                                                 ',35,b'A',13:00.0,b'1',14.869,90.435,b'1',b'ARGOS   ',295,11.868,34.921
32,29,b'2900268 ',b'INDIAN ARGO PROJECT                                             ',b'K.RADHAKRISHNAN                                                 ',35,b'A',13:00.0,b'1',14.869,90.435,b'1',b'ARGOS   ',305,11.774,34.926
32,30,b'2900268 ',b'INDIAN ARGO PROJECT                                             ',b'K.RADHAKRISHNAN                                                 ',35,b'A',13:00.0,b'1',14.869,90.435,b'1',b'ARGOS   ',315,11.665,34.926
32,31,b'2900268 ',b'INDIAN ARGO PROJECT                                             ',b'K.RADHAKRISHNAN                                                 ',35,b'A',13:00.0,b'1',14.869,90.435,b'1',b'ARGOS   ',325,11.523,34.928
32,32,b'2900268 ',b'INDIAN ARGO PROJECT                                             ',b'K.RADHAKRISHNAN                                                 ',35,b'A',13:00.0,b'1',14.869,90.435,b'1',b'ARGOS   ',335,11.411,34.93
32,33,b'2900268 ',b'INDIAN ARGO PROJECT                                             ',b'K.RADHAKRISHNAN                                                 ',35,b'A',13:00.0,b'1',14.869,90.435,b'1',b'ARGOS   ',345,11.309,34.923
32,34,b'2900268 ',b'INDIAN ARGO PROJECT                                             ',b'K.RADHAKRISHNAN                                                 ',35,b'A',13:00.0,b'1',14.869,90.435,b'1',b'ARGOS   ',355,11.186,34.926
32,35,b'2900268 ',b'INDIAN ARGO PROJECT                                             ',b'K.RADHAKRISHNAN                                                 ',35,b'A',13:00.0,b'1',14.869,90.435,b'1',b'ARGOS   ',365,11.064,34.928
32,36,b'2900268 ',b'INDIAN ARGO PROJECT                                             ',b'K.RADHAKRISHNAN                                                 ',35,b'A',13:00.0,b'1',14.869,90.435,b'1',b'ARGOS   ',375,10.989,34.925
32,37,b'2900268 ',b'INDIAN ARGO PROJECT                                             ',b'K.RADHAKRISHNAN                                                 ',35,b'A',13:00.0,b'1',14.869,90.435,b'1',b'ARGOS   ',385,10.929,34.928
32,38,b'2900268 ',b'INDIAN ARGO PROJECT                                             ',b'K.RADHAKRISHNAN                                                 ',35,b'A',13:00.0,b'1',14.869,90.435,b'1',b'ARGOS   ',395,10.866,34.933
32,39,b'2900268 ',b'INDIAN ARGO PROJECT                                             ',b'K.RADHAKRISHNAN                                                 ',35,b'A',13:00.0,b'1',14.869,90.435,b'1',b'ARGOS   ',405,10.793,34.928
32,40,b'2900268 ',b'INDIAN ARGO PROJECT                                             ',b'K.RADHAKRISHNAN                                                 ',35,b'A',13:00.0,b'1',14.869,90.435,b'1',b'ARGOS   ',415,10.696,34.926
32,41,b'2900268 ',b'INDIAN ARGO PROJECT                                             ',b'K.RADHAKRISHNAN                                                 ',35,b'A',13:00.0,b'1',14.869,90.435,b'1',b'ARGOS   ',452,10.395,34.925
32,42,b'2900268 ',b'INDIAN ARGO PROJECT                                             ',b'K.RADHAKRISHNAN                                                 ',35,b'A',13:00.0,b'1',14.869,90.435,b'1',b'ARGOS   ',500,9.999,34.918
32,43,b'2900268 ',b'INDIAN ARGO PROJECT                                             ',b'K.RADHAKRISHNAN                                                 ',35,b'A',13:00.0,b'1',14.869,90.435,b'1',b'ARGOS   ',550,9.605,34.918
32,44,b'2900268 ',b'INDIAN ARGO PROJECT                                             ',b'K.RADHAKRISHNAN                                                 ',35,b'A',13:00.0,b'1',14.869,90.435,b'1',b'ARGOS   ',599,9.269,34.912
32,45,b'2900268 ',b'INDIAN ARGO PROJECT                                             ',b'K.RADHAKRISHNAN                                                 ',35,b'A',13:00.0,b'1',14.869,90.435,b'1',b'ARGOS   ',649,8.916,34.9
32,46,b'2900268 ',b'INDIAN ARGO PROJECT                                             ',b'K.RADHAKRISHNAN                                                 ',35,b'A',13:00.0,b'1',14.869,90.435,b'1',b'ARGOS   ',700,8.601,34.891
32,47,b'2900268 ',b'INDIAN ARGO PROJECT                                             ',b'K.RADHAKRISHNAN                                                 ',35,b'A',13:00.0,b'1',14.869,90.435,b'1',b'ARGOS   ',750,8.278,34.88
32,48,b'2900268 ',b'INDIAN ARGO PROJECT                                             ',b'K.RADHAKRISHNAN                                                 ',35,b'A',13:00.0,b'1',14.869,90.435,b'1',b'ARGOS   ',800,8.019,34.868
32,49,b'2900268 ',b'INDIAN ARGO PROJECT                                             ',b'K.RADHAKRISHNAN                                                 ',35,b'A',13:00.0,b'1',14.869,90.435,b'1',b'ARGOS   ',850,7.693,34.857
32,50,b'2900268 ',b'INDIAN ARGO PROJECT                                             ',b'K.RADHAKRISHNAN                                                 ',35,b'A',13:00.0,b'1',14.869,90.435,b'1',b'ARGOS   ',900,7.377,34.846
32,51,b'2900268 ',b'INDIAN ARGO PROJECT                                             ',b'K.RADHAKRISHNAN                                                 ',35,b'A',13:00.0,b'1',14.869,90.435,b'1',b'ARGOS   ',950,7.054,34.841
32,52,b'2900268 ',b'INDIAN ARGO PROJECT                                             ',b'K.RADHAKRISHNAN                                                 ',35,b'A',13:00.0,b'1',14.869,90.435,b'1',b'ARGOS   ',988,6.849,34.832
33,0,b'2900268 ',b'INDIAN ARGO PROJECT                                             ',b'K.RADHAKRISHNAN                                                 ',36,b'A',07:00.0,b'1',14.738,90.56,b'1',b'ARGOS   ',15,28.156,31.799
33,1,b'2900268 ',b'INDIAN ARGO PROJECT                                             ',b'K.RADHAKRISHNAN                                                 ',36,b'A',07:00.0,b'1',14.738,90.56,b'1',b'ARGOS   ',25,28.758,32.486
33,2,b'2900268 ',b'INDIAN ARGO PROJECT                                             ',b'K.RADHAKRISHNAN                                                 ',36,b'A',07:00.0,b'1',14.738,90.56,b'1',b'ARGOS   ',35,28.593,33.063
33,3,b'2900268 ',b'INDIAN ARGO PROJECT                                             ',b'K.RADHAKRISHNAN                                                 ',36,b'A',07:00.0,b'1',14.738,90.56,b'1',b'ARGOS   ',45,28.493,33.158
33,4,b'2900268 ',b'INDIAN ARGO PROJECT                                             ',b'K.RADHAKRISHNAN                                                 ',36,b'A',07:00.0,b'1',14.738,90.56,b'1',b'ARGOS   ',55,28.408,33.166
33,5,b'2900268 ',b'INDIAN ARGO PROJECT                                             ',b'K.RADHAKRISHNAN                                                 ',36,b'A',07:00.0,b'1',14.738,90.56,b'1',b'ARGOS   ',65,27.936,33.482
33,6,b'2900268 ',b'INDIAN ARGO PROJECT                                             ',b'K.RADHAKRISHNAN                                                 ',36,b'A',07:00.0,b'1',14.738,90.56,b'1',b'ARGOS   ',75,26.661,34.119
33,7,b'2900268 ',b'INDIAN ARGO PROJECT                                             ',b'K.RADHAKRISHNAN                                                 ',36,b'A',07:00.0,b'1',14.738,90.56,b'1',b'ARGOS   ',85,24.778,34.599
33,8,b'2900268 ',b'INDIAN ARGO PROJECT                                             ',b'K.RADHAKRISHNAN                                                 ',36,b'A',07:00.0,b'1',14.738,90.56,b'1',b'ARGOS   ',95,23.275,34.623
33,9,b'2900268 ',b'INDIAN ARGO PROJECT                                             ',b'K.RADHAKRISHNAN                                                 ',36,b'A',07:00.0,b'1',14.738,90.56,b'1',b'ARGOS   ',105,22.48,34.684
33,10,b'2900268 ',b'INDIAN ARGO PROJECT                                             ',b'K.RADHAKRISHNAN                                                 ',36,b'A',07:00.0,b'1',14.738,90.56,b'1',b'ARGOS   ',115,21.153,34.698
33,11,b'2900268 ',b'INDIAN ARGO PROJECT                                             ',b'K.RADHAKRISHNAN                                                 ',36,b'A',07:00.0,b'1',14.738,90.56,b'1',b'ARGOS   ',125,19.818,34.71
33,12,b'2900268 ',b'INDIAN ARGO PROJECT                                             ',b'K.RADHAKRISHNAN                                                 ',36,b'A',07:00.0,b'1',14.738,90.56,b'1',b'ARGOS   ',135,18.442,34.749
33,13,b'2900268 ',b'INDIAN ARGO PROJECT                                             ',b'K.RADHAKRISHNAN                                                 ',36,b'A',07:00.0,b'1',14.738,90.56,b'1',b'ARGOS   ',145,17.833,34.768
33,14,b'2900268 ',b'INDIAN ARGO PROJECT                                             ',b'K.RADHAKRISHNAN                                                 ',36,b'A',07:00.0,b'1',14.738,90.56,b'1',b'ARGOS   ',155,17.03,34.78
33,15,b'2900268 ',b'INDIAN ARGO PROJECT                                             ',b'K.RADHAKRISHNAN                                                 ',36,b'A',07:00.0,b'1',14.738,90.56,b'1',b'ARGOS   ',165,16.353,34.794
33,16,b'2900268 ',b'INDIAN ARGO PROJECT                                             ',b'K.RADHAKRISHNAN                                                 ',36,b'A',07:00.0,b'1',14.738,90.56,b'1',b'ARGOS   ',175,15.685,34.815
33,17,b'2900268 ',b'INDIAN ARGO PROJECT                                             ',b'K.RADHAKRISHNAN                                                 ',36,b'A',07:00.0,b'1',14.738,90.56,b'1',b'ARGOS   ',185,14.883,34.835
33,18,b'2900268 ',b'INDIAN ARGO PROJECT                                             ',b'K.RADHAKRISHNAN                                                 ',36,b'A',07:00.0,b'1',14.738,90.56,b'1',b'ARGOS   ',195,14.254,34.853
33,19,b'2900268 ',b'INDIAN ARGO PROJECT                                             ',b'K.RADHAKRISHNAN                                                 ',36,b'A',07:00.0,b'1',14.738,90.56,b'1',b'ARGOS   ',205,13.824,34.875
33,20,b'2900268 ',b'INDIAN ARGO PROJECT                                             ',b'K.RADHAKRISHNAN                                                 ',36,b'A',07:00.0,b'1',14.738,90.56,b'1',b'ARGOS   ',215,13.408,34.884
33,21,b'2900268 ',b'INDIAN ARGO PROJECT                                             ',b'K.RADHAKRISHNAN                                                 ',36,b'A',07:00.0,b'1',14.738,90.56,b'1',b'ARGOS   ',225,13.073,34.893
33,22,b'2900268 ',b'INDIAN ARGO PROJECT                                             ',b'K.RADHAKRISHNAN                                                 ',36,b'A',07:00.0,b'1',14.738,90.56,b'1',b'ARGOS   ',235,12.747,34.893
33,23,b'2900268 ',b'INDIAN ARGO PROJECT                                             ',b'K.RADHAKRISHNAN                                                 ',36,b'A',07:00.0,b'1',14.738,90.56,b'1',b'ARGOS   ',245,12.557,34.901
33,24,b'2900268 ',b'INDIAN ARGO PROJECT                                             ',b'K.RADHAKRISHNAN                                                 ',36,b'A',07:00.0,b'1',14.738,90.56,b'1',b'ARGOS   ',255,12.289,34.905
33,25,b'2900268 ',b'INDIAN ARGO PROJECT                                             ',b'K.RADHAKRISHNAN                                                 ',36,b'A',07:00.0,b'1',14.738,90.56,b'1',b'ARGOS   ',265,12.104,34.908
33,26,b'2900268 ',b'INDIAN ARGO PROJECT                                             ',b'K.RADHAKRISHNAN                                                 ',36,b'A',07:00.0,b'1',14.738,90.56,b'1',b'ARGOS   ',275,11.993,34.91
33,27,b'2900268 ',b'INDIAN ARGO PROJECT                                             ',b'K.RADHAKRISHNAN                                                 ',36,b'A',07:00.0,b'1',14.738,90.56,b'1',b'ARGOS   ',285,11.842,34.91
33,28,b'2900268 ',b'INDIAN ARGO PROJECT                                             ',b'K.RADHAKRISHNAN                                                 ',36,b'A',07:00.0,b'1',14.738,90.56,b'1',b'ARGOS   ',295,11.73,34.913
33,29,b'2900268 ',b'INDIAN ARGO PROJECT                                             ',b'K.RADHAKRISHNAN                                                 ',36,b'A',07:00.0,b'1',14.738,90.56,b'1',b'ARGOS   ',305,11.614,34.92
33,30,b'2900268 ',b'INDIAN ARGO PROJECT                                             ',b'K.RADHAKRISHNAN                                                 ',36,b'A',07:00.0,b'1',14.738,90.56,b'1',b'ARGOS   ',315,11.483,34.92
33,31,b'2900268 ',b'INDIAN ARGO PROJECT                                             ',b'K.RADHAKRISHNAN                                                 ',36,b'A',07:00.0,b'1',14.738,90.56,b'1',b'ARGOS   ',325,11.355,34.918
33,32,b'2900268 ',b'INDIAN ARGO PROJECT                                             ',b'K.RADHAKRISHNAN                                                 ',36,b'A',07:00.0,b'1',14.738,90.56,b'1',b'ARGOS   ',335,11.248,34.916
33,33,b'2900268 ',b'INDIAN ARGO PROJECT                                             ',b'K.RADHAKRISHNAN                                                 ',36,b'A',07:00.0,b'1',14.738,90.56,b'1',b'ARGOS   ',345,11.155,34.92
33,34,b'2900268 ',b'INDIAN ARGO PROJECT                                             ',b'K.RADHAKRISHNAN                                                 ',36,b'A',07:00.0,b'1',14.738,90.56,b'1',b'ARGOS   ',355,11.068,34.919
33,35,b'2900268 ',b'INDIAN ARGO PROJECT                                             ',b'K.RADHAKRISHNAN                                                 ',36,b'A',07:00.0,b'1',14.738,90.56,b'1',b'ARGOS   ',365,10.983,34.915
33,36,b'2900268 ',b'INDIAN ARGO PROJECT                                             ',b'K.RADHAKRISHNAN                                                 ',36,b'A',07:00.0,b'1',14.738,90.56,b'1',b'ARGOS   ',375,10.889,34.92
33,37,b'2900268 ',b'INDIAN ARGO PROJECT                                             ',b'K.RADHAKRISHNAN                                                 ',36,b'A',07:00.0,b'1',14.738,90.56,b'1',b'ARGOS   ',385,10.796,34.914
33,38,b'2900268 ',b'INDIAN ARGO PROJECT                                             ',b'K.RADHAKRISHNAN                                                 ',36,b'A',07:00.0,b'1',14.738,90.56,b'1',b'ARGOS   ',395,10.714,34.918
33,39,b'2900268 ',b'INDIAN ARGO PROJECT                                             ',b'K.RADHAKRISHNAN                                                 ',36,b'A',07:00.0,b'1',14.738,90.56,b'1',b'ARGOS   ',405,10.589,34.922
33,40,b'2900268 ',b'INDIAN ARGO PROJECT                                             ',b'K.RADHAKRISHNAN                                                 ',36,b'A',07:00.0,b'1',14.738,90.56,b'1',b'ARGOS   ',415,10.475,34.915
33,41,b'2900268 ',b'INDIAN ARGO PROJECT                                             ',b'K.RADHAKRISHNAN                                                 ',36,b'A',07:00.0,b'1',14.738,90.56,b'1',b'ARGOS   ',449,10.191,34.919
33,42,b'2900268 ',b'INDIAN ARGO PROJECT                                             ',b'K.RADHAKRISHNAN                                                 ',36,b'A',07:00.0,b'1',14.738,90.56,b'1',b'ARGOS   ',500,9.836,34.912
33,43,b'2900268 ',b'INDIAN ARGO PROJECT                                             ',b'K.RADHAKRISHNAN                                                 ',36,b'A',07:00.0,b'1',14.738,90.56,b'1',b'ARGOS   ',549,9.506,34.901
33,44,b'2900268 ',b'INDIAN ARGO PROJECT                                             ',b'K.RADHAKRISHNAN                                                 ',36,b'A',07:00.0,b'1',14.738,90.56,b'1',b'ARGOS   ',600,9.174,34.9
33,45,b'2900268 ',b'INDIAN ARGO PROJECT                                             ',b'K.RADHAKRISHNAN                                                 ',36,b'A',07:00.0,b'1',14.738,90.56,b'1',b'ARGOS   ',650,8.852,34.889
33,46,b'2900268 ',b'INDIAN ARGO PROJECT                                             ',b'K.RADHAKRISHNAN                                                 ',36,b'A',07:00.0,b'1',14.738,90.56,b'1',b'ARGOS   ',700,8.555,34.884
33,47,b'2900268 ',b'INDIAN ARGO PROJECT                                             ',b'K.RADHAKRISHNAN                                                 ',36,b'A',07:00.0,b'1',14.738,90.56,b'1',b'ARGOS   ',752,8.223,34.869
33,48,b'2900268 ',b'INDIAN ARGO PROJECT                                             ',b'K.RADHAKRISHNAN                                                 ',36,b'A',07:00.0,b'1',14.738,90.56,b'1',b'ARGOS   ',800,7.948,34.863
33,49,b'2900268 ',b'INDIAN ARGO PROJECT                                             ',b'K.RADHAKRISHNAN                                                 ',36,b'A',07:00.0,b'1',14.738,90.56,b'1',b'ARGOS   ',850,7.602,34.851
33,50,b'2900268 ',b'INDIAN ARGO PROJECT                                             ',b'K.RADHAKRISHNAN                                                 ',36,b'A',07:00.0,b'1',14.738,90.56,b'1',b'ARGOS   ',900,7.252,34.841
33,51,b'2900268 ',b'INDIAN ARGO PROJECT                                             ',b'K.RADHAKRISHNAN                                                 ',36,b'A',07:00.0,b'1',14.738,90.56,b'1',b'ARGOS   ',950,6.943,34.833
33,52,b'2900268 ',b'INDIAN ARGO PROJECT                                             ',b'K.RADHAKRISHNAN                                                 ',36,b'A',07:00.0,b'1',14.738,90.56,b'1',b'ARGOS   ',981,6.751,34.825
34,0,b'2900268 ',b'INDIAN ARGO PROJECT                                             ',b'K.RADHAKRISHNAN                                                 ',37,b'A',08:00.0,b'1',14.655,90.788,b'1',b'ARGOS   ',15,27.563,31.519
34,1,b'2900268 ',b'INDIAN ARGO PROJECT                                             ',b'K.RADHAKRISHNAN                                                 ',37,b'A',08:00.0,b'1',14.655,90.788,b'1',b'ARGOS   ',25,28.767,32.665
34,2,b'2900268 ',b'INDIAN ARGO PROJECT                                             ',b'K.RADHAKRISHNAN                                                 ',37,b'A',08:00.0,b'1',14.655,90.788,b'1',b'ARGOS   ',35,28.25,32.667
34,3,b'2900268 ',b'INDIAN ARGO PROJECT                                             ',b'K.RADHAKRISHNAN                                                 ',37,b'A',08:00.0,b'1',14.655,90.788,b'1',b'ARGOS   ',45,28.03,32.636
34,4,b'2900268 ',b'INDIAN ARGO PROJECT                                             ',b'K.RADHAKRISHNAN                                                 ',37,b'A',08:00.0,b'1',14.655,90.788,b'1',b'ARGOS   ',55,28.25,32.945
34,5,b'2900268 ',b'INDIAN ARGO PROJECT                                             ',b'K.RADHAKRISHNAN                                                 ',37,b'A',08:00.0,b'1',14.655,90.788,b'1',b'ARGOS   ',65,28.441,33.278
34,6,b'2900268 ',b'INDIAN ARGO PROJECT                                             ',b'K.RADHAKRISHNAN                                                 ',37,b'A',08:00.0,b'1',14.655,90.788,b'1',b'ARGOS   ',74,27.952,33.97
34,7,b'2900268 ',b'INDIAN ARGO PROJECT                                             ',b'K.RADHAKRISHNAN                                                 ',37,b'A',08:00.0,b'1',14.655,90.788,b'1',b'ARGOS   ',86,26.799,34.307
34,8,b'2900268 ',b'INDIAN ARGO PROJECT                                             ',b'K.RADHAKRISHNAN                                                 ',37,b'A',08:00.0,b'1',14.655,90.788,b'1',b'ARGOS   ',95,25.569,34.597
34,9,b'2900268 ',b'INDIAN ARGO PROJECT                                             ',b'K.RADHAKRISHNAN                                                 ',37,b'A',08:00.0,b'1',14.655,90.788,b'1',b'ARGOS   ',105,23.71,34.622
34,10,b'2900268 ',b'INDIAN ARGO PROJECT                                             ',b'K.RADHAKRISHNAN                                                 ',37,b'A',08:00.0,b'1',14.655,90.788,b'1',b'ARGOS   ',115,21.875,34.655
34,11,b'2900268 ',b'INDIAN ARGO PROJECT                                             ',b'K.RADHAKRISHNAN                                                 ',37,b'A',08:00.0,b'1',14.655,90.788,b'1',b'ARGOS   ',125,20.194,34.694
34,12,b'2900268 ',b'INDIAN ARGO PROJECT                                             ',b'K.RADHAKRISHNAN                                                 ',37,b'A',08:00.0,b'1',14.655,90.788,b'1',b'ARGOS   ',135,18.888,34.71
34,13,b'2900268 ',b'INDIAN ARGO PROJECT                                             ',b'K.RADHAKRISHNAN                                                 ',37,b'A',08:00.0,b'1',14.655,90.788,b'1',b'ARGOS   ',145,17.935,34.75
34,14,b'2900268 ',b'INDIAN ARGO PROJECT                                             ',b'K.RADHAKRISHNAN                                                 ',37,b'A',08:00.0,b'1',14.655,90.788,b'1',b'ARGOS   ',155,16.925,34.775
34,15,b'2900268 ',b'INDIAN ARGO PROJECT                                             ',b'K.RADHAKRISHNAN                                                 ',37,b'A',08:00.0,b'1',14.655,90.788,b'1',b'ARGOS   ',165,15.83,34.807
34,16,b'2900268 ',b'INDIAN ARGO PROJECT                                             ',b'K.RADHAKRISHNAN                                                 ',37,b'A',08:00.0,b'1',14.655,90.788,b'1',b'ARGOS   ',175,14.887,34.826
34,17,b'2900268 ',b'INDIAN ARGO PROJECT                                             ',b'K.RADHAKRISHNAN                                                 ',37,b'A',08:00.0,b'1',14.655,90.788,b'1',b'ARGOS   ',185,14.273,34.83
34,18,b'2900268 ',b'INDIAN ARGO PROJECT                                             ',b'K.RADHAKRISHNAN                                                 ',37,b'A',08:00.0,b'1',14.655,90.788,b'1',b'ARGOS   ',195,13.779,34.864
34,19,b'2900268 ',b'INDIAN ARGO PROJECT                                             ',b'K.RADHAKRISHNAN                                                 ',37,b'A',08:00.0,b'1',14.655,90.788,b'1',b'ARGOS   ',206,13.31,34.873
34,20,b'2900268 ',b'INDIAN ARGO PROJECT                                             ',b'K.RADHAKRISHNAN                                                 ',37,b'A',08:00.0,b'1',14.655,90.788,b'1',b'ARGOS   ',215,13.018,34.871
34,21,b'2900268 ',b'INDIAN ARGO PROJECT                                             ',b'K.RADHAKRISHNAN                                                 ',37,b'A',08:00.0,b'1',14.655,90.788,b'1',b'ARGOS   ',225,12.767,34.879
34,22,b'2900268 ',b'INDIAN ARGO PROJECT                                             ',b'K.RADHAKRISHNAN                                                 ',37,b'A',08:00.0,b'1',14.655,90.788,b'1',b'ARGOS   ',235,12.51,34.882
34,23,b'2900268 ',b'INDIAN ARGO PROJECT                                             ',b'K.RADHAKRISHNAN                                                 ',37,b'A',08:00.0,b'1',14.655,90.788,b'1',b'ARGOS   ',245,12.217,34.889
34,24,b'2900268 ',b'INDIAN ARGO PROJECT                                             ',b'K.RADHAKRISHNAN                                                 ',37,b'A',08:00.0,b'1',14.655,90.788,b'1',b'ARGOS   ',255,11.965,34.896
34,25,b'2900268 ',b'INDIAN ARGO PROJECT                                             ',b'K.RADHAKRISHNAN                                                 ',37,b'A',08:00.0,b'1',14.655,90.788,b'1',b'ARGOS   ',265,11.791,34.898
34,26,b'2900268 ',b'INDIAN ARGO PROJECT                                             ',b'K.RADHAKRISHNAN                                                 ',37,b'A',08:00.0,b'1',14.655,90.788,b'1',b'ARGOS   ',275,11.657,34.892
34,27,b'2900268 ',b'INDIAN ARGO PROJECT                                             ',b'K.RADHAKRISHNAN                                                 ',37,b'A',08:00.0,b'1',14.655,90.788,b'1',b'ARGOS   ',285,11.541,34.899
34,28,b'2900268 ',b'INDIAN ARGO PROJECT                                             ',b'K.RADHAKRISHNAN                                                 ',37,b'A',08:00.0,b'1',14.655,90.788,b'1',b'ARGOS   ',295,11.417,34.902
34,29,b'2900268 ',b'INDIAN ARGO PROJECT                                             ',b'K.RADHAKRISHNAN                                                 ',37,b'A',08:00.0,b'1',14.655,90.788,b'1',b'ARGOS   ',305,11.3,34.9
34,30,b'2900268 ',b'INDIAN ARGO PROJECT                                             ',b'K.RADHAKRISHNAN                                                 ',37,b'A',08:00.0,b'1',14.655,90.788,b'1',b'ARGOS   ',315,11.204,34.897
34,31,b'2900268 ',b'INDIAN ARGO PROJECT                                             ',b'K.RADHAKRISHNAN                                                 ',37,b'A',08:00.0,b'1',14.655,90.788,b'1',b'ARGOS   ',325,11.081,34.9
34,32,b'2900268 ',b'INDIAN ARGO PROJECT                                             ',b'K.RADHAKRISHNAN                                                 ',37,b'A',08:00.0,b'1',14.655,90.788,b'1',b'ARGOS   ',335,10.982,34.899
34,33,b'2900268 ',b'INDIAN ARGO PROJECT                                             ',b'K.RADHAKRISHNAN                                                 ',37,b'A',08:00.0,b'1',14.655,90.788,b'1',b'ARGOS   ',345,10.892,34.901
34,34,b'2900268 ',b'INDIAN ARGO PROJECT                                             ',b'K.RADHAKRISHNAN                                                 ',37,b'A',08:00.0,b'1',14.655,90.788,b'1',b'ARGOS   ',355,10.798,34.905
34,35,b'2900268 ',b'INDIAN ARGO PROJECT                                             ',b'K.RADHAKRISHNAN                                                 ',37,b'A',08:00.0,b'1',14.655,90.788,b'1',b'ARGOS   ',365,10.699,34.905
34,36,b'2900268 ',b'INDIAN ARGO PROJECT                                             ',b'K.RADHAKRISHNAN                                                 ',37,b'A',08:00.0,b'1',14.655,90.788,b'1',b'ARGOS   ',375,10.622,34.904
34,37,b'2900268 ',b'INDIAN ARGO PROJECT                                             ',b'K.RADHAKRISHNAN                                                 ',37,b'A',08:00.0,b'1',14.655,90.788,b'1',b'ARGOS   ',385,10.545,34.902
34,38,b'2900268 ',b'INDIAN ARGO PROJECT                                             ',b'K.RADHAKRISHNAN                                                 ',37,b'A',08:00.0,b'1',14.655,90.788,b'1',b'ARGOS   ',396,10.445,34.902
34,39,b'2900268 ',b'INDIAN ARGO PROJECT                                             ',b'K.RADHAKRISHNAN                                                 ',37,b'A',08:00.0,b'1',14.655,90.788,b'1',b'ARGOS   ',405,10.378,34.902
34,40,b'2900268 ',b'INDIAN ARGO PROJECT                                             ',b'K.RADHAKRISHNAN                                                 ',37,b'A',08:00.0,b'1',14.655,90.788,b'1',b'ARGOS   ',415,10.282,34.898
34,41,b'2900268 ',b'INDIAN ARGO PROJECT                                             ',b'K.RADHAKRISHNAN                                                 ',37,b'A',08:00.0,b'1',14.655,90.788,b'1',b'ARGOS   ',451,9.978,34.899
34,42,b'2900268 ',b'INDIAN ARGO PROJECT                                             ',b'K.RADHAKRISHNAN                                                 ',37,b'A',08:00.0,b'1',14.655,90.788,b'1',b'ARGOS   ',500,9.687,34.892
34,43,b'2900268 ',b'INDIAN ARGO PROJECT                                             ',b'K.RADHAKRISHNAN                                                 ',37,b'A',08:00.0,b'1',14.655,90.788,b'1',b'ARGOS   ',550,9.351,34.885
34,44,b'2900268 ',b'INDIAN ARGO PROJECT                                             ',b'K.RADHAKRISHNAN                                                 ',37,b'A',08:00.0,b'1',14.655,90.788,b'1',b'ARGOS   ',600,9.024,34.88
34,45,b'2900268 ',b'INDIAN ARGO PROJECT                                             ',b'K.RADHAKRISHNAN                                                 ',37,b'A',08:00.0,b'1',14.655,90.788,b'1',b'ARGOS   ',649,8.674,34.864
34,46,b'2900268 ',b'INDIAN ARGO PROJECT                                             ',b'K.RADHAKRISHNAN                                                 ',37,b'A',08:00.0,b'1',14.655,90.788,b'1',b'ARGOS   ',700,8.322,34.859
34,47,b'2900268 ',b'INDIAN ARGO PROJECT                                             ',b'K.RADHAKRISHNAN                                                 ',37,b'A',08:00.0,b'1',14.655,90.788,b'1',b'ARGOS   ',751,8,34.845
34,48,b'2900268 ',b'INDIAN ARGO PROJECT                                             ',b'K.RADHAKRISHNAN                                                 ',37,b'A',08:00.0,b'1',14.655,90.788,b'1',b'ARGOS   ',799,7.663,34.835
34,49,b'2900268 ',b'INDIAN ARGO PROJECT                                             ',b'K.RADHAKRISHNAN                                                 ',37,b'A',08:00.0,b'1',14.655,90.788,b'1',b'ARGOS   ',850,7.332,34.828
34,50,b'2900268 ',b'INDIAN ARGO PROJECT                                             ',b'K.RADHAKRISHNAN                                                 ',37,b'A',08:00.0,b'1',14.655,90.788,b'1',b'ARGOS   ',900,7.089,34.819
34,51,b'2900268 ',b'INDIAN ARGO PROJECT                                             ',b'K.RADHAKRISHNAN                                                 ',37,b'A',08:00.0,b'1',14.655,90.788,b'1',b'ARGOS   ',950,6.82,34.814
34,52,b'2900268 ',b'INDIAN ARGO PROJECT                                             ',b'K.RADHAKRISHNAN                                                 ',37,b'A',08:00.0,b'1',14.655,90.788,b'1',b'ARGOS   ',982,6.647,34.808
35,0,b'2900268 ',b'INDIAN ARGO PROJECT                                             ',b'K.RADHAKRISHNAN                                                 ',38,b'A',08:00.0,b'1',14.488,90.953,b'1',b'ARGOS   ',15,28.043,32.58
35,1,b'2900268 ',b'INDIAN ARGO PROJECT                                             ',b'K.RADHAKRISHNAN                                                 ',38,b'A',08:00.0,b'1',14.488,90.953,b'1',b'ARGOS   ',25,28.047,32.582
35,2,b'2900268 ',b'INDIAN ARGO PROJECT                                             ',b'K.RADHAKRISHNAN                                                 ',38,b'A',08:00.0,b'1',14.488,90.953,b'1',b'ARGOS   ',35,28.052,32.589
35,3,b'2900268 ',b'INDIAN ARGO PROJECT                                             ',b'K.RADHAKRISHNAN                                                 ',38,b'A',08:00.0,b'1',14.488,90.953,b'1',b'ARGOS   ',45,28.056,32.591
35,4,b'2900268 ',b'INDIAN ARGO PROJECT                                             ',b'K.RADHAKRISHNAN                                                 ',38,b'A',08:00.0,b'1',14.488,90.953,b'1',b'ARGOS   ',55,28.271,32.875
35,5,b'2900268 ',b'INDIAN ARGO PROJECT                                             ',b'K.RADHAKRISHNAN                                                 ',38,b'A',08:00.0,b'1',14.488,90.953,b'1',b'ARGOS   ',65,27.811,33.382
35,6,b'2900268 ',b'INDIAN ARGO PROJECT                                             ',b'K.RADHAKRISHNAN                                                 ',38,b'A',08:00.0,b'1',14.488,90.953,b'1',b'ARGOS   ',75,26.703,33.645
35,7,b'2900268 ',b'INDIAN ARGO PROJECT                                             ',b'K.RADHAKRISHNAN                                                 ',38,b'A',08:00.0,b'1',14.488,90.953,b'1',b'ARGOS   ',85,25.798,33.99
35,8,b'2900268 ',b'INDIAN ARGO PROJECT                                             ',b'K.RADHAKRISHNAN                                                 ',38,b'A',08:00.0,b'1',14.488,90.953,b'1',b'ARGOS   ',95,24.417,34.208
35,9,b'2900268 ',b'INDIAN ARGO PROJECT                                             ',b'K.RADHAKRISHNAN                                                 ',38,b'A',08:00.0,b'1',14.488,90.953,b'1',b'ARGOS   ',105,22.705,34.429
35,10,b'2900268 ',b'INDIAN ARGO PROJECT                                             ',b'K.RADHAKRISHNAN                                                 ',38,b'A',08:00.0,b'1',14.488,90.953,b'1',b'ARGOS   ',115,21.194,34.481
35,11,b'2900268 ',b'INDIAN ARGO PROJECT                                             ',b'K.RADHAKRISHNAN                                                 ',38,b'A',08:00.0,b'1',14.488,90.953,b'1',b'ARGOS   ',125,19.873,34.583
35,12,b'2900268 ',b'INDIAN ARGO PROJECT                                             ',b'K.RADHAKRISHNAN                                                 ',38,b'A',08:00.0,b'1',14.488,90.953,b'1',b'ARGOS   ',135,19.039,34.65
35,13,b'2900268 ',b'INDIAN ARGO PROJECT                                             ',b'K.RADHAKRISHNAN                                                 ',38,b'A',08:00.0,b'1',14.488,90.953,b'1',b'ARGOS   ',145,18.03,34.763
35,14,b'2900268 ',b'INDIAN ARGO PROJECT                                             ',b'K.RADHAKRISHNAN                                                 ',38,b'A',08:00.0,b'1',14.488,90.953,b'1',b'ARGOS   ',155,16.771,34.795
35,15,b'2900268 ',b'INDIAN ARGO PROJECT                                             ',b'K.RADHAKRISHNAN                                                 ',38,b'A',08:00.0,b'1',14.488,90.953,b'1',b'ARGOS   ',165,15.936,34.794
35,16,b'2900268 ',b'INDIAN ARGO PROJECT                                             ',b'K.RADHAKRISHNAN                                                 ',38,b'A',08:00.0,b'1',14.488,90.953,b'1',b'ARGOS   ',175,14.966,34.801
35,17,b'2900268 ',b'INDIAN ARGO PROJECT                                             ',b'K.RADHAKRISHNAN                                                 ',38,b'A',08:00.0,b'1',14.488,90.953,b'1',b'ARGOS   ',185,14.319,34.826
35,18,b'2900268 ',b'INDIAN ARGO PROJECT                                             ',b'K.RADHAKRISHNAN                                                 ',38,b'A',08:00.0,b'1',14.488,90.953,b'1',b'ARGOS   ',195,13.852,34.835
35,19,b'2900268 ',b'INDIAN ARGO PROJECT                                             ',b'K.RADHAKRISHNAN                                                 ',38,b'A',08:00.0,b'1',14.488,90.953,b'1',b'ARGOS   ',205,13.303,34.851
35,20,b'2900268 ',b'INDIAN ARGO PROJECT                                             ',b'K.RADHAKRISHNAN                                                 ',38,b'A',08:00.0,b'1',14.488,90.953,b'1',b'ARGOS   ',214,13.035,34.856
35,21,b'2900268 ',b'INDIAN ARGO PROJECT                                             ',b'K.RADHAKRISHNAN                                                 ',38,b'A',08:00.0,b'1',14.488,90.953,b'1',b'ARGOS   ',225,12.782,34.865
35,22,b'2900268 ',b'INDIAN ARGO PROJECT                                             ',b'K.RADHAKRISHNAN                                                 ',38,b'A',08:00.0,b'1',14.488,90.953,b'1',b'ARGOS   ',235,12.506,34.876
35,23,b'2900268 ',b'INDIAN ARGO PROJECT                                             ',b'K.RADHAKRISHNAN                                                 ',38,b'A',08:00.0,b'1',14.488,90.953,b'1',b'ARGOS   ',245,12.259,34.879
35,24,b'2900268 ',b'INDIAN ARGO PROJECT                                             ',b'K.RADHAKRISHNAN                                                 ',38,b'A',08:00.0,b'1',14.488,90.953,b'1',b'ARGOS   ',255,12.04,34.884
35,25,b'2900268 ',b'INDIAN ARGO PROJECT                                             ',b'K.RADHAKRISHNAN                                                 ',38,b'A',08:00.0,b'1',14.488,90.953,b'1',b'ARGOS   ',266,11.864,34.878
35,26,b'2900268 ',b'INDIAN ARGO PROJECT                                             ',b'K.RADHAKRISHNAN                                                 ',38,b'A',08:00.0,b'1',14.488,90.953,b'1',b'ARGOS   ',275,11.692,34.889
35,27,b'2900268 ',b'INDIAN ARGO PROJECT                                             ',b'K.RADHAKRISHNAN                                                 ',38,b'A',08:00.0,b'1',14.488,90.953,b'1',b'ARGOS   ',285,11.534,34.885
35,28,b'2900268 ',b'INDIAN ARGO PROJECT                                             ',b'K.RADHAKRISHNAN                                                 ',38,b'A',08:00.0,b'1',14.488,90.953,b'1',b'ARGOS   ',295,11.412,34.887
35,29,b'2900268 ',b'INDIAN ARGO PROJECT                                             ',b'K.RADHAKRISHNAN                                                 ',38,b'A',08:00.0,b'1',14.488,90.953,b'1',b'ARGOS   ',305,11.237,34.89
35,30,b'2900268 ',b'INDIAN ARGO PROJECT                                             ',b'K.RADHAKRISHNAN                                                 ',38,b'A',08:00.0,b'1',14.488,90.953,b'1',b'ARGOS   ',315,11.128,34.889
35,31,b'2900268 ',b'INDIAN ARGO PROJECT                                             ',b'K.RADHAKRISHNAN                                                 ',38,b'A',08:00.0,b'1',14.488,90.953,b'1',b'ARGOS   ',325,11.026,34.892
35,32,b'2900268 ',b'INDIAN ARGO PROJECT                                             ',b'K.RADHAKRISHNAN                                                 ',38,b'A',08:00.0,b'1',14.488,90.953,b'1',b'ARGOS   ',336,10.92,34.888
35,33,b'2900268 ',b'INDIAN ARGO PROJECT                                             ',b'K.RADHAKRISHNAN                                                 ',38,b'A',08:00.0,b'1',14.488,90.953,b'1',b'ARGOS   ',345,10.802,34.896
35,34,b'2900268 ',b'INDIAN ARGO PROJECT                                             ',b'K.RADHAKRISHNAN                                                 ',38,b'A',08:00.0,b'1',14.488,90.953,b'1',b'ARGOS   ',355,10.699,34.889
35,35,b'2900268 ',b'INDIAN ARGO PROJECT                                             ',b'K.RADHAKRISHNAN                                                 ',38,b'A',08:00.0,b'1',14.488,90.953,b'1',b'ARGOS   ',365,10.634,34.887
35,36,b'2900268 ',b'INDIAN ARGO PROJECT                                             ',b'K.RADHAKRISHNAN                                                 ',38,b'A',08:00.0,b'1',14.488,90.953,b'1',b'ARGOS   ',375,10.557,34.885
35,37,b'2900268 ',b'INDIAN ARGO PROJECT                                             ',b'K.RADHAKRISHNAN                                                 ',38,b'A',08:00.0,b'1',14.488,90.953,b'1',b'ARGOS   ',385,10.495,34.89
35,38,b'2900268 ',b'INDIAN ARGO PROJECT                                             ',b'K.RADHAKRISHNAN                                                 ',38,b'A',08:00.0,b'1',14.488,90.953,b'1',b'ARGOS   ',395,10.413,34.883
35,39,b'2900268 ',b'INDIAN ARGO PROJECT                                             ',b'K.RADHAKRISHNAN                                                 ',38,b'A',08:00.0,b'1',14.488,90.953,b'1',b'ARGOS   ',406,10.346,34.891
35,40,b'2900268 ',b'INDIAN ARGO PROJECT                                             ',b'K.RADHAKRISHNAN                                                 ',38,b'A',08:00.0,b'1',14.488,90.953,b'1',b'ARGOS   ',415,10.286,34.884
35,41,b'2900268 ',b'INDIAN ARGO PROJECT                                             ',b'K.RADHAKRISHNAN                                                 ',38,b'A',08:00.0,b'1',14.488,90.953,b'1',b'ARGOS   ',450,10.03,34.88
35,42,b'2900268 ',b'INDIAN ARGO PROJECT                                             ',b'K.RADHAKRISHNAN                                                 ',38,b'A',08:00.0,b'1',14.488,90.953,b'1',b'ARGOS   ',501,9.643,34.882
35,43,b'2900268 ',b'INDIAN ARGO PROJECT                                             ',b'K.RADHAKRISHNAN                                                 ',38,b'A',08:00.0,b'1',14.488,90.953,b'1',b'ARGOS   ',549,9.28,34.872
35,44,b'2900268 ',b'INDIAN ARGO PROJECT                                             ',b'K.RADHAKRISHNAN                                                 ',38,b'A',08:00.0,b'1',14.488,90.953,b'1',b'ARGOS   ',600,8.973,34.867
35,45,b'2900268 ',b'INDIAN ARGO PROJECT                                             ',b'K.RADHAKRISHNAN                                                 ',38,b'A',08:00.0,b'1',14.488,90.953,b'1',b'ARGOS   ',650,8.66,34.857
35,46,b'2900268 ',b'INDIAN ARGO PROJECT                                             ',b'K.RADHAKRISHNAN                                                 ',38,b'A',08:00.0,b'1',14.488,90.953,b'1',b'ARGOS   ',700,8.31,34.85
35,47,b'2900268 ',b'INDIAN ARGO PROJECT                                             ',b'K.RADHAKRISHNAN                                                 ',38,b'A',08:00.0,b'1',14.488,90.953,b'1',b'ARGOS   ',751,7.899,34.838
35,48,b'2900268 ',b'INDIAN ARGO PROJECT                                             ',b'K.RADHAKRISHNAN                                                 ',38,b'A',08:00.0,b'1',14.488,90.953,b'1',b'ARGOS   ',799,7.609,34.824
35,49,b'2900268 ',b'INDIAN ARGO PROJECT                                             ',b'K.RADHAKRISHNAN                                                 ',38,b'A',08:00.0,b'1',14.488,90.953,b'1',b'ARGOS   ',850,7.327,34.811
35,50,b'2900268 ',b'INDIAN ARGO PROJECT                                             ',b'K.RADHAKRISHNAN                                                 ',38,b'A',08:00.0,b'1',14.488,90.953,b'1',b'ARGOS   ',900,7.006,34.804
35,51,b'2900268 ',b'INDIAN ARGO PROJECT                                             ',b'K.RADHAKRISHNAN                                                 ',38,b'A',08:00.0,b'1',14.488,90.953,b'1',b'ARGOS   ',950,6.648,34.789
35,52,b'2900268 ',b'INDIAN ARGO PROJECT                                             ',b'K.RADHAKRISHNAN                                                 ',38,b'A',08:00.0,b'1',14.488,90.953,b'1',b'ARGOS   ',981,6.476,34.782
36,0,b'2900268 ',b'INDIAN ARGO PROJECT                                             ',b'K.RADHAKRISHNAN                                                 ',39,b'A',14:00.0,b'1',14.297,91.044,b'1',b'ARGOS   ',15,27.817,32.382
36,1,b'2900268 ',b'INDIAN ARGO PROJECT                                             ',b'K.RADHAKRISHNAN                                                 ',39,b'A',14:00.0,b'1',14.297,91.044,b'1',b'ARGOS   ',25,28.111,32.648
36,2,b'2900268 ',b'INDIAN ARGO PROJECT                                             ',b'K.RADHAKRISHNAN                                                 ',39,b'A',14:00.0,b'1',14.297,91.044,b'1',b'ARGOS   ',35,28.088,32.668
36,3,b'2900268 ',b'INDIAN ARGO PROJECT                                             ',b'K.RADHAKRISHNAN                                                 ',39,b'A',14:00.0,b'1',14.297,91.044,b'1',b'ARGOS   ',45,28.295,32.819
36,4,b'2900268 ',b'INDIAN ARGO PROJECT                                             ',b'K.RADHAKRISHNAN                                                 ',39,b'A',14:00.0,b'1',14.297,91.044,b'1',b'ARGOS   ',55,28.569,33.253
36,5,b'2900268 ',b'INDIAN ARGO PROJECT                                             ',b'K.RADHAKRISHNAN                                                 ',39,b'A',14:00.0,b'1',14.297,91.044,b'1',b'ARGOS   ',65,27.608,33.66
36,6,b'2900268 ',b'INDIAN ARGO PROJECT                                             ',b'K.RADHAKRISHNAN                                                 ',39,b'A',14:00.0,b'1',14.297,91.044,b'1',b'ARGOS   ',75,26.39,33.953
36,7,b'2900268 ',b'INDIAN ARGO PROJECT                                             ',b'K.RADHAKRISHNAN                                                 ',39,b'A',14:00.0,b'1',14.297,91.044,b'1',b'ARGOS   ',85,24.946,34.181
36,8,b'2900268 ',b'INDIAN ARGO PROJECT                                             ',b'K.RADHAKRISHNAN                                                 ',39,b'A',14:00.0,b'1',14.297,91.044,b'1',b'ARGOS   ',95,23.75,34.435
36,9,b'2900268 ',b'INDIAN ARGO PROJECT                                             ',b'K.RADHAKRISHNAN                                                 ',39,b'A',14:00.0,b'1',14.297,91.044,b'1',b'ARGOS   ',106,22.388,34.601
36,10,b'2900268 ',b'INDIAN ARGO PROJECT                                             ',b'K.RADHAKRISHNAN                                                 ',39,b'A',14:00.0,b'1',14.297,91.044,b'1',b'ARGOS   ',115,20.859,34.592
36,11,b'2900268 ',b'INDIAN ARGO PROJECT                                             ',b'K.RADHAKRISHNAN                                                 ',39,b'A',14:00.0,b'1',14.297,91.044,b'1',b'ARGOS   ',125,20.072,34.77
36,12,b'2900268 ',b'INDIAN ARGO PROJECT                                             ',b'K.RADHAKRISHNAN                                                 ',39,b'A',14:00.0,b'1',14.297,91.044,b'1',b'ARGOS   ',135,18.278,34.82
36,13,b'2900268 ',b'INDIAN ARGO PROJECT                                             ',b'K.RADHAKRISHNAN                                                 ',39,b'A',14:00.0,b'1',14.297,91.044,b'1',b'ARGOS   ',145,16.972,34.825
36,14,b'2900268 ',b'INDIAN ARGO PROJECT                                             ',b'K.RADHAKRISHNAN                                                 ',39,b'A',14:00.0,b'1',14.297,91.044,b'1',b'ARGOS   ',155,16.074,34.846
36,15,b'2900268 ',b'INDIAN ARGO PROJECT                                             ',b'K.RADHAKRISHNAN                                                 ',39,b'A',14:00.0,b'1',14.297,91.044,b'1',b'ARGOS   ',166,15.269,34.88
36,16,b'2900268 ',b'INDIAN ARGO PROJECT                                             ',b'K.RADHAKRISHNAN                                                 ',39,b'A',14:00.0,b'1',14.297,91.044,b'1',b'ARGOS   ',175,14.471,34.896
36,17,b'2900268 ',b'INDIAN ARGO PROJECT                                             ',b'K.RADHAKRISHNAN                                                 ',39,b'A',14:00.0,b'1',14.297,91.044,b'1',b'ARGOS   ',185,13.832,34.904
36,18,b'2900268 ',b'INDIAN ARGO PROJECT                                             ',b'K.RADHAKRISHNAN                                                 ',39,b'A',14:00.0,b'1',14.297,91.044,b'1',b'ARGOS   ',195,13.432,34.917
36,19,b'2900268 ',b'INDIAN ARGO PROJECT                                             ',b'K.RADHAKRISHNAN                                                 ',39,b'A',14:00.0,b'1',14.297,91.044,b'1',b'ARGOS   ',205,13.084,34.92
36,20,b'2900268 ',b'INDIAN ARGO PROJECT                                             ',b'K.RADHAKRISHNAN                                                 ',39,b'A',14:00.0,b'1',14.297,91.044,b'1',b'ARGOS   ',215,12.698,34.947
36,21,b'2900268 ',b'INDIAN ARGO PROJECT                                             ',b'K.RADHAKRISHNAN                                                 ',39,b'A',14:00.0,b'1',14.297,91.044,b'1',b'ARGOS   ',225,12.408,34.952
36,22,b'2900268 ',b'INDIAN ARGO PROJECT                                             ',b'K.RADHAKRISHNAN                                                 ',39,b'A',14:00.0,b'1',14.297,91.044,b'1',b'ARGOS   ',235,12.193,34.954
36,23,b'2900268 ',b'INDIAN ARGO PROJECT                                             ',b'K.RADHAKRISHNAN                                                 ',39,b'A',14:00.0,b'1',14.297,91.044,b'1',b'ARGOS   ',245,12.003,34.953
36,24,b'2900268 ',b'INDIAN ARGO PROJECT                                             ',b'K.RADHAKRISHNAN                                                 ',39,b'A',14:00.0,b'1',14.297,91.044,b'1',b'ARGOS   ',255,11.827,34.957
36,25,b'2900268 ',b'INDIAN ARGO PROJECT                                             ',b'K.RADHAKRISHNAN                                                 ',39,b'A',14:00.0,b'1',14.297,91.044,b'1',b'ARGOS   ',265,11.652,34.96
36,26,b'2900268 ',b'INDIAN ARGO PROJECT                                             ',b'K.RADHAKRISHNAN                                                 ',39,b'A',14:00.0,b'1',14.297,91.044,b'1',b'ARGOS   ',275,11.499,34.962
36,27,b'2900268 ',b'INDIAN ARGO PROJECT                                             ',b'K.RADHAKRISHNAN                                                 ',39,b'A',14:00.0,b'1',14.297,91.044,b'1',b'ARGOS   ',285,11.333,34.956
36,28,b'2900268 ',b'INDIAN ARGO PROJECT                                             ',b'K.RADHAKRISHNAN                                                 ',39,b'A',14:00.0,b'1',14.297,91.044,b'1',b'ARGOS   ',295,11.243,34.958
36,29,b'2900268 ',b'INDIAN ARGO PROJECT                                             ',b'K.RADHAKRISHNAN                                                 ',39,b'A',14:00.0,b'1',14.297,91.044,b'1',b'ARGOS   ',305,11.134,34.958
36,30,b'2900268 ',b'INDIAN ARGO PROJECT                                             ',b'K.RADHAKRISHNAN                                                 ',39,b'A',14:00.0,b'1',14.297,91.044,b'1',b'ARGOS   ',315,11.02,34.962
36,31,b'2900268 ',b'INDIAN ARGO PROJECT                                             ',b'K.RADHAKRISHNAN                                                 ',39,b'A',14:00.0,b'1',14.297,91.044,b'1',b'ARGOS   ',325,10.929,34.964
36,32,b'2900268 ',b'INDIAN ARGO PROJECT                                             ',b'K.RADHAKRISHNAN                                                 ',39,b'A',14:00.0,b'1',14.297,91.044,b'1',b'ARGOS   ',335,10.834,34.96
36,33,b'2900268 ',b'INDIAN ARGO PROJECT                                             ',b'K.RADHAKRISHNAN                                                 ',39,b'A',14:00.0,b'1',14.297,91.044,b'1',b'ARGOS   ',345,10.735,34.96
36,34,b'2900268 ',b'INDIAN ARGO PROJECT                                             ',b'K.RADHAKRISHNAN                                                 ',39,b'A',14:00.0,b'1',14.297,91.044,b'1',b'ARGOS   ',356,10.65,34.966
36,35,b'2900268 ',b'INDIAN ARGO PROJECT                                             ',b'K.RADHAKRISHNAN                                                 ',39,b'A',14:00.0,b'1',14.297,91.044,b'1',b'ARGOS   ',365,10.578,34.96
36,36,b'2900268 ',b'INDIAN ARGO PROJECT                                             ',b'K.RADHAKRISHNAN                                                 ',39,b'A',14:00.0,b'1',14.297,91.044,b'1',b'ARGOS   ',375,10.504,34.966
36,37,b'2900268 ',b'INDIAN ARGO PROJECT                                             ',b'K.RADHAKRISHNAN                                                 ',39,b'A',14:00.0,b'1',14.297,91.044,b'1',b'ARGOS   ',385,10.435,34.957
36,38,b'2900268 ',b'INDIAN ARGO PROJECT                                             ',b'K.RADHAKRISHNAN                                                 ',39,b'A',14:00.0,b'1',14.297,91.044,b'1',b'ARGOS   ',395,10.379,34.956
36,39,b'2900268 ',b'INDIAN ARGO PROJECT                                             ',b'K.RADHAKRISHNAN                                                 ',39,b'A',14:00.0,b'1',14.297,91.044,b'1',b'ARGOS   ',405,10.314,34.963
36,40,b'2900268 ',b'INDIAN ARGO PROJECT                                             ',b'K.RADHAKRISHNAN                                                 ',39,b'A',14:00.0,b'1',14.297,91.044,b'1',b'ARGOS   ',415,10.237,34.961
36,41,b'2900268 ',b'INDIAN ARGO PROJECT                                             ',b'K.RADHAKRISHNAN                                                 ',39,b'A',14:00.0,b'1',14.297,91.044,b'1',b'ARGOS   ',451,9.971,34.957
36,42,b'2900268 ',b'INDIAN ARGO PROJECT                                             ',b'K.RADHAKRISHNAN                                                 ',39,b'A',14:00.0,b'1',14.297,91.044,b'1',b'ARGOS   ',500,9.625,34.952
36,43,b'2900268 ',b'INDIAN ARGO PROJECT                                             ',b'K.RADHAKRISHNAN                                                 ',39,b'A',14:00.0,b'1',14.297,91.044,b'1',b'ARGOS   ',550,9.273,34.94
36,44,b'2900268 ',b'INDIAN ARGO PROJECT                                             ',b'K.RADHAKRISHNAN                                                 ',39,b'A',14:00.0,b'1',14.297,91.044,b'1',b'ARGOS   ',600,8.898,34.93
36,45,b'2900268 ',b'INDIAN ARGO PROJECT                                             ',b'K.RADHAKRISHNAN                                                 ',39,b'A',14:00.0,b'1',14.297,91.044,b'1',b'ARGOS   ',650,8.563,34.92
36,46,b'2900268 ',b'INDIAN ARGO PROJECT                                             ',b'K.RADHAKRISHNAN                                                 ',39,b'A',14:00.0,b'1',14.297,91.044,b'1',b'ARGOS   ',700,8.239,34.909
36,47,b'2900268 ',b'INDIAN ARGO PROJECT                                             ',b'K.RADHAKRISHNAN                                                 ',39,b'A',14:00.0,b'1',14.297,91.044,b'1',b'ARGOS   ',749,7.904,34.909
36,48,b'2900268 ',b'INDIAN ARGO PROJECT                                             ',b'K.RADHAKRISHNAN                                                 ',39,b'A',14:00.0,b'1',14.297,91.044,b'1',b'ARGOS   ',802,7.523,34.887
36,49,b'2900268 ',b'INDIAN ARGO PROJECT                                             ',b'K.RADHAKRISHNAN                                                 ',39,b'A',14:00.0,b'1',14.297,91.044,b'1',b'ARGOS   ',850,7.169,34.882
36,50,b'2900268 ',b'INDIAN ARGO PROJECT                                             ',b'K.RADHAKRISHNAN                                                 ',39,b'A',14:00.0,b'1',14.297,91.044,b'1',b'ARGOS   ',899,6.819,34.872
36,51,b'2900268 ',b'INDIAN ARGO PROJECT                                             ',b'K.RADHAKRISHNAN                                                 ',39,b'A',14:00.0,b'1',14.297,91.044,b'1',b'ARGOS   ',950,6.498,34.852
36,52,b'2900268 ',b'INDIAN ARGO PROJECT                                             ',b'K.RADHAKRISHNAN                                                 ',39,b'A',14:00.0,b'1',14.297,91.044,b'1',b'ARGOS   ',986,6.346,34.855
37,0,b'2900268 ',b'INDIAN ARGO PROJECT                                             ',b'K.RADHAKRISHNAN                                                 ',40,b'A',08:00.0,b'1',14.481,91.233,b'1',b'ARGOS   ',15,27.883,32.802
37,1,b'2900268 ',b'INDIAN ARGO PROJECT                                             ',b'K.RADHAKRISHNAN                                                 ',40,b'A',08:00.0,b'1',14.481,91.233,b'1',b'ARGOS   ',25,27.884,32.799
37,2,b'2900268 ',b'INDIAN ARGO PROJECT                                             ',b'K.RADHAKRISHNAN                                                 ',40,b'A',08:00.0,b'1',14.481,91.233,b'1',b'ARGOS   ',35,27.9,32.813
37,3,b'2900268 ',b'INDIAN ARGO PROJECT                                             ',b'K.RADHAKRISHNAN                                                 ',40,b'A',08:00.0,b'1',14.481,91.233,b'1',b'ARGOS   ',45,28.138,33.005
37,4,b'2900268 ',b'INDIAN ARGO PROJECT                                             ',b'K.RADHAKRISHNAN                                                 ',40,b'A',08:00.0,b'1',14.481,91.233,b'1',b'ARGOS   ',55,28.208,33.182
37,5,b'2900268 ',b'INDIAN ARGO PROJECT                                             ',b'K.RADHAKRISHNAN                                                 ',40,b'A',08:00.0,b'1',14.481,91.233,b'1',b'ARGOS   ',65,27.982,33.324
37,6,b'2900268 ',b'INDIAN ARGO PROJECT                                             ',b'K.RADHAKRISHNAN                                                 ',40,b'A',08:00.0,b'1',14.481,91.233,b'1',b'ARGOS   ',75,27.806,33.949
37,7,b'2900268 ',b'INDIAN ARGO PROJECT                                             ',b'K.RADHAKRISHNAN                                                 ',40,b'A',08:00.0,b'1',14.481,91.233,b'1',b'ARGOS   ',85,26.328,34.356
37,8,b'2900268 ',b'INDIAN ARGO PROJECT                                             ',b'K.RADHAKRISHNAN                                                 ',40,b'A',08:00.0,b'1',14.481,91.233,b'1',b'ARGOS   ',95,24.876,34.58
37,9,b'2900268 ',b'INDIAN ARGO PROJECT                                             ',b'K.RADHAKRISHNAN                                                 ',40,b'A',08:00.0,b'1',14.481,91.233,b'1',b'ARGOS   ',105,23.486,34.676
37,10,b'2900268 ',b'INDIAN ARGO PROJECT                                             ',b'K.RADHAKRISHNAN                                                 ',40,b'A',08:00.0,b'1',14.481,91.233,b'1',b'ARGOS   ',115,22.079,34.704
37,11,b'2900268 ',b'INDIAN ARGO PROJECT                                             ',b'K.RADHAKRISHNAN                                                 ',40,b'A',08:00.0,b'1',14.481,91.233,b'1',b'ARGOS   ',125,20.819,34.765
37,12,b'2900268 ',b'INDIAN ARGO PROJECT                                             ',b'K.RADHAKRISHNAN                                                 ',40,b'A',08:00.0,b'1',14.481,91.233,b'1',b'ARGOS   ',134,19.156,34.794
37,13,b'2900268 ',b'INDIAN ARGO PROJECT                                             ',b'K.RADHAKRISHNAN                                                 ',40,b'A',08:00.0,b'1',14.481,91.233,b'1',b'ARGOS   ',145,17.756,34.817
37,14,b'2900268 ',b'INDIAN ARGO PROJECT                                             ',b'K.RADHAKRISHNAN                                                 ',40,b'A',08:00.0,b'1',14.481,91.233,b'1',b'ARGOS   ',156,16.785,34.826
37,15,b'2900268 ',b'INDIAN ARGO PROJECT                                             ',b'K.RADHAKRISHNAN                                                 ',40,b'A',08:00.0,b'1',14.481,91.233,b'1',b'ARGOS   ',165,15.642,34.865
37,16,b'2900268 ',b'INDIAN ARGO PROJECT                                             ',b'K.RADHAKRISHNAN                                                 ',40,b'A',08:00.0,b'1',14.481,91.233,b'1',b'ARGOS   ',175,14.779,34.886
37,17,b'2900268 ',b'INDIAN ARGO PROJECT                                             ',b'K.RADHAKRISHNAN                                                 ',40,b'A',08:00.0,b'1',14.481,91.233,b'1',b'ARGOS   ',185,14.18,34.905
37,18,b'2900268 ',b'INDIAN ARGO PROJECT                                             ',b'K.RADHAKRISHNAN                                                 ',40,b'A',08:00.0,b'1',14.481,91.233,b'1',b'ARGOS   ',195,13.578,34.916
37,19,b'2900268 ',b'INDIAN ARGO PROJECT                                             ',b'K.RADHAKRISHNAN                                                 ',40,b'A',08:00.0,b'1',14.481,91.233,b'1',b'ARGOS   ',205,13.143,34.922
37,20,b'2900268 ',b'INDIAN ARGO PROJECT                                             ',b'K.RADHAKRISHNAN                                                 ',40,b'A',08:00.0,b'1',14.481,91.233,b'1',b'ARGOS   ',215,12.804,34.935
37,21,b'2900268 ',b'INDIAN ARGO PROJECT                                             ',b'K.RADHAKRISHNAN                                                 ',40,b'A',08:00.0,b'1',14.481,91.233,b'1',b'ARGOS   ',226,12.485,34.938
37,22,b'2900268 ',b'INDIAN ARGO PROJECT                                             ',b'K.RADHAKRISHNAN                                                 ',40,b'A',08:00.0,b'1',14.481,91.233,b'1',b'ARGOS   ',235,12.271,34.949
37,23,b'2900268 ',b'INDIAN ARGO PROJECT                                             ',b'K.RADHAKRISHNAN                                                 ',40,b'A',08:00.0,b'1',14.481,91.233,b'1',b'ARGOS   ',245,12.05,34.948
37,24,b'2900268 ',b'INDIAN ARGO PROJECT                                             ',b'K.RADHAKRISHNAN                                                 ',40,b'A',08:00.0,b'1',14.481,91.233,b'1',b'ARGOS   ',255,11.912,34.946
37,25,b'2900268 ',b'INDIAN ARGO PROJECT                                             ',b'K.RADHAKRISHNAN                                                 ',40,b'A',08:00.0,b'1',14.481,91.233,b'1',b'ARGOS   ',265,11.753,34.954
37,26,b'2900268 ',b'INDIAN ARGO PROJECT                                             ',b'K.RADHAKRISHNAN                                                 ',40,b'A',08:00.0,b'1',14.481,91.233,b'1',b'ARGOS   ',275,11.621,34.956
37,27,b'2900268 ',b'INDIAN ARGO PROJECT                                             ',b'K.RADHAKRISHNAN                                                 ',40,b'A',08:00.0,b'1',14.481,91.233,b'1',b'ARGOS   ',285,11.473,34.953
37,28,b'2900268 ',b'INDIAN ARGO PROJECT                                             ',b'K.RADHAKRISHNAN                                                 ',40,b'A',08:00.0,b'1',14.481,91.233,b'1',b'ARGOS   ',295,11.342,34.953
37,29,b'2900268 ',b'INDIAN ARGO PROJECT                                             ',b'K.RADHAKRISHNAN                                                 ',40,b'A',08:00.0,b'1',14.481,91.233,b'1',b'ARGOS   ',305,11.226,34.96
37,30,b'2900268 ',b'INDIAN ARGO PROJECT                                             ',b'K.RADHAKRISHNAN                                                 ',40,b'A',08:00.0,b'1',14.481,91.233,b'1',b'ARGOS   ',315,11.092,34.953
37,31,b'2900268 ',b'INDIAN ARGO PROJECT                                             ',b'K.RADHAKRISHNAN                                                 ',40,b'A',08:00.0,b'1',14.481,91.233,b'1',b'ARGOS   ',325,10.97,34.955
37,32,b'2900268 ',b'INDIAN ARGO PROJECT                                             ',b'K.RADHAKRISHNAN                                                 ',40,b'A',08:00.0,b'1',14.481,91.233,b'1',b'ARGOS   ',335,10.863,34.952
37,33,b'2900268 ',b'INDIAN ARGO PROJECT                                             ',b'K.RADHAKRISHNAN                                                 ',40,b'A',08:00.0,b'1',14.481,91.233,b'1',b'ARGOS   ',345,10.768,34.958
37,34,b'2900268 ',b'INDIAN ARGO PROJECT                                             ',b'K.RADHAKRISHNAN                                                 ',40,b'A',08:00.0,b'1',14.481,91.233,b'1',b'ARGOS   ',355,10.689,34.959
37,35,b'2900268 ',b'INDIAN ARGO PROJECT                                             ',b'K.RADHAKRISHNAN                                                 ',40,b'A',08:00.0,b'1',14.481,91.233,b'1',b'ARGOS   ',365,10.603,34.956
37,36,b'2900268 ',b'INDIAN ARGO PROJECT                                             ',b'K.RADHAKRISHNAN                                                 ',40,b'A',08:00.0,b'1',14.481,91.233,b'1',b'ARGOS   ',375,10.538,34.954
37,37,b'2900268 ',b'INDIAN ARGO PROJECT                                             ',b'K.RADHAKRISHNAN                                                 ',40,b'A',08:00.0,b'1',14.481,91.233,b'1',b'ARGOS   ',386,10.456,34.957
37,38,b'2900268 ',b'INDIAN ARGO PROJECT                                             ',b'K.RADHAKRISHNAN                                                 ',40,b'A',08:00.0,b'1',14.481,91.233,b'1',b'ARGOS   ',395,10.379,34.956
37,39,b'2900268 ',b'INDIAN ARGO PROJECT                                             ',b'K.RADHAKRISHNAN                                                 ',40,b'A',08:00.0,b'1',14.481,91.233,b'1',b'ARGOS   ',405,10.301,34.955
37,40,b'2900268 ',b'INDIAN ARGO PROJECT                                             ',b'K.RADHAKRISHNAN                                                 ',40,b'A',08:00.0,b'1',14.481,91.233,b'1',b'ARGOS   ',415,10.23,34.958
37,41,b'2900268 ',b'INDIAN ARGO PROJECT                                             ',b'K.RADHAKRISHNAN                                                 ',40,b'A',08:00.0,b'1',14.481,91.233,b'1',b'ARGOS   ',450,9.958,34.95
37,42,b'2900268 ',b'INDIAN ARGO PROJECT                                             ',b'K.RADHAKRISHNAN                                                 ',40,b'A',08:00.0,b'1',14.481,91.233,b'1',b'ARGOS   ',501,9.552,34.95
37,43,b'2900268 ',b'INDIAN ARGO PROJECT                                             ',b'K.RADHAKRISHNAN                                                 ',40,b'A',08:00.0,b'1',14.481,91.233,b'1',b'ARGOS   ',549,9.227,34.944
37,44,b'2900268 ',b'INDIAN ARGO PROJECT                                             ',b'K.RADHAKRISHNAN                                                 ',40,b'A',08:00.0,b'1',14.481,91.233,b'1',b'ARGOS   ',600,8.779,34.931
37,45,b'2900268 ',b'INDIAN ARGO PROJECT                                             ',b'K.RADHAKRISHNAN                                                 ',40,b'A',08:00.0,b'1',14.481,91.233,b'1',b'ARGOS   ',650,8.456,34.92
37,46,b'2900268 ',b'INDIAN ARGO PROJECT                                             ',b'K.RADHAKRISHNAN                                                 ',40,b'A',08:00.0,b'1',14.481,91.233,b'1',b'ARGOS   ',700,8.096,34.902
37,47,b'2900268 ',b'INDIAN ARGO PROJECT                                             ',b'K.RADHAKRISHNAN                                                 ',40,b'A',08:00.0,b'1',14.481,91.233,b'1',b'ARGOS   ',751,7.809,34.895
37,48,b'2900268 ',b'INDIAN ARGO PROJECT                                             ',b'K.RADHAKRISHNAN                                                 ',40,b'A',08:00.0,b'1',14.481,91.233,b'1',b'ARGOS   ',800,7.472,34.885
37,49,b'2900268 ',b'INDIAN ARGO PROJECT                                             ',b'K.RADHAKRISHNAN                                                 ',40,b'A',08:00.0,b'1',14.481,91.233,b'1',b'ARGOS   ',850,7.163,34.877
37,50,b'2900268 ',b'INDIAN ARGO PROJECT                                             ',b'K.RADHAKRISHNAN                                                 ',40,b'A',08:00.0,b'1',14.481,91.233,b'1',b'ARGOS   ',899,6.838,34.864
37,51,b'2900268 ',b'INDIAN ARGO PROJECT                                             ',b'K.RADHAKRISHNAN                                                 ',40,b'A',08:00.0,b'1',14.481,91.233,b'1',b'ARGOS   ',949,6.544,34.85
37,52,b'2900268 ',b'INDIAN ARGO PROJECT                                             ',b'K.RADHAKRISHNAN                                                 ',40,b'A',08:00.0,b'1',14.481,91.233,b'1',b'ARGOS   ',980,6.422,34.848
38,0,b'2900268 ',b'INDIAN ARGO PROJECT                                             ',b'K.RADHAKRISHNAN                                                 ',41,b'A',20:00.0,b'1',14.796,91.128,b'1',b'ARGOS   ',15,27.747,33.037
38,1,b'2900268 ',b'INDIAN ARGO PROJECT                                             ',b'K.RADHAKRISHNAN                                                 ',41,b'A',20:00.0,b'1',14.796,91.128,b'1',b'ARGOS   ',25,27.748,33.04
38,2,b'2900268 ',b'INDIAN ARGO PROJECT                                             ',b'K.RADHAKRISHNAN                                                 ',41,b'A',20:00.0,b'1',14.796,91.128,b'1',b'ARGOS   ',35,27.747,33.038
38,3,b'2900268 ',b'INDIAN ARGO PROJECT                                             ',b'K.RADHAKRISHNAN                                                 ',41,b'A',20:00.0,b'1',14.796,91.128,b'1',b'ARGOS   ',45,27.762,33.053
38,4,b'2900268 ',b'INDIAN ARGO PROJECT                                             ',b'K.RADHAKRISHNAN                                                 ',41,b'A',20:00.0,b'1',14.796,91.128,b'1',b'ARGOS   ',55,27.826,33.095
38,5,b'2900268 ',b'INDIAN ARGO PROJECT                                             ',b'K.RADHAKRISHNAN                                                 ',41,b'A',20:00.0,b'1',14.796,91.128,b'1',b'ARGOS   ',65,28.04,33.7
38,6,b'2900268 ',b'INDIAN ARGO PROJECT                                             ',b'K.RADHAKRISHNAN                                                 ',41,b'A',20:00.0,b'1',14.796,91.128,b'1',b'ARGOS   ',75,26.784,34.043
38,7,b'2900268 ',b'INDIAN ARGO PROJECT                                             ',b'K.RADHAKRISHNAN                                                 ',41,b'A',20:00.0,b'1',14.796,91.128,b'1',b'ARGOS   ',86,25.664,34.403
38,8,b'2900268 ',b'INDIAN ARGO PROJECT                                             ',b'K.RADHAKRISHNAN                                                 ',41,b'A',20:00.0,b'1',14.796,91.128,b'1',b'ARGOS   ',95,24.523,34.553
38,9,b'2900268 ',b'INDIAN ARGO PROJECT                                             ',b'K.RADHAKRISHNAN                                                 ',41,b'A',20:00.0,b'1',14.796,91.128,b'1',b'ARGOS   ',105,23.401,34.628
38,10,b'2900268 ',b'INDIAN ARGO PROJECT                                             ',b'K.RADHAKRISHNAN                                                 ',41,b'A',20:00.0,b'1',14.796,91.128,b'1',b'ARGOS   ',115,21.466,34.715
38,11,b'2900268 ',b'INDIAN ARGO PROJECT                                             ',b'K.RADHAKRISHNAN                                                 ',41,b'A',20:00.0,b'1',14.796,91.128,b'1',b'ARGOS   ',125,19.767,34.76
38,12,b'2900268 ',b'INDIAN ARGO PROJECT                                             ',b'K.RADHAKRISHNAN                                                 ',41,b'A',20:00.0,b'1',14.796,91.128,b'1',b'ARGOS   ',135,18.501,34.783
38,13,b'2900268 ',b'INDIAN ARGO PROJECT                                             ',b'K.RADHAKRISHNAN                                                 ',41,b'A',20:00.0,b'1',14.796,91.128,b'1',b'ARGOS   ',145,17.396,34.816
38,14,b'2900268 ',b'INDIAN ARGO PROJECT                                             ',b'K.RADHAKRISHNAN                                                 ',41,b'A',20:00.0,b'1',14.796,91.128,b'1',b'ARGOS   ',155,16.376,34.83
38,15,b'2900268 ',b'INDIAN ARGO PROJECT                                             ',b'K.RADHAKRISHNAN                                                 ',41,b'A',20:00.0,b'1',14.796,91.128,b'1',b'ARGOS   ',165,15.647,34.852
38,16,b'2900268 ',b'INDIAN ARGO PROJECT                                             ',b'K.RADHAKRISHNAN                                                 ',41,b'A',20:00.0,b'1',14.796,91.128,b'1',b'ARGOS   ',175,14.999,34.872
38,17,b'2900268 ',b'INDIAN ARGO PROJECT                                             ',b'K.RADHAKRISHNAN                                                 ',41,b'A',20:00.0,b'1',14.796,91.128,b'1',b'ARGOS   ',185,14.297,34.892
38,18,b'2900268 ',b'INDIAN ARGO PROJECT                                             ',b'K.RADHAKRISHNAN                                                 ',41,b'A',20:00.0,b'1',14.796,91.128,b'1',b'ARGOS   ',195,13.697,34.91
38,19,b'2900268 ',b'INDIAN ARGO PROJECT                                             ',b'K.RADHAKRISHNAN                                                 ',41,b'A',20:00.0,b'1',14.796,91.128,b'1',b'ARGOS   ',205,13.281,34.919
38,20,b'2900268 ',b'INDIAN ARGO PROJECT                                             ',b'K.RADHAKRISHNAN                                                 ',41,b'A',20:00.0,b'1',14.796,91.128,b'1',b'ARGOS   ',215,12.894,34.928
38,21,b'2900268 ',b'INDIAN ARGO PROJECT                                             ',b'K.RADHAKRISHNAN                                                 ',41,b'A',20:00.0,b'1',14.796,91.128,b'1',b'ARGOS   ',225,12.629,34.93
38,22,b'2900268 ',b'INDIAN ARGO PROJECT                                             ',b'K.RADHAKRISHNAN                                                 ',41,b'A',20:00.0,b'1',14.796,91.128,b'1',b'ARGOS   ',235,12.394,34.932
38,23,b'2900268 ',b'INDIAN ARGO PROJECT                                             ',b'K.RADHAKRISHNAN                                                 ',41,b'A',20:00.0,b'1',14.796,91.128,b'1',b'ARGOS   ',245,12.188,34.935
38,24,b'2900268 ',b'INDIAN ARGO PROJECT                                             ',b'K.RADHAKRISHNAN                                                 ',41,b'A',20:00.0,b'1',14.796,91.128,b'1',b'ARGOS   ',255,11.989,34.942
38,25,b'2900268 ',b'INDIAN ARGO PROJECT                                             ',b'K.RADHAKRISHNAN                                                 ',41,b'A',20:00.0,b'1',14.796,91.128,b'1',b'ARGOS   ',265,11.83,34.95
38,26,b'2900268 ',b'INDIAN ARGO PROJECT                                             ',b'K.RADHAKRISHNAN                                                 ',41,b'A',20:00.0,b'1',14.796,91.128,b'1',b'ARGOS   ',275,11.672,34.947
38,27,b'2900268 ',b'INDIAN ARGO PROJECT                                             ',b'K.RADHAKRISHNAN                                                 ',41,b'A',20:00.0,b'1',14.796,91.128,b'1',b'ARGOS   ',285,11.53,34.948
38,28,b'2900268 ',b'INDIAN ARGO PROJECT                                             ',b'K.RADHAKRISHNAN                                                 ',41,b'A',20:00.0,b'1',14.796,91.128,b'1',b'ARGOS   ',295,11.374,34.953
38,29,b'2900268 ',b'INDIAN ARGO PROJECT                                             ',b'K.RADHAKRISHNAN                                                 ',41,b'A',20:00.0,b'1',14.796,91.128,b'1',b'ARGOS   ',305,11.239,34.957
38,30,b'2900268 ',b'INDIAN ARGO PROJECT                                             ',b'K.RADHAKRISHNAN                                                 ',41,b'A',20:00.0,b'1',14.796,91.128,b'1',b'ARGOS   ',315,11.092,34.953
38,31,b'2900268 ',b'INDIAN ARGO PROJECT                                             ',b'K.RADHAKRISHNAN                                                 ',41,b'A',20:00.0,b'1',14.796,91.128,b'1',b'ARGOS   ',325,10.982,34.954
38,32,b'2900268 ',b'INDIAN ARGO PROJECT                                             ',b'K.RADHAKRISHNAN                                                 ',41,b'A',20:00.0,b'1',14.796,91.128,b'1',b'ARGOS   ',335,10.866,34.96
38,33,b'2900268 ',b'INDIAN ARGO PROJECT                                             ',b'K.RADHAKRISHNAN                                                 ',41,b'A',20:00.0,b'1',14.796,91.128,b'1',b'ARGOS   ',345,10.788,34.949
38,34,b'2900268 ',b'INDIAN ARGO PROJECT                                             ',b'K.RADHAKRISHNAN                                                 ',41,b'A',20:00.0,b'1',14.796,91.128,b'1',b'ARGOS   ',355,10.699,34.96
38,35,b'2900268 ',b'INDIAN ARGO PROJECT                                             ',b'K.RADHAKRISHNAN                                                 ',41,b'A',20:00.0,b'1',14.796,91.128,b'1',b'ARGOS   ',365,10.625,34.956
38,36,b'2900268 ',b'INDIAN ARGO PROJECT                                             ',b'K.RADHAKRISHNAN                                                 ',41,b'A',20:00.0,b'1',14.796,91.128,b'1',b'ARGOS   ',375,10.567,34.956
38,37,b'2900268 ',b'INDIAN ARGO PROJECT                                             ',b'K.RADHAKRISHNAN                                                 ',41,b'A',20:00.0,b'1',14.796,91.128,b'1',b'ARGOS   ',385,10.493,34.952
38,38,b'2900268 ',b'INDIAN ARGO PROJECT                                             ',b'K.RADHAKRISHNAN                                                 ',41,b'A',20:00.0,b'1',14.796,91.128,b'1',b'ARGOS   ',395,10.427,34.95
38,39,b'2900268 ',b'INDIAN ARGO PROJECT                                             ',b'K.RADHAKRISHNAN                                                 ',41,b'A',20:00.0,b'1',14.796,91.128,b'1',b'ARGOS   ',405,10.363,34.956
38,40,b'2900268 ',b'INDIAN ARGO PROJECT                                             ',b'K.RADHAKRISHNAN                                                 ',41,b'A',20:00.0,b'1',14.796,91.128,b'1',b'ARGOS   ',415,10.286,34.955
38,41,b'2900268 ',b'INDIAN ARGO PROJECT                                             ',b'K.RADHAKRISHNAN                                                 ',41,b'A',20:00.0,b'1',14.796,91.128,b'1',b'ARGOS   ',450,10.006,34.944
38,42,b'2900268 ',b'INDIAN ARGO PROJECT                                             ',b'K.RADHAKRISHNAN                                                 ',41,b'A',20:00.0,b'1',14.796,91.128,b'1',b'ARGOS   ',501,9.581,34.942
38,43,b'2900268 ',b'INDIAN ARGO PROJECT                                             ',b'K.RADHAKRISHNAN                                                 ',41,b'A',20:00.0,b'1',14.796,91.128,b'1',b'ARGOS   ',550,9.181,34.937
38,44,b'2900268 ',b'INDIAN ARGO PROJECT                                             ',b'K.RADHAKRISHNAN                                                 ',41,b'A',20:00.0,b'1',14.796,91.128,b'1',b'ARGOS   ',600,8.879,34.927
38,45,b'2900268 ',b'INDIAN ARGO PROJECT                                             ',b'K.RADHAKRISHNAN                                                 ',41,b'A',20:00.0,b'1',14.796,91.128,b'1',b'ARGOS   ',650,8.569,34.914
38,46,b'2900268 ',b'INDIAN ARGO PROJECT                                             ',b'K.RADHAKRISHNAN                                                 ',41,b'A',20:00.0,b'1',14.796,91.128,b'1',b'ARGOS   ',700,8.241,34.907
38,47,b'2900268 ',b'INDIAN ARGO PROJECT                                             ',b'K.RADHAKRISHNAN                                                 ',41,b'A',20:00.0,b'1',14.796,91.128,b'1',b'ARGOS   ',750,7.915,34.898
38,48,b'2900268 ',b'INDIAN ARGO PROJECT                                             ',b'K.RADHAKRISHNAN                                                 ',41,b'A',20:00.0,b'1',14.796,91.128,b'1',b'ARGOS   ',800,7.651,34.89
38,49,b'2900268 ',b'INDIAN ARGO PROJECT                                             ',b'K.RADHAKRISHNAN                                                 ',41,b'A',20:00.0,b'1',14.796,91.128,b'1',b'ARGOS   ',849,7.332,34.883
38,50,b'2900268 ',b'INDIAN ARGO PROJECT                                             ',b'K.RADHAKRISHNAN                                                 ',41,b'A',20:00.0,b'1',14.796,91.128,b'1',b'ARGOS   ',899,6.989,34.865
38,51,b'2900268 ',b'INDIAN ARGO PROJECT                                             ',b'K.RADHAKRISHNAN                                                 ',41,b'A',20:00.0,b'1',14.796,91.128,b'1',b'ARGOS   ',949,6.724,34.856
38,52,b'2900268 ',b'INDIAN ARGO PROJECT                                             ',b'K.RADHAKRISHNAN                                                 ',41,b'A',20:00.0,b'1',14.796,91.128,b'1',b'ARGOS   ',987,6.548,34.85
39,0,b'2900268 ',b'INDIAN ARGO PROJECT                                             ',b'K.RADHAKRISHNAN                                                 ',42,b'A',20:00.0,b'1',14.916,91.014,b'1',b'ARGOS   ',15,27.523,32.802
39,1,b'2900268 ',b'INDIAN ARGO PROJECT                                             ',b'K.RADHAKRISHNAN                                                 ',42,b'A',20:00.0,b'1',14.916,91.014,b'1',b'ARGOS   ',25,27.524,32.799
39,2,b'2900268 ',b'INDIAN ARGO PROJECT                                             ',b'K.RADHAKRISHNAN                                                 ',42,b'A',20:00.0,b'1',14.916,91.014,b'1',b'ARGOS   ',35,27.525,32.795
39,3,b'2900268 ',b'INDIAN ARGO PROJECT                                             ',b'K.RADHAKRISHNAN                                                 ',42,b'A',20:00.0,b'1',14.916,91.014,b'1',b'ARGOS   ',45,27.527,32.798
39,4,b'2900268 ',b'INDIAN ARGO PROJECT                                             ',b'K.RADHAKRISHNAN                                                 ',42,b'A',20:00.0,b'1',14.916,91.014,b'1',b'ARGOS   ',55,27.535,32.81
39,5,b'2900268 ',b'INDIAN ARGO PROJECT                                             ',b'K.RADHAKRISHNAN                                                 ',42,b'A',20:00.0,b'1',14.916,91.014,b'1',b'ARGOS   ',65,27.563,33.405
39,6,b'2900268 ',b'INDIAN ARGO PROJECT                                             ',b'K.RADHAKRISHNAN                                                 ',42,b'A',20:00.0,b'1',14.916,91.014,b'1',b'ARGOS   ',75,26.495,33.847
39,7,b'2900268 ',b'INDIAN ARGO PROJECT                                             ',b'K.RADHAKRISHNAN                                                 ',42,b'A',20:00.0,b'1',14.916,91.014,b'1',b'ARGOS   ',86,25.364,34.117
39,8,b'2900268 ',b'INDIAN ARGO PROJECT                                             ',b'K.RADHAKRISHNAN                                                 ',42,b'A',20:00.0,b'1',14.916,91.014,b'1',b'ARGOS   ',95,24.351,34.251
39,9,b'2900268 ',b'INDIAN ARGO PROJECT                                             ',b'K.RADHAKRISHNAN                                                 ',42,b'A',20:00.0,b'1',14.916,91.014,b'1',b'ARGOS   ',105,22.907,34.347
39,10,b'2900268 ',b'INDIAN ARGO PROJECT                                             ',b'K.RADHAKRISHNAN                                                 ',42,b'A',20:00.0,b'1',14.916,91.014,b'1',b'ARGOS   ',115,21.524,34.47
39,11,b'2900268 ',b'INDIAN ARGO PROJECT                                             ',b'K.RADHAKRISHNAN                                                 ',42,b'A',20:00.0,b'1',14.916,91.014,b'1',b'ARGOS   ',125,20.397,34.617
39,12,b'2900268 ',b'INDIAN ARGO PROJECT                                             ',b'K.RADHAKRISHNAN                                                 ',42,b'A',20:00.0,b'1',14.916,91.014,b'1',b'ARGOS   ',135,19.139,34.692
39,13,b'2900268 ',b'INDIAN ARGO PROJECT                                             ',b'K.RADHAKRISHNAN                                                 ',42,b'A',20:00.0,b'1',14.916,91.014,b'1',b'ARGOS   ',145,18.345,34.742
39,14,b'2900268 ',b'INDIAN ARGO PROJECT                                             ',b'K.RADHAKRISHNAN                                                 ',42,b'A',20:00.0,b'1',14.916,91.014,b'1',b'ARGOS   ',155,17.256,34.803
39,15,b'2900268 ',b'INDIAN ARGO PROJECT                                             ',b'K.RADHAKRISHNAN                                                 ',42,b'A',20:00.0,b'1',14.916,91.014,b'1',b'ARGOS   ',165,16.344,34.81
39,16,b'2900268 ',b'INDIAN ARGO PROJECT                                             ',b'K.RADHAKRISHNAN                                                 ',42,b'A',20:00.0,b'1',14.916,91.014,b'1',b'ARGOS   ',175,15.476,34.837
39,17,b'2900268 ',b'INDIAN ARGO PROJECT                                             ',b'K.RADHAKRISHNAN                                                 ',42,b'A',20:00.0,b'1',14.916,91.014,b'1',b'ARGOS   ',185,14.686,34.855
39,18,b'2900268 ',b'INDIAN ARGO PROJECT                                             ',b'K.RADHAKRISHNAN                                                 ',42,b'A',20:00.0,b'1',14.916,91.014,b'1',b'ARGOS   ',196,14.036,34.873
39,19,b'2900268 ',b'INDIAN ARGO PROJECT                                             ',b'K.RADHAKRISHNAN                                                 ',42,b'A',20:00.0,b'1',14.916,91.014,b'1',b'ARGOS   ',206,13.607,34.884
39,20,b'2900268 ',b'INDIAN ARGO PROJECT                                             ',b'K.RADHAKRISHNAN                                                 ',42,b'A',20:00.0,b'1',14.916,91.014,b'1',b'ARGOS   ',215,13.152,34.891
39,21,b'2900268 ',b'INDIAN ARGO PROJECT                                             ',b'K.RADHAKRISHNAN                                                 ',42,b'A',20:00.0,b'1',14.916,91.014,b'1',b'ARGOS   ',225,12.791,34.905
39,22,b'2900268 ',b'INDIAN ARGO PROJECT                                             ',b'K.RADHAKRISHNAN                                                 ',42,b'A',20:00.0,b'1',14.916,91.014,b'1',b'ARGOS   ',235,12.483,34.907
39,23,b'2900268 ',b'INDIAN ARGO PROJECT                                             ',b'K.RADHAKRISHNAN                                                 ',42,b'A',20:00.0,b'1',14.916,91.014,b'1',b'ARGOS   ',245,12.211,34.914
39,24,b'2900268 ',b'INDIAN ARGO PROJECT                                             ',b'K.RADHAKRISHNAN                                                 ',42,b'A',20:00.0,b'1',14.916,91.014,b'1',b'ARGOS   ',255,12.029,34.914
39,25,b'2900268 ',b'INDIAN ARGO PROJECT                                             ',b'K.RADHAKRISHNAN                                                 ',42,b'A',20:00.0,b'1',14.916,91.014,b'1',b'ARGOS   ',265,11.87,34.912
39,26,b'2900268 ',b'INDIAN ARGO PROJECT                                             ',b'K.RADHAKRISHNAN                                                 ',42,b'A',20:00.0,b'1',14.916,91.014,b'1',b'ARGOS   ',275,11.709,34.922
39,27,b'2900268 ',b'INDIAN ARGO PROJECT                                             ',b'K.RADHAKRISHNAN                                                 ',42,b'A',20:00.0,b'1',14.916,91.014,b'1',b'ARGOS   ',285,11.561,34.919
39,28,b'2900268 ',b'INDIAN ARGO PROJECT                                             ',b'K.RADHAKRISHNAN                                                 ',42,b'A',20:00.0,b'1',14.916,91.014,b'1',b'ARGOS   ',295,11.359,34.918
39,29,b'2900268 ',b'INDIAN ARGO PROJECT                                             ',b'K.RADHAKRISHNAN                                                 ',42,b'A',20:00.0,b'1',14.916,91.014,b'1',b'ARGOS   ',305,11.202,34.923
39,30,b'2900268 ',b'INDIAN ARGO PROJECT                                             ',b'K.RADHAKRISHNAN                                                 ',42,b'A',20:00.0,b'1',14.916,91.014,b'1',b'ARGOS   ',315,11.099,34.927
39,31,b'2900268 ',b'INDIAN ARGO PROJECT                                             ',b'K.RADHAKRISHNAN                                                 ',42,b'A',20:00.0,b'1',14.916,91.014,b'1',b'ARGOS   ',325,11.008,34.919
39,32,b'2900268 ',b'INDIAN ARGO PROJECT                                             ',b'K.RADHAKRISHNAN                                                 ',42,b'A',20:00.0,b'1',14.916,91.014,b'1',b'ARGOS   ',335,10.911,34.927
39,33,b'2900268 ',b'INDIAN ARGO PROJECT                                             ',b'K.RADHAKRISHNAN                                                 ',42,b'A',20:00.0,b'1',14.916,91.014,b'1',b'ARGOS   ',345,10.808,34.92
39,34,b'2900268 ',b'INDIAN ARGO PROJECT                                             ',b'K.RADHAKRISHNAN                                                 ',42,b'A',20:00.0,b'1',14.916,91.014,b'1',b'ARGOS   ',355,10.707,34.922
39,35,b'2900268 ',b'INDIAN ARGO PROJECT                                             ',b'K.RADHAKRISHNAN                                                 ',42,b'A',20:00.0,b'1',14.916,91.014,b'1',b'ARGOS   ',365,10.601,34.918
39,36,b'2900268 ',b'INDIAN ARGO PROJECT                                             ',b'K.RADHAKRISHNAN                                                 ',42,b'A',20:00.0,b'1',14.916,91.014,b'1',b'ARGOS   ',375,10.537,34.924
39,37,b'2900268 ',b'INDIAN ARGO PROJECT                                             ',b'K.RADHAKRISHNAN                                                 ',42,b'A',20:00.0,b'1',14.916,91.014,b'1',b'ARGOS   ',385,10.454,34.919
39,38,b'2900268 ',b'INDIAN ARGO PROJECT                                             ',b'K.RADHAKRISHNAN                                                 ',42,b'A',20:00.0,b'1',14.916,91.014,b'1',b'ARGOS   ',395,10.379,34.915
39,39,b'2900268 ',b'INDIAN ARGO PROJECT                                             ',b'K.RADHAKRISHNAN                                                 ',42,b'A',20:00.0,b'1',14.916,91.014,b'1',b'ARGOS   ',405,10.31,34.916
39,40,b'2900268 ',b'INDIAN ARGO PROJECT                                             ',b'K.RADHAKRISHNAN                                                 ',42,b'A',20:00.0,b'1',14.916,91.014,b'1',b'ARGOS   ',415,10.224,34.923
39,41,b'2900268 ',b'INDIAN ARGO PROJECT                                             ',b'K.RADHAKRISHNAN                                                 ',42,b'A',20:00.0,b'1',14.916,91.014,b'1',b'ARGOS   ',450,9.995,34.914
39,42,b'2900268 ',b'INDIAN ARGO PROJECT                                             ',b'K.RADHAKRISHNAN                                                 ',42,b'A',20:00.0,b'1',14.916,91.014,b'1',b'ARGOS   ',501,9.577,34.915
39,43,b'2900268 ',b'INDIAN ARGO PROJECT                                             ',b'K.RADHAKRISHNAN                                                 ',42,b'A',20:00.0,b'1',14.916,91.014,b'1',b'ARGOS   ',549,9.245,34.906
39,44,b'2900268 ',b'INDIAN ARGO PROJECT                                             ',b'K.RADHAKRISHNAN                                                 ',42,b'A',20:00.0,b'1',14.916,91.014,b'1',b'ARGOS   ',600,8.939,34.9
39,45,b'2900268 ',b'INDIAN ARGO PROJECT                                             ',b'K.RADHAKRISHNAN                                                 ',42,b'A',20:00.0,b'1',14.916,91.014,b'1',b'ARGOS   ',650,8.665,34.894
39,46,b'2900268 ',b'INDIAN ARGO PROJECT                                             ',b'K.RADHAKRISHNAN                                                 ',42,b'A',20:00.0,b'1',14.916,91.014,b'1',b'ARGOS   ',700,8.332,34.881
39,47,b'2900268 ',b'INDIAN ARGO PROJECT                                             ',b'K.RADHAKRISHNAN                                                 ',42,b'A',20:00.0,b'1',14.916,91.014,b'1',b'ARGOS   ',749,8.022,34.867
39,48,b'2900268 ',b'INDIAN ARGO PROJECT                                             ',b'K.RADHAKRISHNAN                                                 ',42,b'A',20:00.0,b'1',14.916,91.014,b'1',b'ARGOS   ',800,7.732,34.863
39,49,b'2900268 ',b'INDIAN ARGO PROJECT                                             ',b'K.RADHAKRISHNAN                                                 ',42,b'A',20:00.0,b'1',14.916,91.014,b'1',b'ARGOS   ',850,7.448,34.853
39,50,b'2900268 ',b'INDIAN ARGO PROJECT                                             ',b'K.RADHAKRISHNAN                                                 ',42,b'A',20:00.0,b'1',14.916,91.014,b'1',b'ARGOS   ',901,7.138,34.846
39,51,b'2900268 ',b'INDIAN ARGO PROJECT                                             ',b'K.RADHAKRISHNAN                                                 ',42,b'A',20:00.0,b'1',14.916,91.014,b'1',b'ARGOS   ',950,6.809,34.836
39,52,b'2900268 ',b'INDIAN ARGO PROJECT                                             ',b'K.RADHAKRISHNAN                                                 ',42,b'A',20:00.0,b'1',14.916,91.014,b'1',b'ARGOS   ',990,6.605,34.824
40,0,b'2900268 ',b'INDIAN ARGO PROJECT                                             ',b'K.RADHAKRISHNAN                                                 ',43,b'A',14:00.0,b'1',15.109,90.884,b'1',b'ARGOS   ',14,27.41,33.282
40,1,b'2900268 ',b'INDIAN ARGO PROJECT                                             ',b'K.RADHAKRISHNAN                                                 ',43,b'A',14:00.0,b'1',15.109,90.884,b'1',b'ARGOS   ',25,27.408,33.28
40,2,b'2900268 ',b'INDIAN ARGO PROJECT                                             ',b'K.RADHAKRISHNAN                                                 ',43,b'A',14:00.0,b'1',15.109,90.884,b'1',b'ARGOS   ',35,27.406,33.286
40,3,b'2900268 ',b'INDIAN ARGO PROJECT                                             ',b'K.RADHAKRISHNAN                                                 ',43,b'A',14:00.0,b'1',15.109,90.884,b'1',b'ARGOS   ',45,27.405,33.291
40,4,b'2900268 ',b'INDIAN ARGO PROJECT                                             ',b'K.RADHAKRISHNAN                                                 ',43,b'A',14:00.0,b'1',15.109,90.884,b'1',b'ARGOS   ',55,27.401,33.305
40,5,b'2900268 ',b'INDIAN ARGO PROJECT                                             ',b'K.RADHAKRISHNAN                                                 ',43,b'A',14:00.0,b'1',15.109,90.884,b'1',b'ARGOS   ',66,27.398,33.332
40,6,b'2900268 ',b'INDIAN ARGO PROJECT                                             ',b'K.RADHAKRISHNAN                                                 ',43,b'A',14:00.0,b'1',15.109,90.884,b'1',b'ARGOS   ',75,27.624,33.863
40,7,b'2900268 ',b'INDIAN ARGO PROJECT                                             ',b'K.RADHAKRISHNAN                                                 ',43,b'A',14:00.0,b'1',15.109,90.884,b'1',b'ARGOS   ',85,26.972,34.272
40,8,b'2900268 ',b'INDIAN ARGO PROJECT                                             ',b'K.RADHAKRISHNAN                                                 ',43,b'A',14:00.0,b'1',15.109,90.884,b'1',b'ARGOS   ',95,26.233,34.467
40,9,b'2900268 ',b'INDIAN ARGO PROJECT                                             ',b'K.RADHAKRISHNAN                                                 ',43,b'A',14:00.0,b'1',15.109,90.884,b'1',b'ARGOS   ',105,25.012,34.532
40,10,b'2900268 ',b'INDIAN ARGO PROJECT                                             ',b'K.RADHAKRISHNAN                                                 ',43,b'A',14:00.0,b'1',15.109,90.884,b'1',b'ARGOS   ',115,23.983,34.603
40,11,b'2900268 ',b'INDIAN ARGO PROJECT                                             ',b'K.RADHAKRISHNAN                                                 ',43,b'A',14:00.0,b'1',15.109,90.884,b'1',b'ARGOS   ',125,23.11,34.681
40,12,b'2900268 ',b'INDIAN ARGO PROJECT                                             ',b'K.RADHAKRISHNAN                                                 ',43,b'A',14:00.0,b'1',15.109,90.884,b'1',b'ARGOS   ',135,21.425,34.67
40,13,b'2900268 ',b'INDIAN ARGO PROJECT                                             ',b'K.RADHAKRISHNAN                                                 ',43,b'A',14:00.0,b'1',15.109,90.884,b'1',b'ARGOS   ',145,19.858,34.686
40,14,b'2900268 ',b'INDIAN ARGO PROJECT                                             ',b'K.RADHAKRISHNAN                                                 ',43,b'A',14:00.0,b'1',15.109,90.884,b'1',b'ARGOS   ',155,18.79,34.776
40,15,b'2900268 ',b'INDIAN ARGO PROJECT                                             ',b'K.RADHAKRISHNAN                                                 ',43,b'A',14:00.0,b'1',15.109,90.884,b'1',b'ARGOS   ',166,17.756,34.783
40,16,b'2900268 ',b'INDIAN ARGO PROJECT                                             ',b'K.RADHAKRISHNAN                                                 ',43,b'A',14:00.0,b'1',15.109,90.884,b'1',b'ARGOS   ',175,16.823,34.812
40,17,b'2900268 ',b'INDIAN ARGO PROJECT                                             ',b'K.RADHAKRISHNAN                                                 ',43,b'A',14:00.0,b'1',15.109,90.884,b'1',b'ARGOS   ',185,15.897,34.848
40,18,b'2900268 ',b'INDIAN ARGO PROJECT                                             ',b'K.RADHAKRISHNAN                                                 ',43,b'A',14:00.0,b'1',15.109,90.884,b'1',b'ARGOS   ',195,15.222,34.892
40,19,b'2900268 ',b'INDIAN ARGO PROJECT                                             ',b'K.RADHAKRISHNAN                                                 ',43,b'A',14:00.0,b'1',15.109,90.884,b'1',b'ARGOS   ',205,14.515,34.927
40,20,b'2900268 ',b'INDIAN ARGO PROJECT                                             ',b'K.RADHAKRISHNAN                                                 ',43,b'A',14:00.0,b'1',15.109,90.884,b'1',b'ARGOS   ',216,13.786,34.933
40,21,b'2900268 ',b'INDIAN ARGO PROJECT                                             ',b'K.RADHAKRISHNAN                                                 ',43,b'A',14:00.0,b'1',15.109,90.884,b'1',b'ARGOS   ',225,13.235,34.943
40,22,b'2900268 ',b'INDIAN ARGO PROJECT                                             ',b'K.RADHAKRISHNAN                                                 ',43,b'A',14:00.0,b'1',15.109,90.884,b'1',b'ARGOS   ',235,12.866,34.946
40,23,b'2900268 ',b'INDIAN ARGO PROJECT                                             ',b'K.RADHAKRISHNAN                                                 ',43,b'A',14:00.0,b'1',15.109,90.884,b'1',b'ARGOS   ',245,12.555,34.961
40,24,b'2900268 ',b'INDIAN ARGO PROJECT                                             ',b'K.RADHAKRISHNAN                                                 ',43,b'A',14:00.0,b'1',15.109,90.884,b'1',b'ARGOS   ',255,12.251,34.96
40,25,b'2900268 ',b'INDIAN ARGO PROJECT                                             ',b'K.RADHAKRISHNAN                                                 ',43,b'A',14:00.0,b'1',15.109,90.884,b'1',b'ARGOS   ',265,12.048,34.97
40,26,b'2900268 ',b'INDIAN ARGO PROJECT                                             ',b'K.RADHAKRISHNAN                                                 ',43,b'A',14:00.0,b'1',15.109,90.884,b'1',b'ARGOS   ',275,11.841,34.964
40,27,b'2900268 ',b'INDIAN ARGO PROJECT                                             ',b'K.RADHAKRISHNAN                                                 ',43,b'A',14:00.0,b'1',15.109,90.884,b'1',b'ARGOS   ',285,11.671,34.973
40,28,b'2900268 ',b'INDIAN ARGO PROJECT                                             ',b'K.RADHAKRISHNAN                                                 ',43,b'A',14:00.0,b'1',15.109,90.884,b'1',b'ARGOS   ',295,11.543,34.971
40,29,b'2900268 ',b'INDIAN ARGO PROJECT                                             ',b'K.RADHAKRISHNAN                                                 ',43,b'A',14:00.0,b'1',15.109,90.884,b'1',b'ARGOS   ',305,11.393,34.97
40,30,b'2900268 ',b'INDIAN ARGO PROJECT                                             ',b'K.RADHAKRISHNAN                                                 ',43,b'A',14:00.0,b'1',15.109,90.884,b'1',b'ARGOS   ',315,11.267,34.976
40,31,b'2900268 ',b'INDIAN ARGO PROJECT                                             ',b'K.RADHAKRISHNAN                                                 ',43,b'A',14:00.0,b'1',15.109,90.884,b'1',b'ARGOS   ',325,11.14,34.973
40,32,b'2900268 ',b'INDIAN ARGO PROJECT                                             ',b'K.RADHAKRISHNAN                                                 ',43,b'A',14:00.0,b'1',15.109,90.884,b'1',b'ARGOS   ',335,11.056,34.969
40,33,b'2900268 ',b'INDIAN ARGO PROJECT                                             ',b'K.RADHAKRISHNAN                                                 ',43,b'A',14:00.0,b'1',15.109,90.884,b'1',b'ARGOS   ',345,10.96,34.976
40,34,b'2900268 ',b'INDIAN ARGO PROJECT                                             ',b'K.RADHAKRISHNAN                                                 ',43,b'A',14:00.0,b'1',15.109,90.884,b'1',b'ARGOS   ',355,10.893,34.975
40,35,b'2900268 ',b'INDIAN ARGO PROJECT                                             ',b'K.RADHAKRISHNAN                                                 ',43,b'A',14:00.0,b'1',15.109,90.884,b'1',b'ARGOS   ',365,10.828,34.973
40,36,b'2900268 ',b'INDIAN ARGO PROJECT                                             ',b'K.RADHAKRISHNAN                                                 ',43,b'A',14:00.0,b'1',15.109,90.884,b'1',b'ARGOS   ',375,10.752,34.97
40,37,b'2900268 ',b'INDIAN ARGO PROJECT                                             ',b'K.RADHAKRISHNAN                                                 ',43,b'A',14:00.0,b'1',15.109,90.884,b'1',b'ARGOS   ',385,10.675,34.969
40,38,b'2900268 ',b'INDIAN ARGO PROJECT                                             ',b'K.RADHAKRISHNAN                                                 ',43,b'A',14:00.0,b'1',15.109,90.884,b'1',b'ARGOS   ',395,10.598,34.978
40,39,b'2900268 ',b'INDIAN ARGO PROJECT                                             ',b'K.RADHAKRISHNAN                                                 ',43,b'A',14:00.0,b'1',15.109,90.884,b'1',b'ARGOS   ',405,10.524,34.974
40,40,b'2900268 ',b'INDIAN ARGO PROJECT                                             ',b'K.RADHAKRISHNAN                                                 ',43,b'A',14:00.0,b'1',15.109,90.884,b'1',b'ARGOS   ',415,10.452,34.968
40,41,b'2900268 ',b'INDIAN ARGO PROJECT                                             ',b'K.RADHAKRISHNAN                                                 ',43,b'A',14:00.0,b'1',15.109,90.884,b'1',b'ARGOS   ',450,10.12,34.967
40,42,b'2900268 ',b'INDIAN ARGO PROJECT                                             ',b'K.RADHAKRISHNAN                                                 ',43,b'A',14:00.0,b'1',15.109,90.884,b'1',b'ARGOS   ',501,9.695,34.966
40,43,b'2900268 ',b'INDIAN ARGO PROJECT                                             ',b'K.RADHAKRISHNAN                                                 ',43,b'A',14:00.0,b'1',15.109,90.884,b'1',b'ARGOS   ',550,9.292,34.953
40,44,b'2900268 ',b'INDIAN ARGO PROJECT                                             ',b'K.RADHAKRISHNAN                                                 ',43,b'A',14:00.0,b'1',15.109,90.884,b'1',b'ARGOS   ',600,8.949,34.942
40,45,b'2900268 ',b'INDIAN ARGO PROJECT                                             ',b'K.RADHAKRISHNAN                                                 ',43,b'A',14:00.0,b'1',15.109,90.884,b'1',b'ARGOS   ',650,8.599,34.937
40,46,b'2900268 ',b'INDIAN ARGO PROJECT                                             ',b'K.RADHAKRISHNAN                                                 ',43,b'A',14:00.0,b'1',15.109,90.884,b'1',b'ARGOS   ',699,8.285,34.928
40,47,b'2900268 ',b'INDIAN ARGO PROJECT                                             ',b'K.RADHAKRISHNAN                                                 ',43,b'A',14:00.0,b'1',15.109,90.884,b'1',b'ARGOS   ',750,7.942,34.914
40,48,b'2900268 ',b'INDIAN ARGO PROJECT                                             ',b'K.RADHAKRISHNAN                                                 ',43,b'A',14:00.0,b'1',15.109,90.884,b'1',b'ARGOS   ',800,7.671,34.913
40,49,b'2900268 ',b'INDIAN ARGO PROJECT                                             ',b'K.RADHAKRISHNAN                                                 ',43,b'A',14:00.0,b'1',15.109,90.884,b'1',b'ARGOS   ',850,7.422,34.9
40,50,b'2900268 ',b'INDIAN ARGO PROJECT                                             ',b'K.RADHAKRISHNAN                                                 ',43,b'A',14:00.0,b'1',15.109,90.884,b'1',b'ARGOS   ',900,7.156,34.893
40,51,b'2900268 ',b'INDIAN ARGO PROJECT                                             ',b'K.RADHAKRISHNAN                                                 ',43,b'A',14:00.0,b'1',15.109,90.884,b'1',b'ARGOS   ',950,6.83,34.88
40,52,b'2900268 ',b'INDIAN ARGO PROJECT                                             ',b'K.RADHAKRISHNAN                                                 ',43,b'A',14:00.0,b'1',15.109,90.884,b'1',b'ARGOS   ',985,6.628,34.869
41,0,b'2900268 ',b'INDIAN ARGO PROJECT                                             ',b'K.RADHAKRISHNAN                                                 ',44,b'A',14:00.0,b'1',15.521,90.489,b'1',b'ARGOS   ',15,26.866,32.204
41,1,b'2900268 ',b'INDIAN ARGO PROJECT                                             ',b'K.RADHAKRISHNAN                                                 ',44,b'A',14:00.0,b'1',15.521,90.489,b'1',b'ARGOS   ',25,27.183,32.496
41,2,b'2900268 ',b'INDIAN ARGO PROJECT                                             ',b'K.RADHAKRISHNAN                                                 ',44,b'A',14:00.0,b'1',15.521,90.489,b'1',b'ARGOS   ',35,27.537,32.997
41,3,b'2900268 ',b'INDIAN ARGO PROJECT                                             ',b'K.RADHAKRISHNAN                                                 ',44,b'A',14:00.0,b'1',15.521,90.489,b'1',b'ARGOS   ',44,27.882,33.491
41,4,b'2900268 ',b'INDIAN ARGO PROJECT                                             ',b'K.RADHAKRISHNAN                                                 ',44,b'A',14:00.0,b'1',15.521,90.489,b'1',b'ARGOS   ',54,28.102,33.701
41,5,b'2900268 ',b'INDIAN ARGO PROJECT                                             ',b'K.RADHAKRISHNAN                                                 ',44,b'A',14:00.0,b'1',15.521,90.489,b'1',b'ARGOS   ',65,28.043,33.712
41,6,b'2900268 ',b'INDIAN ARGO PROJECT                                             ',b'K.RADHAKRISHNAN                                                 ',44,b'A',14:00.0,b'1',15.521,90.489,b'1',b'ARGOS   ',75,28,33.733
41,7,b'2900268 ',b'INDIAN ARGO PROJECT                                             ',b'K.RADHAKRISHNAN                                                 ',44,b'A',14:00.0,b'1',15.521,90.489,b'1',b'ARGOS   ',85,27.664,33.895
41,8,b'2900268 ',b'INDIAN ARGO PROJECT                                             ',b'K.RADHAKRISHNAN                                                 ',44,b'A',14:00.0,b'1',15.521,90.489,b'1',b'ARGOS   ',95,26.098,34.192
41,9,b'2900268 ',b'INDIAN ARGO PROJECT                                             ',b'K.RADHAKRISHNAN                                                 ',44,b'A',14:00.0,b'1',15.521,90.489,b'1',b'ARGOS   ',105,24.906,34.479
41,10,b'2900268 ',b'INDIAN ARGO PROJECT                                             ',b'K.RADHAKRISHNAN                                                 ',44,b'A',14:00.0,b'1',15.521,90.489,b'1',b'ARGOS   ',115,23.296,34.592
41,11,b'2900268 ',b'INDIAN ARGO PROJECT                                             ',b'K.RADHAKRISHNAN                                                 ',44,b'A',14:00.0,b'1',15.521,90.489,b'1',b'ARGOS   ',124,21.575,34.64
41,12,b'2900268 ',b'INDIAN ARGO PROJECT                                             ',b'K.RADHAKRISHNAN                                                 ',44,b'A',14:00.0,b'1',15.521,90.489,b'1',b'ARGOS   ',135,20.249,34.695
41,13,b'2900268 ',b'INDIAN ARGO PROJECT                                             ',b'K.RADHAKRISHNAN                                                 ',44,b'A',14:00.0,b'1',15.521,90.489,b'1',b'ARGOS   ',145,19.435,34.732
41,14,b'2900268 ',b'INDIAN ARGO PROJECT                                             ',b'K.RADHAKRISHNAN                                                 ',44,b'A',14:00.0,b'1',15.521,90.489,b'1',b'ARGOS   ',155,18.285,34.781
41,15,b'2900268 ',b'INDIAN ARGO PROJECT                                             ',b'K.RADHAKRISHNAN                                                 ',44,b'A',14:00.0,b'1',15.521,90.489,b'1',b'ARGOS   ',165,17.121,34.82
41,16,b'2900268 ',b'INDIAN ARGO PROJECT                                             ',b'K.RADHAKRISHNAN                                                 ',44,b'A',14:00.0,b'1',15.521,90.489,b'1',b'ARGOS   ',175,16.323,34.869
41,17,b'2900268 ',b'INDIAN ARGO PROJECT                                             ',b'K.RADHAKRISHNAN                                                 ',44,b'A',14:00.0,b'1',15.521,90.489,b'1',b'ARGOS   ',185,15.611,34.885
41,18,b'2900268 ',b'INDIAN ARGO PROJECT                                             ',b'K.RADHAKRISHNAN                                                 ',44,b'A',14:00.0,b'1',15.521,90.489,b'1',b'ARGOS   ',195,15.095,34.906
41,19,b'2900268 ',b'INDIAN ARGO PROJECT                                             ',b'K.RADHAKRISHNAN                                                 ',44,b'A',14:00.0,b'1',15.521,90.489,b'1',b'ARGOS   ',205,14.532,34.921
41,20,b'2900268 ',b'INDIAN ARGO PROJECT                                             ',b'K.RADHAKRISHNAN                                                 ',44,b'A',14:00.0,b'1',15.521,90.489,b'1',b'ARGOS   ',215,13.987,34.937
41,21,b'2900268 ',b'INDIAN ARGO PROJECT                                             ',b'K.RADHAKRISHNAN                                                 ',44,b'A',14:00.0,b'1',15.521,90.489,b'1',b'ARGOS   ',225,13.422,34.951
41,22,b'2900268 ',b'INDIAN ARGO PROJECT                                             ',b'K.RADHAKRISHNAN                                                 ',44,b'A',14:00.0,b'1',15.521,90.489,b'1',b'ARGOS   ',236,12.837,34.963
41,23,b'2900268 ',b'INDIAN ARGO PROJECT                                             ',b'K.RADHAKRISHNAN                                                 ',44,b'A',14:00.0,b'1',15.521,90.489,b'1',b'ARGOS   ',246,12.465,34.967
41,24,b'2900268 ',b'INDIAN ARGO PROJECT                                             ',b'K.RADHAKRISHNAN                                                 ',44,b'A',14:00.0,b'1',15.521,90.489,b'1',b'ARGOS   ',255,12.218,34.971
41,25,b'2900268 ',b'INDIAN ARGO PROJECT                                             ',b'K.RADHAKRISHNAN                                                 ',44,b'A',14:00.0,b'1',15.521,90.489,b'1',b'ARGOS   ',265,12.07,34.979
41,26,b'2900268 ',b'INDIAN ARGO PROJECT                                             ',b'K.RADHAKRISHNAN                                                 ',44,b'A',14:00.0,b'1',15.521,90.489,b'1',b'ARGOS   ',275,11.886,34.981
41,27,b'2900268 ',b'INDIAN ARGO PROJECT                                             ',b'K.RADHAKRISHNAN                                                 ',44,b'A',14:00.0,b'1',15.521,90.489,b'1',b'ARGOS   ',285,11.742,34.985
41,28,b'2900268 ',b'INDIAN ARGO PROJECT                                             ',b'K.RADHAKRISHNAN                                                 ',44,b'A',14:00.0,b'1',15.521,90.489,b'1',b'ARGOS   ',295,11.541,34.983
41,29,b'2900268 ',b'INDIAN ARGO PROJECT                                             ',b'K.RADHAKRISHNAN                                                 ',44,b'A',14:00.0,b'1',15.521,90.489,b'1',b'ARGOS   ',305,11.416,34.988
41,30,b'2900268 ',b'INDIAN ARGO PROJECT                                             ',b'K.RADHAKRISHNAN                                                 ',44,b'A',14:00.0,b'1',15.521,90.489,b'1',b'ARGOS   ',315,11.28,34.984
41,31,b'2900268 ',b'INDIAN ARGO PROJECT                                             ',b'K.RADHAKRISHNAN                                                 ',44,b'A',14:00.0,b'1',15.521,90.489,b'1',b'ARGOS   ',325,11.186,34.989
41,32,b'2900268 ',b'INDIAN ARGO PROJECT                                             ',b'K.RADHAKRISHNAN                                                 ',44,b'A',14:00.0,b'1',15.521,90.489,b'1',b'ARGOS   ',335,11.113,34.984
41,33,b'2900268 ',b'INDIAN ARGO PROJECT                                             ',b'K.RADHAKRISHNAN                                                 ',44,b'A',14:00.0,b'1',15.521,90.489,b'1',b'ARGOS   ',345,10.994,34.983
41,34,b'2900268 ',b'INDIAN ARGO PROJECT                                             ',b'K.RADHAKRISHNAN                                                 ',44,b'A',14:00.0,b'1',15.521,90.489,b'1',b'ARGOS   ',355,10.878,34.989
41,35,b'2900268 ',b'INDIAN ARGO PROJECT                                             ',b'K.RADHAKRISHNAN                                                 ',44,b'A',14:00.0,b'1',15.521,90.489,b'1',b'ARGOS   ',365,10.797,34.992
41,36,b'2900268 ',b'INDIAN ARGO PROJECT                                             ',b'K.RADHAKRISHNAN                                                 ',44,b'A',14:00.0,b'1',15.521,90.489,b'1',b'ARGOS   ',375,10.73,34.991
41,37,b'2900268 ',b'INDIAN ARGO PROJECT                                             ',b'K.RADHAKRISHNAN                                                 ',44,b'A',14:00.0,b'1',15.521,90.489,b'1',b'ARGOS   ',385,10.677,34.987
41,38,b'2900268 ',b'INDIAN ARGO PROJECT                                             ',b'K.RADHAKRISHNAN                                                 ',44,b'A',14:00.0,b'1',15.521,90.489,b'1',b'ARGOS   ',395,10.599,34.987
41,39,b'2900268 ',b'INDIAN ARGO PROJECT                                             ',b'K.RADHAKRISHNAN                                                 ',44,b'A',14:00.0,b'1',15.521,90.489,b'1',b'ARGOS   ',405,10.509,34.988
41,40,b'2900268 ',b'INDIAN ARGO PROJECT                                             ',b'K.RADHAKRISHNAN                                                 ',44,b'A',14:00.0,b'1',15.521,90.489,b'1',b'ARGOS   ',415,10.402,34.985
41,41,b'2900268 ',b'INDIAN ARGO PROJECT                                             ',b'K.RADHAKRISHNAN                                                 ',44,b'A',14:00.0,b'1',15.521,90.489,b'1',b'ARGOS   ',450,10.132,34.986
41,42,b'2900268 ',b'INDIAN ARGO PROJECT                                             ',b'K.RADHAKRISHNAN                                                 ',44,b'A',14:00.0,b'1',15.521,90.489,b'1',b'ARGOS   ',501,9.752,34.982
41,43,b'2900268 ',b'INDIAN ARGO PROJECT                                             ',b'K.RADHAKRISHNAN                                                 ',44,b'A',14:00.0,b'1',15.521,90.489,b'1',b'ARGOS   ',550,9.403,34.969
41,44,b'2900268 ',b'INDIAN ARGO PROJECT                                             ',b'K.RADHAKRISHNAN                                                 ',44,b'A',14:00.0,b'1',15.521,90.489,b'1',b'ARGOS   ',600,9.028,34.959
41,45,b'2900268 ',b'INDIAN ARGO PROJECT                                             ',b'K.RADHAKRISHNAN                                                 ',44,b'A',14:00.0,b'1',15.521,90.489,b'1',b'ARGOS   ',650,8.698,34.956
41,46,b'2900268 ',b'INDIAN ARGO PROJECT                                             ',b'K.RADHAKRISHNAN                                                 ',44,b'A',14:00.0,b'1',15.521,90.489,b'1',b'ARGOS   ',700,8.34,34.948
41,47,b'2900268 ',b'INDIAN ARGO PROJECT                                             ',b'K.RADHAKRISHNAN                                                 ',44,b'A',14:00.0,b'1',15.521,90.489,b'1',b'ARGOS   ',752,8.009,34.932
41,48,b'2900268 ',b'INDIAN ARGO PROJECT                                             ',b'K.RADHAKRISHNAN                                                 ',44,b'A',14:00.0,b'1',15.521,90.489,b'1',b'ARGOS   ',800,7.7,34.927
41,49,b'2900268 ',b'INDIAN ARGO PROJECT                                             ',b'K.RADHAKRISHNAN                                                 ',44,b'A',14:00.0,b'1',15.521,90.489,b'1',b'ARGOS   ',850,7.403,34.919
41,50,b'2900268 ',b'INDIAN ARGO PROJECT                                             ',b'K.RADHAKRISHNAN                                                 ',44,b'A',14:00.0,b'1',15.521,90.489,b'1',b'ARGOS   ',900,7.059,34.904
41,51,b'2900268 ',b'INDIAN ARGO PROJECT                                             ',b'K.RADHAKRISHNAN                                                 ',44,b'A',14:00.0,b'1',15.521,90.489,b'1',b'ARGOS   ',949,6.788,34.89
41,52,b'2900268 ',b'INDIAN ARGO PROJECT                                             ',b'K.RADHAKRISHNAN                                                 ',44,b'A',14:00.0,b'1',15.521,90.489,b'1',b'ARGOS   ',990,6.584,34.889
42,0,b'2900268 ',b'INDIAN ARGO PROJECT                                             ',b'K.RADHAKRISHNAN                                                 ',45,b'A',08:00.0,b'1',15.881,90.097,b'1',b'ARGOS   ',15,26.929,32.549
42,1,b'2900268 ',b'INDIAN ARGO PROJECT                                             ',b'K.RADHAKRISHNAN                                                 ',45,b'A',08:00.0,b'1',15.881,90.097,b'1',b'ARGOS   ',25,27.38,33.167
42,2,b'2900268 ',b'INDIAN ARGO PROJECT                                             ',b'K.RADHAKRISHNAN                                                 ',45,b'A',08:00.0,b'1',15.881,90.097,b'1',b'ARGOS   ',35,27.755,33.466
42,3,b'2900268 ',b'INDIAN ARGO PROJECT                                             ',b'K.RADHAKRISHNAN                                                 ',45,b'A',08:00.0,b'1',15.881,90.097,b'1',b'ARGOS   ',45,27.83,33.549
42,4,b'2900268 ',b'INDIAN ARGO PROJECT                                             ',b'K.RADHAKRISHNAN                                                 ',45,b'A',08:00.0,b'1',15.881,90.097,b'1',b'ARGOS   ',55,27.871,33.58
42,5,b'2900268 ',b'INDIAN ARGO PROJECT                                             ',b'K.RADHAKRISHNAN                                                 ',45,b'A',08:00.0,b'1',15.881,90.097,b'1',b'ARGOS   ',65,27.843,33.611
42,6,b'2900268 ',b'INDIAN ARGO PROJECT                                             ',b'K.RADHAKRISHNAN                                                 ',45,b'A',08:00.0,b'1',15.881,90.097,b'1',b'ARGOS   ',75,27.856,33.815
42,7,b'2900268 ',b'INDIAN ARGO PROJECT                                             ',b'K.RADHAKRISHNAN                                                 ',45,b'A',08:00.0,b'1',15.881,90.097,b'1',b'ARGOS   ',85,27.101,34.234
42,8,b'2900268 ',b'INDIAN ARGO PROJECT                                             ',b'K.RADHAKRISHNAN                                                 ',45,b'A',08:00.0,b'1',15.881,90.097,b'1',b'ARGOS   ',95,25.311,34.411
42,9,b'2900268 ',b'INDIAN ARGO PROJECT                                             ',b'K.RADHAKRISHNAN                                                 ',45,b'A',08:00.0,b'1',15.881,90.097,b'1',b'ARGOS   ',105,23.662,34.599
42,10,b'2900268 ',b'INDIAN ARGO PROJECT                                             ',b'K.RADHAKRISHNAN                                                 ',45,b'A',08:00.0,b'1',15.881,90.097,b'1',b'ARGOS   ',115,21.709,34.662
42,11,b'2900268 ',b'INDIAN ARGO PROJECT                                             ',b'K.RADHAKRISHNAN                                                 ',45,b'A',08:00.0,b'1',15.881,90.097,b'1',b'ARGOS   ',125,20.458,34.762
42,12,b'2900268 ',b'INDIAN ARGO PROJECT                                             ',b'K.RADHAKRISHNAN                                                 ',45,b'A',08:00.0,b'1',15.881,90.097,b'1',b'ARGOS   ',135,19.454,34.778
42,13,b'2900268 ',b'INDIAN ARGO PROJECT                                             ',b'K.RADHAKRISHNAN                                                 ',45,b'A',08:00.0,b'1',15.881,90.097,b'1',b'ARGOS   ',145,18.238,34.799
42,14,b'2900268 ',b'INDIAN ARGO PROJECT                                             ',b'K.RADHAKRISHNAN                                                 ',45,b'A',08:00.0,b'1',15.881,90.097,b'1',b'ARGOS   ',155,17.105,34.829
42,15,b'2900268 ',b'INDIAN ARGO PROJECT                                             ',b'K.RADHAKRISHNAN                                                 ',45,b'A',08:00.0,b'1',15.881,90.097,b'1',b'ARGOS   ',165,16.18,34.847
42,16,b'2900268 ',b'INDIAN ARGO PROJECT                                             ',b'K.RADHAKRISHNAN                                                 ',45,b'A',08:00.0,b'1',15.881,90.097,b'1',b'ARGOS   ',175,15.501,34.86
42,17,b'2900268 ',b'INDIAN ARGO PROJECT                                             ',b'K.RADHAKRISHNAN                                                 ',45,b'A',08:00.0,b'1',15.881,90.097,b'1',b'ARGOS   ',185,14.85,34.891
42,18,b'2900268 ',b'INDIAN ARGO PROJECT                                             ',b'K.RADHAKRISHNAN                                                 ',45,b'A',08:00.0,b'1',15.881,90.097,b'1',b'ARGOS   ',195,14.191,34.9
42,19,b'2900268 ',b'INDIAN ARGO PROJECT                                             ',b'K.RADHAKRISHNAN                                                 ',45,b'A',08:00.0,b'1',15.881,90.097,b'1',b'ARGOS   ',205,13.683,34.909
42,20,b'2900268 ',b'INDIAN ARGO PROJECT                                             ',b'K.RADHAKRISHNAN                                                 ',45,b'A',08:00.0,b'1',15.881,90.097,b'1',b'ARGOS   ',215,13.255,34.929
42,21,b'2900268 ',b'INDIAN ARGO PROJECT                                             ',b'K.RADHAKRISHNAN                                                 ',45,b'A',08:00.0,b'1',15.881,90.097,b'1',b'ARGOS   ',225,12.894,34.934
42,22,b'2900268 ',b'INDIAN ARGO PROJECT                                             ',b'K.RADHAKRISHNAN                                                 ',45,b'A',08:00.0,b'1',15.881,90.097,b'1',b'ARGOS   ',235,12.65,34.944
42,23,b'2900268 ',b'INDIAN ARGO PROJECT                                             ',b'K.RADHAKRISHNAN                                                 ',45,b'A',08:00.0,b'1',15.881,90.097,b'1',b'ARGOS   ',245,12.371,34.949
42,24,b'2900268 ',b'INDIAN ARGO PROJECT                                             ',b'K.RADHAKRISHNAN                                                 ',45,b'A',08:00.0,b'1',15.881,90.097,b'1',b'ARGOS   ',255,12.122,34.954
42,25,b'2900268 ',b'INDIAN ARGO PROJECT                                             ',b'K.RADHAKRISHNAN                                                 ',45,b'A',08:00.0,b'1',15.881,90.097,b'1',b'ARGOS   ',265,11.977,34.959
42,26,b'2900268 ',b'INDIAN ARGO PROJECT                                             ',b'K.RADHAKRISHNAN                                                 ',45,b'A',08:00.0,b'1',15.881,90.097,b'1',b'ARGOS   ',275,11.809,34.955
42,27,b'2900268 ',b'INDIAN ARGO PROJECT                                             ',b'K.RADHAKRISHNAN                                                 ',45,b'A',08:00.0,b'1',15.881,90.097,b'1',b'ARGOS   ',285,11.637,34.956
42,28,b'2900268 ',b'INDIAN ARGO PROJECT                                             ',b'K.RADHAKRISHNAN                                                 ',45,b'A',08:00.0,b'1',15.881,90.097,b'1',b'ARGOS   ',295,11.486,34.966
42,29,b'2900268 ',b'INDIAN ARGO PROJECT                                             ',b'K.RADHAKRISHNAN                                                 ',45,b'A',08:00.0,b'1',15.881,90.097,b'1',b'ARGOS   ',305,11.376,34.966
42,30,b'2900268 ',b'INDIAN ARGO PROJECT                                             ',b'K.RADHAKRISHNAN                                                 ',45,b'A',08:00.0,b'1',15.881,90.097,b'1',b'ARGOS   ',315,11.269,34.964
42,31,b'2900268 ',b'INDIAN ARGO PROJECT                                             ',b'K.RADHAKRISHNAN                                                 ',45,b'A',08:00.0,b'1',15.881,90.097,b'1',b'ARGOS   ',325,11.153,34.961
42,32,b'2900268 ',b'INDIAN ARGO PROJECT                                             ',b'K.RADHAKRISHNAN                                                 ',45,b'A',08:00.0,b'1',15.881,90.097,b'1',b'ARGOS   ',335,11.039,34.965
42,33,b'2900268 ',b'INDIAN ARGO PROJECT                                             ',b'K.RADHAKRISHNAN                                                 ',45,b'A',08:00.0,b'1',15.881,90.097,b'1',b'ARGOS   ',345,10.946,34.969
42,34,b'2900268 ',b'INDIAN ARGO PROJECT                                             ',b'K.RADHAKRISHNAN                                                 ',45,b'A',08:00.0,b'1',15.881,90.097,b'1',b'ARGOS   ',355,10.856,34.96
42,35,b'2900268 ',b'INDIAN ARGO PROJECT                                             ',b'K.RADHAKRISHNAN                                                 ',45,b'A',08:00.0,b'1',15.881,90.097,b'1',b'ARGOS   ',365,10.787,34.962
42,36,b'2900268 ',b'INDIAN ARGO PROJECT                                             ',b'K.RADHAKRISHNAN                                                 ',45,b'A',08:00.0,b'1',15.881,90.097,b'1',b'ARGOS   ',375,10.72,34.961
42,37,b'2900268 ',b'INDIAN ARGO PROJECT                                             ',b'K.RADHAKRISHNAN                                                 ',45,b'A',08:00.0,b'1',15.881,90.097,b'1',b'ARGOS   ',385,10.625,34.967
42,38,b'2900268 ',b'INDIAN ARGO PROJECT                                             ',b'K.RADHAKRISHNAN                                                 ',45,b'A',08:00.0,b'1',15.881,90.097,b'1',b'ARGOS   ',395,10.541,34.962
42,39,b'2900268 ',b'INDIAN ARGO PROJECT                                             ',b'K.RADHAKRISHNAN                                                 ',45,b'A',08:00.0,b'1',15.881,90.097,b'1',b'ARGOS   ',405,10.453,34.961
42,40,b'2900268 ',b'INDIAN ARGO PROJECT                                             ',b'K.RADHAKRISHNAN                                                 ',45,b'A',08:00.0,b'1',15.881,90.097,b'1',b'ARGOS   ',415,10.394,34.963
42,41,b'2900268 ',b'INDIAN ARGO PROJECT                                             ',b'K.RADHAKRISHNAN                                                 ',45,b'A',08:00.0,b'1',15.881,90.097,b'1',b'ARGOS   ',452,10.063,34.96
42,42,b'2900268 ',b'INDIAN ARGO PROJECT                                             ',b'K.RADHAKRISHNAN                                                 ',45,b'A',08:00.0,b'1',15.881,90.097,b'1',b'ARGOS   ',500,9.719,34.953
42,43,b'2900268 ',b'INDIAN ARGO PROJECT                                             ',b'K.RADHAKRISHNAN                                                 ',45,b'A',08:00.0,b'1',15.881,90.097,b'1',b'ARGOS   ',550,9.367,34.953
42,44,b'2900268 ',b'INDIAN ARGO PROJECT                                             ',b'K.RADHAKRISHNAN                                                 ',45,b'A',08:00.0,b'1',15.881,90.097,b'1',b'ARGOS   ',600,9.017,34.939
42,45,b'2900268 ',b'INDIAN ARGO PROJECT                                             ',b'K.RADHAKRISHNAN                                                 ',45,b'A',08:00.0,b'1',15.881,90.097,b'1',b'ARGOS   ',649,8.652,34.928
42,46,b'2900268 ',b'INDIAN ARGO PROJECT                                             ',b'K.RADHAKRISHNAN                                                 ',45,b'A',08:00.0,b'1',15.881,90.097,b'1',b'ARGOS   ',699,8.365,34.923
42,47,b'2900268 ',b'INDIAN ARGO PROJECT                                             ',b'K.RADHAKRISHNAN                                                 ',45,b'A',08:00.0,b'1',15.881,90.097,b'1',b'ARGOS   ',750,8.081,34.915
42,48,b'2900268 ',b'INDIAN ARGO PROJECT                                             ',b'K.RADHAKRISHNAN                                                 ',45,b'A',08:00.0,b'1',15.881,90.097,b'1',b'ARGOS   ',801,7.771,34.91
42,49,b'2900268 ',b'INDIAN ARGO PROJECT                                             ',b'K.RADHAKRISHNAN                                                 ',45,b'A',08:00.0,b'1',15.881,90.097,b'1',b'ARGOS   ',850,7.483,34.894
42,50,b'2900268 ',b'INDIAN ARGO PROJECT                                             ',b'K.RADHAKRISHNAN                                                 ',45,b'A',08:00.0,b'1',15.881,90.097,b'1',b'ARGOS   ',900,7.134,34.883
42,51,b'2900268 ',b'INDIAN ARGO PROJECT                                             ',b'K.RADHAKRISHNAN                                                 ',45,b'A',08:00.0,b'1',15.881,90.097,b'1',b'ARGOS   ',949,6.837,34.874
42,52,b'2900268 ',b'INDIAN ARGO PROJECT                                             ',b'K.RADHAKRISHNAN                                                 ',45,b'A',08:00.0,b'1',15.881,90.097,b'1',b'ARGOS   ',993,6.631,34.863
43,0,b'2900268 ',b'INDIAN ARGO PROJECT                                             ',b'K.RADHAKRISHNAN                                                 ',46,b'A',20:00.0,b'1',16.306,89.863,b'1',b'ARGOS   ',15,27.203,32.971
43,1,b'2900268 ',b'INDIAN ARGO PROJECT                                             ',b'K.RADHAKRISHNAN                                                 ',46,b'A',20:00.0,b'1',16.306,89.863,b'1',b'ARGOS   ',25,27.203,32.975
43,2,b'2900268 ',b'INDIAN ARGO PROJECT                                             ',b'K.RADHAKRISHNAN                                                 ',46,b'A',20:00.0,b'1',16.306,89.863,b'1',b'ARGOS   ',35,27.301,33.037
43,3,b'2900268 ',b'INDIAN ARGO PROJECT                                             ',b'K.RADHAKRISHNAN                                                 ',46,b'A',20:00.0,b'1',16.306,89.863,b'1',b'ARGOS   ',45,27.527,33.197
43,4,b'2900268 ',b'INDIAN ARGO PROJECT                                             ',b'K.RADHAKRISHNAN                                                 ',46,b'A',20:00.0,b'1',16.306,89.863,b'1',b'ARGOS   ',55,27.591,33.233
43,5,b'2900268 ',b'INDIAN ARGO PROJECT                                             ',b'K.RADHAKRISHNAN                                                 ',46,b'A',20:00.0,b'1',16.306,89.863,b'1',b'ARGOS   ',65,27.674,33.522
43,6,b'2900268 ',b'INDIAN ARGO PROJECT                                             ',b'K.RADHAKRISHNAN                                                 ',46,b'A',20:00.0,b'1',16.306,89.863,b'1',b'ARGOS   ',75,27.489,33.883
43,7,b'2900268 ',b'INDIAN ARGO PROJECT                                             ',b'K.RADHAKRISHNAN                                                 ',46,b'A',20:00.0,b'1',16.306,89.863,b'1',b'ARGOS   ',85,26.51,34.256
43,8,b'2900268 ',b'INDIAN ARGO PROJECT                                             ',b'K.RADHAKRISHNAN                                                 ',46,b'A',20:00.0,b'1',16.306,89.863,b'1',b'ARGOS   ',95,25.331,34.454
43,9,b'2900268 ',b'INDIAN ARGO PROJECT                                             ',b'K.RADHAKRISHNAN                                                 ',46,b'A',20:00.0,b'1',16.306,89.863,b'1',b'ARGOS   ',105,24.095,34.565
43,10,b'2900268 ',b'INDIAN ARGO PROJECT                                             ',b'K.RADHAKRISHNAN                                                 ',46,b'A',20:00.0,b'1',16.306,89.863,b'1',b'ARGOS   ',115,22.466,34.575
43,11,b'2900268 ',b'INDIAN ARGO PROJECT                                             ',b'K.RADHAKRISHNAN                                                 ',46,b'A',20:00.0,b'1',16.306,89.863,b'1',b'ARGOS   ',125,21.047,34.652
43,12,b'2900268 ',b'INDIAN ARGO PROJECT                                             ',b'K.RADHAKRISHNAN                                                 ',46,b'A',20:00.0,b'1',16.306,89.863,b'1',b'ARGOS   ',135,19.888,34.698
43,13,b'2900268 ',b'INDIAN ARGO PROJECT                                             ',b'K.RADHAKRISHNAN                                                 ',46,b'A',20:00.0,b'1',16.306,89.863,b'1',b'ARGOS   ',145,18.859,34.781
43,14,b'2900268 ',b'INDIAN ARGO PROJECT                                             ',b'K.RADHAKRISHNAN                                                 ',46,b'A',20:00.0,b'1',16.306,89.863,b'1',b'ARGOS   ',155,17.852,34.8
43,15,b'2900268 ',b'INDIAN ARGO PROJECT                                             ',b'K.RADHAKRISHNAN                                                 ',46,b'A',20:00.0,b'1',16.306,89.863,b'1',b'ARGOS   ',166,16.599,34.826
43,16,b'2900268 ',b'INDIAN ARGO PROJECT                                             ',b'K.RADHAKRISHNAN                                                 ',46,b'A',20:00.0,b'1',16.306,89.863,b'1',b'ARGOS   ',175,15.792,34.864
43,17,b'2900268 ',b'INDIAN ARGO PROJECT                                             ',b'K.RADHAKRISHNAN                                                 ',46,b'A',20:00.0,b'1',16.306,89.863,b'1',b'ARGOS   ',185,14.869,34.874
43,18,b'2900268 ',b'INDIAN ARGO PROJECT                                             ',b'K.RADHAKRISHNAN                                                 ',46,b'A',20:00.0,b'1',16.306,89.863,b'1',b'ARGOS   ',195,14.137,34.884
43,19,b'2900268 ',b'INDIAN ARGO PROJECT                                             ',b'K.RADHAKRISHNAN                                                 ',46,b'A',20:00.0,b'1',16.306,89.863,b'1',b'ARGOS   ',205,13.614,34.897
43,20,b'2900268 ',b'INDIAN ARGO PROJECT                                             ',b'K.RADHAKRISHNAN                                                 ',46,b'A',20:00.0,b'1',16.306,89.863,b'1',b'ARGOS   ',215,13.177,34.915
43,21,b'2900268 ',b'INDIAN ARGO PROJECT                                             ',b'K.RADHAKRISHNAN                                                 ',46,b'A',20:00.0,b'1',16.306,89.863,b'1',b'ARGOS   ',225,12.885,34.923
43,22,b'2900268 ',b'INDIAN ARGO PROJECT                                             ',b'K.RADHAKRISHNAN                                                 ',46,b'A',20:00.0,b'1',16.306,89.863,b'1',b'ARGOS   ',235,12.672,34.934
43,23,b'2900268 ',b'INDIAN ARGO PROJECT                                             ',b'K.RADHAKRISHNAN                                                 ',46,b'A',20:00.0,b'1',16.306,89.863,b'1',b'ARGOS   ',245,12.374,34.936
43,24,b'2900268 ',b'INDIAN ARGO PROJECT                                             ',b'K.RADHAKRISHNAN                                                 ',46,b'A',20:00.0,b'1',16.306,89.863,b'1',b'ARGOS   ',255,12.127,34.939
43,25,b'2900268 ',b'INDIAN ARGO PROJECT                                             ',b'K.RADHAKRISHNAN                                                 ',46,b'A',20:00.0,b'1',16.306,89.863,b'1',b'ARGOS   ',265,11.957,34.938
43,26,b'2900268 ',b'INDIAN ARGO PROJECT                                             ',b'K.RADHAKRISHNAN                                                 ',46,b'A',20:00.0,b'1',16.306,89.863,b'1',b'ARGOS   ',275,11.842,34.934
43,27,b'2900268 ',b'INDIAN ARGO PROJECT                                             ',b'K.RADHAKRISHNAN                                                 ',46,b'A',20:00.0,b'1',16.306,89.863,b'1',b'ARGOS   ',285,11.637,34.946
43,28,b'2900268 ',b'INDIAN ARGO PROJECT                                             ',b'K.RADHAKRISHNAN                                                 ',46,b'A',20:00.0,b'1',16.306,89.863,b'1',b'ARGOS   ',295,11.516,34.947
43,29,b'2900268 ',b'INDIAN ARGO PROJECT                                             ',b'K.RADHAKRISHNAN                                                 ',46,b'A',20:00.0,b'1',16.306,89.863,b'1',b'ARGOS   ',305,11.371,34.941
43,30,b'2900268 ',b'INDIAN ARGO PROJECT                                             ',b'K.RADHAKRISHNAN                                                 ',46,b'A',20:00.0,b'1',16.306,89.863,b'1',b'ARGOS   ',315,11.249,34.944
43,31,b'2900268 ',b'INDIAN ARGO PROJECT                                             ',b'K.RADHAKRISHNAN                                                 ',46,b'A',20:00.0,b'1',16.306,89.863,b'1',b'ARGOS   ',325,11.147,34.946
43,32,b'2900268 ',b'INDIAN ARGO PROJECT                                             ',b'K.RADHAKRISHNAN                                                 ',46,b'A',20:00.0,b'1',16.306,89.863,b'1',b'ARGOS   ',335,11.026,34.947
43,33,b'2900268 ',b'INDIAN ARGO PROJECT                                             ',b'K.RADHAKRISHNAN                                                 ',46,b'A',20:00.0,b'1',16.306,89.863,b'1',b'ARGOS   ',345,10.941,34.944
43,34,b'2900268 ',b'INDIAN ARGO PROJECT                                             ',b'K.RADHAKRISHNAN                                                 ',46,b'A',20:00.0,b'1',16.306,89.863,b'1',b'ARGOS   ',355,10.866,34.951
43,35,b'2900268 ',b'INDIAN ARGO PROJECT                                             ',b'K.RADHAKRISHNAN                                                 ',46,b'A',20:00.0,b'1',16.306,89.863,b'1',b'ARGOS   ',365,10.788,34.951
43,36,b'2900268 ',b'INDIAN ARGO PROJECT                                             ',b'K.RADHAKRISHNAN                                                 ',46,b'A',20:00.0,b'1',16.306,89.863,b'1',b'ARGOS   ',375,10.699,34.951
43,37,b'2900268 ',b'INDIAN ARGO PROJECT                                             ',b'K.RADHAKRISHNAN                                                 ',46,b'A',20:00.0,b'1',16.306,89.863,b'1',b'ARGOS   ',385,10.604,34.947
43,38,b'2900268 ',b'INDIAN ARGO PROJECT                                             ',b'K.RADHAKRISHNAN                                                 ',46,b'A',20:00.0,b'1',16.306,89.863,b'1',b'ARGOS   ',395,10.527,34.945
43,39,b'2900268 ',b'INDIAN ARGO PROJECT                                             ',b'K.RADHAKRISHNAN                                                 ',46,b'A',20:00.0,b'1',16.306,89.863,b'1',b'ARGOS   ',405,10.446,34.948
43,40,b'2900268 ',b'INDIAN ARGO PROJECT                                             ',b'K.RADHAKRISHNAN                                                 ',46,b'A',20:00.0,b'1',16.306,89.863,b'1',b'ARGOS   ',415,10.365,34.95
43,41,b'2900268 ',b'INDIAN ARGO PROJECT                                             ',b'K.RADHAKRISHNAN                                                 ',46,b'A',20:00.0,b'1',16.306,89.863,b'1',b'ARGOS   ',451,10.164,34.944
43,42,b'2900268 ',b'INDIAN ARGO PROJECT                                             ',b'K.RADHAKRISHNAN                                                 ',46,b'A',20:00.0,b'1',16.306,89.863,b'1',b'ARGOS   ',499,9.82,34.938
43,43,b'2900268 ',b'INDIAN ARGO PROJECT                                             ',b'K.RADHAKRISHNAN                                                 ',46,b'A',20:00.0,b'1',16.306,89.863,b'1',b'ARGOS   ',550,9.443,34.93
43,44,b'2900268 ',b'INDIAN ARGO PROJECT                                             ',b'K.RADHAKRISHNAN                                                 ',46,b'A',20:00.0,b'1',16.306,89.863,b'1',b'ARGOS   ',600,9.052,34.925
43,45,b'2900268 ',b'INDIAN ARGO PROJECT                                             ',b'K.RADHAKRISHNAN                                                 ',46,b'A',20:00.0,b'1',16.306,89.863,b'1',b'ARGOS   ',649,8.704,34.919
43,46,b'2900268 ',b'INDIAN ARGO PROJECT                                             ',b'K.RADHAKRISHNAN                                                 ',46,b'A',20:00.0,b'1',16.306,89.863,b'1',b'ARGOS   ',700,8.363,34.904
43,47,b'2900268 ',b'INDIAN ARGO PROJECT                                             ',b'K.RADHAKRISHNAN                                                 ',46,b'A',20:00.0,b'1',16.306,89.863,b'1',b'ARGOS   ',750,8.035,34.896
43,48,b'2900268 ',b'INDIAN ARGO PROJECT                                             ',b'K.RADHAKRISHNAN                                                 ',46,b'A',20:00.0,b'1',16.306,89.863,b'1',b'ARGOS   ',799,7.759,34.89
43,49,b'2900268 ',b'INDIAN ARGO PROJECT                                             ',b'K.RADHAKRISHNAN                                                 ',46,b'A',20:00.0,b'1',16.306,89.863,b'1',b'ARGOS   ',849,7.454,34.88
43,50,b'2900268 ',b'INDIAN ARGO PROJECT                                             ',b'K.RADHAKRISHNAN                                                 ',46,b'A',20:00.0,b'1',16.306,89.863,b'1',b'ARGOS   ',900,7.151,34.866
43,51,b'2900268 ',b'INDIAN ARGO PROJECT                                             ',b'K.RADHAKRISHNAN                                                 ',46,b'A',20:00.0,b'1',16.306,89.863,b'1',b'ARGOS   ',950,6.855,34.855
43,52,b'2900268 ',b'INDIAN ARGO PROJECT                                             ',b'K.RADHAKRISHNAN                                                 ',46,b'A',20:00.0,b'1',16.306,89.863,b'1',b'ARGOS   ',990,6.652,34.854
44,0,b'2900268 ',b'INDIAN ARGO PROJECT                                             ',b'K.RADHAKRISHNAN                                                 ',47,b'A',14:00.0,b'1',16.519,89.673,b'1',b'ARGOS   ',15,27.1,32.924
44,1,b'2900268 ',b'INDIAN ARGO PROJECT                                             ',b'K.RADHAKRISHNAN                                                 ',47,b'A',14:00.0,b'1',16.519,89.673,b'1',b'ARGOS   ',25,27.102,32.919
44,2,b'2900268 ',b'INDIAN ARGO PROJECT                                             ',b'K.RADHAKRISHNAN                                                 ',47,b'A',14:00.0,b'1',16.519,89.673,b'1',b'ARGOS   ',35,27.104,32.922
44,3,b'2900268 ',b'INDIAN ARGO PROJECT                                             ',b'K.RADHAKRISHNAN                                                 ',47,b'A',14:00.0,b'1',16.519,89.673,b'1',b'ARGOS   ',45,27.106,32.925
44,4,b'2900268 ',b'INDIAN ARGO PROJECT                                             ',b'K.RADHAKRISHNAN                                                 ',47,b'A',14:00.0,b'1',16.519,89.673,b'1',b'ARGOS   ',55,27.369,33.497
44,5,b'2900268 ',b'INDIAN ARGO PROJECT                                             ',b'K.RADHAKRISHNAN                                                 ',47,b'A',14:00.0,b'1',16.519,89.673,b'1',b'ARGOS   ',64,27.101,33.893
44,6,b'2900268 ',b'INDIAN ARGO PROJECT                                             ',b'K.RADHAKRISHNAN                                                 ',47,b'A',14:00.0,b'1',16.519,89.673,b'1',b'ARGOS   ',76,25.493,34.301
44,7,b'2900268 ',b'INDIAN ARGO PROJECT                                             ',b'K.RADHAKRISHNAN                                                 ',47,b'A',14:00.0,b'1',16.519,89.673,b'1',b'ARGOS   ',85,24.261,34.368
44,8,b'2900268 ',b'INDIAN ARGO PROJECT                                             ',b'K.RADHAKRISHNAN                                                 ',47,b'A',14:00.0,b'1',16.519,89.673,b'1',b'ARGOS   ',95,22.799,34.474
44,9,b'2900268 ',b'INDIAN ARGO PROJECT                                             ',b'K.RADHAKRISHNAN                                                 ',47,b'A',14:00.0,b'1',16.519,89.673,b'1',b'ARGOS   ',105,21.35,34.629
44,10,b'2900268 ',b'INDIAN ARGO PROJECT                                             ',b'K.RADHAKRISHNAN                                                 ',47,b'A',14:00.0,b'1',16.519,89.673,b'1',b'ARGOS   ',115,20.087,34.688
44,11,b'2900268 ',b'INDIAN ARGO PROJECT                                             ',b'K.RADHAKRISHNAN                                                 ',47,b'A',14:00.0,b'1',16.519,89.673,b'1',b'ARGOS   ',125,18.744,34.725
44,12,b'2900268 ',b'INDIAN ARGO PROJECT                                             ',b'K.RADHAKRISHNAN                                                 ',47,b'A',14:00.0,b'1',16.519,89.673,b'1',b'ARGOS   ',135,17.618,34.75
44,13,b'2900268 ',b'INDIAN ARGO PROJECT                                             ',b'K.RADHAKRISHNAN                                                 ',47,b'A',14:00.0,b'1',16.519,89.673,b'1',b'ARGOS   ',146,16.654,34.786
44,14,b'2900268 ',b'INDIAN ARGO PROJECT                                             ',b'K.RADHAKRISHNAN                                                 ',47,b'A',14:00.0,b'1',16.519,89.673,b'1',b'ARGOS   ',155,16.089,34.798
44,15,b'2900268 ',b'INDIAN ARGO PROJECT                                             ',b'K.RADHAKRISHNAN                                                 ',47,b'A',14:00.0,b'1',16.519,89.673,b'1',b'ARGOS   ',165,15.199,34.816
44,16,b'2900268 ',b'INDIAN ARGO PROJECT                                             ',b'K.RADHAKRISHNAN                                                 ',47,b'A',14:00.0,b'1',16.519,89.673,b'1',b'ARGOS   ',175,14.59,34.835
44,17,b'2900268 ',b'INDIAN ARGO PROJECT                                             ',b'K.RADHAKRISHNAN                                                 ',47,b'A',14:00.0,b'1',16.519,89.673,b'1',b'ARGOS   ',185,14.082,34.845
44,18,b'2900268 ',b'INDIAN ARGO PROJECT                                             ',b'K.RADHAKRISHNAN                                                 ',47,b'A',14:00.0,b'1',16.519,89.673,b'1',b'ARGOS   ',195,13.663,34.857
44,19,b'2900268 ',b'INDIAN ARGO PROJECT                                             ',b'K.RADHAKRISHNAN                                                 ',47,b'A',14:00.0,b'1',16.519,89.673,b'1',b'ARGOS   ',205,13.426,34.852
44,20,b'2900268 ',b'INDIAN ARGO PROJECT                                             ',b'K.RADHAKRISHNAN                                                 ',47,b'A',14:00.0,b'1',16.519,89.673,b'1',b'ARGOS   ',215,12.969,34.869
44,21,b'2900268 ',b'INDIAN ARGO PROJECT                                             ',b'K.RADHAKRISHNAN                                                 ',47,b'A',14:00.0,b'1',16.519,89.673,b'1',b'ARGOS   ',225,12.612,34.878
44,22,b'2900268 ',b'INDIAN ARGO PROJECT                                             ',b'K.RADHAKRISHNAN                                                 ',47,b'A',14:00.0,b'1',16.519,89.673,b'1',b'ARGOS   ',235,12.343,34.882
44,23,b'2900268 ',b'INDIAN ARGO PROJECT                                             ',b'K.RADHAKRISHNAN                                                 ',47,b'A',14:00.0,b'1',16.519,89.673,b'1',b'ARGOS   ',245,12.114,34.888
44,24,b'2900268 ',b'INDIAN ARGO PROJECT                                             ',b'K.RADHAKRISHNAN                                                 ',47,b'A',14:00.0,b'1',16.519,89.673,b'1',b'ARGOS   ',255,11.901,34.888
44,25,b'2900268 ',b'INDIAN ARGO PROJECT                                             ',b'K.RADHAKRISHNAN                                                 ',47,b'A',14:00.0,b'1',16.519,89.673,b'1',b'ARGOS   ',265,11.745,34.892
44,26,b'2900268 ',b'INDIAN ARGO PROJECT                                             ',b'K.RADHAKRISHNAN                                                 ',47,b'A',14:00.0,b'1',16.519,89.673,b'1',b'ARGOS   ',275,11.631,34.897
44,27,b'2900268 ',b'INDIAN ARGO PROJECT                                             ',b'K.RADHAKRISHNAN                                                 ',47,b'A',14:00.0,b'1',16.519,89.673,b'1',b'ARGOS   ',285,11.493,34.894
44,28,b'2900268 ',b'INDIAN ARGO PROJECT                                             ',b'K.RADHAKRISHNAN                                                 ',47,b'A',14:00.0,b'1',16.519,89.673,b'1',b'ARGOS   ',295,11.37,34.897
44,29,b'2900268 ',b'INDIAN ARGO PROJECT                                             ',b'K.RADHAKRISHNAN                                                 ',47,b'A',14:00.0,b'1',16.519,89.673,b'1',b'ARGOS   ',305,11.27,34.898
44,30,b'2900268 ',b'INDIAN ARGO PROJECT                                             ',b'K.RADHAKRISHNAN                                                 ',47,b'A',14:00.0,b'1',16.519,89.673,b'1',b'ARGOS   ',316,11.174,34.895
44,31,b'2900268 ',b'INDIAN ARGO PROJECT                                             ',b'K.RADHAKRISHNAN                                                 ',47,b'A',14:00.0,b'1',16.519,89.673,b'1',b'ARGOS   ',325,11.105,34.897
44,32,b'2900268 ',b'INDIAN ARGO PROJECT                                             ',b'K.RADHAKRISHNAN                                                 ',47,b'A',14:00.0,b'1',16.519,89.673,b'1',b'ARGOS   ',335,11.032,34.902
44,33,b'2900268 ',b'INDIAN ARGO PROJECT                                             ',b'K.RADHAKRISHNAN                                                 ',47,b'A',14:00.0,b'1',16.519,89.673,b'1',b'ARGOS   ',345,10.94,34.905
44,34,b'2900268 ',b'INDIAN ARGO PROJECT                                             ',b'K.RADHAKRISHNAN                                                 ',47,b'A',14:00.0,b'1',16.519,89.673,b'1',b'ARGOS   ',355,10.848,34.898
44,35,b'2900268 ',b'INDIAN ARGO PROJECT                                             ',b'K.RADHAKRISHNAN                                                 ',47,b'A',14:00.0,b'1',16.519,89.673,b'1',b'ARGOS   ',365,10.769,34.899
44,36,b'2900268 ',b'INDIAN ARGO PROJECT                                             ',b'K.RADHAKRISHNAN                                                 ',47,b'A',14:00.0,b'1',16.519,89.673,b'1',b'ARGOS   ',375,10.697,34.902
44,37,b'2900268 ',b'INDIAN ARGO PROJECT                                             ',b'K.RADHAKRISHNAN                                                 ',47,b'A',14:00.0,b'1',16.519,89.673,b'1',b'ARGOS   ',385,10.624,34.897
44,38,b'2900268 ',b'INDIAN ARGO PROJECT                                             ',b'K.RADHAKRISHNAN                                                 ',47,b'A',14:00.0,b'1',16.519,89.673,b'1',b'ARGOS   ',395,10.53,34.892
44,39,b'2900268 ',b'INDIAN ARGO PROJECT                                             ',b'K.RADHAKRISHNAN                                                 ',47,b'A',14:00.0,b'1',16.519,89.673,b'1',b'ARGOS   ',405,10.439,34.894
44,40,b'2900268 ',b'INDIAN ARGO PROJECT                                             ',b'K.RADHAKRISHNAN                                                 ',47,b'A',14:00.0,b'1',16.519,89.673,b'1',b'ARGOS   ',415,10.326,34.896
44,41,b'2900268 ',b'INDIAN ARGO PROJECT                                             ',b'K.RADHAKRISHNAN                                                 ',47,b'A',14:00.0,b'1',16.519,89.673,b'1',b'ARGOS   ',450,10.054,34.888
44,42,b'2900268 ',b'INDIAN ARGO PROJECT                                             ',b'K.RADHAKRISHNAN                                                 ',47,b'A',14:00.0,b'1',16.519,89.673,b'1',b'ARGOS   ',502,9.671,34.886
44,43,b'2900268 ',b'INDIAN ARGO PROJECT                                             ',b'K.RADHAKRISHNAN                                                 ',47,b'A',14:00.0,b'1',16.519,89.673,b'1',b'ARGOS   ',550,9.325,34.88
44,44,b'2900268 ',b'INDIAN ARGO PROJECT                                             ',b'K.RADHAKRISHNAN                                                 ',47,b'A',14:00.0,b'1',16.519,89.673,b'1',b'ARGOS   ',600,8.971,34.869
44,45,b'2900268 ',b'INDIAN ARGO PROJECT                                             ',b'K.RADHAKRISHNAN                                                 ',47,b'A',14:00.0,b'1',16.519,89.673,b'1',b'ARGOS   ',650,8.597,34.866
44,46,b'2900268 ',b'INDIAN ARGO PROJECT                                             ',b'K.RADHAKRISHNAN                                                 ',47,b'A',14:00.0,b'1',16.519,89.673,b'1',b'ARGOS   ',700,8.282,34.856
44,47,b'2900268 ',b'INDIAN ARGO PROJECT                                             ',b'K.RADHAKRISHNAN                                                 ',47,b'A',14:00.0,b'1',16.519,89.673,b'1',b'ARGOS   ',750,7.997,34.849
44,48,b'2900268 ',b'INDIAN ARGO PROJECT                                             ',b'K.RADHAKRISHNAN                                                 ',47,b'A',14:00.0,b'1',16.519,89.673,b'1',b'ARGOS   ',800,7.717,34.835
44,49,b'2900268 ',b'INDIAN ARGO PROJECT                                             ',b'K.RADHAKRISHNAN                                                 ',47,b'A',14:00.0,b'1',16.519,89.673,b'1',b'ARGOS   ',850,7.368,34.824
44,50,b'2900268 ',b'INDIAN ARGO PROJECT                                             ',b'K.RADHAKRISHNAN                                                 ',47,b'A',14:00.0,b'1',16.519,89.673,b'1',b'ARGOS   ',900,7.068,34.818
44,51,b'2900268 ',b'INDIAN ARGO PROJECT                                             ',b'K.RADHAKRISHNAN                                                 ',47,b'A',14:00.0,b'1',16.519,89.673,b'1',b'ARGOS   ',950,6.768,34.811
44,52,b'2900268 ',b'INDIAN ARGO PROJECT                                             ',b'K.RADHAKRISHNAN                                                 ',47,b'A',14:00.0,b'1',16.519,89.673,b'1',b'ARGOS   ',979,6.596,34.794
45,0,b'2900268 ',b'INDIAN ARGO PROJECT                                             ',b'K.RADHAKRISHNAN                                                 ',48,b'A',20:00.0,b'1',16.728,89.498,b'1',b'ARGOS   ',15,26.92,32.69
45,1,b'2900268 ',b'INDIAN ARGO PROJECT                                             ',b'K.RADHAKRISHNAN                                                 ',48,b'A',20:00.0,b'1',16.728,89.498,b'1',b'ARGOS   ',26,27.093,32.869
45,2,b'2900268 ',b'INDIAN ARGO PROJECT                                             ',b'K.RADHAKRISHNAN                                                 ',48,b'A',20:00.0,b'1',16.728,89.498,b'1',b'ARGOS   ',35,27.119,32.891
45,3,b'2900268 ',b'INDIAN ARGO PROJECT                                             ',b'K.RADHAKRISHNAN                                                 ',48,b'A',20:00.0,b'1',16.728,89.498,b'1',b'ARGOS   ',45,27.192,32.935
45,4,b'2900268 ',b'INDIAN ARGO PROJECT                                             ',b'K.RADHAKRISHNAN                                                 ',48,b'A',20:00.0,b'1',16.728,89.498,b'1',b'ARGOS   ',55,27.606,33.251
45,5,b'2900268 ',b'INDIAN ARGO PROJECT                                             ',b'K.RADHAKRISHNAN                                                 ',48,b'A',20:00.0,b'1',16.728,89.498,b'1',b'ARGOS   ',65,27.355,33.391
45,6,b'2900268 ',b'INDIAN ARGO PROJECT                                             ',b'K.RADHAKRISHNAN                                                 ',48,b'A',20:00.0,b'1',16.728,89.498,b'1',b'ARGOS   ',75,26.732,33.731
45,7,b'2900268 ',b'INDIAN ARGO PROJECT                                             ',b'K.RADHAKRISHNAN                                                 ',48,b'A',20:00.0,b'1',16.728,89.498,b'1',b'ARGOS   ',85,24.911,33.941
45,8,b'2900268 ',b'INDIAN ARGO PROJECT                                             ',b'K.RADHAKRISHNAN                                                 ',48,b'A',20:00.0,b'1',16.728,89.498,b'1',b'ARGOS   ',95,23.471,34.119
45,9,b'2900268 ',b'INDIAN ARGO PROJECT                                             ',b'K.RADHAKRISHNAN                                                 ',48,b'A',20:00.0,b'1',16.728,89.498,b'1',b'ARGOS   ',105,21.889,34.27
45,10,b'2900268 ',b'INDIAN ARGO PROJECT                                             ',b'K.RADHAKRISHNAN                                                 ',48,b'A',20:00.0,b'1',16.728,89.498,b'1',b'ARGOS   ',115,20.671,34.261
45,11,b'2900268 ',b'INDIAN ARGO PROJECT                                             ',b'K.RADHAKRISHNAN                                                 ',48,b'A',20:00.0,b'1',16.728,89.498,b'1',b'ARGOS   ',125,19.94,34.429
45,12,b'2900268 ',b'INDIAN ARGO PROJECT                                             ',b'K.RADHAKRISHNAN                                                 ',48,b'A',20:00.0,b'1',16.728,89.498,b'1',b'ARGOS   ',135,18.611,34.472
45,13,b'2900268 ',b'INDIAN ARGO PROJECT                                             ',b'K.RADHAKRISHNAN                                                 ',48,b'A',20:00.0,b'1',16.728,89.498,b'1',b'ARGOS   ',145,17.624,34.5
45,14,b'2900268 ',b'INDIAN ARGO PROJECT                                             ',b'K.RADHAKRISHNAN                                                 ',48,b'A',20:00.0,b'1',16.728,89.498,b'1',b'ARGOS   ',155,16.754,34.538
45,15,b'2900268 ',b'INDIAN ARGO PROJECT                                             ',b'K.RADHAKRISHNAN                                                 ',48,b'A',20:00.0,b'1',16.728,89.498,b'1',b'ARGOS   ',165,16.016,34.546
45,16,b'2900268 ',b'INDIAN ARGO PROJECT                                             ',b'K.RADHAKRISHNAN                                                 ',48,b'A',20:00.0,b'1',16.728,89.498,b'1',b'ARGOS   ',175,15.293,34.566
45,17,b'2900268 ',b'INDIAN ARGO PROJECT                                             ',b'K.RADHAKRISHNAN                                                 ',48,b'A',20:00.0,b'1',16.728,89.498,b'1',b'ARGOS   ',185,14.662,34.583
45,18,b'2900268 ',b'INDIAN ARGO PROJECT                                             ',b'K.RADHAKRISHNAN                                                 ',48,b'A',20:00.0,b'1',16.728,89.498,b'1',b'ARGOS   ',195,14.166,34.598
45,19,b'2900268 ',b'INDIAN ARGO PROJECT                                             ',b'K.RADHAKRISHNAN                                                 ',48,b'A',20:00.0,b'1',16.728,89.498,b'1',b'ARGOS   ',206,13.593,34.606
45,20,b'2900268 ',b'INDIAN ARGO PROJECT                                             ',b'K.RADHAKRISHNAN                                                 ',48,b'A',20:00.0,b'1',16.728,89.498,b'1',b'ARGOS   ',215,13.301,34.613
45,21,b'2900268 ',b'INDIAN ARGO PROJECT                                             ',b'K.RADHAKRISHNAN                                                 ',48,b'A',20:00.0,b'1',16.728,89.498,b'1',b'ARGOS   ',225,13.037,34.622
45,22,b'2900268 ',b'INDIAN ARGO PROJECT                                             ',b'K.RADHAKRISHNAN                                                 ',48,b'A',20:00.0,b'1',16.728,89.498,b'1',b'ARGOS   ',235,12.723,34.628
45,23,b'2900268 ',b'INDIAN ARGO PROJECT                                             ',b'K.RADHAKRISHNAN                                                 ',48,b'A',20:00.0,b'1',16.728,89.498,b'1',b'ARGOS   ',246,12.469,34.626
45,24,b'2900268 ',b'INDIAN ARGO PROJECT                                             ',b'K.RADHAKRISHNAN                                                 ',48,b'A',20:00.0,b'1',16.728,89.498,b'1',b'ARGOS   ',255,12.295,34.638
45,25,b'2900268 ',b'INDIAN ARGO PROJECT                                             ',b'K.RADHAKRISHNAN                                                 ',48,b'A',20:00.0,b'1',16.728,89.498,b'1',b'ARGOS   ',265,12.076,34.633
45,26,b'2900268 ',b'INDIAN ARGO PROJECT                                             ',b'K.RADHAKRISHNAN                                                 ',48,b'A',20:00.0,b'1',16.728,89.498,b'1',b'ARGOS   ',275,11.914,34.642
45,27,b'2900268 ',b'INDIAN ARGO PROJECT                                             ',b'K.RADHAKRISHNAN                                                 ',48,b'A',20:00.0,b'1',16.728,89.498,b'1',b'ARGOS   ',285,11.759,34.645
45,28,b'2900268 ',b'INDIAN ARGO PROJECT                                             ',b'K.RADHAKRISHNAN                                                 ',48,b'A',20:00.0,b'1',16.728,89.498,b'1',b'ARGOS   ',295,11.594,34.648
45,29,b'2900268 ',b'INDIAN ARGO PROJECT                                             ',b'K.RADHAKRISHNAN                                                 ',48,b'A',20:00.0,b'1',16.728,89.498,b'1',b'ARGOS   ',305,11.458,34.643
45,30,b'2900268 ',b'INDIAN ARGO PROJECT                                             ',b'K.RADHAKRISHNAN                                                 ',48,b'A',20:00.0,b'1',16.728,89.498,b'1',b'ARGOS   ',315,11.351,34.65
45,31,b'2900268 ',b'INDIAN ARGO PROJECT                                             ',b'K.RADHAKRISHNAN                                                 ',48,b'A',20:00.0,b'1',16.728,89.498,b'1',b'ARGOS   ',325,11.266,34.646
45,32,b'2900268 ',b'INDIAN ARGO PROJECT                                             ',b'K.RADHAKRISHNAN                                                 ',48,b'A',20:00.0,b'1',16.728,89.498,b'1',b'ARGOS   ',335,11.172,34.65
45,33,b'2900268 ',b'INDIAN ARGO PROJECT                                             ',b'K.RADHAKRISHNAN                                                 ',48,b'A',20:00.0,b'1',16.728,89.498,b'1',b'ARGOS   ',345,11.071,34.652
45,34,b'2900268 ',b'INDIAN ARGO PROJECT                                             ',b'K.RADHAKRISHNAN                                                 ',48,b'A',20:00.0,b'1',16.728,89.498,b'1',b'ARGOS   ',355,10.994,34.65
45,35,b'2900268 ',b'INDIAN ARGO PROJECT                                             ',b'K.RADHAKRISHNAN                                                 ',48,b'A',20:00.0,b'1',16.728,89.498,b'1',b'ARGOS   ',365,10.919,34.647
45,36,b'2900268 ',b'INDIAN ARGO PROJECT                                             ',b'K.RADHAKRISHNAN                                                 ',48,b'A',20:00.0,b'1',16.728,89.498,b'1',b'ARGOS   ',376,10.831,34.645
45,37,b'2900268 ',b'INDIAN ARGO PROJECT                                             ',b'K.RADHAKRISHNAN                                                 ',48,b'A',20:00.0,b'1',16.728,89.498,b'1',b'ARGOS   ',385,10.717,34.648
45,38,b'2900268 ',b'INDIAN ARGO PROJECT                                             ',b'K.RADHAKRISHNAN                                                 ',48,b'A',20:00.0,b'1',16.728,89.498,b'1',b'ARGOS   ',395,10.619,34.646
45,39,b'2900268 ',b'INDIAN ARGO PROJECT                                             ',b'K.RADHAKRISHNAN                                                 ',48,b'A',20:00.0,b'1',16.728,89.498,b'1',b'ARGOS   ',405,10.541,34.646
45,40,b'2900268 ',b'INDIAN ARGO PROJECT                                             ',b'K.RADHAKRISHNAN                                                 ',48,b'A',20:00.0,b'1',16.728,89.498,b'1',b'ARGOS   ',416,10.455,34.642
45,41,b'2900268 ',b'INDIAN ARGO PROJECT                                             ',b'K.RADHAKRISHNAN                                                 ',48,b'A',20:00.0,b'1',16.728,89.498,b'1',b'ARGOS   ',450,10.244,34.645
45,42,b'2900268 ',b'INDIAN ARGO PROJECT                                             ',b'K.RADHAKRISHNAN                                                 ',48,b'A',20:00.0,b'1',16.728,89.498,b'1',b'ARGOS   ',500,9.856,34.637
45,43,b'2900268 ',b'INDIAN ARGO PROJECT                                             ',b'K.RADHAKRISHNAN                                                 ',48,b'A',20:00.0,b'1',16.728,89.498,b'1',b'ARGOS   ',550,9.507,34.631
45,44,b'2900268 ',b'INDIAN ARGO PROJECT                                             ',b'K.RADHAKRISHNAN                                                 ',48,b'A',20:00.0,b'1',16.728,89.498,b'1',b'ARGOS   ',600,9.147,34.625
45,45,b'2900268 ',b'INDIAN ARGO PROJECT                                             ',b'K.RADHAKRISHNAN                                                 ',48,b'A',20:00.0,b'1',16.728,89.498,b'1',b'ARGOS   ',650,8.769,34.614
45,46,b'2900268 ',b'INDIAN ARGO PROJECT                                             ',b'K.RADHAKRISHNAN                                                 ',48,b'A',20:00.0,b'1',16.728,89.498,b'1',b'ARGOS   ',701,8.439,34.607
45,47,b'2900268 ',b'INDIAN ARGO PROJECT                                             ',b'K.RADHAKRISHNAN                                                 ',48,b'A',20:00.0,b'1',16.728,89.498,b'1',b'ARGOS   ',749,8.117,34.592
45,48,b'2900268 ',b'INDIAN ARGO PROJECT                                             ',b'K.RADHAKRISHNAN                                                 ',48,b'A',20:00.0,b'1',16.728,89.498,b'1',b'ARGOS   ',800,7.83,34.584
45,49,b'2900268 ',b'INDIAN ARGO PROJECT                                             ',b'K.RADHAKRISHNAN                                                 ',48,b'A',20:00.0,b'1',16.728,89.498,b'1',b'ARGOS   ',850,7.518,34.578
45,50,b'2900268 ',b'INDIAN ARGO PROJECT                                             ',b'K.RADHAKRISHNAN                                                 ',48,b'A',20:00.0,b'1',16.728,89.498,b'1',b'ARGOS   ',899,7.204,34.563
45,51,b'2900268 ',b'INDIAN ARGO PROJECT                                             ',b'K.RADHAKRISHNAN                                                 ',48,b'A',20:00.0,b'1',16.728,89.498,b'1',b'ARGOS   ',950,6.913,34.556
45,52,b'2900268 ',b'INDIAN ARGO PROJECT                                             ',b'K.RADHAKRISHNAN                                                 ',48,b'A',20:00.0,b'1',16.728,89.498,b'1',b'ARGOS   ',995,6.683,34.545
46,0,b'2900268 ',b'INDIAN ARGO PROJECT                                             ',b'K.RADHAKRISHNAN                                                 ',49,b'A',14:00.0,b'1',17.039,89.367,b'1',b'ARGOS   ',15,26.775,32.7
46,1,b'2900268 ',b'INDIAN ARGO PROJECT                                             ',b'K.RADHAKRISHNAN                                                 ',49,b'A',14:00.0,b'1',17.039,89.367,b'1',b'ARGOS   ',25,26.83,32.793
46,2,b'2900268 ',b'INDIAN ARGO PROJECT                                             ',b'K.RADHAKRISHNAN                                                 ',49,b'A',14:00.0,b'1',17.039,89.367,b'1',b'ARGOS   ',35,27.423,33.154
46,3,b'2900268 ',b'INDIAN ARGO PROJECT                                             ',b'K.RADHAKRISHNAN                                                 ',49,b'A',14:00.0,b'1',17.039,89.367,b'1',b'ARGOS   ',45,26.849,33.072
46,4,b'2900268 ',b'INDIAN ARGO PROJECT                                             ',b'K.RADHAKRISHNAN                                                 ',49,b'A',14:00.0,b'1',17.039,89.367,b'1',b'ARGOS   ',55,26.484,33.052
46,5,b'2900268 ',b'INDIAN ARGO PROJECT                                             ',b'K.RADHAKRISHNAN                                                 ',49,b'A',14:00.0,b'1',17.039,89.367,b'1',b'ARGOS   ',65,26.857,33.352
46,6,b'2900268 ',b'INDIAN ARGO PROJECT                                             ',b'K.RADHAKRISHNAN                                                 ',49,b'A',14:00.0,b'1',17.039,89.367,b'1',b'ARGOS   ',75,26.989,33.623
46,7,b'2900268 ',b'INDIAN ARGO PROJECT                                             ',b'K.RADHAKRISHNAN                                                 ',49,b'A',14:00.0,b'1',17.039,89.367,b'1',b'ARGOS   ',85,26.127,33.855
46,8,b'2900268 ',b'INDIAN ARGO PROJECT                                             ',b'K.RADHAKRISHNAN                                                 ',49,b'A',14:00.0,b'1',17.039,89.367,b'1',b'ARGOS   ',95,24.521,34.01
46,9,b'2900268 ',b'INDIAN ARGO PROJECT                                             ',b'K.RADHAKRISHNAN                                                 ',49,b'A',14:00.0,b'1',17.039,89.367,b'1',b'ARGOS   ',106,22.532,34.161
46,10,b'2900268 ',b'INDIAN ARGO PROJECT                                             ',b'K.RADHAKRISHNAN                                                 ',49,b'A',14:00.0,b'1',17.039,89.367,b'1',b'ARGOS   ',115,21.195,34.265
46,11,b'2900268 ',b'INDIAN ARGO PROJECT                                             ',b'K.RADHAKRISHNAN                                                 ',49,b'A',14:00.0,b'1',17.039,89.367,b'1',b'ARGOS   ',125,20.034,34.426
46,12,b'2900268 ',b'INDIAN ARGO PROJECT                                             ',b'K.RADHAKRISHNAN                                                 ',49,b'A',14:00.0,b'1',17.039,89.367,b'1',b'ARGOS   ',135,18.815,34.436
46,13,b'2900268 ',b'INDIAN ARGO PROJECT                                             ',b'K.RADHAKRISHNAN                                                 ',49,b'A',14:00.0,b'1',17.039,89.367,b'1',b'ARGOS   ',144,17.711,34.444
46,14,b'2900268 ',b'INDIAN ARGO PROJECT                                             ',b'K.RADHAKRISHNAN                                                 ',49,b'A',14:00.0,b'1',17.039,89.367,b'1',b'ARGOS   ',155,16.923,34.471
46,15,b'2900268 ',b'INDIAN ARGO PROJECT                                             ',b'K.RADHAKRISHNAN                                                 ',49,b'A',14:00.0,b'1',17.039,89.367,b'1',b'ARGOS   ',165,16.012,34.488
46,16,b'2900268 ',b'INDIAN ARGO PROJECT                                             ',b'K.RADHAKRISHNAN                                                 ',49,b'A',14:00.0,b'1',17.039,89.367,b'1',b'ARGOS   ',175,15.22,34.513
46,17,b'2900268 ',b'INDIAN ARGO PROJECT                                             ',b'K.RADHAKRISHNAN                                                 ',49,b'A',14:00.0,b'1',17.039,89.367,b'1',b'ARGOS   ',185,14.632,34.537
46,18,b'2900268 ',b'INDIAN ARGO PROJECT                                             ',b'K.RADHAKRISHNAN                                                 ',49,b'A',14:00.0,b'1',17.039,89.367,b'1',b'ARGOS   ',195,14.168,34.541
46,19,b'2900268 ',b'INDIAN ARGO PROJECT                                             ',b'K.RADHAKRISHNAN                                                 ',49,b'A',14:00.0,b'1',17.039,89.367,b'1',b'ARGOS   ',206,13.674,34.542
46,20,b'2900268 ',b'INDIAN ARGO PROJECT                                             ',b'K.RADHAKRISHNAN                                                 ',49,b'A',14:00.0,b'1',17.039,89.367,b'1',b'ARGOS   ',215,13.323,34.546
46,21,b'2900268 ',b'INDIAN ARGO PROJECT                                             ',b'K.RADHAKRISHNAN                                                 ',49,b'A',14:00.0,b'1',17.039,89.367,b'1',b'ARGOS   ',225,13.001,34.569
46,22,b'2900268 ',b'INDIAN ARGO PROJECT                                             ',b'K.RADHAKRISHNAN                                                 ',49,b'A',14:00.0,b'1',17.039,89.367,b'1',b'ARGOS   ',235,12.687,34.575
46,23,b'2900268 ',b'INDIAN ARGO PROJECT                                             ',b'K.RADHAKRISHNAN                                                 ',49,b'A',14:00.0,b'1',17.039,89.367,b'1',b'ARGOS   ',245,12.439,34.587
46,24,b'2900268 ',b'INDIAN ARGO PROJECT                                             ',b'K.RADHAKRISHNAN                                                 ',49,b'A',14:00.0,b'1',17.039,89.367,b'1',b'ARGOS   ',255,12.234,34.588
46,25,b'2900268 ',b'INDIAN ARGO PROJECT                                             ',b'K.RADHAKRISHNAN                                                 ',49,b'A',14:00.0,b'1',17.039,89.367,b'1',b'ARGOS   ',265,12.001,34.586
46,26,b'2900268 ',b'INDIAN ARGO PROJECT                                             ',b'K.RADHAKRISHNAN                                                 ',49,b'A',14:00.0,b'1',17.039,89.367,b'1',b'ARGOS   ',275,11.887,34.589
46,27,b'2900268 ',b'INDIAN ARGO PROJECT                                             ',b'K.RADHAKRISHNAN                                                 ',49,b'A',14:00.0,b'1',17.039,89.367,b'1',b'ARGOS   ',285,11.754,34.591
46,28,b'2900268 ',b'INDIAN ARGO PROJECT                                             ',b'K.RADHAKRISHNAN                                                 ',49,b'A',14:00.0,b'1',17.039,89.367,b'1',b'ARGOS   ',295,11.575,34.587
46,29,b'2900268 ',b'INDIAN ARGO PROJECT                                             ',b'K.RADHAKRISHNAN                                                 ',49,b'A',14:00.0,b'1',17.039,89.367,b'1',b'ARGOS   ',305,11.436,34.594
46,30,b'2900268 ',b'INDIAN ARGO PROJECT                                             ',b'K.RADHAKRISHNAN                                                 ',49,b'A',14:00.0,b'1',17.039,89.367,b'1',b'ARGOS   ',315,11.313,34.596
46,31,b'2900268 ',b'INDIAN ARGO PROJECT                                             ',b'K.RADHAKRISHNAN                                                 ',49,b'A',14:00.0,b'1',17.039,89.367,b'1',b'ARGOS   ',325,11.192,34.596
46,32,b'2900268 ',b'INDIAN ARGO PROJECT                                             ',b'K.RADHAKRISHNAN                                                 ',49,b'A',14:00.0,b'1',17.039,89.367,b'1',b'ARGOS   ',335,11.082,34.596
46,33,b'2900268 ',b'INDIAN ARGO PROJECT                                             ',b'K.RADHAKRISHNAN                                                 ',49,b'A',14:00.0,b'1',17.039,89.367,b'1',b'ARGOS   ',345,10.983,34.595
46,34,b'2900268 ',b'INDIAN ARGO PROJECT                                             ',b'K.RADHAKRISHNAN                                                 ',49,b'A',14:00.0,b'1',17.039,89.367,b'1',b'ARGOS   ',355,10.939,34.602
46,35,b'2900268 ',b'INDIAN ARGO PROJECT                                             ',b'K.RADHAKRISHNAN                                                 ',49,b'A',14:00.0,b'1',17.039,89.367,b'1',b'ARGOS   ',365,10.868,34.595
46,36,b'2900268 ',b'INDIAN ARGO PROJECT                                             ',b'K.RADHAKRISHNAN                                                 ',49,b'A',14:00.0,b'1',17.039,89.367,b'1',b'ARGOS   ',375,10.795,34.599
46,37,b'2900268 ',b'INDIAN ARGO PROJECT                                             ',b'K.RADHAKRISHNAN                                                 ',49,b'A',14:00.0,b'1',17.039,89.367,b'1',b'ARGOS   ',385,10.718,34.597
46,38,b'2900268 ',b'INDIAN ARGO PROJECT                                             ',b'K.RADHAKRISHNAN                                                 ',49,b'A',14:00.0,b'1',17.039,89.367,b'1',b'ARGOS   ',395,10.634,34.592
46,39,b'2900268 ',b'INDIAN ARGO PROJECT                                             ',b'K.RADHAKRISHNAN                                                 ',49,b'A',14:00.0,b'1',17.039,89.367,b'1',b'ARGOS   ',405,10.546,34.591
46,40,b'2900268 ',b'INDIAN ARGO PROJECT                                             ',b'K.RADHAKRISHNAN                                                 ',49,b'A',14:00.0,b'1',17.039,89.367,b'1',b'ARGOS   ',415,10.469,34.599
46,41,b'2900268 ',b'INDIAN ARGO PROJECT                                             ',b'K.RADHAKRISHNAN                                                 ',49,b'A',14:00.0,b'1',17.039,89.367,b'1',b'ARGOS   ',452,10.212,34.594
46,42,b'2900268 ',b'INDIAN ARGO PROJECT                                             ',b'K.RADHAKRISHNAN                                                 ',49,b'A',14:00.0,b'1',17.039,89.367,b'1',b'ARGOS   ',499,9.901,34.584
46,43,b'2900268 ',b'INDIAN ARGO PROJECT                                             ',b'K.RADHAKRISHNAN                                                 ',49,b'A',14:00.0,b'1',17.039,89.367,b'1',b'ARGOS   ',550,9.597,34.586
46,44,b'2900268 ',b'INDIAN ARGO PROJECT                                             ',b'K.RADHAKRISHNAN                                                 ',49,b'A',14:00.0,b'1',17.039,89.367,b'1',b'ARGOS   ',600,9.266,34.583
46,45,b'2900268 ',b'INDIAN ARGO PROJECT                                             ',b'K.RADHAKRISHNAN                                                 ',49,b'A',14:00.0,b'1',17.039,89.367,b'1',b'ARGOS   ',650,8.915,34.566
46,46,b'2900268 ',b'INDIAN ARGO PROJECT                                             ',b'K.RADHAKRISHNAN                                                 ',49,b'A',14:00.0,b'1',17.039,89.367,b'1',b'ARGOS   ',701,8.541,34.56
46,47,b'2900268 ',b'INDIAN ARGO PROJECT                                             ',b'K.RADHAKRISHNAN                                                 ',49,b'A',14:00.0,b'1',17.039,89.367,b'1',b'ARGOS   ',749,8.232,34.554
46,48,b'2900268 ',b'INDIAN ARGO PROJECT                                             ',b'K.RADHAKRISHNAN                                                 ',49,b'A',14:00.0,b'1',17.039,89.367,b'1',b'ARGOS   ',800,7.897,34.54
46,49,b'2900268 ',b'INDIAN ARGO PROJECT                                             ',b'K.RADHAKRISHNAN                                                 ',49,b'A',14:00.0,b'1',17.039,89.367,b'1',b'ARGOS   ',850,7.616,34.525
46,50,b'2900268 ',b'INDIAN ARGO PROJECT                                             ',b'K.RADHAKRISHNAN                                                 ',49,b'A',14:00.0,b'1',17.039,89.367,b'1',b'ARGOS   ',900,7.327,34.517
46,51,b'2900268 ',b'INDIAN ARGO PROJECT                                             ',b'K.RADHAKRISHNAN                                                 ',49,b'A',14:00.0,b'1',17.039,89.367,b'1',b'ARGOS   ',951,7.02,34.515
46,52,b'2900268 ',b'INDIAN ARGO PROJECT                                             ',b'K.RADHAKRISHNAN                                                 ',49,b'A',14:00.0,b'1',17.039,89.367,b'1',b'ARGOS   ',976,6.883,34.509
47,0,b'2900268 ',b'INDIAN ARGO PROJECT                                             ',b'K.RADHAKRISHNAN                                                 ',50,b'A',14:00.0,b'1',17.274,89.408,b'1',b'ARGOS   ',15,26.917,31.936
47,1,b'2900268 ',b'INDIAN ARGO PROJECT                                             ',b'K.RADHAKRISHNAN                                                 ',50,b'A',14:00.0,b'1',17.274,89.408,b'1',b'ARGOS   ',25,26.612,31.973
47,2,b'2900268 ',b'INDIAN ARGO PROJECT                                             ',b'K.RADHAKRISHNAN                                                 ',50,b'A',14:00.0,b'1',17.274,89.408,b'1',b'ARGOS   ',35,26.442,32.181
47,3,b'2900268 ',b'INDIAN ARGO PROJECT                                             ',b'K.RADHAKRISHNAN                                                 ',50,b'A',14:00.0,b'1',17.274,89.408,b'1',b'ARGOS   ',45,26.472,32.364
47,4,b'2900268 ',b'INDIAN ARGO PROJECT                                             ',b'K.RADHAKRISHNAN                                                 ',50,b'A',14:00.0,b'1',17.274,89.408,b'1',b'ARGOS   ',55,26.49,32.42
47,5,b'2900268 ',b'INDIAN ARGO PROJECT                                             ',b'K.RADHAKRISHNAN                                                 ',50,b'A',14:00.0,b'1',17.274,89.408,b'1',b'ARGOS   ',65,26.629,32.561
47,6,b'2900268 ',b'INDIAN ARGO PROJECT                                             ',b'K.RADHAKRISHNAN                                                 ',50,b'A',14:00.0,b'1',17.274,89.408,b'1',b'ARGOS   ',75,26.503,32.975
47,7,b'2900268 ',b'INDIAN ARGO PROJECT                                             ',b'K.RADHAKRISHNAN                                                 ',50,b'A',14:00.0,b'1',17.274,89.408,b'1',b'ARGOS   ',85,25.292,33.313
47,8,b'2900268 ',b'INDIAN ARGO PROJECT                                             ',b'K.RADHAKRISHNAN                                                 ',50,b'A',14:00.0,b'1',17.274,89.408,b'1',b'ARGOS   ',95,23.809,33.378
47,9,b'2900268 ',b'INDIAN ARGO PROJECT                                             ',b'K.RADHAKRISHNAN                                                 ',50,b'A',14:00.0,b'1',17.274,89.408,b'1',b'ARGOS   ',105,22.471,33.403
47,10,b'2900268 ',b'INDIAN ARGO PROJECT                                             ',b'K.RADHAKRISHNAN                                                 ',50,b'A',14:00.0,b'1',17.274,89.408,b'1',b'ARGOS   ',116,21.549,33.534
47,11,b'2900268 ',b'INDIAN ARGO PROJECT                                             ',b'K.RADHAKRISHNAN                                                 ',50,b'A',14:00.0,b'1',17.274,89.408,b'1',b'ARGOS   ',125,20.817,33.58
47,12,b'2900268 ',b'INDIAN ARGO PROJECT                                             ',b'K.RADHAKRISHNAN                                                 ',50,b'A',14:00.0,b'1',17.274,89.408,b'1',b'ARGOS   ',135,20.067,33.573
47,13,b'2900268 ',b'INDIAN ARGO PROJECT                                             ',b'K.RADHAKRISHNAN                                                 ',50,b'A',14:00.0,b'1',17.274,89.408,b'1',b'ARGOS   ',145,19.083,33.596
47,14,b'2900268 ',b'INDIAN ARGO PROJECT                                             ',b'K.RADHAKRISHNAN                                                 ',50,b'A',14:00.0,b'1',17.274,89.408,b'1',b'ARGOS   ',155,18.196,33.602
47,15,b'2900268 ',b'INDIAN ARGO PROJECT                                             ',b'K.RADHAKRISHNAN                                                 ',50,b'A',14:00.0,b'1',17.274,89.408,b'1',b'ARGOS   ',166,16.99,33.654
47,16,b'2900268 ',b'INDIAN ARGO PROJECT                                             ',b'K.RADHAKRISHNAN                                                 ',50,b'A',14:00.0,b'1',17.274,89.408,b'1',b'ARGOS   ',175,16.294,33.685
47,17,b'2900268 ',b'INDIAN ARGO PROJECT                                             ',b'K.RADHAKRISHNAN                                                 ',50,b'A',14:00.0,b'1',17.274,89.408,b'1',b'ARGOS   ',185,15.586,33.706
47,18,b'2900268 ',b'INDIAN ARGO PROJECT                                             ',b'K.RADHAKRISHNAN                                                 ',50,b'A',14:00.0,b'1',17.274,89.408,b'1',b'ARGOS   ',195,14.87,33.722
47,19,b'2900268 ',b'INDIAN ARGO PROJECT                                             ',b'K.RADHAKRISHNAN                                                 ',50,b'A',14:00.0,b'1',17.274,89.408,b'1',b'ARGOS   ',205,14.344,33.745
47,20,b'2900268 ',b'INDIAN ARGO PROJECT                                             ',b'K.RADHAKRISHNAN                                                 ',50,b'A',14:00.0,b'1',17.274,89.408,b'1',b'ARGOS   ',215,13.978,33.756
47,21,b'2900268 ',b'INDIAN ARGO PROJECT                                             ',b'K.RADHAKRISHNAN                                                 ',50,b'A',14:00.0,b'1',17.274,89.408,b'1',b'ARGOS   ',225,13.643,33.758
47,22,b'2900268 ',b'INDIAN ARGO PROJECT                                             ',b'K.RADHAKRISHNAN                                                 ',50,b'A',14:00.0,b'1',17.274,89.408,b'1',b'ARGOS   ',235,13.306,33.77
47,23,b'2900268 ',b'INDIAN ARGO PROJECT                                             ',b'K.RADHAKRISHNAN                                                 ',50,b'A',14:00.0,b'1',17.274,89.408,b'1',b'ARGOS   ',245,12.936,33.774
47,24,b'2900268 ',b'INDIAN ARGO PROJECT                                             ',b'K.RADHAKRISHNAN                                                 ',50,b'A',14:00.0,b'1',17.274,89.408,b'1',b'ARGOS   ',255,12.602,33.782
47,25,b'2900268 ',b'INDIAN ARGO PROJECT                                             ',b'K.RADHAKRISHNAN                                                 ',50,b'A',14:00.0,b'1',17.274,89.408,b'1',b'ARGOS   ',265,12.376,33.789
47,26,b'2900268 ',b'INDIAN ARGO PROJECT                                             ',b'K.RADHAKRISHNAN                                                 ',50,b'A',14:00.0,b'1',17.274,89.408,b'1',b'ARGOS   ',275,12.167,33.79
47,27,b'2900268 ',b'INDIAN ARGO PROJECT                                             ',b'K.RADHAKRISHNAN                                                 ',50,b'A',14:00.0,b'1',17.274,89.408,b'1',b'ARGOS   ',285,11.992,33.799
47,28,b'2900268 ',b'INDIAN ARGO PROJECT                                             ',b'K.RADHAKRISHNAN                                                 ',50,b'A',14:00.0,b'1',17.274,89.408,b'1',b'ARGOS   ',295,11.831,33.794
47,29,b'2900268 ',b'INDIAN ARGO PROJECT                                             ',b'K.RADHAKRISHNAN                                                 ',50,b'A',14:00.0,b'1',17.274,89.408,b'1',b'ARGOS   ',305,11.7,33.802
47,30,b'2900268 ',b'INDIAN ARGO PROJECT                                             ',b'K.RADHAKRISHNAN                                                 ',50,b'A',14:00.0,b'1',17.274,89.408,b'1',b'ARGOS   ',316,11.595,33.795
47,31,b'2900268 ',b'INDIAN ARGO PROJECT                                             ',b'K.RADHAKRISHNAN                                                 ',50,b'A',14:00.0,b'1',17.274,89.408,b'1',b'ARGOS   ',326,11.466,33.8
47,32,b'2900268 ',b'INDIAN ARGO PROJECT                                             ',b'K.RADHAKRISHNAN                                                 ',50,b'A',14:00.0,b'1',17.274,89.408,b'1',b'ARGOS   ',335,11.361,33.804
47,33,b'2900268 ',b'INDIAN ARGO PROJECT                                             ',b'K.RADHAKRISHNAN                                                 ',50,b'A',14:00.0,b'1',17.274,89.408,b'1',b'ARGOS   ',345,11.25,33.802
47,34,b'2900268 ',b'INDIAN ARGO PROJECT                                             ',b'K.RADHAKRISHNAN                                                 ',50,b'A',14:00.0,b'1',17.274,89.408,b'1',b'ARGOS   ',355,11.153,33.798
47,35,b'2900268 ',b'INDIAN ARGO PROJECT                                             ',b'K.RADHAKRISHNAN                                                 ',50,b'A',14:00.0,b'1',17.274,89.408,b'1',b'ARGOS   ',365,11.044,33.805
47,36,b'2900268 ',b'INDIAN ARGO PROJECT                                             ',b'K.RADHAKRISHNAN                                                 ',50,b'A',14:00.0,b'1',17.274,89.408,b'1',b'ARGOS   ',375,10.934,33.802
47,37,b'2900268 ',b'INDIAN ARGO PROJECT                                             ',b'K.RADHAKRISHNAN                                                 ',50,b'A',14:00.0,b'1',17.274,89.408,b'1',b'ARGOS   ',385,10.844,33.801
47,38,b'2900268 ',b'INDIAN ARGO PROJECT                                             ',b'K.RADHAKRISHNAN                                                 ',50,b'A',14:00.0,b'1',17.274,89.408,b'1',b'ARGOS   ',395,10.778,33.808
47,39,b'2900268 ',b'INDIAN ARGO PROJECT                                             ',b'K.RADHAKRISHNAN                                                 ',50,b'A',14:00.0,b'1',17.274,89.408,b'1',b'ARGOS   ',405,10.687,33.807
47,40,b'2900268 ',b'INDIAN ARGO PROJECT                                             ',b'K.RADHAKRISHNAN                                                 ',50,b'A',14:00.0,b'1',17.274,89.408,b'1',b'ARGOS   ',415,10.615,33.8
47,41,b'2900268 ',b'INDIAN ARGO PROJECT                                             ',b'K.RADHAKRISHNAN                                                 ',50,b'A',14:00.0,b'1',17.274,89.408,b'1',b'ARGOS   ',449,10.285,33.799
47,42,b'2900268 ',b'INDIAN ARGO PROJECT                                             ',b'K.RADHAKRISHNAN                                                 ',50,b'A',14:00.0,b'1',17.274,89.408,b'1',b'ARGOS   ',500,9.858,33.789
47,43,b'2900268 ',b'INDIAN ARGO PROJECT                                             ',b'K.RADHAKRISHNAN                                                 ',50,b'A',14:00.0,b'1',17.274,89.408,b'1',b'ARGOS   ',552,9.498,33.786
47,44,b'2900268 ',b'INDIAN ARGO PROJECT                                             ',b'K.RADHAKRISHNAN                                                 ',50,b'A',14:00.0,b'1',17.274,89.408,b'1',b'ARGOS   ',599,9.171,33.784
47,45,b'2900268 ',b'INDIAN ARGO PROJECT                                             ',b'K.RADHAKRISHNAN                                                 ',50,b'A',14:00.0,b'1',17.274,89.408,b'1',b'ARGOS   ',650,8.821,33.77
47,46,b'2900268 ',b'INDIAN ARGO PROJECT                                             ',b'K.RADHAKRISHNAN                                                 ',50,b'A',14:00.0,b'1',17.274,89.408,b'1',b'ARGOS   ',701,8.491,33.757
47,47,b'2900268 ',b'INDIAN ARGO PROJECT                                             ',b'K.RADHAKRISHNAN                                                 ',50,b'A',14:00.0,b'1',17.274,89.408,b'1',b'ARGOS   ',750,8.145,33.748
47,48,b'2900268 ',b'INDIAN ARGO PROJECT                                             ',b'K.RADHAKRISHNAN                                                 ',50,b'A',14:00.0,b'1',17.274,89.408,b'1',b'ARGOS   ',802,7.784,33.741
47,49,b'2900268 ',b'INDIAN ARGO PROJECT                                             ',b'K.RADHAKRISHNAN                                                 ',50,b'A',14:00.0,b'1',17.274,89.408,b'1',b'ARGOS   ',850,7.47,33.732
47,50,b'2900268 ',b'INDIAN ARGO PROJECT                                             ',b'K.RADHAKRISHNAN                                                 ',50,b'A',14:00.0,b'1',17.274,89.408,b'1',b'ARGOS   ',900,7.125,33.718
47,51,b'2900268 ',b'INDIAN ARGO PROJECT                                             ',b'K.RADHAKRISHNAN                                                 ',50,b'A',14:00.0,b'1',17.274,89.408,b'1',b'ARGOS   ',950,6.807,33.71
47,52,b'2900268 ',b'INDIAN ARGO PROJECT                                             ',b'K.RADHAKRISHNAN                                                 ',50,b'A',14:00.0,b'1',17.274,89.408,b'1',b'ARGOS   ',996,6.585,33.697
48,0,b'2900268 ',b'INDIAN ARGO PROJECT                                             ',b'K.RADHAKRISHNAN                                                 ',51,b'A',26:00.0,b'1',17.211,89.656,b'1',b'ARGOS   ',15,27.342,31.577
48,1,b'2900268 ',b'INDIAN ARGO PROJECT                                             ',b'K.RADHAKRISHNAN                                                 ',51,b'A',26:00.0,b'1',17.211,89.656,b'1',b'ARGOS   ',25,27.462,31.898
48,2,b'2900268 ',b'INDIAN ARGO PROJECT                                             ',b'K.RADHAKRISHNAN                                                 ',51,b'A',26:00.0,b'1',17.211,89.656,b'1',b'ARGOS   ',35,27.474,32.068
48,3,b'2900268 ',b'INDIAN ARGO PROJECT                                             ',b'K.RADHAKRISHNAN                                                 ',51,b'A',26:00.0,b'1',17.211,89.656,b'1',b'ARGOS   ',45,26.938,32.012
48,4,b'2900268 ',b'INDIAN ARGO PROJECT                                             ',b'K.RADHAKRISHNAN                                                 ',51,b'A',26:00.0,b'1',17.211,89.656,b'1',b'ARGOS   ',55,26.814,32.102
48,5,b'2900268 ',b'INDIAN ARGO PROJECT                                             ',b'K.RADHAKRISHNAN                                                 ',51,b'A',26:00.0,b'1',17.211,89.656,b'1',b'ARGOS   ',66,27.042,32.343
48,6,b'2900268 ',b'INDIAN ARGO PROJECT                                             ',b'K.RADHAKRISHNAN                                                 ',51,b'A',26:00.0,b'1',17.211,89.656,b'1',b'ARGOS   ',75,27.135,32.501
48,7,b'2900268 ',b'INDIAN ARGO PROJECT                                             ',b'K.RADHAKRISHNAN                                                 ',51,b'A',26:00.0,b'1',17.211,89.656,b'1',b'ARGOS   ',85,26.427,32.762
48,8,b'2900268 ',b'INDIAN ARGO PROJECT                                             ',b'K.RADHAKRISHNAN                                                 ',51,b'A',26:00.0,b'1',17.211,89.656,b'1',b'ARGOS   ',95,25.038,33.166
48,9,b'2900268 ',b'INDIAN ARGO PROJECT                                             ',b'K.RADHAKRISHNAN                                                 ',51,b'A',26:00.0,b'1',17.211,89.656,b'1',b'ARGOS   ',105,23.455,33.262
48,10,b'2900268 ',b'INDIAN ARGO PROJECT                                             ',b'K.RADHAKRISHNAN                                                 ',51,b'A',26:00.0,b'1',17.211,89.656,b'1',b'ARGOS   ',115,21.889,33.287
48,11,b'2900268 ',b'INDIAN ARGO PROJECT                                             ',b'K.RADHAKRISHNAN                                                 ',51,b'A',26:00.0,b'1',17.211,89.656,b'1',b'ARGOS   ',125,20.305,33.299
48,12,b'2900268 ',b'INDIAN ARGO PROJECT                                             ',b'K.RADHAKRISHNAN                                                 ',51,b'A',26:00.0,b'1',17.211,89.656,b'1',b'ARGOS   ',135,19.431,33.402
48,13,b'2900268 ',b'INDIAN ARGO PROJECT                                             ',b'K.RADHAKRISHNAN                                                 ',51,b'A',26:00.0,b'1',17.211,89.656,b'1',b'ARGOS   ',146,18.429,33.399
48,14,b'2900268 ',b'INDIAN ARGO PROJECT                                             ',b'K.RADHAKRISHNAN                                                 ',51,b'A',26:00.0,b'1',17.211,89.656,b'1',b'ARGOS   ',155,17.296,33.413
48,15,b'2900268 ',b'INDIAN ARGO PROJECT                                             ',b'K.RADHAKRISHNAN                                                 ',51,b'A',26:00.0,b'1',17.211,89.656,b'1',b'ARGOS   ',166,16.078,33.482
48,16,b'2900268 ',b'INDIAN ARGO PROJECT                                             ',b'K.RADHAKRISHNAN                                                 ',51,b'A',26:00.0,b'1',17.211,89.656,b'1',b'ARGOS   ',175,15.247,33.496
48,17,b'2900268 ',b'INDIAN ARGO PROJECT                                             ',b'K.RADHAKRISHNAN                                                 ',51,b'A',26:00.0,b'1',17.211,89.656,b'1',b'ARGOS   ',185,14.577,33.514
48,18,b'2900268 ',b'INDIAN ARGO PROJECT                                             ',b'K.RADHAKRISHNAN                                                 ',51,b'A',26:00.0,b'1',17.211,89.656,b'1',b'ARGOS   ',195,14.098,33.52
48,19,b'2900268 ',b'INDIAN ARGO PROJECT                                             ',b'K.RADHAKRISHNAN                                                 ',51,b'A',26:00.0,b'1',17.211,89.656,b'1',b'ARGOS   ',205,13.69,33.538
48,20,b'2900268 ',b'INDIAN ARGO PROJECT                                             ',b'K.RADHAKRISHNAN                                                 ',51,b'A',26:00.0,b'1',17.211,89.656,b'1',b'ARGOS   ',215,13.376,33.538
48,21,b'2900268 ',b'INDIAN ARGO PROJECT                                             ',b'K.RADHAKRISHNAN                                                 ',51,b'A',26:00.0,b'1',17.211,89.656,b'1',b'ARGOS   ',225,13.02,33.546
48,22,b'2900268 ',b'INDIAN ARGO PROJECT                                             ',b'K.RADHAKRISHNAN                                                 ',51,b'A',26:00.0,b'1',17.211,89.656,b'1',b'ARGOS   ',235,12.754,33.55
48,23,b'2900268 ',b'INDIAN ARGO PROJECT                                             ',b'K.RADHAKRISHNAN                                                 ',51,b'A',26:00.0,b'1',17.211,89.656,b'1',b'ARGOS   ',245,12.47,33.559
48,24,b'2900268 ',b'INDIAN ARGO PROJECT                                             ',b'K.RADHAKRISHNAN                                                 ',51,b'A',26:00.0,b'1',17.211,89.656,b'1',b'ARGOS   ',255,12.261,33.569
48,25,b'2900268 ',b'INDIAN ARGO PROJECT                                             ',b'K.RADHAKRISHNAN                                                 ',51,b'A',26:00.0,b'1',17.211,89.656,b'1',b'ARGOS   ',265,12.085,33.568
48,26,b'2900268 ',b'INDIAN ARGO PROJECT                                             ',b'K.RADHAKRISHNAN                                                 ',51,b'A',26:00.0,b'1',17.211,89.656,b'1',b'ARGOS   ',275,11.917,33.57
48,27,b'2900268 ',b'INDIAN ARGO PROJECT                                             ',b'K.RADHAKRISHNAN                                                 ',51,b'A',26:00.0,b'1',17.211,89.656,b'1',b'ARGOS   ',285,11.74,33.569
48,28,b'2900268 ',b'INDIAN ARGO PROJECT                                             ',b'K.RADHAKRISHNAN                                                 ',51,b'A',26:00.0,b'1',17.211,89.656,b'1',b'ARGOS   ',295,11.557,33.574
48,29,b'2900268 ',b'INDIAN ARGO PROJECT                                             ',b'K.RADHAKRISHNAN                                                 ',51,b'A',26:00.0,b'1',17.211,89.656,b'1',b'ARGOS   ',305,11.441,33.577
48,30,b'2900268 ',b'INDIAN ARGO PROJECT                                             ',b'K.RADHAKRISHNAN                                                 ',51,b'A',26:00.0,b'1',17.211,89.656,b'1',b'ARGOS   ',315,11.349,33.577
48,31,b'2900268 ',b'INDIAN ARGO PROJECT                                             ',b'K.RADHAKRISHNAN                                                 ',51,b'A',26:00.0,b'1',17.211,89.656,b'1',b'ARGOS   ',325,11.266,33.58
48,32,b'2900268 ',b'INDIAN ARGO PROJECT                                             ',b'K.RADHAKRISHNAN                                                 ',51,b'A',26:00.0,b'1',17.211,89.656,b'1',b'ARGOS   ',335,11.168,33.576
48,33,b'2900268 ',b'INDIAN ARGO PROJECT                                             ',b'K.RADHAKRISHNAN                                                 ',51,b'A',26:00.0,b'1',17.211,89.656,b'1',b'ARGOS   ',345,11.066,33.575
48,34,b'2900268 ',b'INDIAN ARGO PROJECT                                             ',b'K.RADHAKRISHNAN                                                 ',51,b'A',26:00.0,b'1',17.211,89.656,b'1',b'ARGOS   ',355,10.961,33.578
48,35,b'2900268 ',b'INDIAN ARGO PROJECT                                             ',b'K.RADHAKRISHNAN                                                 ',51,b'A',26:00.0,b'1',17.211,89.656,b'1',b'ARGOS   ',365,10.869,33.578
48,36,b'2900268 ',b'INDIAN ARGO PROJECT                                             ',b'K.RADHAKRISHNAN                                                 ',51,b'A',26:00.0,b'1',17.211,89.656,b'1',b'ARGOS   ',375,10.795,33.581
48,37,b'2900268 ',b'INDIAN ARGO PROJECT                                             ',b'K.RADHAKRISHNAN                                                 ',51,b'A',26:00.0,b'1',17.211,89.656,b'1',b'ARGOS   ',385,10.718,33.578
48,38,b'2900268 ',b'INDIAN ARGO PROJECT                                             ',b'K.RADHAKRISHNAN                                                 ',51,b'A',26:00.0,b'1',17.211,89.656,b'1',b'ARGOS   ',395,10.645,33.581
48,39,b'2900268 ',b'INDIAN ARGO PROJECT                                             ',b'K.RADHAKRISHNAN                                                 ',51,b'A',26:00.0,b'1',17.211,89.656,b'1',b'ARGOS   ',405,10.576,33.58
48,40,b'2900268 ',b'INDIAN ARGO PROJECT                                             ',b'K.RADHAKRISHNAN                                                 ',51,b'A',26:00.0,b'1',17.211,89.656,b'1',b'ARGOS   ',415,10.51,33.576
48,41,b'2900268 ',b'INDIAN ARGO PROJECT                                             ',b'K.RADHAKRISHNAN                                                 ',51,b'A',26:00.0,b'1',17.211,89.656,b'1',b'ARGOS   ',449,10.234,33.574
48,42,b'2900268 ',b'INDIAN ARGO PROJECT                                             ',b'K.RADHAKRISHNAN                                                 ',51,b'A',26:00.0,b'1',17.211,89.656,b'1',b'ARGOS   ',500,9.88,33.565
48,43,b'2900268 ',b'INDIAN ARGO PROJECT                                             ',b'K.RADHAKRISHNAN                                                 ',51,b'A',26:00.0,b'1',17.211,89.656,b'1',b'ARGOS   ',550,9.537,33.566
48,44,b'2900268 ',b'INDIAN ARGO PROJECT                                             ',b'K.RADHAKRISHNAN                                                 ',51,b'A',26:00.0,b'1',17.211,89.656,b'1',b'ARGOS   ',600,9.191,33.558
48,45,b'2900268 ',b'INDIAN ARGO PROJECT                                             ',b'K.RADHAKRISHNAN                                                 ',51,b'A',26:00.0,b'1',17.211,89.656,b'1',b'ARGOS   ',649,8.84,33.544
48,46,b'2900268 ',b'INDIAN ARGO PROJECT                                             ',b'K.RADHAKRISHNAN                                                 ',51,b'A',26:00.0,b'1',17.211,89.656,b'1',b'ARGOS   ',700,8.521,33.54
48,47,b'2900268 ',b'INDIAN ARGO PROJECT                                             ',b'K.RADHAKRISHNAN                                                 ',51,b'A',26:00.0,b'1',17.211,89.656,b'1',b'ARGOS   ',750,8.223,33.526
48,48,b'2900268 ',b'INDIAN ARGO PROJECT                                             ',b'K.RADHAKRISHNAN                                                 ',51,b'A',26:00.0,b'1',17.211,89.656,b'1',b'ARGOS   ',800,7.954,33.515
48,49,b'2900268 ',b'INDIAN ARGO PROJECT                                             ',b'K.RADHAKRISHNAN                                                 ',51,b'A',26:00.0,b'1',17.211,89.656,b'1',b'ARGOS   ',850,7.652,33.514
48,50,b'2900268 ',b'INDIAN ARGO PROJECT                                             ',b'K.RADHAKRISHNAN                                                 ',51,b'A',26:00.0,b'1',17.211,89.656,b'1',b'ARGOS   ',900,7.357,33.495
48,51,b'2900268 ',b'INDIAN ARGO PROJECT                                             ',b'K.RADHAKRISHNAN                                                 ',51,b'A',26:00.0,b'1',17.211,89.656,b'1',b'ARGOS   ',950,7.095,33.486
48,52,b'2900268 ',b'INDIAN ARGO PROJECT                                             ',b'K.RADHAKRISHNAN                                                 ',51,b'A',26:00.0,b'1',17.211,89.656,b'1',b'ARGOS   ',995,6.842,33.481
49,0,b'2900268 ',b'INDIAN ARGO PROJECT                                             ',b'K.RADHAKRISHNAN                                                 ',52,b'A',14:00.0,b'1',17.094,89.734,b'1',b'ARGOS   ',15,27.545,31.788
49,1,b'2900268 ',b'INDIAN ARGO PROJECT                                             ',b'K.RADHAKRISHNAN                                                 ',52,b'A',14:00.0,b'1',17.094,89.734,b'1',b'ARGOS   ',25,27.437,31.929
49,2,b'2900268 ',b'INDIAN ARGO PROJECT                                             ',b'K.RADHAKRISHNAN                                                 ',52,b'A',14:00.0,b'1',17.094,89.734,b'1',b'ARGOS   ',35,27.348,31.959
49,3,b'2900268 ',b'INDIAN ARGO PROJECT                                             ',b'K.RADHAKRISHNAN                                                 ',52,b'A',14:00.0,b'1',17.094,89.734,b'1',b'ARGOS   ',45,27.267,32.039
49,4,b'2900268 ',b'INDIAN ARGO PROJECT                                             ',b'K.RADHAKRISHNAN                                                 ',52,b'A',14:00.0,b'1',17.094,89.734,b'1',b'ARGOS   ',55,26.783,32.081
49,5,b'2900268 ',b'INDIAN ARGO PROJECT                                             ',b'K.RADHAKRISHNAN                                                 ',52,b'A',14:00.0,b'1',17.094,89.734,b'1',b'ARGOS   ',65,27.099,32.424
49,6,b'2900268 ',b'INDIAN ARGO PROJECT                                             ',b'K.RADHAKRISHNAN                                                 ',52,b'A',14:00.0,b'1',17.094,89.734,b'1',b'ARGOS   ',75,27.063,32.672
49,7,b'2900268 ',b'INDIAN ARGO PROJECT                                             ',b'K.RADHAKRISHNAN                                                 ',52,b'A',14:00.0,b'1',17.094,89.734,b'1',b'ARGOS   ',85,26.79,32.967
49,8,b'2900268 ',b'INDIAN ARGO PROJECT                                             ',b'K.RADHAKRISHNAN                                                 ',52,b'A',14:00.0,b'1',17.094,89.734,b'1',b'ARGOS   ',95,25.701,33.107
49,9,b'2900268 ',b'INDIAN ARGO PROJECT                                             ',b'K.RADHAKRISHNAN                                                 ',52,b'A',14:00.0,b'1',17.094,89.734,b'1',b'ARGOS   ',105,23.96,33.254
49,10,b'2900268 ',b'INDIAN ARGO PROJECT                                             ',b'K.RADHAKRISHNAN                                                 ',52,b'A',14:00.0,b'1',17.094,89.734,b'1',b'ARGOS   ',115,22.532,33.315
49,11,b'2900268 ',b'INDIAN ARGO PROJECT                                             ',b'K.RADHAKRISHNAN                                                 ',52,b'A',14:00.0,b'1',17.094,89.734,b'1',b'ARGOS   ',125,21.143,33.293
49,12,b'2900268 ',b'INDIAN ARGO PROJECT                                             ',b'K.RADHAKRISHNAN                                                 ',52,b'A',14:00.0,b'1',17.094,89.734,b'1',b'ARGOS   ',135,19.897,33.391
49,13,b'2900268 ',b'INDIAN ARGO PROJECT                                             ',b'K.RADHAKRISHNAN                                                 ',52,b'A',14:00.0,b'1',17.094,89.734,b'1',b'ARGOS   ',145,18.45,33.407
49,14,b'2900268 ',b'INDIAN ARGO PROJECT                                             ',b'K.RADHAKRISHNAN                                                 ',52,b'A',14:00.0,b'1',17.094,89.734,b'1',b'ARGOS   ',155,17.164,33.496
49,15,b'2900268 ',b'INDIAN ARGO PROJECT                                             ',b'K.RADHAKRISHNAN                                                 ',52,b'A',14:00.0,b'1',17.094,89.734,b'1',b'ARGOS   ',165,16.286,33.484
49,16,b'2900268 ',b'INDIAN ARGO PROJECT                                             ',b'K.RADHAKRISHNAN                                                 ',52,b'A',14:00.0,b'1',17.094,89.734,b'1',b'ARGOS   ',175,15.426,33.524
49,17,b'2900268 ',b'INDIAN ARGO PROJECT                                             ',b'K.RADHAKRISHNAN                                                 ',52,b'A',14:00.0,b'1',17.094,89.734,b'1',b'ARGOS   ',185,14.663,33.549
49,18,b'2900268 ',b'INDIAN ARGO PROJECT                                             ',b'K.RADHAKRISHNAN                                                 ',52,b'A',14:00.0,b'1',17.094,89.734,b'1',b'ARGOS   ',195,14.184,33.557
49,19,b'2900268 ',b'INDIAN ARGO PROJECT                                             ',b'K.RADHAKRISHNAN                                                 ',52,b'A',14:00.0,b'1',17.094,89.734,b'1',b'ARGOS   ',205,13.811,33.563
49,20,b'2900268 ',b'INDIAN ARGO PROJECT                                             ',b'K.RADHAKRISHNAN                                                 ',52,b'A',14:00.0,b'1',17.094,89.734,b'1',b'ARGOS   ',215,13.36,33.58
49,21,b'2900268 ',b'INDIAN ARGO PROJECT                                             ',b'K.RADHAKRISHNAN                                                 ',52,b'A',14:00.0,b'1',17.094,89.734,b'1',b'ARGOS   ',226,13.025,33.589
49,22,b'2900268 ',b'INDIAN ARGO PROJECT                                             ',b'K.RADHAKRISHNAN                                                 ',52,b'A',14:00.0,b'1',17.094,89.734,b'1',b'ARGOS   ',235,12.736,33.585
49,23,b'2900268 ',b'INDIAN ARGO PROJECT                                             ',b'K.RADHAKRISHNAN                                                 ',52,b'A',14:00.0,b'1',17.094,89.734,b'1',b'ARGOS   ',245,12.465,33.593
49,24,b'2900268 ',b'INDIAN ARGO PROJECT                                             ',b'K.RADHAKRISHNAN                                                 ',52,b'A',14:00.0,b'1',17.094,89.734,b'1',b'ARGOS   ',255,12.211,33.595
49,25,b'2900268 ',b'INDIAN ARGO PROJECT                                             ',b'K.RADHAKRISHNAN                                                 ',52,b'A',14:00.0,b'1',17.094,89.734,b'1',b'ARGOS   ',265,12.02,33.598
49,26,b'2900268 ',b'INDIAN ARGO PROJECT                                             ',b'K.RADHAKRISHNAN                                                 ',52,b'A',14:00.0,b'1',17.094,89.734,b'1',b'ARGOS   ',275,11.839,33.601
49,27,b'2900268 ',b'INDIAN ARGO PROJECT                                             ',b'K.RADHAKRISHNAN                                                 ',52,b'A',14:00.0,b'1',17.094,89.734,b'1',b'ARGOS   ',285,11.682,33.602
49,28,b'2900268 ',b'INDIAN ARGO PROJECT                                             ',b'K.RADHAKRISHNAN                                                 ',52,b'A',14:00.0,b'1',17.094,89.734,b'1',b'ARGOS   ',295,11.563,33.608
49,29,b'2900268 ',b'INDIAN ARGO PROJECT                                             ',b'K.RADHAKRISHNAN                                                 ',52,b'A',14:00.0,b'1',17.094,89.734,b'1',b'ARGOS   ',305,11.45,33.608
49,30,b'2900268 ',b'INDIAN ARGO PROJECT                                             ',b'K.RADHAKRISHNAN                                                 ',52,b'A',14:00.0,b'1',17.094,89.734,b'1',b'ARGOS   ',315,11.322,33.602
49,31,b'2900268 ',b'INDIAN ARGO PROJECT                                             ',b'K.RADHAKRISHNAN                                                 ',52,b'A',14:00.0,b'1',17.094,89.734,b'1',b'ARGOS   ',325,11.211,33.61
49,32,b'2900268 ',b'INDIAN ARGO PROJECT                                             ',b'K.RADHAKRISHNAN                                                 ',52,b'A',14:00.0,b'1',17.094,89.734,b'1',b'ARGOS   ',335,11.136,33.605
49,33,b'2900268 ',b'INDIAN ARGO PROJECT                                             ',b'K.RADHAKRISHNAN                                                 ',52,b'A',14:00.0,b'1',17.094,89.734,b'1',b'ARGOS   ',345,11.05,33.61
49,34,b'2900268 ',b'INDIAN ARGO PROJECT                                             ',b'K.RADHAKRISHNAN                                                 ',52,b'A',14:00.0,b'1',17.094,89.734,b'1',b'ARGOS   ',355,10.953,33.605
49,35,b'2900268 ',b'INDIAN ARGO PROJECT                                             ',b'K.RADHAKRISHNAN                                                 ',52,b'A',14:00.0,b'1',17.094,89.734,b'1',b'ARGOS   ',365,10.869,33.608
49,36,b'2900268 ',b'INDIAN ARGO PROJECT                                             ',b'K.RADHAKRISHNAN                                                 ',52,b'A',14:00.0,b'1',17.094,89.734,b'1',b'ARGOS   ',376,10.781,33.604
49,37,b'2900268 ',b'INDIAN ARGO PROJECT                                             ',b'K.RADHAKRISHNAN                                                 ',52,b'A',14:00.0,b'1',17.094,89.734,b'1',b'ARGOS   ',385,10.68,33.603
49,38,b'2900268 ',b'INDIAN ARGO PROJECT                                             ',b'K.RADHAKRISHNAN                                                 ',52,b'A',14:00.0,b'1',17.094,89.734,b'1',b'ARGOS   ',395,10.586,33.605
49,39,b'2900268 ',b'INDIAN ARGO PROJECT                                             ',b'K.RADHAKRISHNAN                                                 ',52,b'A',14:00.0,b'1',17.094,89.734,b'1',b'ARGOS   ',405,10.499,33.6
49,40,b'2900268 ',b'INDIAN ARGO PROJECT                                             ',b'K.RADHAKRISHNAN                                                 ',52,b'A',14:00.0,b'1',17.094,89.734,b'1',b'ARGOS   ',415,10.422,33.607
49,41,b'2900268 ',b'INDIAN ARGO PROJECT                                             ',b'K.RADHAKRISHNAN                                                 ',52,b'A',14:00.0,b'1',17.094,89.734,b'1',b'ARGOS   ',450,10.144,33.596
49,42,b'2900268 ',b'INDIAN ARGO PROJECT                                             ',b'K.RADHAKRISHNAN                                                 ',52,b'A',14:00.0,b'1',17.094,89.734,b'1',b'ARGOS   ',501,9.751,33.593
49,43,b'2900268 ',b'INDIAN ARGO PROJECT                                             ',b'K.RADHAKRISHNAN                                                 ',52,b'A',14:00.0,b'1',17.094,89.734,b'1',b'ARGOS   ',549,9.409,33.593
49,44,b'2900268 ',b'INDIAN ARGO PROJECT                                             ',b'K.RADHAKRISHNAN                                                 ',52,b'A',14:00.0,b'1',17.094,89.734,b'1',b'ARGOS   ',600,9.035,33.58
49,45,b'2900268 ',b'INDIAN ARGO PROJECT                                             ',b'K.RADHAKRISHNAN                                                 ',52,b'A',14:00.0,b'1',17.094,89.734,b'1',b'ARGOS   ',649,8.665,33.573
49,46,b'2900268 ',b'INDIAN ARGO PROJECT                                             ',b'K.RADHAKRISHNAN                                                 ',52,b'A',14:00.0,b'1',17.094,89.734,b'1',b'ARGOS   ',702,8.307,33.563
49,47,b'2900268 ',b'INDIAN ARGO PROJECT                                             ',b'K.RADHAKRISHNAN                                                 ',52,b'A',14:00.0,b'1',17.094,89.734,b'1',b'ARGOS   ',750,7.999,33.548
49,48,b'2900268 ',b'INDIAN ARGO PROJECT                                             ',b'K.RADHAKRISHNAN                                                 ',52,b'A',14:00.0,b'1',17.094,89.734,b'1',b'ARGOS   ',800,7.665,33.535
49,49,b'2900268 ',b'INDIAN ARGO PROJECT                                             ',b'K.RADHAKRISHNAN                                                 ',52,b'A',14:00.0,b'1',17.094,89.734,b'1',b'ARGOS   ',850,7.331,33.532
49,50,b'2900268 ',b'INDIAN ARGO PROJECT                                             ',b'K.RADHAKRISHNAN                                                 ',52,b'A',14:00.0,b'1',17.094,89.734,b'1',b'ARGOS   ',900,7.012,33.524
49,51,b'2900268 ',b'INDIAN ARGO PROJECT                                             ',b'K.RADHAKRISHNAN                                                 ',52,b'A',14:00.0,b'1',17.094,89.734,b'1',b'ARGOS   ',951,6.741,33.511
49,52,b'2900268 ',b'INDIAN ARGO PROJECT                                             ',b'K.RADHAKRISHNAN                                                 ',52,b'A',14:00.0,b'1',17.094,89.734,b'1',b'ARGOS   ',985,6.595,33.506
50,0,b'2900268 ',b'INDIAN ARGO PROJECT                                             ',b'K.RADHAKRISHNAN                                                 ',53,b'A',20:00.0,b'1',16.943,89.765,b'1',b'ARGOS   ',15,27.183,32.014
50,1,b'2900268 ',b'INDIAN ARGO PROJECT                                             ',b'K.RADHAKRISHNAN                                                 ',53,b'A',20:00.0,b'1',16.943,89.765,b'1',b'ARGOS   ',25,27.121,32.033
50,2,b'2900268 ',b'INDIAN ARGO PROJECT                                             ',b'K.RADHAKRISHNAN                                                 ',53,b'A',20:00.0,b'1',16.943,89.765,b'1',b'ARGOS   ',35,27.077,32.06
50,3,b'2900268 ',b'INDIAN ARGO PROJECT                                             ',b'K.RADHAKRISHNAN                                                 ',53,b'A',20:00.0,b'1',16.943,89.765,b'1',b'ARGOS   ',45,27.01,32.181
50,4,b'2900268 ',b'INDIAN ARGO PROJECT                                             ',b'K.RADHAKRISHNAN                                                 ',53,b'A',20:00.0,b'1',16.943,89.765,b'1',b'ARGOS   ',55,26.814,32.229
50,5,b'2900268 ',b'INDIAN ARGO PROJECT                                             ',b'K.RADHAKRISHNAN                                                 ',53,b'A',20:00.0,b'1',16.943,89.765,b'1',b'ARGOS   ',65,26.788,32.322
50,6,b'2900268 ',b'INDIAN ARGO PROJECT                                             ',b'K.RADHAKRISHNAN                                                 ',53,b'A',20:00.0,b'1',16.943,89.765,b'1',b'ARGOS   ',75,26.824,32.478
50,7,b'2900268 ',b'INDIAN ARGO PROJECT                                             ',b'K.RADHAKRISHNAN                                                 ',53,b'A',20:00.0,b'1',16.943,89.765,b'1',b'ARGOS   ',85,26.931,32.698
50,8,b'2900268 ',b'INDIAN ARGO PROJECT                                             ',b'K.RADHAKRISHNAN                                                 ',53,b'A',20:00.0,b'1',16.943,89.765,b'1',b'ARGOS   ',96,25.859,33.123
50,9,b'2900268 ',b'INDIAN ARGO PROJECT                                             ',b'K.RADHAKRISHNAN                                                 ',53,b'A',20:00.0,b'1',16.943,89.765,b'1',b'ARGOS   ',105,24.223,33.29
50,10,b'2900268 ',b'INDIAN ARGO PROJECT                                             ',b'K.RADHAKRISHNAN                                                 ',53,b'A',20:00.0,b'1',16.943,89.765,b'1',b'ARGOS   ',115,22.584,33.399
50,11,b'2900268 ',b'INDIAN ARGO PROJECT                                             ',b'K.RADHAKRISHNAN                                                 ',53,b'A',20:00.0,b'1',16.943,89.765,b'1',b'ARGOS   ',125,21.216,33.418
50,12,b'2900268 ',b'INDIAN ARGO PROJECT                                             ',b'K.RADHAKRISHNAN                                                 ',53,b'A',20:00.0,b'1',16.943,89.765,b'1',b'ARGOS   ',135,20.004,33.469
50,13,b'2900268 ',b'INDIAN ARGO PROJECT                                             ',b'K.RADHAKRISHNAN                                                 ',53,b'A',20:00.0,b'1',16.943,89.765,b'1',b'ARGOS   ',145,18.681,33.522
50,14,b'2900268 ',b'INDIAN ARGO PROJECT                                             ',b'K.RADHAKRISHNAN                                                 ',53,b'A',20:00.0,b'1',16.943,89.765,b'1',b'ARGOS   ',155,17.416,33.537
50,15,b'2900268 ',b'INDIAN ARGO PROJECT                                             ',b'K.RADHAKRISHNAN                                                 ',53,b'A',20:00.0,b'1',16.943,89.765,b'1',b'ARGOS   ',165,16.346,33.548
50,16,b'2900268 ',b'INDIAN ARGO PROJECT                                             ',b'K.RADHAKRISHNAN                                                 ',53,b'A',20:00.0,b'1',16.943,89.765,b'1',b'ARGOS   ',175,15.531,33.586
50,17,b'2900268 ',b'INDIAN ARGO PROJECT                                             ',b'K.RADHAKRISHNAN                                                 ',53,b'A',20:00.0,b'1',16.943,89.765,b'1',b'ARGOS   ',185,14.925,33.579
50,18,b'2900268 ',b'INDIAN ARGO PROJECT                                             ',b'K.RADHAKRISHNAN                                                 ',53,b'A',20:00.0,b'1',16.943,89.765,b'1',b'ARGOS   ',195,14.365,33.602
50,19,b'2900268 ',b'INDIAN ARGO PROJECT                                             ',b'K.RADHAKRISHNAN                                                 ',53,b'A',20:00.0,b'1',16.943,89.765,b'1',b'ARGOS   ',205,13.746,33.62
50,20,b'2900268 ',b'INDIAN ARGO PROJECT                                             ',b'K.RADHAKRISHNAN                                                 ',53,b'A',20:00.0,b'1',16.943,89.765,b'1',b'ARGOS   ',215,13.316,33.629
50,21,b'2900268 ',b'INDIAN ARGO PROJECT                                             ',b'K.RADHAKRISHNAN                                                 ',53,b'A',20:00.0,b'1',16.943,89.765,b'1',b'ARGOS   ',225,12.968,33.63
50,22,b'2900268 ',b'INDIAN ARGO PROJECT                                             ',b'K.RADHAKRISHNAN                                                 ',53,b'A',20:00.0,b'1',16.943,89.765,b'1',b'ARGOS   ',235,12.658,33.635
50,23,b'2900268 ',b'INDIAN ARGO PROJECT                                             ',b'K.RADHAKRISHNAN                                                 ',53,b'A',20:00.0,b'1',16.943,89.765,b'1',b'ARGOS   ',244,12.408,33.644
50,24,b'2900268 ',b'INDIAN ARGO PROJECT                                             ',b'K.RADHAKRISHNAN                                                 ',53,b'A',20:00.0,b'1',16.943,89.765,b'1',b'ARGOS   ',255,12.147,33.642
50,25,b'2900268 ',b'INDIAN ARGO PROJECT                                             ',b'K.RADHAKRISHNAN                                                 ',53,b'A',20:00.0,b'1',16.943,89.765,b'1',b'ARGOS   ',265,11.918,33.641
50,26,b'2900268 ',b'INDIAN ARGO PROJECT                                             ',b'K.RADHAKRISHNAN                                                 ',53,b'A',20:00.0,b'1',16.943,89.765,b'1',b'ARGOS   ',275,11.76,33.653
50,27,b'2900268 ',b'INDIAN ARGO PROJECT                                             ',b'K.RADHAKRISHNAN                                                 ',53,b'A',20:00.0,b'1',16.943,89.765,b'1',b'ARGOS   ',285,11.607,33.65
50,28,b'2900268 ',b'INDIAN ARGO PROJECT                                             ',b'K.RADHAKRISHNAN                                                 ',53,b'A',20:00.0,b'1',16.943,89.765,b'1',b'ARGOS   ',295,11.491,33.653
50,29,b'2900268 ',b'INDIAN ARGO PROJECT                                             ',b'K.RADHAKRISHNAN                                                 ',53,b'A',20:00.0,b'1',16.943,89.765,b'1',b'ARGOS   ',305,11.37,33.651
50,30,b'2900268 ',b'INDIAN ARGO PROJECT                                             ',b'K.RADHAKRISHNAN                                                 ',53,b'A',20:00.0,b'1',16.943,89.765,b'1',b'ARGOS   ',315,11.245,33.652
50,31,b'2900268 ',b'INDIAN ARGO PROJECT                                             ',b'K.RADHAKRISHNAN                                                 ',53,b'A',20:00.0,b'1',16.943,89.765,b'1',b'ARGOS   ',325,11.099,33.653
50,32,b'2900268 ',b'INDIAN ARGO PROJECT                                             ',b'K.RADHAKRISHNAN                                                 ',53,b'A',20:00.0,b'1',16.943,89.765,b'1',b'ARGOS   ',335,10.987,33.652
50,33,b'2900268 ',b'INDIAN ARGO PROJECT                                             ',b'K.RADHAKRISHNAN                                                 ',53,b'A',20:00.0,b'1',16.943,89.765,b'1',b'ARGOS   ',345,10.876,33.65
50,34,b'2900268 ',b'INDIAN ARGO PROJECT                                             ',b'K.RADHAKRISHNAN                                                 ',53,b'A',20:00.0,b'1',16.943,89.765,b'1',b'ARGOS   ',355,10.78,33.654
50,35,b'2900268 ',b'INDIAN ARGO PROJECT                                             ',b'K.RADHAKRISHNAN                                                 ',53,b'A',20:00.0,b'1',16.943,89.765,b'1',b'ARGOS   ',365,10.702,33.651
50,36,b'2900268 ',b'INDIAN ARGO PROJECT                                             ',b'K.RADHAKRISHNAN                                                 ',53,b'A',20:00.0,b'1',16.943,89.765,b'1',b'ARGOS   ',375,10.628,33.655
50,37,b'2900268 ',b'INDIAN ARGO PROJECT                                             ',b'K.RADHAKRISHNAN                                                 ',53,b'A',20:00.0,b'1',16.943,89.765,b'1',b'ARGOS   ',385,10.555,33.647
50,38,b'2900268 ',b'INDIAN ARGO PROJECT                                             ',b'K.RADHAKRISHNAN                                                 ',53,b'A',20:00.0,b'1',16.943,89.765,b'1',b'ARGOS   ',395,10.489,33.654
50,39,b'2900268 ',b'INDIAN ARGO PROJECT                                             ',b'K.RADHAKRISHNAN                                                 ',53,b'A',20:00.0,b'1',16.943,89.765,b'1',b'ARGOS   ',405,10.417,33.646
50,40,b'2900268 ',b'INDIAN ARGO PROJECT                                             ',b'K.RADHAKRISHNAN                                                 ',53,b'A',20:00.0,b'1',16.943,89.765,b'1',b'ARGOS   ',415,10.332,33.649
50,41,b'2900268 ',b'INDIAN ARGO PROJECT                                             ',b'K.RADHAKRISHNAN                                                 ',53,b'A',20:00.0,b'1',16.943,89.765,b'1',b'ARGOS   ',450,10.053,33.65
50,42,b'2900268 ',b'INDIAN ARGO PROJECT                                             ',b'K.RADHAKRISHNAN                                                 ',53,b'A',20:00.0,b'1',16.943,89.765,b'1',b'ARGOS   ',501,9.669,33.638
50,43,b'2900268 ',b'INDIAN ARGO PROJECT                                             ',b'K.RADHAKRISHNAN                                                 ',53,b'A',20:00.0,b'1',16.943,89.765,b'1',b'ARGOS   ',550,9.364,33.635
50,44,b'2900268 ',b'INDIAN ARGO PROJECT                                             ',b'K.RADHAKRISHNAN                                                 ',53,b'A',20:00.0,b'1',16.943,89.765,b'1',b'ARGOS   ',599,9.019,33.627
50,45,b'2900268 ',b'INDIAN ARGO PROJECT                                             ',b'K.RADHAKRISHNAN                                                 ',53,b'A',20:00.0,b'1',16.943,89.765,b'1',b'ARGOS   ',650,8.659,33.61
50,46,b'2900268 ',b'INDIAN ARGO PROJECT                                             ',b'K.RADHAKRISHNAN                                                 ',53,b'A',20:00.0,b'1',16.943,89.765,b'1',b'ARGOS   ',700,8.319,33.605
50,47,b'2900268 ',b'INDIAN ARGO PROJECT                                             ',b'K.RADHAKRISHNAN                                                 ',53,b'A',20:00.0,b'1',16.943,89.765,b'1',b'ARGOS   ',751,8.026,33.596
50,48,b'2900268 ',b'INDIAN ARGO PROJECT                                             ',b'K.RADHAKRISHNAN                                                 ',53,b'A',20:00.0,b'1',16.943,89.765,b'1',b'ARGOS   ',800,7.714,33.584
50,49,b'2900268 ',b'INDIAN ARGO PROJECT                                             ',b'K.RADHAKRISHNAN                                                 ',53,b'A',20:00.0,b'1',16.943,89.765,b'1',b'ARGOS   ',850,7.402,33.571
50,50,b'2900268 ',b'INDIAN ARGO PROJECT                                             ',b'K.RADHAKRISHNAN                                                 ',53,b'A',20:00.0,b'1',16.943,89.765,b'1',b'ARGOS   ',900,7.105,33.564
50,51,b'2900268 ',b'INDIAN ARGO PROJECT                                             ',b'K.RADHAKRISHNAN                                                 ',53,b'A',20:00.0,b'1',16.943,89.765,b'1',b'ARGOS   ',950,6.786,33.556
50,52,b'2900268 ',b'INDIAN ARGO PROJECT                                             ',b'K.RADHAKRISHNAN                                                 ',53,b'A',20:00.0,b'1',16.943,89.765,b'1',b'ARGOS   ',995,6.506,33.544
51,0,b'2900268 ',b'INDIAN ARGO PROJECT                                             ',b'K.RADHAKRISHNAN                                                 ',54,b'A',20:00.0,b'1',16.923,89.982,b'1',b'ARGOS   ',15,26.999,31.191
51,1,b'2900268 ',b'INDIAN ARGO PROJECT                                             ',b'K.RADHAKRISHNAN                                                 ',54,b'A',20:00.0,b'1',16.923,89.982,b'1',b'ARGOS   ',25,27.24,31.741
51,2,b'2900268 ',b'INDIAN ARGO PROJECT                                             ',b'K.RADHAKRISHNAN                                                 ',54,b'A',20:00.0,b'1',16.923,89.982,b'1',b'ARGOS   ',35,27.409,32.092
51,3,b'2900268 ',b'INDIAN ARGO PROJECT                                             ',b'K.RADHAKRISHNAN                                                 ',54,b'A',20:00.0,b'1',16.923,89.982,b'1',b'ARGOS   ',45,27.296,32.258
51,4,b'2900268 ',b'INDIAN ARGO PROJECT                                             ',b'K.RADHAKRISHNAN                                                 ',54,b'A',20:00.0,b'1',16.923,89.982,b'1',b'ARGOS   ',54,27.177,32.394
51,5,b'2900268 ',b'INDIAN ARGO PROJECT                                             ',b'K.RADHAKRISHNAN                                                 ',54,b'A',20:00.0,b'1',16.923,89.982,b'1',b'ARGOS   ',65,26.957,32.565
51,6,b'2900268 ',b'INDIAN ARGO PROJECT                                             ',b'K.RADHAKRISHNAN                                                 ',54,b'A',20:00.0,b'1',16.923,89.982,b'1',b'ARGOS   ',75,26.698,32.83
51,7,b'2900268 ',b'INDIAN ARGO PROJECT                                             ',b'K.RADHAKRISHNAN                                                 ',54,b'A',20:00.0,b'1',16.923,89.982,b'1',b'ARGOS   ',85,25.891,33.095
51,8,b'2900268 ',b'INDIAN ARGO PROJECT                                             ',b'K.RADHAKRISHNAN                                                 ',54,b'A',20:00.0,b'1',16.923,89.982,b'1',b'ARGOS   ',95,24.53,33.259
51,9,b'2900268 ',b'INDIAN ARGO PROJECT                                             ',b'K.RADHAKRISHNAN                                                 ',54,b'A',20:00.0,b'1',16.923,89.982,b'1',b'ARGOS   ',105,23.249,33.334
51,10,b'2900268 ',b'INDIAN ARGO PROJECT                                             ',b'K.RADHAKRISHNAN                                                 ',54,b'A',20:00.0,b'1',16.923,89.982,b'1',b'ARGOS   ',115,21.621,33.376
51,11,b'2900268 ',b'INDIAN ARGO PROJECT                                             ',b'K.RADHAKRISHNAN                                                 ',54,b'A',20:00.0,b'1',16.923,89.982,b'1',b'ARGOS   ',125,20.236,33.435
51,12,b'2900268 ',b'INDIAN ARGO PROJECT                                             ',b'K.RADHAKRISHNAN                                                 ',54,b'A',20:00.0,b'1',16.923,89.982,b'1',b'ARGOS   ',135,18.862,33.445
51,13,b'2900268 ',b'INDIAN ARGO PROJECT                                             ',b'K.RADHAKRISHNAN                                                 ',54,b'A',20:00.0,b'1',16.923,89.982,b'1',b'ARGOS   ',145,17.628,33.477
51,14,b'2900268 ',b'INDIAN ARGO PROJECT                                             ',b'K.RADHAKRISHNAN                                                 ',54,b'A',20:00.0,b'1',16.923,89.982,b'1',b'ARGOS   ',155,16.827,33.49
51,15,b'2900268 ',b'INDIAN ARGO PROJECT                                             ',b'K.RADHAKRISHNAN                                                 ',54,b'A',20:00.0,b'1',16.923,89.982,b'1',b'ARGOS   ',165,16.032,33.504
51,16,b'2900268 ',b'INDIAN ARGO PROJECT                                             ',b'K.RADHAKRISHNAN                                                 ',54,b'A',20:00.0,b'1',16.923,89.982,b'1',b'ARGOS   ',175,15.348,33.527
51,17,b'2900268 ',b'INDIAN ARGO PROJECT                                             ',b'K.RADHAKRISHNAN                                                 ',54,b'A',20:00.0,b'1',16.923,89.982,b'1',b'ARGOS   ',185,14.826,33.537
51,18,b'2900268 ',b'INDIAN ARGO PROJECT                                             ',b'K.RADHAKRISHNAN                                                 ',54,b'A',20:00.0,b'1',16.923,89.982,b'1',b'ARGOS   ',195,14.437,33.549
51,19,b'2900268 ',b'INDIAN ARGO PROJECT                                             ',b'K.RADHAKRISHNAN                                                 ',54,b'A',20:00.0,b'1',16.923,89.982,b'1',b'ARGOS   ',205,13.88,33.558
51,20,b'2900268 ',b'INDIAN ARGO PROJECT                                             ',b'K.RADHAKRISHNAN                                                 ',54,b'A',20:00.0,b'1',16.923,89.982,b'1',b'ARGOS   ',215,13.428,33.567
51,21,b'2900268 ',b'INDIAN ARGO PROJECT                                             ',b'K.RADHAKRISHNAN                                                 ',54,b'A',20:00.0,b'1',16.923,89.982,b'1',b'ARGOS   ',225,13.066,33.572
51,22,b'2900268 ',b'INDIAN ARGO PROJECT                                             ',b'K.RADHAKRISHNAN                                                 ',54,b'A',20:00.0,b'1',16.923,89.982,b'1',b'ARGOS   ',235,12.727,33.593
51,23,b'2900268 ',b'INDIAN ARGO PROJECT                                             ',b'K.RADHAKRISHNAN                                                 ',54,b'A',20:00.0,b'1',16.923,89.982,b'1',b'ARGOS   ',245,12.483,33.586
51,24,b'2900268 ',b'INDIAN ARGO PROJECT                                             ',b'K.RADHAKRISHNAN                                                 ',54,b'A',20:00.0,b'1',16.923,89.982,b'1',b'ARGOS   ',255,12.247,33.591
51,25,b'2900268 ',b'INDIAN ARGO PROJECT                                             ',b'K.RADHAKRISHNAN                                                 ',54,b'A',20:00.0,b'1',16.923,89.982,b'1',b'ARGOS   ',265,12.061,33.59
51,26,b'2900268 ',b'INDIAN ARGO PROJECT                                             ',b'K.RADHAKRISHNAN                                                 ',54,b'A',20:00.0,b'1',16.923,89.982,b'1',b'ARGOS   ',275,11.909,33.596
51,27,b'2900268 ',b'INDIAN ARGO PROJECT                                             ',b'K.RADHAKRISHNAN                                                 ',54,b'A',20:00.0,b'1',16.923,89.982,b'1',b'ARGOS   ',285,11.751,33.598
51,28,b'2900268 ',b'INDIAN ARGO PROJECT                                             ',b'K.RADHAKRISHNAN                                                 ',54,b'A',20:00.0,b'1',16.923,89.982,b'1',b'ARGOS   ',295,11.605,33.599
51,29,b'2900268 ',b'INDIAN ARGO PROJECT                                             ',b'K.RADHAKRISHNAN                                                 ',54,b'A',20:00.0,b'1',16.923,89.982,b'1',b'ARGOS   ',305,11.438,33.599
51,30,b'2900268 ',b'INDIAN ARGO PROJECT                                             ',b'K.RADHAKRISHNAN                                                 ',54,b'A',20:00.0,b'1',16.923,89.982,b'1',b'ARGOS   ',315,11.307,33.606
51,31,b'2900268 ',b'INDIAN ARGO PROJECT                                             ',b'K.RADHAKRISHNAN                                                 ',54,b'A',20:00.0,b'1',16.923,89.982,b'1',b'ARGOS   ',325,11.201,33.599
51,32,b'2900268 ',b'INDIAN ARGO PROJECT                                             ',b'K.RADHAKRISHNAN                                                 ',54,b'A',20:00.0,b'1',16.923,89.982,b'1',b'ARGOS   ',335,11.122,33.598
51,33,b'2900268 ',b'INDIAN ARGO PROJECT                                             ',b'K.RADHAKRISHNAN                                                 ',54,b'A',20:00.0,b'1',16.923,89.982,b'1',b'ARGOS   ',345,11.03,33.598
51,34,b'2900268 ',b'INDIAN ARGO PROJECT                                             ',b'K.RADHAKRISHNAN                                                 ',54,b'A',20:00.0,b'1',16.923,89.982,b'1',b'ARGOS   ',355,10.92,33.605
51,35,b'2900268 ',b'INDIAN ARGO PROJECT                                             ',b'K.RADHAKRISHNAN                                                 ',54,b'A',20:00.0,b'1',16.923,89.982,b'1',b'ARGOS   ',365,10.844,33.601
51,36,b'2900268 ',b'INDIAN ARGO PROJECT                                             ',b'K.RADHAKRISHNAN                                                 ',54,b'A',20:00.0,b'1',16.923,89.982,b'1',b'ARGOS   ',375,10.761,33.603
51,37,b'2900268 ',b'INDIAN ARGO PROJECT                                             ',b'K.RADHAKRISHNAN                                                 ',54,b'A',20:00.0,b'1',16.923,89.982,b'1',b'ARGOS   ',385,10.676,33.596
51,38,b'2900268 ',b'INDIAN ARGO PROJECT                                             ',b'K.RADHAKRISHNAN                                                 ',54,b'A',20:00.0,b'1',16.923,89.982,b'1',b'ARGOS   ',395,10.604,33.598
51,39,b'2900268 ',b'INDIAN ARGO PROJECT                                             ',b'K.RADHAKRISHNAN                                                 ',54,b'A',20:00.0,b'1',16.923,89.982,b'1',b'ARGOS   ',405,10.533,33.599
51,40,b'2900268 ',b'INDIAN ARGO PROJECT                                             ',b'K.RADHAKRISHNAN                                                 ',54,b'A',20:00.0,b'1',16.923,89.982,b'1',b'ARGOS   ',415,10.466,33.596
51,41,b'2900268 ',b'INDIAN ARGO PROJECT                                             ',b'K.RADHAKRISHNAN                                                 ',54,b'A',20:00.0,b'1',16.923,89.982,b'1',b'ARGOS   ',450,10.187,33.597
51,42,b'2900268 ',b'INDIAN ARGO PROJECT                                             ',b'K.RADHAKRISHNAN                                                 ',54,b'A',20:00.0,b'1',16.923,89.982,b'1',b'ARGOS   ',502,9.801,33.586
51,43,b'2900268 ',b'INDIAN ARGO PROJECT                                             ',b'K.RADHAKRISHNAN                                                 ',54,b'A',20:00.0,b'1',16.923,89.982,b'1',b'ARGOS   ',550,9.463,33.583
51,44,b'2900268 ',b'INDIAN ARGO PROJECT                                             ',b'K.RADHAKRISHNAN                                                 ',54,b'A',20:00.0,b'1',16.923,89.982,b'1',b'ARGOS   ',600,9.123,33.58
51,45,b'2900268 ',b'INDIAN ARGO PROJECT                                             ',b'K.RADHAKRISHNAN                                                 ',54,b'A',20:00.0,b'1',16.923,89.982,b'1',b'ARGOS   ',650,8.755,33.572
51,46,b'2900268 ',b'INDIAN ARGO PROJECT                                             ',b'K.RADHAKRISHNAN                                                 ',54,b'A',20:00.0,b'1',16.923,89.982,b'1',b'ARGOS   ',700,8.392,33.557
51,47,b'2900268 ',b'INDIAN ARGO PROJECT                                             ',b'K.RADHAKRISHNAN                                                 ',54,b'A',20:00.0,b'1',16.923,89.982,b'1',b'ARGOS   ',751,8.047,33.544
51,48,b'2900268 ',b'INDIAN ARGO PROJECT                                             ',b'K.RADHAKRISHNAN                                                 ',54,b'A',20:00.0,b'1',16.923,89.982,b'1',b'ARGOS   ',800,7.723,33.533
51,49,b'2900268 ',b'INDIAN ARGO PROJECT                                             ',b'K.RADHAKRISHNAN                                                 ',54,b'A',20:00.0,b'1',16.923,89.982,b'1',b'ARGOS   ',850,7.445,33.53
51,50,b'2900268 ',b'INDIAN ARGO PROJECT                                             ',b'K.RADHAKRISHNAN                                                 ',54,b'A',20:00.0,b'1',16.923,89.982,b'1',b'ARGOS   ',900,7.15,33.51
51,51,b'2900268 ',b'INDIAN ARGO PROJECT                                             ',b'K.RADHAKRISHNAN                                                 ',54,b'A',20:00.0,b'1',16.923,89.982,b'1',b'ARGOS   ',950,6.84,33.504
51,52,b'2900268 ',b'INDIAN ARGO PROJECT                                             ',b'K.RADHAKRISHNAN                                                 ',54,b'A',20:00.0,b'1',16.923,89.982,b'1',b'ARGOS   ',996,6.583,33.491
52,0,b'2900268 ',b'INDIAN ARGO PROJECT                                             ',b'K.RADHAKRISHNAN                                                 ',55,b'A',21:00.0,b'1',16.861,90.118,b'1',b'ARGOS   ',15,27.436,32.016
52,1,b'2900268 ',b'INDIAN ARGO PROJECT                                             ',b'K.RADHAKRISHNAN                                                 ',55,b'A',21:00.0,b'1',16.861,90.118,b'1',b'ARGOS   ',25,27.603,32.185
52,2,b'2900268 ',b'INDIAN ARGO PROJECT                                             ',b'K.RADHAKRISHNAN                                                 ',55,b'A',21:00.0,b'1',16.861,90.118,b'1',b'ARGOS   ',35,27.401,32.188
52,3,b'2900268 ',b'INDIAN ARGO PROJECT                                             ',b'K.RADHAKRISHNAN                                                 ',55,b'A',21:00.0,b'1',16.861,90.118,b'1',b'ARGOS   ',46,27.008,32.21
52,4,b'2900268 ',b'INDIAN ARGO PROJECT                                             ',b'K.RADHAKRISHNAN                                                 ',55,b'A',21:00.0,b'1',16.861,90.118,b'1',b'ARGOS   ',55,26.892,32.338
52,5,b'2900268 ',b'INDIAN ARGO PROJECT                                             ',b'K.RADHAKRISHNAN                                                 ',55,b'A',21:00.0,b'1',16.861,90.118,b'1',b'ARGOS   ',65,26.829,32.513
52,6,b'2900268 ',b'INDIAN ARGO PROJECT                                             ',b'K.RADHAKRISHNAN                                                 ',55,b'A',21:00.0,b'1',16.861,90.118,b'1',b'ARGOS   ',75,27.386,33.015
52,7,b'2900268 ',b'INDIAN ARGO PROJECT                                             ',b'K.RADHAKRISHNAN                                                 ',55,b'A',21:00.0,b'1',16.861,90.118,b'1',b'ARGOS   ',85,26.511,32.952
52,8,b'2900268 ',b'INDIAN ARGO PROJECT                                             ',b'K.RADHAKRISHNAN                                                 ',55,b'A',21:00.0,b'1',16.861,90.118,b'1',b'ARGOS   ',95,25.549,33.115
52,9,b'2900268 ',b'INDIAN ARGO PROJECT                                             ',b'K.RADHAKRISHNAN                                                 ',55,b'A',21:00.0,b'1',16.861,90.118,b'1',b'ARGOS   ',105,24.458,33.354
52,10,b'2900268 ',b'INDIAN ARGO PROJECT                                             ',b'K.RADHAKRISHNAN                                                 ',55,b'A',21:00.0,b'1',16.861,90.118,b'1',b'ARGOS   ',115,22.968,33.437
52,11,b'2900268 ',b'INDIAN ARGO PROJECT                                             ',b'K.RADHAKRISHNAN                                                 ',55,b'A',21:00.0,b'1',16.861,90.118,b'1',b'ARGOS   ',125,21.908,33.48
52,12,b'2900268 ',b'INDIAN ARGO PROJECT                                             ',b'K.RADHAKRISHNAN                                                 ',55,b'A',21:00.0,b'1',16.861,90.118,b'1',b'ARGOS   ',135,20.945,33.5
52,13,b'2900268 ',b'INDIAN ARGO PROJECT                                             ',b'K.RADHAKRISHNAN                                                 ',55,b'A',21:00.0,b'1',16.861,90.118,b'1',b'ARGOS   ',145,19.766,33.517
52,14,b'2900268 ',b'INDIAN ARGO PROJECT                                             ',b'K.RADHAKRISHNAN                                                 ',55,b'A',21:00.0,b'1',16.861,90.118,b'1',b'ARGOS   ',155,18.458,33.557
52,15,b'2900268 ',b'INDIAN ARGO PROJECT                                             ',b'K.RADHAKRISHNAN                                                 ',55,b'A',21:00.0,b'1',16.861,90.118,b'1',b'ARGOS   ',165,17.122,33.588
52,16,b'2900268 ',b'INDIAN ARGO PROJECT                                             ',b'K.RADHAKRISHNAN                                                 ',55,b'A',21:00.0,b'1',16.861,90.118,b'1',b'ARGOS   ',175,16.07,33.609
52,17,b'2900268 ',b'INDIAN ARGO PROJECT                                             ',b'K.RADHAKRISHNAN                                                 ',55,b'A',21:00.0,b'1',16.861,90.118,b'1',b'ARGOS   ',185,15.209,33.633
52,18,b'2900268 ',b'INDIAN ARGO PROJECT                                             ',b'K.RADHAKRISHNAN                                                 ',55,b'A',21:00.0,b'1',16.861,90.118,b'1',b'ARGOS   ',195,14.583,33.651
52,19,b'2900268 ',b'INDIAN ARGO PROJECT                                             ',b'K.RADHAKRISHNAN                                                 ',55,b'A',21:00.0,b'1',16.861,90.118,b'1',b'ARGOS   ',205,14.221,33.659
52,20,b'2900268 ',b'INDIAN ARGO PROJECT                                             ',b'K.RADHAKRISHNAN                                                 ',55,b'A',21:00.0,b'1',16.861,90.118,b'1',b'ARGOS   ',215,13.949,33.661
52,21,b'2900268 ',b'INDIAN ARGO PROJECT                                             ',b'K.RADHAKRISHNAN                                                 ',55,b'A',21:00.0,b'1',16.861,90.118,b'1',b'ARGOS   ',225,13.464,33.672
52,22,b'2900268 ',b'INDIAN ARGO PROJECT                                             ',b'K.RADHAKRISHNAN                                                 ',55,b'A',21:00.0,b'1',16.861,90.118,b'1',b'ARGOS   ',235,12.927,33.681
52,23,b'2900268 ',b'INDIAN ARGO PROJECT                                             ',b'K.RADHAKRISHNAN                                                 ',55,b'A',21:00.0,b'1',16.861,90.118,b'1',b'ARGOS   ',245,12.579,33.692
52,24,b'2900268 ',b'INDIAN ARGO PROJECT                                             ',b'K.RADHAKRISHNAN                                                 ',55,b'A',21:00.0,b'1',16.861,90.118,b'1',b'ARGOS   ',255,12.346,33.695
52,25,b'2900268 ',b'INDIAN ARGO PROJECT                                             ',b'K.RADHAKRISHNAN                                                 ',55,b'A',21:00.0,b'1',16.861,90.118,b'1',b'ARGOS   ',265,12.147,33.696
52,26,b'2900268 ',b'INDIAN ARGO PROJECT                                             ',b'K.RADHAKRISHNAN                                                 ',55,b'A',21:00.0,b'1',16.861,90.118,b'1',b'ARGOS   ',275,11.944,33.701
52,27,b'2900268 ',b'INDIAN ARGO PROJECT                                             ',b'K.RADHAKRISHNAN                                                 ',55,b'A',21:00.0,b'1',16.861,90.118,b'1',b'ARGOS   ',285,11.804,33.706
52,28,b'2900268 ',b'INDIAN ARGO PROJECT                                             ',b'K.RADHAKRISHNAN                                                 ',55,b'A',21:00.0,b'1',16.861,90.118,b'1',b'ARGOS   ',295,11.663,33.703
52,29,b'2900268 ',b'INDIAN ARGO PROJECT                                             ',b'K.RADHAKRISHNAN                                                 ',55,b'A',21:00.0,b'1',16.861,90.118,b'1',b'ARGOS   ',305,11.546,33.707
52,30,b'2900268 ',b'INDIAN ARGO PROJECT                                             ',b'K.RADHAKRISHNAN                                                 ',55,b'A',21:00.0,b'1',16.861,90.118,b'1',b'ARGOS   ',315,11.446,33.705
52,31,b'2900268 ',b'INDIAN ARGO PROJECT                                             ',b'K.RADHAKRISHNAN                                                 ',55,b'A',21:00.0,b'1',16.861,90.118,b'1',b'ARGOS   ',325,11.318,33.709
52,32,b'2900268 ',b'INDIAN ARGO PROJECT                                             ',b'K.RADHAKRISHNAN                                                 ',55,b'A',21:00.0,b'1',16.861,90.118,b'1',b'ARGOS   ',335,11.207,33.708
52,33,b'2900268 ',b'INDIAN ARGO PROJECT                                             ',b'K.RADHAKRISHNAN                                                 ',55,b'A',21:00.0,b'1',16.861,90.118,b'1',b'ARGOS   ',345,11.11,33.703
52,34,b'2900268 ',b'INDIAN ARGO PROJECT                                             ',b'K.RADHAKRISHNAN                                                 ',55,b'A',21:00.0,b'1',16.861,90.118,b'1',b'ARGOS   ',356,10.998,33.702
52,35,b'2900268 ',b'INDIAN ARGO PROJECT                                             ',b'K.RADHAKRISHNAN                                                 ',55,b'A',21:00.0,b'1',16.861,90.118,b'1',b'ARGOS   ',365,10.903,33.706
52,36,b'2900268 ',b'INDIAN ARGO PROJECT                                             ',b'K.RADHAKRISHNAN                                                 ',55,b'A',21:00.0,b'1',16.861,90.118,b'1',b'ARGOS   ',375,10.802,33.705
52,37,b'2900268 ',b'INDIAN ARGO PROJECT                                             ',b'K.RADHAKRISHNAN                                                 ',55,b'A',21:00.0,b'1',16.861,90.118,b'1',b'ARGOS   ',385,10.717,33.709
52,38,b'2900268 ',b'INDIAN ARGO PROJECT                                             ',b'K.RADHAKRISHNAN                                                 ',55,b'A',21:00.0,b'1',16.861,90.118,b'1',b'ARGOS   ',395,10.635,33.7
52,39,b'2900268 ',b'INDIAN ARGO PROJECT                                             ',b'K.RADHAKRISHNAN                                                 ',55,b'A',21:00.0,b'1',16.861,90.118,b'1',b'ARGOS   ',405,10.554,33.7
52,40,b'2900268 ',b'INDIAN ARGO PROJECT                                             ',b'K.RADHAKRISHNAN                                                 ',55,b'A',21:00.0,b'1',16.861,90.118,b'1',b'ARGOS   ',415,10.49,33.704
52,41,b'2900268 ',b'INDIAN ARGO PROJECT                                             ',b'K.RADHAKRISHNAN                                                 ',55,b'A',21:00.0,b'1',16.861,90.118,b'1',b'ARGOS   ',450,10.227,33.701
52,42,b'2900268 ',b'INDIAN ARGO PROJECT                                             ',b'K.RADHAKRISHNAN                                                 ',55,b'A',21:00.0,b'1',16.861,90.118,b'1',b'ARGOS   ',500,9.873,33.693
52,43,b'2900268 ',b'INDIAN ARGO PROJECT                                             ',b'K.RADHAKRISHNAN                                                 ',55,b'A',21:00.0,b'1',16.861,90.118,b'1',b'ARGOS   ',550,9.523,33.692
52,44,b'2900268 ',b'INDIAN ARGO PROJECT                                             ',b'K.RADHAKRISHNAN                                                 ',55,b'A',21:00.0,b'1',16.861,90.118,b'1',b'ARGOS   ',600,9.174,33.677
52,45,b'2900268 ',b'INDIAN ARGO PROJECT                                             ',b'K.RADHAKRISHNAN                                                 ',55,b'A',21:00.0,b'1',16.861,90.118,b'1',b'ARGOS   ',650,8.784,33.669
52,46,b'2900268 ',b'INDIAN ARGO PROJECT                                             ',b'K.RADHAKRISHNAN                                                 ',55,b'A',21:00.0,b'1',16.861,90.118,b'1',b'ARGOS   ',700,8.434,33.664
52,47,b'2900268 ',b'INDIAN ARGO PROJECT                                             ',b'K.RADHAKRISHNAN                                                 ',55,b'A',21:00.0,b'1',16.861,90.118,b'1',b'ARGOS   ',752,8.089,33.652
52,48,b'2900268 ',b'INDIAN ARGO PROJECT                                             ',b'K.RADHAKRISHNAN                                                 ',55,b'A',21:00.0,b'1',16.861,90.118,b'1',b'ARGOS   ',800,7.798,33.643
52,49,b'2900268 ',b'INDIAN ARGO PROJECT                                             ',b'K.RADHAKRISHNAN                                                 ',55,b'A',21:00.0,b'1',16.861,90.118,b'1',b'ARGOS   ',850,7.459,33.635
52,50,b'2900268 ',b'INDIAN ARGO PROJECT                                             ',b'K.RADHAKRISHNAN                                                 ',55,b'A',21:00.0,b'1',16.861,90.118,b'1',b'ARGOS   ',901,7.139,33.618
52,51,b'2900268 ',b'INDIAN ARGO PROJECT                                             ',b'K.RADHAKRISHNAN                                                 ',55,b'A',21:00.0,b'1',16.861,90.118,b'1',b'ARGOS   ',950,6.84,33.602
52,52,b'2900268 ',b'INDIAN ARGO PROJECT                                             ',b'K.RADHAKRISHNAN                                                 ',55,b'A',21:00.0,b'1',16.861,90.118,b'1',b'ARGOS   ',992,6.596,33.6
53,0,b'2900268 ',b'INDIAN ARGO PROJECT                                             ',b'K.RADHAKRISHNAN                                                 ',56,b'A',21:00.0,b'1',16.918,90.154,b'1',b'ARGOS   ',15,27.919,32.471
53,1,b'2900268 ',b'INDIAN ARGO PROJECT                                             ',b'K.RADHAKRISHNAN                                                 ',56,b'A',21:00.0,b'1',16.918,90.154,b'1',b'ARGOS   ',25,27.806,32.484
53,2,b'2900268 ',b'INDIAN ARGO PROJECT                                             ',b'K.RADHAKRISHNAN                                                 ',56,b'A',21:00.0,b'1',16.918,90.154,b'1',b'ARGOS   ',35,27.788,32.508
53,3,b'2900268 ',b'INDIAN ARGO PROJECT                                             ',b'K.RADHAKRISHNAN                                                 ',56,b'A',21:00.0,b'1',16.918,90.154,b'1',b'ARGOS   ',46,27.742,32.543
53,4,b'2900268 ',b'INDIAN ARGO PROJECT                                             ',b'K.RADHAKRISHNAN                                                 ',56,b'A',21:00.0,b'1',16.918,90.154,b'1',b'ARGOS   ',55,27.463,32.686
53,5,b'2900268 ',b'INDIAN ARGO PROJECT                                             ',b'K.RADHAKRISHNAN                                                 ',56,b'A',21:00.0,b'1',16.918,90.154,b'1',b'ARGOS   ',65,27.489,32.889
53,6,b'2900268 ',b'INDIAN ARGO PROJECT                                             ',b'K.RADHAKRISHNAN                                                 ',56,b'A',21:00.0,b'1',16.918,90.154,b'1',b'ARGOS   ',75,27.806,33.174
53,7,b'2900268 ',b'INDIAN ARGO PROJECT                                             ',b'K.RADHAKRISHNAN                                                 ',56,b'A',21:00.0,b'1',16.918,90.154,b'1',b'ARGOS   ',85,27.584,33.377
53,8,b'2900268 ',b'INDIAN ARGO PROJECT                                             ',b'K.RADHAKRISHNAN                                                 ',56,b'A',21:00.0,b'1',16.918,90.154,b'1',b'ARGOS   ',95,26.594,33.554
53,9,b'2900268 ',b'INDIAN ARGO PROJECT                                             ',b'K.RADHAKRISHNAN                                                 ',56,b'A',21:00.0,b'1',16.918,90.154,b'1',b'ARGOS   ',105,24.993,33.52
53,10,b'2900268 ',b'INDIAN ARGO PROJECT                                             ',b'K.RADHAKRISHNAN                                                 ',56,b'A',21:00.0,b'1',16.918,90.154,b'1',b'ARGOS   ',115,23.164,33.532
53,11,b'2900268 ',b'INDIAN ARGO PROJECT                                             ',b'K.RADHAKRISHNAN                                                 ',56,b'A',21:00.0,b'1',16.918,90.154,b'1',b'ARGOS   ',125,21.187,33.576
53,12,b'2900268 ',b'INDIAN ARGO PROJECT                                             ',b'K.RADHAKRISHNAN                                                 ',56,b'A',21:00.0,b'1',16.918,90.154,b'1',b'ARGOS   ',135,20.089,33.605
53,13,b'2900268 ',b'INDIAN ARGO PROJECT                                             ',b'K.RADHAKRISHNAN                                                 ',56,b'A',21:00.0,b'1',16.918,90.154,b'1',b'ARGOS   ',145,18.675,33.627
53,14,b'2900268 ',b'INDIAN ARGO PROJECT                                             ',b'K.RADHAKRISHNAN                                                 ',56,b'A',21:00.0,b'1',16.918,90.154,b'1',b'ARGOS   ',155,17.326,33.646
53,15,b'2900268 ',b'INDIAN ARGO PROJECT                                             ',b'K.RADHAKRISHNAN                                                 ',56,b'A',21:00.0,b'1',16.918,90.154,b'1',b'ARGOS   ',165,16.273,33.654
53,16,b'2900268 ',b'INDIAN ARGO PROJECT                                             ',b'K.RADHAKRISHNAN                                                 ',56,b'A',21:00.0,b'1',16.918,90.154,b'1',b'ARGOS   ',175,15.339,33.67
53,17,b'2900268 ',b'INDIAN ARGO PROJECT                                             ',b'K.RADHAKRISHNAN                                                 ',56,b'A',21:00.0,b'1',16.918,90.154,b'1',b'ARGOS   ',185,14.554,33.708
53,18,b'2900268 ',b'INDIAN ARGO PROJECT                                             ',b'K.RADHAKRISHNAN                                                 ',56,b'A',21:00.0,b'1',16.918,90.154,b'1',b'ARGOS   ',195,14.14,33.715
53,19,b'2900268 ',b'INDIAN ARGO PROJECT                                             ',b'K.RADHAKRISHNAN                                                 ',56,b'A',21:00.0,b'1',16.918,90.154,b'1',b'ARGOS   ',205,13.806,33.725
53,20,b'2900268 ',b'INDIAN ARGO PROJECT                                             ',b'K.RADHAKRISHNAN                                                 ',56,b'A',21:00.0,b'1',16.918,90.154,b'1',b'ARGOS   ',215,13.339,33.73
53,21,b'2900268 ',b'INDIAN ARGO PROJECT                                             ',b'K.RADHAKRISHNAN                                                 ',56,b'A',21:00.0,b'1',16.918,90.154,b'1',b'ARGOS   ',225,12.955,33.746
53,22,b'2900268 ',b'INDIAN ARGO PROJECT                                             ',b'K.RADHAKRISHNAN                                                 ',56,b'A',21:00.0,b'1',16.918,90.154,b'1',b'ARGOS   ',235,12.564,33.738
53,23,b'2900268 ',b'INDIAN ARGO PROJECT                                             ',b'K.RADHAKRISHNAN                                                 ',56,b'A',21:00.0,b'1',16.918,90.154,b'1',b'ARGOS   ',245,12.221,33.754
53,24,b'2900268 ',b'INDIAN ARGO PROJECT                                             ',b'K.RADHAKRISHNAN                                                 ',56,b'A',21:00.0,b'1',16.918,90.154,b'1',b'ARGOS   ',255,11.982,33.762
53,25,b'2900268 ',b'INDIAN ARGO PROJECT                                             ',b'K.RADHAKRISHNAN                                                 ',56,b'A',21:00.0,b'1',16.918,90.154,b'1',b'ARGOS   ',265,11.753,33.761
53,26,b'2900268 ',b'INDIAN ARGO PROJECT                                             ',b'K.RADHAKRISHNAN                                                 ',56,b'A',21:00.0,b'1',16.918,90.154,b'1',b'ARGOS   ',275,11.624,33.766
53,27,b'2900268 ',b'INDIAN ARGO PROJECT                                             ',b'K.RADHAKRISHNAN                                                 ',56,b'A',21:00.0,b'1',16.918,90.154,b'1',b'ARGOS   ',285,11.499,33.758
53,28,b'2900268 ',b'INDIAN ARGO PROJECT                                             ',b'K.RADHAKRISHNAN                                                 ',56,b'A',21:00.0,b'1',16.918,90.154,b'1',b'ARGOS   ',295,11.379,33.755
53,29,b'2900268 ',b'INDIAN ARGO PROJECT                                             ',b'K.RADHAKRISHNAN                                                 ',56,b'A',21:00.0,b'1',16.918,90.154,b'1',b'ARGOS   ',305,11.267,33.765
53,30,b'2900268 ',b'INDIAN ARGO PROJECT                                             ',b'K.RADHAKRISHNAN                                                 ',56,b'A',21:00.0,b'1',16.918,90.154,b'1',b'ARGOS   ',315,11.187,33.764
53,31,b'2900268 ',b'INDIAN ARGO PROJECT                                             ',b'K.RADHAKRISHNAN                                                 ',56,b'A',21:00.0,b'1',16.918,90.154,b'1',b'ARGOS   ',325,11.106,33.765
53,32,b'2900268 ',b'INDIAN ARGO PROJECT                                             ',b'K.RADHAKRISHNAN                                                 ',56,b'A',21:00.0,b'1',16.918,90.154,b'1',b'ARGOS   ',335,11.008,33.761
53,33,b'2900268 ',b'INDIAN ARGO PROJECT                                             ',b'K.RADHAKRISHNAN                                                 ',56,b'A',21:00.0,b'1',16.918,90.154,b'1',b'ARGOS   ',345,10.925,33.764
53,34,b'2900268 ',b'INDIAN ARGO PROJECT                                             ',b'K.RADHAKRISHNAN                                                 ',56,b'A',21:00.0,b'1',16.918,90.154,b'1',b'ARGOS   ',355,10.846,33.762
53,35,b'2900268 ',b'INDIAN ARGO PROJECT                                             ',b'K.RADHAKRISHNAN                                                 ',56,b'A',21:00.0,b'1',16.918,90.154,b'1',b'ARGOS   ',365,10.78,33.759
53,36,b'2900268 ',b'INDIAN ARGO PROJECT                                             ',b'K.RADHAKRISHNAN                                                 ',56,b'A',21:00.0,b'1',16.918,90.154,b'1',b'ARGOS   ',375,10.681,33.756
53,37,b'2900268 ',b'INDIAN ARGO PROJECT                                             ',b'K.RADHAKRISHNAN                                                 ',56,b'A',21:00.0,b'1',16.918,90.154,b'1',b'ARGOS   ',385,10.579,33.766
53,38,b'2900268 ',b'INDIAN ARGO PROJECT                                             ',b'K.RADHAKRISHNAN                                                 ',56,b'A',21:00.0,b'1',16.918,90.154,b'1',b'ARGOS   ',395,10.5,33.764
53,39,b'2900268 ',b'INDIAN ARGO PROJECT                                             ',b'K.RADHAKRISHNAN                                                 ',56,b'A',21:00.0,b'1',16.918,90.154,b'1',b'ARGOS   ',405,10.438,33.757
53,40,b'2900268 ',b'INDIAN ARGO PROJECT                                             ',b'K.RADHAKRISHNAN                                                 ',56,b'A',21:00.0,b'1',16.918,90.154,b'1',b'ARGOS   ',415,10.382,33.754
53,41,b'2900268 ',b'INDIAN ARGO PROJECT                                             ',b'K.RADHAKRISHNAN                                                 ',56,b'A',21:00.0,b'1',16.918,90.154,b'1',b'ARGOS   ',450,10.119,33.75
53,42,b'2900268 ',b'INDIAN ARGO PROJECT                                             ',b'K.RADHAKRISHNAN                                                 ',56,b'A',21:00.0,b'1',16.918,90.154,b'1',b'ARGOS   ',502,9.715,33.748
53,43,b'2900268 ',b'INDIAN ARGO PROJECT                                             ',b'K.RADHAKRISHNAN                                                 ',56,b'A',21:00.0,b'1',16.918,90.154,b'1',b'ARGOS   ',550,9.375,33.738
53,44,b'2900268 ',b'INDIAN ARGO PROJECT                                             ',b'K.RADHAKRISHNAN                                                 ',56,b'A',21:00.0,b'1',16.918,90.154,b'1',b'ARGOS   ',600,9.049,33.733
53,45,b'2900268 ',b'INDIAN ARGO PROJECT                                             ',b'K.RADHAKRISHNAN                                                 ',56,b'A',21:00.0,b'1',16.918,90.154,b'1',b'ARGOS   ',650,8.756,33.727
53,46,b'2900268 ',b'INDIAN ARGO PROJECT                                             ',b'K.RADHAKRISHNAN                                                 ',56,b'A',21:00.0,b'1',16.918,90.154,b'1',b'ARGOS   ',700,8.38,33.715
53,47,b'2900268 ',b'INDIAN ARGO PROJECT                                             ',b'K.RADHAKRISHNAN                                                 ',56,b'A',21:00.0,b'1',16.918,90.154,b'1',b'ARGOS   ',751,8.065,33.707
53,48,b'2900268 ',b'INDIAN ARGO PROJECT                                             ',b'K.RADHAKRISHNAN                                                 ',56,b'A',21:00.0,b'1',16.918,90.154,b'1',b'ARGOS   ',800,7.758,33.692
53,49,b'2900268 ',b'INDIAN ARGO PROJECT                                             ',b'K.RADHAKRISHNAN                                                 ',56,b'A',21:00.0,b'1',16.918,90.154,b'1',b'ARGOS   ',850,7.408,33.684
53,50,b'2900268 ',b'INDIAN ARGO PROJECT                                             ',b'K.RADHAKRISHNAN                                                 ',56,b'A',21:00.0,b'1',16.918,90.154,b'1',b'ARGOS   ',900,7.073,33.671
53,51,b'2900268 ',b'INDIAN ARGO PROJECT                                             ',b'K.RADHAKRISHNAN                                                 ',56,b'A',21:00.0,b'1',16.918,90.154,b'1',b'ARGOS   ',950,6.78,33.66
53,52,b'2900268 ',b'INDIAN ARGO PROJECT                                             ',b'K.RADHAKRISHNAN                                                 ',56,b'A',21:00.0,b'1',16.918,90.154,b'1',b'ARGOS   ',1000,6.521,33.648
54,0,b'2900268 ',b'INDIAN ARGO PROJECT                                             ',b'K.RADHAKRISHNAN                                                 ',57,b'A',15:00.0,b'1',16.845,90.185,b'1',b'ARGOS   ',15,28.065,32.392
54,1,b'2900268 ',b'INDIAN ARGO PROJECT                                             ',b'K.RADHAKRISHNAN                                                 ',57,b'A',15:00.0,b'1',16.845,90.185,b'1',b'ARGOS   ',25,27.783,32.437
54,2,b'2900268 ',b'INDIAN ARGO PROJECT                                             ',b'K.RADHAKRISHNAN                                                 ',57,b'A',15:00.0,b'1',16.845,90.185,b'1',b'ARGOS   ',35,27.694,32.475
54,3,b'2900268 ',b'INDIAN ARGO PROJECT                                             ',b'K.RADHAKRISHNAN                                                 ',57,b'A',15:00.0,b'1',16.845,90.185,b'1',b'ARGOS   ',45,27.582,32.522
54,4,b'2900268 ',b'INDIAN ARGO PROJECT                                             ',b'K.RADHAKRISHNAN                                                 ',57,b'A',15:00.0,b'1',16.845,90.185,b'1',b'ARGOS   ',54,27.483,32.721
54,5,b'2900268 ',b'INDIAN ARGO PROJECT                                             ',b'K.RADHAKRISHNAN                                                 ',57,b'A',15:00.0,b'1',16.845,90.185,b'1',b'ARGOS   ',65,27.369,32.91
54,6,b'2900268 ',b'INDIAN ARGO PROJECT                                             ',b'K.RADHAKRISHNAN                                                 ',57,b'A',15:00.0,b'1',16.845,90.185,b'1',b'ARGOS   ',75,27.807,33.264
54,7,b'2900268 ',b'INDIAN ARGO PROJECT                                             ',b'K.RADHAKRISHNAN                                                 ',57,b'A',15:00.0,b'1',16.845,90.185,b'1',b'ARGOS   ',85,27.479,33.41
54,8,b'2900268 ',b'INDIAN ARGO PROJECT                                             ',b'K.RADHAKRISHNAN                                                 ',57,b'A',15:00.0,b'1',16.845,90.185,b'1',b'ARGOS   ',95,25.588,33.414
54,9,b'2900268 ',b'INDIAN ARGO PROJECT                                             ',b'K.RADHAKRISHNAN                                                 ',57,b'A',15:00.0,b'1',16.845,90.185,b'1',b'ARGOS   ',105,23.461,33.546
54,10,b'2900268 ',b'INDIAN ARGO PROJECT                                             ',b'K.RADHAKRISHNAN                                                 ',57,b'A',15:00.0,b'1',16.845,90.185,b'1',b'ARGOS   ',115,22.497,33.589
54,11,b'2900268 ',b'INDIAN ARGO PROJECT                                             ',b'K.RADHAKRISHNAN                                                 ',57,b'A',15:00.0,b'1',16.845,90.185,b'1',b'ARGOS   ',124,21.788,33.636
54,12,b'2900268 ',b'INDIAN ARGO PROJECT                                             ',b'K.RADHAKRISHNAN                                                 ',57,b'A',15:00.0,b'1',16.845,90.185,b'1',b'ARGOS   ',135,20.398,33.61
54,13,b'2900268 ',b'INDIAN ARGO PROJECT                                             ',b'K.RADHAKRISHNAN                                                 ',57,b'A',15:00.0,b'1',16.845,90.185,b'1',b'ARGOS   ',145,19.094,33.637
54,14,b'2900268 ',b'INDIAN ARGO PROJECT                                             ',b'K.RADHAKRISHNAN                                                 ',57,b'A',15:00.0,b'1',16.845,90.185,b'1',b'ARGOS   ',155,18.124,33.67
54,15,b'2900268 ',b'INDIAN ARGO PROJECT                                             ',b'K.RADHAKRISHNAN                                                 ',57,b'A',15:00.0,b'1',16.845,90.185,b'1',b'ARGOS   ',165,17.54,33.671
54,16,b'2900268 ',b'INDIAN ARGO PROJECT                                             ',b'K.RADHAKRISHNAN                                                 ',57,b'A',15:00.0,b'1',16.845,90.185,b'1',b'ARGOS   ',175,16.54,33.714
54,17,b'2900268 ',b'INDIAN ARGO PROJECT                                             ',b'K.RADHAKRISHNAN                                                 ',57,b'A',15:00.0,b'1',16.845,90.185,b'1',b'ARGOS   ',185,15.877,33.716
54,18,b'2900268 ',b'INDIAN ARGO PROJECT                                             ',b'K.RADHAKRISHNAN                                                 ',57,b'A',15:00.0,b'1',16.845,90.185,b'1',b'ARGOS   ',195,15.124,33.729
54,19,b'2900268 ',b'INDIAN ARGO PROJECT                                             ',b'K.RADHAKRISHNAN                                                 ',57,b'A',15:00.0,b'1',16.845,90.185,b'1',b'ARGOS   ',205,14.164,33.764
54,20,b'2900268 ',b'INDIAN ARGO PROJECT                                             ',b'K.RADHAKRISHNAN                                                 ',57,b'A',15:00.0,b'1',16.845,90.185,b'1',b'ARGOS   ',215,13.665,33.771
54,21,b'2900268 ',b'INDIAN ARGO PROJECT                                             ',b'K.RADHAKRISHNAN                                                 ',57,b'A',15:00.0,b'1',16.845,90.185,b'1',b'ARGOS   ',225,13.119,33.78
54,22,b'2900268 ',b'INDIAN ARGO PROJECT                                             ',b'K.RADHAKRISHNAN                                                 ',57,b'A',15:00.0,b'1',16.845,90.185,b'1',b'ARGOS   ',236,12.836,33.79
54,23,b'2900268 ',b'INDIAN ARGO PROJECT                                             ',b'K.RADHAKRISHNAN                                                 ',57,b'A',15:00.0,b'1',16.845,90.185,b'1',b'ARGOS   ',246,12.601,33.796
54,24,b'2900268 ',b'INDIAN ARGO PROJECT                                             ',b'K.RADHAKRISHNAN                                                 ',57,b'A',15:00.0,b'1',16.845,90.185,b'1',b'ARGOS   ',255,12.248,33.802
54,25,b'2900268 ',b'INDIAN ARGO PROJECT                                             ',b'K.RADHAKRISHNAN                                                 ',57,b'A',15:00.0,b'1',16.845,90.185,b'1',b'ARGOS   ',265,12.009,33.811
54,26,b'2900268 ',b'INDIAN ARGO PROJECT                                             ',b'K.RADHAKRISHNAN                                                 ',57,b'A',15:00.0,b'1',16.845,90.185,b'1',b'ARGOS   ',275,11.819,33.814
54,27,b'2900268 ',b'INDIAN ARGO PROJECT                                             ',b'K.RADHAKRISHNAN                                                 ',57,b'A',15:00.0,b'1',16.845,90.185,b'1',b'ARGOS   ',285,11.71,33.811
54,28,b'2900268 ',b'INDIAN ARGO PROJECT                                             ',b'K.RADHAKRISHNAN                                                 ',57,b'A',15:00.0,b'1',16.845,90.185,b'1',b'ARGOS   ',295,11.598,33.811
54,29,b'2900268 ',b'INDIAN ARGO PROJECT                                             ',b'K.RADHAKRISHNAN                                                 ',57,b'A',15:00.0,b'1',16.845,90.185,b'1',b'ARGOS   ',305,11.482,33.814
54,30,b'2900268 ',b'INDIAN ARGO PROJECT                                             ',b'K.RADHAKRISHNAN                                                 ',57,b'A',15:00.0,b'1',16.845,90.185,b'1',b'ARGOS   ',315,11.38,33.815
54,31,b'2900268 ',b'INDIAN ARGO PROJECT                                             ',b'K.RADHAKRISHNAN                                                 ',57,b'A',15:00.0,b'1',16.845,90.185,b'1',b'ARGOS   ',325,11.253,33.818
54,32,b'2900268 ',b'INDIAN ARGO PROJECT                                             ',b'K.RADHAKRISHNAN                                                 ',57,b'A',15:00.0,b'1',16.845,90.185,b'1',b'ARGOS   ',335,11.138,33.81
54,33,b'2900268 ',b'INDIAN ARGO PROJECT                                             ',b'K.RADHAKRISHNAN                                                 ',57,b'A',15:00.0,b'1',16.845,90.185,b'1',b'ARGOS   ',345,11.051,33.807
54,34,b'2900268 ',b'INDIAN ARGO PROJECT                                             ',b'K.RADHAKRISHNAN                                                 ',57,b'A',15:00.0,b'1',16.845,90.185,b'1',b'ARGOS   ',355,10.876,33.804
54,35,b'2900268 ',b'INDIAN ARGO PROJECT                                             ',b'K.RADHAKRISHNAN                                                 ',57,b'A',15:00.0,b'1',16.845,90.185,b'1',b'ARGOS   ',365,10.77,33.808
54,36,b'2900268 ',b'INDIAN ARGO PROJECT                                             ',b'K.RADHAKRISHNAN                                                 ',57,b'A',15:00.0,b'1',16.845,90.185,b'1',b'ARGOS   ',375,10.678,33.809
54,37,b'2900268 ',b'INDIAN ARGO PROJECT                                             ',b'K.RADHAKRISHNAN                                                 ',57,b'A',15:00.0,b'1',16.845,90.185,b'1',b'ARGOS   ',385,10.601,33.805
54,38,b'2900268 ',b'INDIAN ARGO PROJECT                                             ',b'K.RADHAKRISHNAN                                                 ',57,b'A',15:00.0,b'1',16.845,90.185,b'1',b'ARGOS   ',395,10.543,33.805
54,39,b'2900268 ',b'INDIAN ARGO PROJECT                                             ',b'K.RADHAKRISHNAN                                                 ',57,b'A',15:00.0,b'1',16.845,90.185,b'1',b'ARGOS   ',405,10.456,33.81
54,40,b'2900268 ',b'INDIAN ARGO PROJECT                                             ',b'K.RADHAKRISHNAN                                                 ',57,b'A',15:00.0,b'1',16.845,90.185,b'1',b'ARGOS   ',416,10.372,33.803
54,41,b'2900268 ',b'INDIAN ARGO PROJECT                                             ',b'K.RADHAKRISHNAN                                                 ',57,b'A',15:00.0,b'1',16.845,90.185,b'1',b'ARGOS   ',449,10.09,33.798
54,42,b'2900268 ',b'INDIAN ARGO PROJECT                                             ',b'K.RADHAKRISHNAN                                                 ',57,b'A',15:00.0,b'1',16.845,90.185,b'1',b'ARGOS   ',500,9.781,33.8
54,43,b'2900268 ',b'INDIAN ARGO PROJECT                                             ',b'K.RADHAKRISHNAN                                                 ',57,b'A',15:00.0,b'1',16.845,90.185,b'1',b'ARGOS   ',550,9.393,33.793
54,44,b'2900268 ',b'INDIAN ARGO PROJECT                                             ',b'K.RADHAKRISHNAN                                                 ',57,b'A',15:00.0,b'1',16.845,90.185,b'1',b'ARGOS   ',600,8.999,33.78
54,45,b'2900268 ',b'INDIAN ARGO PROJECT                                             ',b'K.RADHAKRISHNAN                                                 ',57,b'A',15:00.0,b'1',16.845,90.185,b'1',b'ARGOS   ',650,8.67,33.767
54,46,b'2900268 ',b'INDIAN ARGO PROJECT                                             ',b'K.RADHAKRISHNAN                                                 ',57,b'A',15:00.0,b'1',16.845,90.185,b'1',b'ARGOS   ',700,8.318,33.764
54,47,b'2900268 ',b'INDIAN ARGO PROJECT                                             ',b'K.RADHAKRISHNAN                                                 ',57,b'A',15:00.0,b'1',16.845,90.185,b'1',b'ARGOS   ',750,8.012,33.748
54,48,b'2900268 ',b'INDIAN ARGO PROJECT                                             ',b'K.RADHAKRISHNAN                                                 ',57,b'A',15:00.0,b'1',16.845,90.185,b'1',b'ARGOS   ',799,7.732,33.739
54,49,b'2900268 ',b'INDIAN ARGO PROJECT                                             ',b'K.RADHAKRISHNAN                                                 ',57,b'A',15:00.0,b'1',16.845,90.185,b'1',b'ARGOS   ',850,7.427,33.73
54,50,b'2900268 ',b'INDIAN ARGO PROJECT                                             ',b'K.RADHAKRISHNAN                                                 ',57,b'A',15:00.0,b'1',16.845,90.185,b'1',b'ARGOS   ',900,7.116,33.716
54,51,b'2900268 ',b'INDIAN ARGO PROJECT                                             ',b'K.RADHAKRISHNAN                                                 ',57,b'A',15:00.0,b'1',16.845,90.185,b'1',b'ARGOS   ',951,6.8,33.706
54,52,b'2900268 ',b'INDIAN ARGO PROJECT                                             ',b'K.RADHAKRISHNAN                                                 ',57,b'A',15:00.0,b'1',16.845,90.185,b'1',b'ARGOS   ',976,6.649,33.71
55,0,b'2900268 ',b'INDIAN ARGO PROJECT                                             ',b'K.RADHAKRISHNAN                                                 ',58,b'A',21:00.0,b'1',17.089,90.492,b'1',b'ARGOS   ',15,28.45,32.027
55,1,b'2900268 ',b'INDIAN ARGO PROJECT                                             ',b'K.RADHAKRISHNAN                                                 ',58,b'A',21:00.0,b'1',17.089,90.492,b'1',b'ARGOS   ',25,28.213,32.15
55,2,b'2900268 ',b'INDIAN ARGO PROJECT                                             ',b'K.RADHAKRISHNAN                                                 ',58,b'A',21:00.0,b'1',17.089,90.492,b'1',b'ARGOS   ',35,27.653,32.594
55,3,b'2900268 ',b'INDIAN ARGO PROJECT                                             ',b'K.RADHAKRISHNAN                                                 ',58,b'A',21:00.0,b'1',17.089,90.492,b'1',b'ARGOS   ',45,27.395,32.715
55,4,b'2900268 ',b'INDIAN ARGO PROJECT                                             ',b'K.RADHAKRISHNAN                                                 ',58,b'A',21:00.0,b'1',17.089,90.492,b'1',b'ARGOS   ',55,27.329,32.829
55,5,b'2900268 ',b'INDIAN ARGO PROJECT                                             ',b'K.RADHAKRISHNAN                                                 ',58,b'A',21:00.0,b'1',17.089,90.492,b'1',b'ARGOS   ',65,27.471,33.049
55,6,b'2900268 ',b'INDIAN ARGO PROJECT                                             ',b'K.RADHAKRISHNAN                                                 ',58,b'A',21:00.0,b'1',17.089,90.492,b'1',b'ARGOS   ',75,27.099,33.268
55,7,b'2900268 ',b'INDIAN ARGO PROJECT                                             ',b'K.RADHAKRISHNAN                                                 ',58,b'A',21:00.0,b'1',17.089,90.492,b'1',b'ARGOS   ',86,25.702,33.399
55,8,b'2900268 ',b'INDIAN ARGO PROJECT                                             ',b'K.RADHAKRISHNAN                                                 ',58,b'A',21:00.0,b'1',17.089,90.492,b'1',b'ARGOS   ',95,24.067,33.522
55,9,b'2900268 ',b'INDIAN ARGO PROJECT                                             ',b'K.RADHAKRISHNAN                                                 ',58,b'A',21:00.0,b'1',17.089,90.492,b'1',b'ARGOS   ',105,22.481,33.581
55,10,b'2900268 ',b'INDIAN ARGO PROJECT                                             ',b'K.RADHAKRISHNAN                                                 ',58,b'A',21:00.0,b'1',17.089,90.492,b'1',b'ARGOS   ',115,21.007,33.601
55,11,b'2900268 ',b'INDIAN ARGO PROJECT                                             ',b'K.RADHAKRISHNAN                                                 ',58,b'A',21:00.0,b'1',17.089,90.492,b'1',b'ARGOS   ',125,19.747,33.661
55,12,b'2900268 ',b'INDIAN ARGO PROJECT                                             ',b'K.RADHAKRISHNAN                                                 ',58,b'A',21:00.0,b'1',17.089,90.492,b'1',b'ARGOS   ',135,18.633,33.673
55,13,b'2900268 ',b'INDIAN ARGO PROJECT                                             ',b'K.RADHAKRISHNAN                                                 ',58,b'A',21:00.0,b'1',17.089,90.492,b'1',b'ARGOS   ',145,17.447,33.704
55,14,b'2900268 ',b'INDIAN ARGO PROJECT                                             ',b'K.RADHAKRISHNAN                                                 ',58,b'A',21:00.0,b'1',17.089,90.492,b'1',b'ARGOS   ',155,16.329,33.742
55,15,b'2900268 ',b'INDIAN ARGO PROJECT                                             ',b'K.RADHAKRISHNAN                                                 ',58,b'A',21:00.0,b'1',17.089,90.492,b'1',b'ARGOS   ',165,15.701,33.749
55,16,b'2900268 ',b'INDIAN ARGO PROJECT                                             ',b'K.RADHAKRISHNAN                                                 ',58,b'A',21:00.0,b'1',17.089,90.492,b'1',b'ARGOS   ',175,15,33.772
55,17,b'2900268 ',b'INDIAN ARGO PROJECT                                             ',b'K.RADHAKRISHNAN                                                 ',58,b'A',21:00.0,b'1',17.089,90.492,b'1',b'ARGOS   ',185,14.406,33.791
55,18,b'2900268 ',b'INDIAN ARGO PROJECT                                             ',b'K.RADHAKRISHNAN                                                 ',58,b'A',21:00.0,b'1',17.089,90.492,b'1',b'ARGOS   ',195,13.729,33.806
55,19,b'2900268 ',b'INDIAN ARGO PROJECT                                             ',b'K.RADHAKRISHNAN                                                 ',58,b'A',21:00.0,b'1',17.089,90.492,b'1',b'ARGOS   ',205,13.256,33.808
55,20,b'2900268 ',b'INDIAN ARGO PROJECT                                             ',b'K.RADHAKRISHNAN                                                 ',58,b'A',21:00.0,b'1',17.089,90.492,b'1',b'ARGOS   ',216,12.841,33.823
55,21,b'2900268 ',b'INDIAN ARGO PROJECT                                             ',b'K.RADHAKRISHNAN                                                 ',58,b'A',21:00.0,b'1',17.089,90.492,b'1',b'ARGOS   ',225,12.521,33.829
55,22,b'2900268 ',b'INDIAN ARGO PROJECT                                             ',b'K.RADHAKRISHNAN                                                 ',58,b'A',21:00.0,b'1',17.089,90.492,b'1',b'ARGOS   ',235,12.24,33.828
55,23,b'2900268 ',b'INDIAN ARGO PROJECT                                             ',b'K.RADHAKRISHNAN                                                 ',58,b'A',21:00.0,b'1',17.089,90.492,b'1',b'ARGOS   ',245,12.017,33.831
55,24,b'2900268 ',b'INDIAN ARGO PROJECT                                             ',b'K.RADHAKRISHNAN                                                 ',58,b'A',21:00.0,b'1',17.089,90.492,b'1',b'ARGOS   ',255,11.854,33.839
55,25,b'2900268 ',b'INDIAN ARGO PROJECT                                             ',b'K.RADHAKRISHNAN                                                 ',58,b'A',21:00.0,b'1',17.089,90.492,b'1',b'ARGOS   ',265,11.667,33.839
55,26,b'2900268 ',b'INDIAN ARGO PROJECT                                             ',b'K.RADHAKRISHNAN                                                 ',58,b'A',21:00.0,b'1',17.089,90.492,b'1',b'ARGOS   ',275,11.574,33.841
55,27,b'2900268 ',b'INDIAN ARGO PROJECT                                             ',b'K.RADHAKRISHNAN                                                 ',58,b'A',21:00.0,b'1',17.089,90.492,b'1',b'ARGOS   ',285,11.425,33.845
55,28,b'2900268 ',b'INDIAN ARGO PROJECT                                             ',b'K.RADHAKRISHNAN                                                 ',58,b'A',21:00.0,b'1',17.089,90.492,b'1',b'ARGOS   ',295,11.317,33.841
55,29,b'2900268 ',b'INDIAN ARGO PROJECT                                             ',b'K.RADHAKRISHNAN                                                 ',58,b'A',21:00.0,b'1',17.089,90.492,b'1',b'ARGOS   ',305,11.189,33.836
55,30,b'2900268 ',b'INDIAN ARGO PROJECT                                             ',b'K.RADHAKRISHNAN                                                 ',58,b'A',21:00.0,b'1',17.089,90.492,b'1',b'ARGOS   ',315,11.078,33.844
55,31,b'2900268 ',b'INDIAN ARGO PROJECT                                             ',b'K.RADHAKRISHNAN                                                 ',58,b'A',21:00.0,b'1',17.089,90.492,b'1',b'ARGOS   ',325,11.004,33.839
55,32,b'2900268 ',b'INDIAN ARGO PROJECT                                             ',b'K.RADHAKRISHNAN                                                 ',58,b'A',21:00.0,b'1',17.089,90.492,b'1',b'ARGOS   ',335,10.915,33.837
55,33,b'2900268 ',b'INDIAN ARGO PROJECT                                             ',b'K.RADHAKRISHNAN                                                 ',58,b'A',21:00.0,b'1',17.089,90.492,b'1',b'ARGOS   ',346,10.832,33.839
55,34,b'2900268 ',b'INDIAN ARGO PROJECT                                             ',b'K.RADHAKRISHNAN                                                 ',58,b'A',21:00.0,b'1',17.089,90.492,b'1',b'ARGOS   ',355,10.766,33.846
55,35,b'2900268 ',b'INDIAN ARGO PROJECT                                             ',b'K.RADHAKRISHNAN                                                 ',58,b'A',21:00.0,b'1',17.089,90.492,b'1',b'ARGOS   ',365,10.683,33.838
55,36,b'2900268 ',b'INDIAN ARGO PROJECT                                             ',b'K.RADHAKRISHNAN                                                 ',58,b'A',21:00.0,b'1',17.089,90.492,b'1',b'ARGOS   ',375,10.614,33.838
55,37,b'2900268 ',b'INDIAN ARGO PROJECT                                             ',b'K.RADHAKRISHNAN                                                 ',58,b'A',21:00.0,b'1',17.089,90.492,b'1',b'ARGOS   ',385,10.548,33.844
55,38,b'2900268 ',b'INDIAN ARGO PROJECT                                             ',b'K.RADHAKRISHNAN                                                 ',58,b'A',21:00.0,b'1',17.089,90.492,b'1',b'ARGOS   ',395,10.479,33.844
55,39,b'2900268 ',b'INDIAN ARGO PROJECT                                             ',b'K.RADHAKRISHNAN                                                 ',58,b'A',21:00.0,b'1',17.089,90.492,b'1',b'ARGOS   ',405,10.396,33.836
55,40,b'2900268 ',b'INDIAN ARGO PROJECT                                             ',b'K.RADHAKRISHNAN                                                 ',58,b'A',21:00.0,b'1',17.089,90.492,b'1',b'ARGOS   ',415,10.31,33.841
55,41,b'2900268 ',b'INDIAN ARGO PROJECT                                             ',b'K.RADHAKRISHNAN                                                 ',58,b'A',21:00.0,b'1',17.089,90.492,b'1',b'ARGOS   ',451,10.002,33.828
55,42,b'2900268 ',b'INDIAN ARGO PROJECT                                             ',b'K.RADHAKRISHNAN                                                 ',58,b'A',21:00.0,b'1',17.089,90.492,b'1',b'ARGOS   ',500,9.644,33.826
55,43,b'2900268 ',b'INDIAN ARGO PROJECT                                             ',b'K.RADHAKRISHNAN                                                 ',58,b'A',21:00.0,b'1',17.089,90.492,b'1',b'ARGOS   ',550,9.248,33.816
55,44,b'2900268 ',b'INDIAN ARGO PROJECT                                             ',b'K.RADHAKRISHNAN                                                 ',58,b'A',21:00.0,b'1',17.089,90.492,b'1',b'ARGOS   ',599,8.897,33.804
55,45,b'2900268 ',b'INDIAN ARGO PROJECT                                             ',b'K.RADHAKRISHNAN                                                 ',58,b'A',21:00.0,b'1',17.089,90.492,b'1',b'ARGOS   ',650,8.553,33.794
55,46,b'2900268 ',b'INDIAN ARGO PROJECT                                             ',b'K.RADHAKRISHNAN                                                 ',58,b'A',21:00.0,b'1',17.089,90.492,b'1',b'ARGOS   ',700,8.196,33.785
55,47,b'2900268 ',b'INDIAN ARGO PROJECT                                             ',b'K.RADHAKRISHNAN                                                 ',58,b'A',21:00.0,b'1',17.089,90.492,b'1',b'ARGOS   ',750,7.85,33.776
55,48,b'2900268 ',b'INDIAN ARGO PROJECT                                             ',b'K.RADHAKRISHNAN                                                 ',58,b'A',21:00.0,b'1',17.089,90.492,b'1',b'ARGOS   ',799,7.569,33.767
55,49,b'2900268 ',b'INDIAN ARGO PROJECT                                             ',b'K.RADHAKRISHNAN                                                 ',58,b'A',21:00.0,b'1',17.089,90.492,b'1',b'ARGOS   ',850,7.314,33.753
55,50,b'2900268 ',b'INDIAN ARGO PROJECT                                             ',b'K.RADHAKRISHNAN                                                 ',58,b'A',21:00.0,b'1',17.089,90.492,b'1',b'ARGOS   ',901,7.032,33.743
55,51,b'2900268 ',b'INDIAN ARGO PROJECT                                             ',b'K.RADHAKRISHNAN                                                 ',58,b'A',21:00.0,b'1',17.089,90.492,b'1',b'ARGOS   ',950,6.783,33.733
55,52,b'2900268 ',b'INDIAN ARGO PROJECT                                             ',b'K.RADHAKRISHNAN                                                 ',58,b'A',21:00.0,b'1',17.089,90.492,b'1',b'ARGOS   ',994,6.53,33.73
56,0,b'2900268 ',b'INDIAN ARGO PROJECT                                             ',b'K.RADHAKRISHNAN                                                 ',59,b'A',21:00.0,b'1',17.417,90.837,b'1',b'ARGOS   ',15,28.495,32.69
56,1,b'2900268 ',b'INDIAN ARGO PROJECT                                             ',b'K.RADHAKRISHNAN                                                 ',59,b'A',21:00.0,b'1',17.417,90.837,b'1',b'ARGOS   ',25,27.885,32.624
56,2,b'2900268 ',b'INDIAN ARGO PROJECT                                             ',b'K.RADHAKRISHNAN                                                 ',59,b'A',21:00.0,b'1',17.417,90.837,b'1',b'ARGOS   ',35,27.557,32.619
56,3,b'2900268 ',b'INDIAN ARGO PROJECT                                             ',b'K.RADHAKRISHNAN                                                 ',59,b'A',21:00.0,b'1',17.417,90.837,b'1',b'ARGOS   ',45,27.157,32.642
56,4,b'2900268 ',b'INDIAN ARGO PROJECT                                             ',b'K.RADHAKRISHNAN                                                 ',59,b'A',21:00.0,b'1',17.417,90.837,b'1',b'ARGOS   ',55,27.207,32.879
56,5,b'2900268 ',b'INDIAN ARGO PROJECT                                             ',b'K.RADHAKRISHNAN                                                 ',59,b'A',21:00.0,b'1',17.417,90.837,b'1',b'ARGOS   ',65,27.122,33.049
56,6,b'2900268 ',b'INDIAN ARGO PROJECT                                             ',b'K.RADHAKRISHNAN                                                 ',59,b'A',21:00.0,b'1',17.417,90.837,b'1',b'ARGOS   ',75,26.744,33.231
56,7,b'2900268 ',b'INDIAN ARGO PROJECT                                             ',b'K.RADHAKRISHNAN                                                 ',59,b'A',21:00.0,b'1',17.417,90.837,b'1',b'ARGOS   ',85,25.461,33.489
56,8,b'2900268 ',b'INDIAN ARGO PROJECT                                             ',b'K.RADHAKRISHNAN                                                 ',59,b'A',21:00.0,b'1',17.417,90.837,b'1',b'ARGOS   ',95,23.96,33.633
56,9,b'2900268 ',b'INDIAN ARGO PROJECT                                             ',b'K.RADHAKRISHNAN                                                 ',59,b'A',21:00.0,b'1',17.417,90.837,b'1',b'ARGOS   ',105,21.619,33.743
56,10,b'2900268 ',b'INDIAN ARGO PROJECT                                             ',b'K.RADHAKRISHNAN                                                 ',59,b'A',21:00.0,b'1',17.417,90.837,b'1',b'ARGOS   ',115,20.428,33.771
56,11,b'2900268 ',b'INDIAN ARGO PROJECT                                             ',b'K.RADHAKRISHNAN                                                 ',59,b'A',21:00.0,b'1',17.417,90.837,b'1',b'ARGOS   ',125,19.058,33.789
56,12,b'2900268 ',b'INDIAN ARGO PROJECT                                             ',b'K.RADHAKRISHNAN                                                 ',59,b'A',21:00.0,b'1',17.417,90.837,b'1',b'ARGOS   ',135,17.912,33.827
56,13,b'2900268 ',b'INDIAN ARGO PROJECT                                             ',b'K.RADHAKRISHNAN                                                 ',59,b'A',21:00.0,b'1',17.417,90.837,b'1',b'ARGOS   ',145,17.084,33.843
56,14,b'2900268 ',b'INDIAN ARGO PROJECT                                             ',b'K.RADHAKRISHNAN                                                 ',59,b'A',21:00.0,b'1',17.417,90.837,b'1',b'ARGOS   ',155,16.189,33.87
56,15,b'2900268 ',b'INDIAN ARGO PROJECT                                             ',b'K.RADHAKRISHNAN                                                 ',59,b'A',21:00.0,b'1',17.417,90.837,b'1',b'ARGOS   ',165,15.43,33.883
56,16,b'2900268 ',b'INDIAN ARGO PROJECT                                             ',b'K.RADHAKRISHNAN                                                 ',59,b'A',21:00.0,b'1',17.417,90.837,b'1',b'ARGOS   ',175,14.609,33.902
56,17,b'2900268 ',b'INDIAN ARGO PROJECT                                             ',b'K.RADHAKRISHNAN                                                 ',59,b'A',21:00.0,b'1',17.417,90.837,b'1',b'ARGOS   ',185,14.011,33.924
56,18,b'2900268 ',b'INDIAN ARGO PROJECT                                             ',b'K.RADHAKRISHNAN                                                 ',59,b'A',21:00.0,b'1',17.417,90.837,b'1',b'ARGOS   ',195,13.482,33.931
56,19,b'2900268 ',b'INDIAN ARGO PROJECT                                             ',b'K.RADHAKRISHNAN                                                 ',59,b'A',21:00.0,b'1',17.417,90.837,b'1',b'ARGOS   ',205,13.084,33.942
56,20,b'2900268 ',b'INDIAN ARGO PROJECT                                             ',b'K.RADHAKRISHNAN                                                 ',59,b'A',21:00.0,b'1',17.417,90.837,b'1',b'ARGOS   ',215,12.81,33.946
56,21,b'2900268 ',b'INDIAN ARGO PROJECT                                             ',b'K.RADHAKRISHNAN                                                 ',59,b'A',21:00.0,b'1',17.417,90.837,b'1',b'ARGOS   ',226,12.487,33.955
56,22,b'2900268 ',b'INDIAN ARGO PROJECT                                             ',b'K.RADHAKRISHNAN                                                 ',59,b'A',21:00.0,b'1',17.417,90.837,b'1',b'ARGOS   ',235,12.272,33.953
56,23,b'2900268 ',b'INDIAN ARGO PROJECT                                             ',b'K.RADHAKRISHNAN                                                 ',59,b'A',21:00.0,b'1',17.417,90.837,b'1',b'ARGOS   ',245,12.117,33.954
56,24,b'2900268 ',b'INDIAN ARGO PROJECT                                             ',b'K.RADHAKRISHNAN                                                 ',59,b'A',21:00.0,b'1',17.417,90.837,b'1',b'ARGOS   ',255,11.949,33.957
56,25,b'2900268 ',b'INDIAN ARGO PROJECT                                             ',b'K.RADHAKRISHNAN                                                 ',59,b'A',21:00.0,b'1',17.417,90.837,b'1',b'ARGOS   ',265,11.829,33.965
56,26,b'2900268 ',b'INDIAN ARGO PROJECT                                             ',b'K.RADHAKRISHNAN                                                 ',59,b'A',21:00.0,b'1',17.417,90.837,b'1',b'ARGOS   ',275,11.69,33.96
56,27,b'2900268 ',b'INDIAN ARGO PROJECT                                             ',b'K.RADHAKRISHNAN                                                 ',59,b'A',21:00.0,b'1',17.417,90.837,b'1',b'ARGOS   ',285,11.56,33.967
56,28,b'2900268 ',b'INDIAN ARGO PROJECT                                             ',b'K.RADHAKRISHNAN                                                 ',59,b'A',21:00.0,b'1',17.417,90.837,b'1',b'ARGOS   ',295,11.438,33.967
56,29,b'2900268 ',b'INDIAN ARGO PROJECT                                             ',b'K.RADHAKRISHNAN                                                 ',59,b'A',21:00.0,b'1',17.417,90.837,b'1',b'ARGOS   ',305,11.313,33.969
56,30,b'2900268 ',b'INDIAN ARGO PROJECT                                             ',b'K.RADHAKRISHNAN                                                 ',59,b'A',21:00.0,b'1',17.417,90.837,b'1',b'ARGOS   ',315,11.217,33.964
56,31,b'2900268 ',b'INDIAN ARGO PROJECT                                             ',b'K.RADHAKRISHNAN                                                 ',59,b'A',21:00.0,b'1',17.417,90.837,b'1',b'ARGOS   ',325,11.112,33.967
56,32,b'2900268 ',b'INDIAN ARGO PROJECT                                             ',b'K.RADHAKRISHNAN                                                 ',59,b'A',21:00.0,b'1',17.417,90.837,b'1',b'ARGOS   ',335,10.997,33.97
56,33,b'2900268 ',b'INDIAN ARGO PROJECT                                             ',b'K.RADHAKRISHNAN                                                 ',59,b'A',21:00.0,b'1',17.417,90.837,b'1',b'ARGOS   ',345,10.914,33.973
56,34,b'2900268 ',b'INDIAN ARGO PROJECT                                             ',b'K.RADHAKRISHNAN                                                 ',59,b'A',21:00.0,b'1',17.417,90.837,b'1',b'ARGOS   ',355,10.827,33.969
56,35,b'2900268 ',b'INDIAN ARGO PROJECT                                             ',b'K.RADHAKRISHNAN                                                 ',59,b'A',21:00.0,b'1',17.417,90.837,b'1',b'ARGOS   ',365,10.735,33.97
56,36,b'2900268 ',b'INDIAN ARGO PROJECT                                             ',b'K.RADHAKRISHNAN                                                 ',59,b'A',21:00.0,b'1',17.417,90.837,b'1',b'ARGOS   ',375,10.64,33.964
56,37,b'2900268 ',b'INDIAN ARGO PROJECT                                             ',b'K.RADHAKRISHNAN                                                 ',59,b'A',21:00.0,b'1',17.417,90.837,b'1',b'ARGOS   ',385,10.585,33.97
56,38,b'2900268 ',b'INDIAN ARGO PROJECT                                             ',b'K.RADHAKRISHNAN                                                 ',59,b'A',21:00.0,b'1',17.417,90.837,b'1',b'ARGOS   ',395,10.511,33.965
56,39,b'2900268 ',b'INDIAN ARGO PROJECT                                             ',b'K.RADHAKRISHNAN                                                 ',59,b'A',21:00.0,b'1',17.417,90.837,b'1',b'ARGOS   ',405,10.417,33.967
56,40,b'2900268 ',b'INDIAN ARGO PROJECT                                             ',b'K.RADHAKRISHNAN                                                 ',59,b'A',21:00.0,b'1',17.417,90.837,b'1',b'ARGOS   ',415,10.32,33.963
56,41,b'2900268 ',b'INDIAN ARGO PROJECT                                             ',b'K.RADHAKRISHNAN                                                 ',59,b'A',21:00.0,b'1',17.417,90.837,b'1',b'ARGOS   ',452,10.075,33.963
56,42,b'2900268 ',b'INDIAN ARGO PROJECT                                             ',b'K.RADHAKRISHNAN                                                 ',59,b'A',21:00.0,b'1',17.417,90.837,b'1',b'ARGOS   ',500,9.751,33.96
56,43,b'2900268 ',b'INDIAN ARGO PROJECT                                             ',b'K.RADHAKRISHNAN                                                 ',59,b'A',21:00.0,b'1',17.417,90.837,b'1',b'ARGOS   ',550,9.355,33.952
56,44,b'2900268 ',b'INDIAN ARGO PROJECT                                             ',b'K.RADHAKRISHNAN                                                 ',59,b'A',21:00.0,b'1',17.417,90.837,b'1',b'ARGOS   ',600,9.047,33.942
56,45,b'2900268 ',b'INDIAN ARGO PROJECT                                             ',b'K.RADHAKRISHNAN                                                 ',59,b'A',21:00.0,b'1',17.417,90.837,b'1',b'ARGOS   ',650,8.753,33.939
56,46,b'2900268 ',b'INDIAN ARGO PROJECT                                             ',b'K.RADHAKRISHNAN                                                 ',59,b'A',21:00.0,b'1',17.417,90.837,b'1',b'ARGOS   ',700,8.364,33.92
56,47,b'2900268 ',b'INDIAN ARGO PROJECT                                             ',b'K.RADHAKRISHNAN                                                 ',59,b'A',21:00.0,b'1',17.417,90.837,b'1',b'ARGOS   ',751,8.079,33.917
56,48,b'2900268 ',b'INDIAN ARGO PROJECT                                             ',b'K.RADHAKRISHNAN                                                 ',59,b'A',21:00.0,b'1',17.417,90.837,b'1',b'ARGOS   ',800,7.761,33.903
56,49,b'2900268 ',b'INDIAN ARGO PROJECT                                             ',b'K.RADHAKRISHNAN                                                 ',59,b'A',21:00.0,b'1',17.417,90.837,b'1',b'ARGOS   ',850,7.413,33.894
56,50,b'2900268 ',b'INDIAN ARGO PROJECT                                             ',b'K.RADHAKRISHNAN                                                 ',59,b'A',21:00.0,b'1',17.417,90.837,b'1',b'ARGOS   ',900,7.094,33.878
56,51,b'2900268 ',b'INDIAN ARGO PROJECT                                             ',b'K.RADHAKRISHNAN                                                 ',59,b'A',21:00.0,b'1',17.417,90.837,b'1',b'ARGOS   ',950,6.812,33.869
56,52,b'2900268 ',b'INDIAN ARGO PROJECT                                             ',b'K.RADHAKRISHNAN                                                 ',59,b'A',21:00.0,b'1',17.417,90.837,b'1',b'ARGOS   ',987,6.632,33.864
57,0,b'2900268 ',b'INDIAN ARGO PROJECT                                             ',b'K.RADHAKRISHNAN                                                 ',60,b'A',21:00.0,b'1',17.773,91.139,b'1',b'ARGOS   ',15,28.704,32.485
57,1,b'2900268 ',b'INDIAN ARGO PROJECT                                             ',b'K.RADHAKRISHNAN                                                 ',60,b'A',21:00.0,b'1',17.773,91.139,b'1',b'ARGOS   ',25,28.689,32.492
57,2,b'2900268 ',b'INDIAN ARGO PROJECT                                             ',b'K.RADHAKRISHNAN                                                 ',60,b'A',21:00.0,b'1',17.773,91.139,b'1',b'ARGOS   ',35,28.687,32.491
57,3,b'2900268 ',b'INDIAN ARGO PROJECT                                             ',b'K.RADHAKRISHNAN                                                 ',60,b'A',21:00.0,b'1',17.773,91.139,b'1',b'ARGOS   ',45,28.113,32.406
57,4,b'2900268 ',b'INDIAN ARGO PROJECT                                             ',b'K.RADHAKRISHNAN                                                 ',60,b'A',21:00.0,b'1',17.773,91.139,b'1',b'ARGOS   ',55,26.958,32.391
57,5,b'2900268 ',b'INDIAN ARGO PROJECT                                             ',b'K.RADHAKRISHNAN                                                 ',60,b'A',21:00.0,b'1',17.773,91.139,b'1',b'ARGOS   ',66,26.551,32.523
57,6,b'2900268 ',b'INDIAN ARGO PROJECT                                             ',b'K.RADHAKRISHNAN                                                 ',60,b'A',21:00.0,b'1',17.773,91.139,b'1',b'ARGOS   ',75,26.442,32.854
57,7,b'2900268 ',b'INDIAN ARGO PROJECT                                             ',b'K.RADHAKRISHNAN                                                 ',60,b'A',21:00.0,b'1',17.773,91.139,b'1',b'ARGOS   ',85,25.431,33.525
57,8,b'2900268 ',b'INDIAN ARGO PROJECT                                             ',b'K.RADHAKRISHNAN                                                 ',60,b'A',21:00.0,b'1',17.773,91.139,b'1',b'ARGOS   ',95,23.593,33.745
57,9,b'2900268 ',b'INDIAN ARGO PROJECT                                             ',b'K.RADHAKRISHNAN                                                 ',60,b'A',21:00.0,b'1',17.773,91.139,b'1',b'ARGOS   ',106,21.985,33.81
57,10,b'2900268 ',b'INDIAN ARGO PROJECT                                             ',b'K.RADHAKRISHNAN                                                 ',60,b'A',21:00.0,b'1',17.773,91.139,b'1',b'ARGOS   ',115,20.921,33.869
57,11,b'2900268 ',b'INDIAN ARGO PROJECT                                             ',b'K.RADHAKRISHNAN                                                 ',60,b'A',21:00.0,b'1',17.773,91.139,b'1',b'ARGOS   ',125,19.848,33.891
57,12,b'2900268 ',b'INDIAN ARGO PROJECT                                             ',b'K.RADHAKRISHNAN                                                 ',60,b'A',21:00.0,b'1',17.773,91.139,b'1',b'ARGOS   ',135,18.972,33.914
57,13,b'2900268 ',b'INDIAN ARGO PROJECT                                             ',b'K.RADHAKRISHNAN                                                 ',60,b'A',21:00.0,b'1',17.773,91.139,b'1',b'ARGOS   ',145,18.225,33.929
57,14,b'2900268 ',b'INDIAN ARGO PROJECT                                             ',b'K.RADHAKRISHNAN                                                 ',60,b'A',21:00.0,b'1',17.773,91.139,b'1',b'ARGOS   ',155,17.253,33.94
57,15,b'2900268 ',b'INDIAN ARGO PROJECT                                             ',b'K.RADHAKRISHNAN                                                 ',60,b'A',21:00.0,b'1',17.773,91.139,b'1',b'ARGOS   ',165,16.388,33.952
57,16,b'2900268 ',b'INDIAN ARGO PROJECT                                             ',b'K.RADHAKRISHNAN                                                 ',60,b'A',21:00.0,b'1',17.773,91.139,b'1',b'ARGOS   ',175,15.5,33.971
57,17,b'2900268 ',b'INDIAN ARGO PROJECT                                             ',b'K.RADHAKRISHNAN                                                 ',60,b'A',21:00.0,b'1',17.773,91.139,b'1',b'ARGOS   ',185,14.689,34.002
57,18,b'2900268 ',b'INDIAN ARGO PROJECT                                             ',b'K.RADHAKRISHNAN                                                 ',60,b'A',21:00.0,b'1',17.773,91.139,b'1',b'ARGOS   ',195,14.088,34.019
57,19,b'2900268 ',b'INDIAN ARGO PROJECT                                             ',b'K.RADHAKRISHNAN                                                 ',60,b'A',21:00.0,b'1',17.773,91.139,b'1',b'ARGOS   ',205,13.592,34.026
57,20,b'2900268 ',b'INDIAN ARGO PROJECT                                             ',b'K.RADHAKRISHNAN                                                 ',60,b'A',21:00.0,b'1',17.773,91.139,b'1',b'ARGOS   ',215,13.233,34.032
57,21,b'2900268 ',b'INDIAN ARGO PROJECT                                             ',b'K.RADHAKRISHNAN                                                 ',60,b'A',21:00.0,b'1',17.773,91.139,b'1',b'ARGOS   ',225,12.994,34.034
57,22,b'2900268 ',b'INDIAN ARGO PROJECT                                             ',b'K.RADHAKRISHNAN                                                 ',60,b'A',21:00.0,b'1',17.773,91.139,b'1',b'ARGOS   ',236,12.738,34.04
57,23,b'2900268 ',b'INDIAN ARGO PROJECT                                             ',b'K.RADHAKRISHNAN                                                 ',60,b'A',21:00.0,b'1',17.773,91.139,b'1',b'ARGOS   ',245,12.476,34.043
57,24,b'2900268 ',b'INDIAN ARGO PROJECT                                             ',b'K.RADHAKRISHNAN                                                 ',60,b'A',21:00.0,b'1',17.773,91.139,b'1',b'ARGOS   ',255,12.192,34.046
57,25,b'2900268 ',b'INDIAN ARGO PROJECT                                             ',b'K.RADHAKRISHNAN                                                 ',60,b'A',21:00.0,b'1',17.773,91.139,b'1',b'ARGOS   ',266,12.041,34.053
57,26,b'2900268 ',b'INDIAN ARGO PROJECT                                             ',b'K.RADHAKRISHNAN                                                 ',60,b'A',21:00.0,b'1',17.773,91.139,b'1',b'ARGOS   ',275,11.905,34.057
57,27,b'2900268 ',b'INDIAN ARGO PROJECT                                             ',b'K.RADHAKRISHNAN                                                 ',60,b'A',21:00.0,b'1',17.773,91.139,b'1',b'ARGOS   ',285,11.749,34.058
57,28,b'2900268 ',b'INDIAN ARGO PROJECT                                             ',b'K.RADHAKRISHNAN                                                 ',60,b'A',21:00.0,b'1',17.773,91.139,b'1',b'ARGOS   ',295,11.585,34.058
57,29,b'2900268 ',b'INDIAN ARGO PROJECT                                             ',b'K.RADHAKRISHNAN                                                 ',60,b'A',21:00.0,b'1',17.773,91.139,b'1',b'ARGOS   ',305,11.449,34.06
57,30,b'2900268 ',b'INDIAN ARGO PROJECT                                             ',b'K.RADHAKRISHNAN                                                 ',60,b'A',21:00.0,b'1',17.773,91.139,b'1',b'ARGOS   ',315,11.332,34.056
57,31,b'2900268 ',b'INDIAN ARGO PROJECT                                             ',b'K.RADHAKRISHNAN                                                 ',60,b'A',21:00.0,b'1',17.773,91.139,b'1',b'ARGOS   ',325,11.239,34.058
57,32,b'2900268 ',b'INDIAN ARGO PROJECT                                             ',b'K.RADHAKRISHNAN                                                 ',60,b'A',21:00.0,b'1',17.773,91.139,b'1',b'ARGOS   ',335,11.167,34.061
57,33,b'2900268 ',b'INDIAN ARGO PROJECT                                             ',b'K.RADHAKRISHNAN                                                 ',60,b'A',21:00.0,b'1',17.773,91.139,b'1',b'ARGOS   ',345,11.085,34.063
57,34,b'2900268 ',b'INDIAN ARGO PROJECT                                             ',b'K.RADHAKRISHNAN                                                 ',60,b'A',21:00.0,b'1',17.773,91.139,b'1',b'ARGOS   ',355,11.003,34.065
57,35,b'2900268 ',b'INDIAN ARGO PROJECT                                             ',b'K.RADHAKRISHNAN                                                 ',60,b'A',21:00.0,b'1',17.773,91.139,b'1',b'ARGOS   ',365,10.914,34.063
57,36,b'2900268 ',b'INDIAN ARGO PROJECT                                             ',b'K.RADHAKRISHNAN                                                 ',60,b'A',21:00.0,b'1',17.773,91.139,b'1',b'ARGOS   ',375,10.837,34.061
57,37,b'2900268 ',b'INDIAN ARGO PROJECT                                             ',b'K.RADHAKRISHNAN                                                 ',60,b'A',21:00.0,b'1',17.773,91.139,b'1',b'ARGOS   ',385,10.765,34.063
57,38,b'2900268 ',b'INDIAN ARGO PROJECT                                             ',b'K.RADHAKRISHNAN                                                 ',60,b'A',21:00.0,b'1',17.773,91.139,b'1',b'ARGOS   ',395,10.673,34.065
57,39,b'2900268 ',b'INDIAN ARGO PROJECT                                             ',b'K.RADHAKRISHNAN                                                 ',60,b'A',21:00.0,b'1',17.773,91.139,b'1',b'ARGOS   ',406,10.604,34.064
57,40,b'2900268 ',b'INDIAN ARGO PROJECT                                             ',b'K.RADHAKRISHNAN                                                 ',60,b'A',21:00.0,b'1',17.773,91.139,b'1',b'ARGOS   ',415,10.541,34.058
57,41,b'2900268 ',b'INDIAN ARGO PROJECT                                             ',b'K.RADHAKRISHNAN                                                 ',60,b'A',21:00.0,b'1',17.773,91.139,b'1',b'ARGOS   ',452,10.298,34.058
57,42,b'2900268 ',b'INDIAN ARGO PROJECT                                             ',b'K.RADHAKRISHNAN                                                 ',60,b'A',21:00.0,b'1',17.773,91.139,b'1',b'ARGOS   ',500,9.967,34.053
57,43,b'2900268 ',b'INDIAN ARGO PROJECT                                             ',b'K.RADHAKRISHNAN                                                 ',60,b'A',21:00.0,b'1',17.773,91.139,b'1',b'ARGOS   ',550,9.636,34.047
57,44,b'2900268 ',b'INDIAN ARGO PROJECT                                             ',b'K.RADHAKRISHNAN                                                 ',60,b'A',21:00.0,b'1',17.773,91.139,b'1',b'ARGOS   ',599,9.196,34.04
57,45,b'2900268 ',b'INDIAN ARGO PROJECT                                             ',b'K.RADHAKRISHNAN                                                 ',60,b'A',21:00.0,b'1',17.773,91.139,b'1',b'ARGOS   ',649,8.777,34.031
57,46,b'2900268 ',b'INDIAN ARGO PROJECT                                             ',b'K.RADHAKRISHNAN                                                 ',60,b'A',21:00.0,b'1',17.773,91.139,b'1',b'ARGOS   ',700,8.442,34.014
57,47,b'2900268 ',b'INDIAN ARGO PROJECT                                             ',b'K.RADHAKRISHNAN                                                 ',60,b'A',21:00.0,b'1',17.773,91.139,b'1',b'ARGOS   ',751,8.131,34.005
57,48,b'2900268 ',b'INDIAN ARGO PROJECT                                             ',b'K.RADHAKRISHNAN                                                 ',60,b'A',21:00.0,b'1',17.773,91.139,b'1',b'ARGOS   ',800,7.843,33.994
57,49,b'2900268 ',b'INDIAN ARGO PROJECT                                             ',b'K.RADHAKRISHNAN                                                 ',60,b'A',21:00.0,b'1',17.773,91.139,b'1',b'ARGOS   ',850,7.562,33.987
57,50,b'2900268 ',b'INDIAN ARGO PROJECT                                             ',b'K.RADHAKRISHNAN                                                 ',60,b'A',21:00.0,b'1',17.773,91.139,b'1',b'ARGOS   ',900,7.262,33.975
57,51,b'2900268 ',b'INDIAN ARGO PROJECT                                             ',b'K.RADHAKRISHNAN                                                 ',60,b'A',21:00.0,b'1',17.773,91.139,b'1',b'ARGOS   ',950,6.958,33.966
57,52,b'2900268 ',b'INDIAN ARGO PROJECT                                             ',b'K.RADHAKRISHNAN                                                 ',60,b'A',21:00.0,b'1',17.773,91.139,b'1',b'ARGOS   ',982,6.793,33.96
58,0,b'2900268 ',b'INDIAN ARGO PROJECT                                             ',b'K.RADHAKRISHNAN                                                 ',61,b'A',09:00.0,b'1',18.001,91.249,b'1',b'ARGOS   ',14,29.013,31.753
58,1,b'2900268 ',b'INDIAN ARGO PROJECT                                             ',b'K.RADHAKRISHNAN                                                 ',61,b'A',09:00.0,b'1',18.001,91.249,b'1',b'ARGOS   ',25,28.911,31.981
58,2,b'2900268 ',b'INDIAN ARGO PROJECT                                             ',b'K.RADHAKRISHNAN                                                 ',61,b'A',09:00.0,b'1',18.001,91.249,b'1',b'ARGOS   ',35,28.838,32.375
58,3,b'2900268 ',b'INDIAN ARGO PROJECT                                             ',b'K.RADHAKRISHNAN                                                 ',61,b'A',09:00.0,b'1',18.001,91.249,b'1',b'ARGOS   ',45,27.603,32.368
58,4,b'2900268 ',b'INDIAN ARGO PROJECT                                             ',b'K.RADHAKRISHNAN                                                 ',61,b'A',09:00.0,b'1',18.001,91.249,b'1',b'ARGOS   ',54,27.069,32.596
58,5,b'2900268 ',b'INDIAN ARGO PROJECT                                             ',b'K.RADHAKRISHNAN                                                 ',61,b'A',09:00.0,b'1',18.001,91.249,b'1',b'ARGOS   ',65,26.567,33.025
58,6,b'2900268 ',b'INDIAN ARGO PROJECT                                             ',b'K.RADHAKRISHNAN                                                 ',61,b'A',09:00.0,b'1',18.001,91.249,b'1',b'ARGOS   ',76,26.153,33.37
58,7,b'2900268 ',b'INDIAN ARGO PROJECT                                             ',b'K.RADHAKRISHNAN                                                 ',61,b'A',09:00.0,b'1',18.001,91.249,b'1',b'ARGOS   ',85,25.044,33.606
58,8,b'2900268 ',b'INDIAN ARGO PROJECT                                             ',b'K.RADHAKRISHNAN                                                 ',61,b'A',09:00.0,b'1',18.001,91.249,b'1',b'ARGOS   ',95,23.506,33.796
58,9,b'2900268 ',b'INDIAN ARGO PROJECT                                             ',b'K.RADHAKRISHNAN                                                 ',61,b'A',09:00.0,b'1',18.001,91.249,b'1',b'ARGOS   ',106,22.392,33.851
58,10,b'2900268 ',b'INDIAN ARGO PROJECT                                             ',b'K.RADHAKRISHNAN                                                 ',61,b'A',09:00.0,b'1',18.001,91.249,b'1',b'ARGOS   ',115,21.276,33.874
58,11,b'2900268 ',b'INDIAN ARGO PROJECT                                             ',b'K.RADHAKRISHNAN                                                 ',61,b'A',09:00.0,b'1',18.001,91.249,b'1',b'ARGOS   ',125,19.837,33.867
58,12,b'2900268 ',b'INDIAN ARGO PROJECT                                             ',b'K.RADHAKRISHNAN                                                 ',61,b'A',09:00.0,b'1',18.001,91.249,b'1',b'ARGOS   ',135,18.75,33.87
58,13,b'2900268 ',b'INDIAN ARGO PROJECT                                             ',b'K.RADHAKRISHNAN                                                 ',61,b'A',09:00.0,b'1',18.001,91.249,b'1',b'ARGOS   ',145,17.566,33.948
58,14,b'2900268 ',b'INDIAN ARGO PROJECT                                             ',b'K.RADHAKRISHNAN                                                 ',61,b'A',09:00.0,b'1',18.001,91.249,b'1',b'ARGOS   ',155,16.832,33.965
58,15,b'2900268 ',b'INDIAN ARGO PROJECT                                             ',b'K.RADHAKRISHNAN                                                 ',61,b'A',09:00.0,b'1',18.001,91.249,b'1',b'ARGOS   ',165,16.148,33.989
58,16,b'2900268 ',b'INDIAN ARGO PROJECT                                             ',b'K.RADHAKRISHNAN                                                 ',61,b'A',09:00.0,b'1',18.001,91.249,b'1',b'ARGOS   ',175,15.536,34.012
58,17,b'2900268 ',b'INDIAN ARGO PROJECT                                             ',b'K.RADHAKRISHNAN                                                 ',61,b'A',09:00.0,b'1',18.001,91.249,b'1',b'ARGOS   ',185,14.818,34.026
58,18,b'2900268 ',b'INDIAN ARGO PROJECT                                             ',b'K.RADHAKRISHNAN                                                 ',61,b'A',09:00.0,b'1',18.001,91.249,b'1',b'ARGOS   ',195,14.296,34.039
58,19,b'2900268 ',b'INDIAN ARGO PROJECT                                             ',b'K.RADHAKRISHNAN                                                 ',61,b'A',09:00.0,b'1',18.001,91.249,b'1',b'ARGOS   ',205,13.637,34.07
58,20,b'2900268 ',b'INDIAN ARGO PROJECT                                             ',b'K.RADHAKRISHNAN                                                 ',61,b'A',09:00.0,b'1',18.001,91.249,b'1',b'ARGOS   ',215,13.256,34.077
58,21,b'2900268 ',b'INDIAN ARGO PROJECT                                             ',b'K.RADHAKRISHNAN                                                 ',61,b'A',09:00.0,b'1',18.001,91.249,b'1',b'ARGOS   ',225,12.978,34.076
58,22,b'2900268 ',b'INDIAN ARGO PROJECT                                             ',b'K.RADHAKRISHNAN                                                 ',61,b'A',09:00.0,b'1',18.001,91.249,b'1',b'ARGOS   ',235,12.729,34.087
58,23,b'2900268 ',b'INDIAN ARGO PROJECT                                             ',b'K.RADHAKRISHNAN                                                 ',61,b'A',09:00.0,b'1',18.001,91.249,b'1',b'ARGOS   ',245,12.425,34.099
58,24,b'2900268 ',b'INDIAN ARGO PROJECT                                             ',b'K.RADHAKRISHNAN                                                 ',61,b'A',09:00.0,b'1',18.001,91.249,b'1',b'ARGOS   ',255,12.199,34.098
58,25,b'2900268 ',b'INDIAN ARGO PROJECT                                             ',b'K.RADHAKRISHNAN                                                 ',61,b'A',09:00.0,b'1',18.001,91.249,b'1',b'ARGOS   ',265,12.02,34.102
58,26,b'2900268 ',b'INDIAN ARGO PROJECT                                             ',b'K.RADHAKRISHNAN                                                 ',61,b'A',09:00.0,b'1',18.001,91.249,b'1',b'ARGOS   ',275,11.897,34.103
58,27,b'2900268 ',b'INDIAN ARGO PROJECT                                             ',b'K.RADHAKRISHNAN                                                 ',61,b'A',09:00.0,b'1',18.001,91.249,b'1',b'ARGOS   ',285,11.825,34.106
58,28,b'2900268 ',b'INDIAN ARGO PROJECT                                             ',b'K.RADHAKRISHNAN                                                 ',61,b'A',09:00.0,b'1',18.001,91.249,b'1',b'ARGOS   ',295,11.726,34.105
58,29,b'2900268 ',b'INDIAN ARGO PROJECT                                             ',b'K.RADHAKRISHNAN                                                 ',61,b'A',09:00.0,b'1',18.001,91.249,b'1',b'ARGOS   ',305,11.602,34.106
58,30,b'2900268 ',b'INDIAN ARGO PROJECT                                             ',b'K.RADHAKRISHNAN                                                 ',61,b'A',09:00.0,b'1',18.001,91.249,b'1',b'ARGOS   ',315,11.507,34.111
58,31,b'2900268 ',b'INDIAN ARGO PROJECT                                             ',b'K.RADHAKRISHNAN                                                 ',61,b'A',09:00.0,b'1',18.001,91.249,b'1',b'ARGOS   ',325,11.395,34.111
58,32,b'2900268 ',b'INDIAN ARGO PROJECT                                             ',b'K.RADHAKRISHNAN                                                 ',61,b'A',09:00.0,b'1',18.001,91.249,b'1',b'ARGOS   ',335,11.297,34.109
58,33,b'2900268 ',b'INDIAN ARGO PROJECT                                             ',b'K.RADHAKRISHNAN                                                 ',61,b'A',09:00.0,b'1',18.001,91.249,b'1',b'ARGOS   ',345,11.208,34.108
58,34,b'2900268 ',b'INDIAN ARGO PROJECT                                             ',b'K.RADHAKRISHNAN                                                 ',61,b'A',09:00.0,b'1',18.001,91.249,b'1',b'ARGOS   ',355,11.145,34.112
58,35,b'2900268 ',b'INDIAN ARGO PROJECT                                             ',b'K.RADHAKRISHNAN                                                 ',61,b'A',09:00.0,b'1',18.001,91.249,b'1',b'ARGOS   ',365,11.067,34.111
58,36,b'2900268 ',b'INDIAN ARGO PROJECT                                             ',b'K.RADHAKRISHNAN                                                 ',61,b'A',09:00.0,b'1',18.001,91.249,b'1',b'ARGOS   ',375,10.973,34.114
58,37,b'2900268 ',b'INDIAN ARGO PROJECT                                             ',b'K.RADHAKRISHNAN                                                 ',61,b'A',09:00.0,b'1',18.001,91.249,b'1',b'ARGOS   ',385,10.897,34.11
58,38,b'2900268 ',b'INDIAN ARGO PROJECT                                             ',b'K.RADHAKRISHNAN                                                 ',61,b'A',09:00.0,b'1',18.001,91.249,b'1',b'ARGOS   ',395,10.816,34.112
58,39,b'2900268 ',b'INDIAN ARGO PROJECT                                             ',b'K.RADHAKRISHNAN                                                 ',61,b'A',09:00.0,b'1',18.001,91.249,b'1',b'ARGOS   ',405,10.733,34.104
58,40,b'2900268 ',b'INDIAN ARGO PROJECT                                             ',b'K.RADHAKRISHNAN                                                 ',61,b'A',09:00.0,b'1',18.001,91.249,b'1',b'ARGOS   ',415,10.674,34.105
58,41,b'2900268 ',b'INDIAN ARGO PROJECT                                             ',b'K.RADHAKRISHNAN                                                 ',61,b'A',09:00.0,b'1',18.001,91.249,b'1',b'ARGOS   ',451,10.428,34.108
58,42,b'2900268 ',b'INDIAN ARGO PROJECT                                             ',b'K.RADHAKRISHNAN                                                 ',61,b'A',09:00.0,b'1',18.001,91.249,b'1',b'ARGOS   ',500,10.042,34.104
58,43,b'2900268 ',b'INDIAN ARGO PROJECT                                             ',b'K.RADHAKRISHNAN                                                 ',61,b'A',09:00.0,b'1',18.001,91.249,b'1',b'ARGOS   ',550,9.668,34.098
58,44,b'2900268 ',b'INDIAN ARGO PROJECT                                             ',b'K.RADHAKRISHNAN                                                 ',61,b'A',09:00.0,b'1',18.001,91.249,b'1',b'ARGOS   ',600,9.266,34.086
58,45,b'2900268 ',b'INDIAN ARGO PROJECT                                             ',b'K.RADHAKRISHNAN                                                 ',61,b'A',09:00.0,b'1',18.001,91.249,b'1',b'ARGOS   ',649,8.889,34.081
58,46,b'2900268 ',b'INDIAN ARGO PROJECT                                             ',b'K.RADHAKRISHNAN                                                 ',61,b'A',09:00.0,b'1',18.001,91.249,b'1',b'ARGOS   ',702,8.546,34.071
58,47,b'2900268 ',b'INDIAN ARGO PROJECT                                             ',b'K.RADHAKRISHNAN                                                 ',61,b'A',09:00.0,b'1',18.001,91.249,b'1',b'ARGOS   ',750,8.294,34.06
58,48,b'2900268 ',b'INDIAN ARGO PROJECT                                             ',b'K.RADHAKRISHNAN                                                 ',61,b'A',09:00.0,b'1',18.001,91.249,b'1',b'ARGOS   ',801,7.986,34.048
58,49,b'2900268 ',b'INDIAN ARGO PROJECT                                             ',b'K.RADHAKRISHNAN                                                 ',61,b'A',09:00.0,b'1',18.001,91.249,b'1',b'ARGOS   ',849,7.677,34.047
58,50,b'2900268 ',b'INDIAN ARGO PROJECT                                             ',b'K.RADHAKRISHNAN                                                 ',61,b'A',09:00.0,b'1',18.001,91.249,b'1',b'ARGOS   ',899,7.346,34.034
58,51,b'2900268 ',b'INDIAN ARGO PROJECT                                             ',b'K.RADHAKRISHNAN                                                 ',61,b'A',09:00.0,b'1',18.001,91.249,b'1',b'ARGOS   ',952,7.086,34.025
58,52,b'2900268 ',b'INDIAN ARGO PROJECT                                             ',b'K.RADHAKRISHNAN                                                 ',61,b'A',09:00.0,b'1',18.001,91.249,b'1',b'ARGOS   ',977,6.955,34.011
59,0,b'2900268 ',b'INDIAN ARGO PROJECT                                             ',b'K.RADHAKRISHNAN                                                 ',62,b'A',15:00.0,b'1',18.034,91.316,b'1',b'ARGOS   ',15,29.367,32.214
59,1,b'2900268 ',b'INDIAN ARGO PROJECT                                             ',b'K.RADHAKRISHNAN                                                 ',62,b'A',15:00.0,b'1',18.034,91.316,b'1',b'ARGOS   ',25,29.183,32.694
59,2,b'2900268 ',b'INDIAN ARGO PROJECT                                             ',b'K.RADHAKRISHNAN                                                 ',62,b'A',15:00.0,b'1',18.034,91.316,b'1',b'ARGOS   ',35,29.163,33.093
59,3,b'2900268 ',b'INDIAN ARGO PROJECT                                             ',b'K.RADHAKRISHNAN                                                 ',62,b'A',15:00.0,b'1',18.034,91.316,b'1',b'ARGOS   ',45,29.008,33.149
59,4,b'2900268 ',b'INDIAN ARGO PROJECT                                             ',b'K.RADHAKRISHNAN                                                 ',62,b'A',15:00.0,b'1',18.034,91.316,b'1',b'ARGOS   ',55,28.817,33.183
59,5,b'2900268 ',b'INDIAN ARGO PROJECT                                             ',b'K.RADHAKRISHNAN                                                 ',62,b'A',15:00.0,b'1',18.034,91.316,b'1',b'ARGOS   ',66,27.331,32.859
59,6,b'2900268 ',b'INDIAN ARGO PROJECT                                             ',b'K.RADHAKRISHNAN                                                 ',62,b'A',15:00.0,b'1',18.034,91.316,b'1',b'ARGOS   ',75,26.669,32.95
59,7,b'2900268 ',b'INDIAN ARGO PROJECT                                             ',b'K.RADHAKRISHNAN                                                 ',62,b'A',15:00.0,b'1',18.034,91.316,b'1',b'ARGOS   ',85,25.706,33.52
59,8,b'2900268 ',b'INDIAN ARGO PROJECT                                             ',b'K.RADHAKRISHNAN                                                 ',62,b'A',15:00.0,b'1',18.034,91.316,b'1',b'ARGOS   ',95,24.395,33.732
59,9,b'2900268 ',b'INDIAN ARGO PROJECT                                             ',b'K.RADHAKRISHNAN                                                 ',62,b'A',15:00.0,b'1',18.034,91.316,b'1',b'ARGOS   ',105,22.607,33.832
59,10,b'2900268 ',b'INDIAN ARGO PROJECT                                             ',b'K.RADHAKRISHNAN                                                 ',62,b'A',15:00.0,b'1',18.034,91.316,b'1',b'ARGOS   ',115,21.29,33.879
59,11,b'2900268 ',b'INDIAN ARGO PROJECT                                             ',b'K.RADHAKRISHNAN                                                 ',62,b'A',15:00.0,b'1',18.034,91.316,b'1',b'ARGOS   ',125,20.354,33.907
59,12,b'2900268 ',b'INDIAN ARGO PROJECT                                             ',b'K.RADHAKRISHNAN                                                 ',62,b'A',15:00.0,b'1',18.034,91.316,b'1',b'ARGOS   ',135,19.514,33.953
59,13,b'2900268 ',b'INDIAN ARGO PROJECT                                             ',b'K.RADHAKRISHNAN                                                 ',62,b'A',15:00.0,b'1',18.034,91.316,b'1',b'ARGOS   ',145,18.62,33.973
59,14,b'2900268 ',b'INDIAN ARGO PROJECT                                             ',b'K.RADHAKRISHNAN                                                 ',62,b'A',15:00.0,b'1',18.034,91.316,b'1',b'ARGOS   ',155,17.777,33.974
59,15,b'2900268 ',b'INDIAN ARGO PROJECT                                             ',b'K.RADHAKRISHNAN                                                 ',62,b'A',15:00.0,b'1',18.034,91.316,b'1',b'ARGOS   ',165,17.03,33.977
59,16,b'2900268 ',b'INDIAN ARGO PROJECT                                             ',b'K.RADHAKRISHNAN                                                 ',62,b'A',15:00.0,b'1',18.034,91.316,b'1',b'ARGOS   ',175,16.307,34.017
59,17,b'2900268 ',b'INDIAN ARGO PROJECT                                             ',b'K.RADHAKRISHNAN                                                 ',62,b'A',15:00.0,b'1',18.034,91.316,b'1',b'ARGOS   ',185,15.71,34.028
59,18,b'2900268 ',b'INDIAN ARGO PROJECT                                             ',b'K.RADHAKRISHNAN                                                 ',62,b'A',15:00.0,b'1',18.034,91.316,b'1',b'ARGOS   ',195,15.146,34.054
59,19,b'2900268 ',b'INDIAN ARGO PROJECT                                             ',b'K.RADHAKRISHNAN                                                 ',62,b'A',15:00.0,b'1',18.034,91.316,b'1',b'ARGOS   ',205,14.473,34.055
59,20,b'2900268 ',b'INDIAN ARGO PROJECT                                             ',b'K.RADHAKRISHNAN                                                 ',62,b'A',15:00.0,b'1',18.034,91.316,b'1',b'ARGOS   ',215,13.902,34.074
59,21,b'2900268 ',b'INDIAN ARGO PROJECT                                             ',b'K.RADHAKRISHNAN                                                 ',62,b'A',15:00.0,b'1',18.034,91.316,b'1',b'ARGOS   ',225,13.387,34.088
59,22,b'2900268 ',b'INDIAN ARGO PROJECT                                             ',b'K.RADHAKRISHNAN                                                 ',62,b'A',15:00.0,b'1',18.034,91.316,b'1',b'ARGOS   ',235,13.027,34.095
59,23,b'2900268 ',b'INDIAN ARGO PROJECT                                             ',b'K.RADHAKRISHNAN                                                 ',62,b'A',15:00.0,b'1',18.034,91.316,b'1',b'ARGOS   ',245,12.743,34.099
59,24,b'2900268 ',b'INDIAN ARGO PROJECT                                             ',b'K.RADHAKRISHNAN                                                 ',62,b'A',15:00.0,b'1',18.034,91.316,b'1',b'ARGOS   ',255,12.509,34.105
59,25,b'2900268 ',b'INDIAN ARGO PROJECT                                             ',b'K.RADHAKRISHNAN                                                 ',62,b'A',15:00.0,b'1',18.034,91.316,b'1',b'ARGOS   ',265,12.321,34.108
59,26,b'2900268 ',b'INDIAN ARGO PROJECT                                             ',b'K.RADHAKRISHNAN                                                 ',62,b'A',15:00.0,b'1',18.034,91.316,b'1',b'ARGOS   ',275,12.108,34.104
59,27,b'2900268 ',b'INDIAN ARGO PROJECT                                             ',b'K.RADHAKRISHNAN                                                 ',62,b'A',15:00.0,b'1',18.034,91.316,b'1',b'ARGOS   ',285,11.873,34.111
59,28,b'2900268 ',b'INDIAN ARGO PROJECT                                             ',b'K.RADHAKRISHNAN                                                 ',62,b'A',15:00.0,b'1',18.034,91.316,b'1',b'ARGOS   ',295,11.688,34.12
59,29,b'2900268 ',b'INDIAN ARGO PROJECT                                             ',b'K.RADHAKRISHNAN                                                 ',62,b'A',15:00.0,b'1',18.034,91.316,b'1',b'ARGOS   ',305,11.556,34.119
59,30,b'2900268 ',b'INDIAN ARGO PROJECT                                             ',b'K.RADHAKRISHNAN                                                 ',62,b'A',15:00.0,b'1',18.034,91.316,b'1',b'ARGOS   ',315,11.425,34.118
59,31,b'2900268 ',b'INDIAN ARGO PROJECT                                             ',b'K.RADHAKRISHNAN                                                 ',62,b'A',15:00.0,b'1',18.034,91.316,b'1',b'ARGOS   ',325,11.336,34.117
59,32,b'2900268 ',b'INDIAN ARGO PROJECT                                             ',b'K.RADHAKRISHNAN                                                 ',62,b'A',15:00.0,b'1',18.034,91.316,b'1',b'ARGOS   ',335,11.237,34.125
59,33,b'2900268 ',b'INDIAN ARGO PROJECT                                             ',b'K.RADHAKRISHNAN                                                 ',62,b'A',15:00.0,b'1',18.034,91.316,b'1',b'ARGOS   ',345,11.139,34.122
59,34,b'2900268 ',b'INDIAN ARGO PROJECT                                             ',b'K.RADHAKRISHNAN                                                 ',62,b'A',15:00.0,b'1',18.034,91.316,b'1',b'ARGOS   ',355,11.034,34.116
59,35,b'2900268 ',b'INDIAN ARGO PROJECT                                             ',b'K.RADHAKRISHNAN                                                 ',62,b'A',15:00.0,b'1',18.034,91.316,b'1',b'ARGOS   ',365,10.926,34.122
59,36,b'2900268 ',b'INDIAN ARGO PROJECT                                             ',b'K.RADHAKRISHNAN                                                 ',62,b'A',15:00.0,b'1',18.034,91.316,b'1',b'ARGOS   ',375,10.834,34.123
59,37,b'2900268 ',b'INDIAN ARGO PROJECT                                             ',b'K.RADHAKRISHNAN                                                 ',62,b'A',15:00.0,b'1',18.034,91.316,b'1',b'ARGOS   ',385,10.746,34.121
59,38,b'2900268 ',b'INDIAN ARGO PROJECT                                             ',b'K.RADHAKRISHNAN                                                 ',62,b'A',15:00.0,b'1',18.034,91.316,b'1',b'ARGOS   ',395,10.677,34.121
59,39,b'2900268 ',b'INDIAN ARGO PROJECT                                             ',b'K.RADHAKRISHNAN                                                 ',62,b'A',15:00.0,b'1',18.034,91.316,b'1',b'ARGOS   ',405,10.632,34.118
59,40,b'2900268 ',b'INDIAN ARGO PROJECT                                             ',b'K.RADHAKRISHNAN                                                 ',62,b'A',15:00.0,b'1',18.034,91.316,b'1',b'ARGOS   ',415,10.577,34.115
59,41,b'2900268 ',b'INDIAN ARGO PROJECT                                             ',b'K.RADHAKRISHNAN                                                 ',62,b'A',15:00.0,b'1',18.034,91.316,b'1',b'ARGOS   ',451,10.319,34.119
59,42,b'2900268 ',b'INDIAN ARGO PROJECT                                             ',b'K.RADHAKRISHNAN                                                 ',62,b'A',15:00.0,b'1',18.034,91.316,b'1',b'ARGOS   ',501,9.986,34.116
59,43,b'2900268 ',b'INDIAN ARGO PROJECT                                             ',b'K.RADHAKRISHNAN                                                 ',62,b'A',15:00.0,b'1',18.034,91.316,b'1',b'ARGOS   ',550,9.589,34.101
59,44,b'2900268 ',b'INDIAN ARGO PROJECT                                             ',b'K.RADHAKRISHNAN                                                 ',62,b'A',15:00.0,b'1',18.034,91.316,b'1',b'ARGOS   ',599,9.234,34.097
59,45,b'2900268 ',b'INDIAN ARGO PROJECT                                             ',b'K.RADHAKRISHNAN                                                 ',62,b'A',15:00.0,b'1',18.034,91.316,b'1',b'ARGOS   ',649,8.904,34.087
59,46,b'2900268 ',b'INDIAN ARGO PROJECT                                             ',b'K.RADHAKRISHNAN                                                 ',62,b'A',15:00.0,b'1',18.034,91.316,b'1',b'ARGOS   ',700,8.559,34.081
59,47,b'2900268 ',b'INDIAN ARGO PROJECT                                             ',b'K.RADHAKRISHNAN                                                 ',62,b'A',15:00.0,b'1',18.034,91.316,b'1',b'ARGOS   ',751,8.25,34.07
59,48,b'2900268 ',b'INDIAN ARGO PROJECT                                             ',b'K.RADHAKRISHNAN                                                 ',62,b'A',15:00.0,b'1',18.034,91.316,b'1',b'ARGOS   ',800,7.953,34.059
59,49,b'2900268 ',b'INDIAN ARGO PROJECT                                             ',b'K.RADHAKRISHNAN                                                 ',62,b'A',15:00.0,b'1',18.034,91.316,b'1',b'ARGOS   ',850,7.646,34.055
59,50,b'2900268 ',b'INDIAN ARGO PROJECT                                             ',b'K.RADHAKRISHNAN                                                 ',62,b'A',15:00.0,b'1',18.034,91.316,b'1',b'ARGOS   ',900,7.345,34.045
59,51,b'2900268 ',b'INDIAN ARGO PROJECT                                             ',b'K.RADHAKRISHNAN                                                 ',62,b'A',15:00.0,b'1',18.034,91.316,b'1',b'ARGOS   ',950,7.083,34.029
59,52,b'2900268 ',b'INDIAN ARGO PROJECT                                             ',b'K.RADHAKRISHNAN                                                 ',62,b'A',15:00.0,b'1',18.034,91.316,b'1',b'ARGOS   ',985,6.853,34.02
60,0,b'2900268 ',b'INDIAN ARGO PROJECT                                             ',b'K.RADHAKRISHNAN                                                 ',63,b'A',15:00.0,b'1',18.006,91.475,b'1',b'ARGOS   ',15,29.905,32.191
60,1,b'2900268 ',b'INDIAN ARGO PROJECT                                             ',b'K.RADHAKRISHNAN                                                 ',63,b'A',15:00.0,b'1',18.006,91.475,b'1',b'ARGOS   ',25,29.291,32.316
60,2,b'2900268 ',b'INDIAN ARGO PROJECT                                             ',b'K.RADHAKRISHNAN                                                 ',63,b'A',15:00.0,b'1',18.006,91.475,b'1',b'ARGOS   ',35,28.885,32.568
60,3,b'2900268 ',b'INDIAN ARGO PROJECT                                             ',b'K.RADHAKRISHNAN                                                 ',63,b'A',15:00.0,b'1',18.006,91.475,b'1',b'ARGOS   ',45,28.689,32.836
60,4,b'2900268 ',b'INDIAN ARGO PROJECT                                             ',b'K.RADHAKRISHNAN                                                 ',63,b'A',15:00.0,b'1',18.006,91.475,b'1',b'ARGOS   ',55,27.936,32.844
60,5,b'2900268 ',b'INDIAN ARGO PROJECT                                             ',b'K.RADHAKRISHNAN                                                 ',63,b'A',15:00.0,b'1',18.006,91.475,b'1',b'ARGOS   ',65,27.337,32.778
60,6,b'2900268 ',b'INDIAN ARGO PROJECT                                             ',b'K.RADHAKRISHNAN                                                 ',63,b'A',15:00.0,b'1',18.006,91.475,b'1',b'ARGOS   ',75,26.847,32.838
60,7,b'2900268 ',b'INDIAN ARGO PROJECT                                             ',b'K.RADHAKRISHNAN                                                 ',63,b'A',15:00.0,b'1',18.006,91.475,b'1',b'ARGOS   ',85,26.933,33.072
60,8,b'2900268 ',b'INDIAN ARGO PROJECT                                             ',b'K.RADHAKRISHNAN                                                 ',63,b'A',15:00.0,b'1',18.006,91.475,b'1',b'ARGOS   ',95,26.319,33.288
60,9,b'2900268 ',b'INDIAN ARGO PROJECT                                             ',b'K.RADHAKRISHNAN                                                 ',63,b'A',15:00.0,b'1',18.006,91.475,b'1',b'ARGOS   ',105,24.856,33.533
60,10,b'2900268 ',b'INDIAN ARGO PROJECT                                             ',b'K.RADHAKRISHNAN                                                 ',63,b'A',15:00.0,b'1',18.006,91.475,b'1',b'ARGOS   ',115,23.16,33.803
60,11,b'2900268 ',b'INDIAN ARGO PROJECT                                             ',b'K.RADHAKRISHNAN                                                 ',63,b'A',15:00.0,b'1',18.006,91.475,b'1',b'ARGOS   ',125,21.525,33.897
60,12,b'2900268 ',b'INDIAN ARGO PROJECT                                             ',b'K.RADHAKRISHNAN                                                 ',63,b'A',15:00.0,b'1',18.006,91.475,b'1',b'ARGOS   ',135,20.264,33.919
60,13,b'2900268 ',b'INDIAN ARGO PROJECT                                             ',b'K.RADHAKRISHNAN                                                 ',63,b'A',15:00.0,b'1',18.006,91.475,b'1',b'ARGOS   ',145,19.39,33.967
60,14,b'2900268 ',b'INDIAN ARGO PROJECT                                             ',b'K.RADHAKRISHNAN                                                 ',63,b'A',15:00.0,b'1',18.006,91.475,b'1',b'ARGOS   ',155,18.389,33.95
60,15,b'2900268 ',b'INDIAN ARGO PROJECT                                             ',b'K.RADHAKRISHNAN                                                 ',63,b'A',15:00.0,b'1',18.006,91.475,b'1',b'ARGOS   ',165,17.36,33.959
60,16,b'2900268 ',b'INDIAN ARGO PROJECT                                             ',b'K.RADHAKRISHNAN                                                 ',63,b'A',15:00.0,b'1',18.006,91.475,b'1',b'ARGOS   ',175,16.383,34.023
60,17,b'2900268 ',b'INDIAN ARGO PROJECT                                             ',b'K.RADHAKRISHNAN                                                 ',63,b'A',15:00.0,b'1',18.006,91.475,b'1',b'ARGOS   ',185,15.7,34.019
60,18,b'2900268 ',b'INDIAN ARGO PROJECT                                             ',b'K.RADHAKRISHNAN                                                 ',63,b'A',15:00.0,b'1',18.006,91.475,b'1',b'ARGOS   ',195,14.924,34.039
60,19,b'2900268 ',b'INDIAN ARGO PROJECT                                             ',b'K.RADHAKRISHNAN                                                 ',63,b'A',15:00.0,b'1',18.006,91.475,b'1',b'ARGOS   ',205,14.393,34.06
60,20,b'2900268 ',b'INDIAN ARGO PROJECT                                             ',b'K.RADHAKRISHNAN                                                 ',63,b'A',15:00.0,b'1',18.006,91.475,b'1',b'ARGOS   ',215,13.857,34.067
60,21,b'2900268 ',b'INDIAN ARGO PROJECT                                             ',b'K.RADHAKRISHNAN                                                 ',63,b'A',15:00.0,b'1',18.006,91.475,b'1',b'ARGOS   ',225,13.47,34.08
60,22,b'2900268 ',b'INDIAN ARGO PROJECT                                             ',b'K.RADHAKRISHNAN                                                 ',63,b'A',15:00.0,b'1',18.006,91.475,b'1',b'ARGOS   ',235,13.218,34.084
60,23,b'2900268 ',b'INDIAN ARGO PROJECT                                             ',b'K.RADHAKRISHNAN                                                 ',63,b'A',15:00.0,b'1',18.006,91.475,b'1',b'ARGOS   ',245,12.945,34.088
60,24,b'2900268 ',b'INDIAN ARGO PROJECT                                             ',b'K.RADHAKRISHNAN                                                 ',63,b'A',15:00.0,b'1',18.006,91.475,b'1',b'ARGOS   ',255,12.631,34.1
60,25,b'2900268 ',b'INDIAN ARGO PROJECT                                             ',b'K.RADHAKRISHNAN                                                 ',63,b'A',15:00.0,b'1',18.006,91.475,b'1',b'ARGOS   ',265,12.326,34.104
60,26,b'2900268 ',b'INDIAN ARGO PROJECT                                             ',b'K.RADHAKRISHNAN                                                 ',63,b'A',15:00.0,b'1',18.006,91.475,b'1',b'ARGOS   ',275,12.119,34.104
60,27,b'2900268 ',b'INDIAN ARGO PROJECT                                             ',b'K.RADHAKRISHNAN                                                 ',63,b'A',15:00.0,b'1',18.006,91.475,b'1',b'ARGOS   ',285,12.008,34.104
60,28,b'2900268 ',b'INDIAN ARGO PROJECT                                             ',b'K.RADHAKRISHNAN                                                 ',63,b'A',15:00.0,b'1',18.006,91.475,b'1',b'ARGOS   ',295,11.83,34.107
60,29,b'2900268 ',b'INDIAN ARGO PROJECT                                             ',b'K.RADHAKRISHNAN                                                 ',63,b'A',15:00.0,b'1',18.006,91.475,b'1',b'ARGOS   ',305,11.672,34.111
60,30,b'2900268 ',b'INDIAN ARGO PROJECT                                             ',b'K.RADHAKRISHNAN                                                 ',63,b'A',15:00.0,b'1',18.006,91.475,b'1',b'ARGOS   ',315,11.558,34.113
60,31,b'2900268 ',b'INDIAN ARGO PROJECT                                             ',b'K.RADHAKRISHNAN                                                 ',63,b'A',15:00.0,b'1',18.006,91.475,b'1',b'ARGOS   ',325,11.431,34.108
60,32,b'2900268 ',b'INDIAN ARGO PROJECT                                             ',b'K.RADHAKRISHNAN                                                 ',63,b'A',15:00.0,b'1',18.006,91.475,b'1',b'ARGOS   ',335,11.306,34.11
60,33,b'2900268 ',b'INDIAN ARGO PROJECT                                             ',b'K.RADHAKRISHNAN                                                 ',63,b'A',15:00.0,b'1',18.006,91.475,b'1',b'ARGOS   ',345,11.261,34.108
60,34,b'2900268 ',b'INDIAN ARGO PROJECT                                             ',b'K.RADHAKRISHNAN                                                 ',63,b'A',15:00.0,b'1',18.006,91.475,b'1',b'ARGOS   ',355,11.196,34.114
60,35,b'2900268 ',b'INDIAN ARGO PROJECT                                             ',b'K.RADHAKRISHNAN                                                 ',63,b'A',15:00.0,b'1',18.006,91.475,b'1',b'ARGOS   ',365,11.121,34.11
60,36,b'2900268 ',b'INDIAN ARGO PROJECT                                             ',b'K.RADHAKRISHNAN                                                 ',63,b'A',15:00.0,b'1',18.006,91.475,b'1',b'ARGOS   ',375,11.069,34.114
60,37,b'2900268 ',b'INDIAN ARGO PROJECT                                             ',b'K.RADHAKRISHNAN                                                 ',63,b'A',15:00.0,b'1',18.006,91.475,b'1',b'ARGOS   ',385,10.983,34.11
60,38,b'2900268 ',b'INDIAN ARGO PROJECT                                             ',b'K.RADHAKRISHNAN                                                 ',63,b'A',15:00.0,b'1',18.006,91.475,b'1',b'ARGOS   ',395,10.887,34.115
60,39,b'2900268 ',b'INDIAN ARGO PROJECT                                             ',b'K.RADHAKRISHNAN                                                 ',63,b'A',15:00.0,b'1',18.006,91.475,b'1',b'ARGOS   ',405,10.788,34.113
60,40,b'2900268 ',b'INDIAN ARGO PROJECT                                             ',b'K.RADHAKRISHNAN                                                 ',63,b'A',15:00.0,b'1',18.006,91.475,b'1',b'ARGOS   ',415,10.7,34.111
60,41,b'2900268 ',b'INDIAN ARGO PROJECT                                             ',b'K.RADHAKRISHNAN                                                 ',63,b'A',15:00.0,b'1',18.006,91.475,b'1',b'ARGOS   ',450,10.441,34.106
60,42,b'2900268 ',b'INDIAN ARGO PROJECT                                             ',b'K.RADHAKRISHNAN                                                 ',63,b'A',15:00.0,b'1',18.006,91.475,b'1',b'ARGOS   ',500,10.09,34.11
60,43,b'2900268 ',b'INDIAN ARGO PROJECT                                             ',b'K.RADHAKRISHNAN                                                 ',63,b'A',15:00.0,b'1',18.006,91.475,b'1',b'ARGOS   ',551,9.747,34.105
60,44,b'2900268 ',b'INDIAN ARGO PROJECT                                             ',b'K.RADHAKRISHNAN                                                 ',63,b'A',15:00.0,b'1',18.006,91.475,b'1',b'ARGOS   ',599,9.383,34.089
60,45,b'2900268 ',b'INDIAN ARGO PROJECT                                             ',b'K.RADHAKRISHNAN                                                 ',63,b'A',15:00.0,b'1',18.006,91.475,b'1',b'ARGOS   ',650,9.024,34.087
60,46,b'2900268 ',b'INDIAN ARGO PROJECT                                             ',b'K.RADHAKRISHNAN                                                 ',63,b'A',15:00.0,b'1',18.006,91.475,b'1',b'ARGOS   ',700,8.655,34.073
60,47,b'2900268 ',b'INDIAN ARGO PROJECT                                             ',b'K.RADHAKRISHNAN                                                 ',63,b'A',15:00.0,b'1',18.006,91.475,b'1',b'ARGOS   ',750,8.326,34.061
60,48,b'2900268 ',b'INDIAN ARGO PROJECT                                             ',b'K.RADHAKRISHNAN                                                 ',63,b'A',15:00.0,b'1',18.006,91.475,b'1',b'ARGOS   ',800,7.997,34.059
60,49,b'2900268 ',b'INDIAN ARGO PROJECT                                             ',b'K.RADHAKRISHNAN                                                 ',63,b'A',15:00.0,b'1',18.006,91.475,b'1',b'ARGOS   ',850,7.737,34.042
60,50,b'2900268 ',b'INDIAN ARGO PROJECT                                             ',b'K.RADHAKRISHNAN                                                 ',63,b'A',15:00.0,b'1',18.006,91.475,b'1',b'ARGOS   ',900,7.425,34.032
60,51,b'2900268 ',b'INDIAN ARGO PROJECT                                             ',b'K.RADHAKRISHNAN                                                 ',63,b'A',15:00.0,b'1',18.006,91.475,b'1',b'ARGOS   ',950,7.104,34.03
60,52,b'2900268 ',b'INDIAN ARGO PROJECT                                             ',b'K.RADHAKRISHNAN                                                 ',63,b'A',15:00.0,b'1',18.006,91.475,b'1',b'ARGOS   ',995,6.829,34.017
61,0,b'2900268 ',b'INDIAN ARGO PROJECT                                             ',b'K.RADHAKRISHNAN                                                 ',64,b'A',21:00.0,b'1',17.952,91.378,b'1',b'ARGOS   ',15,29.855,32.023
61,1,b'2900268 ',b'INDIAN ARGO PROJECT                                             ',b'K.RADHAKRISHNAN                                                 ',64,b'A',21:00.0,b'1',17.952,91.378,b'1',b'ARGOS   ',25,29.288,32.663
61,2,b'2900268 ',b'INDIAN ARGO PROJECT                                             ',b'K.RADHAKRISHNAN                                                 ',64,b'A',21:00.0,b'1',17.952,91.378,b'1',b'ARGOS   ',35,29.17,33.06
61,3,b'2900268 ',b'INDIAN ARGO PROJECT                                             ',b'K.RADHAKRISHNAN                                                 ',64,b'A',21:00.0,b'1',17.952,91.378,b'1',b'ARGOS   ',45,28.977,33.109
61,4,b'2900268 ',b'INDIAN ARGO PROJECT                                             ',b'K.RADHAKRISHNAN                                                 ',64,b'A',21:00.0,b'1',17.952,91.378,b'1',b'ARGOS   ',55,28.774,33.145
61,5,b'2900268 ',b'INDIAN ARGO PROJECT                                             ',b'K.RADHAKRISHNAN                                                 ',64,b'A',21:00.0,b'1',17.952,91.378,b'1',b'ARGOS   ',65,28.402,33.278
61,6,b'2900268 ',b'INDIAN ARGO PROJECT                                             ',b'K.RADHAKRISHNAN                                                 ',64,b'A',21:00.0,b'1',17.952,91.378,b'1',b'ARGOS   ',75,28.107,33.393
61,7,b'2900268 ',b'INDIAN ARGO PROJECT                                             ',b'K.RADHAKRISHNAN                                                 ',64,b'A',21:00.0,b'1',17.952,91.378,b'1',b'ARGOS   ',85,27.521,33.527
61,8,b'2900268 ',b'INDIAN ARGO PROJECT                                             ',b'K.RADHAKRISHNAN                                                 ',64,b'A',21:00.0,b'1',17.952,91.378,b'1',b'ARGOS   ',96,26.359,33.696
61,9,b'2900268 ',b'INDIAN ARGO PROJECT                                             ',b'K.RADHAKRISHNAN                                                 ',64,b'A',21:00.0,b'1',17.952,91.378,b'1',b'ARGOS   ',105,24.161,33.771
61,10,b'2900268 ',b'INDIAN ARGO PROJECT                                             ',b'K.RADHAKRISHNAN                                                 ',64,b'A',21:00.0,b'1',17.952,91.378,b'1',b'ARGOS   ',116,22.403,33.894
61,11,b'2900268 ',b'INDIAN ARGO PROJECT                                             ',b'K.RADHAKRISHNAN                                                 ',64,b'A',21:00.0,b'1',17.952,91.378,b'1',b'ARGOS   ',125,21.075,33.943
61,12,b'2900268 ',b'INDIAN ARGO PROJECT                                             ',b'K.RADHAKRISHNAN                                                 ',64,b'A',21:00.0,b'1',17.952,91.378,b'1',b'ARGOS   ',135,19.798,33.96
61,13,b'2900268 ',b'INDIAN ARGO PROJECT                                             ',b'K.RADHAKRISHNAN                                                 ',64,b'A',21:00.0,b'1',17.952,91.378,b'1',b'ARGOS   ',145,18.382,34.01
61,14,b'2900268 ',b'INDIAN ARGO PROJECT                                             ',b'K.RADHAKRISHNAN                                                 ',64,b'A',21:00.0,b'1',17.952,91.378,b'1',b'ARGOS   ',155,17.192,34.009
61,15,b'2900268 ',b'INDIAN ARGO PROJECT                                             ',b'K.RADHAKRISHNAN                                                 ',64,b'A',21:00.0,b'1',17.952,91.378,b'1',b'ARGOS   ',165,16.17,34.041
61,16,b'2900268 ',b'INDIAN ARGO PROJECT                                             ',b'K.RADHAKRISHNAN                                                 ',64,b'A',21:00.0,b'1',17.952,91.378,b'1',b'ARGOS   ',175,15.205,34.056
61,17,b'2900268 ',b'INDIAN ARGO PROJECT                                             ',b'K.RADHAKRISHNAN                                                 ',64,b'A',21:00.0,b'1',17.952,91.378,b'1',b'ARGOS   ',186,14.41,34.081
61,18,b'2900268 ',b'INDIAN ARGO PROJECT                                             ',b'K.RADHAKRISHNAN                                                 ',64,b'A',21:00.0,b'1',17.952,91.378,b'1',b'ARGOS   ',195,13.616,34.093
61,19,b'2900268 ',b'INDIAN ARGO PROJECT                                             ',b'K.RADHAKRISHNAN                                                 ',64,b'A',21:00.0,b'1',17.952,91.378,b'1',b'ARGOS   ',205,12.939,34.11
61,20,b'2900268 ',b'INDIAN ARGO PROJECT                                             ',b'K.RADHAKRISHNAN                                                 ',64,b'A',21:00.0,b'1',17.952,91.378,b'1',b'ARGOS   ',215,12.568,34.117
61,21,b'2900268 ',b'INDIAN ARGO PROJECT                                             ',b'K.RADHAKRISHNAN                                                 ',64,b'A',21:00.0,b'1',17.952,91.378,b'1',b'ARGOS   ',225,12.37,34.119
61,22,b'2900268 ',b'INDIAN ARGO PROJECT                                             ',b'K.RADHAKRISHNAN                                                 ',64,b'A',21:00.0,b'1',17.952,91.378,b'1',b'ARGOS   ',235,12.289,34.111
61,23,b'2900268 ',b'INDIAN ARGO PROJECT                                             ',b'K.RADHAKRISHNAN                                                 ',64,b'A',21:00.0,b'1',17.952,91.378,b'1',b'ARGOS   ',245,12.167,34.121
61,24,b'2900268 ',b'INDIAN ARGO PROJECT                                             ',b'K.RADHAKRISHNAN                                                 ',64,b'A',21:00.0,b'1',17.952,91.378,b'1',b'ARGOS   ',255,12.006,34.119
61,25,b'2900268 ',b'INDIAN ARGO PROJECT                                             ',b'K.RADHAKRISHNAN                                                 ',64,b'A',21:00.0,b'1',17.952,91.378,b'1',b'ARGOS   ',265,11.885,34.128
61,26,b'2900268 ',b'INDIAN ARGO PROJECT                                             ',b'K.RADHAKRISHNAN                                                 ',64,b'A',21:00.0,b'1',17.952,91.378,b'1',b'ARGOS   ',275,11.806,34.128
61,27,b'2900268 ',b'INDIAN ARGO PROJECT                                             ',b'K.RADHAKRISHNAN                                                 ',64,b'A',21:00.0,b'1',17.952,91.378,b'1',b'ARGOS   ',285,11.734,34.131
61,28,b'2900268 ',b'INDIAN ARGO PROJECT                                             ',b'K.RADHAKRISHNAN                                                 ',64,b'A',21:00.0,b'1',17.952,91.378,b'1',b'ARGOS   ',295,11.685,34.123
61,29,b'2900268 ',b'INDIAN ARGO PROJECT                                             ',b'K.RADHAKRISHNAN                                                 ',64,b'A',21:00.0,b'1',17.952,91.378,b'1',b'ARGOS   ',305,11.604,34.134
61,30,b'2900268 ',b'INDIAN ARGO PROJECT                                             ',b'K.RADHAKRISHNAN                                                 ',64,b'A',21:00.0,b'1',17.952,91.378,b'1',b'ARGOS   ',315,11.523,34.136
61,31,b'2900268 ',b'INDIAN ARGO PROJECT                                             ',b'K.RADHAKRISHNAN                                                 ',64,b'A',21:00.0,b'1',17.952,91.378,b'1',b'ARGOS   ',325,11.463,34.128
61,32,b'2900268 ',b'INDIAN ARGO PROJECT                                             ',b'K.RADHAKRISHNAN                                                 ',64,b'A',21:00.0,b'1',17.952,91.378,b'1',b'ARGOS   ',335,11.391,34.131
61,33,b'2900268 ',b'INDIAN ARGO PROJECT                                             ',b'K.RADHAKRISHNAN                                                 ',64,b'A',21:00.0,b'1',17.952,91.378,b'1',b'ARGOS   ',345,11.375,34.131
61,34,b'2900268 ',b'INDIAN ARGO PROJECT                                             ',b'K.RADHAKRISHNAN                                                 ',64,b'A',21:00.0,b'1',17.952,91.378,b'1',b'ARGOS   ',355,11.333,34.136
61,35,b'2900268 ',b'INDIAN ARGO PROJECT                                             ',b'K.RADHAKRISHNAN                                                 ',64,b'A',21:00.0,b'1',17.952,91.378,b'1',b'ARGOS   ',365,11.313,34.13
61,36,b'2900268 ',b'INDIAN ARGO PROJECT                                             ',b'K.RADHAKRISHNAN                                                 ',64,b'A',21:00.0,b'1',17.952,91.378,b'1',b'ARGOS   ',375,11.304,34.135
61,37,b'2900268 ',b'INDIAN ARGO PROJECT                                             ',b'K.RADHAKRISHNAN                                                 ',64,b'A',21:00.0,b'1',17.952,91.378,b'1',b'ARGOS   ',385,11.261,34.13
61,38,b'2900268 ',b'INDIAN ARGO PROJECT                                             ',b'K.RADHAKRISHNAN                                                 ',64,b'A',21:00.0,b'1',17.952,91.378,b'1',b'ARGOS   ',395,11.141,34.138
61,39,b'2900268 ',b'INDIAN ARGO PROJECT                                             ',b'K.RADHAKRISHNAN                                                 ',64,b'A',21:00.0,b'1',17.952,91.378,b'1',b'ARGOS   ',405,10.913,34.137
61,40,b'2900268 ',b'INDIAN ARGO PROJECT                                             ',b'K.RADHAKRISHNAN                                                 ',64,b'A',21:00.0,b'1',17.952,91.378,b'1',b'ARGOS   ',416,10.743,34.14
61,41,b'2900268 ',b'INDIAN ARGO PROJECT                                             ',b'K.RADHAKRISHNAN                                                 ',64,b'A',21:00.0,b'1',17.952,91.378,b'1',b'ARGOS   ',450,10.371,34.131
61,42,b'2900268 ',b'INDIAN ARGO PROJECT                                             ',b'K.RADHAKRISHNAN                                                 ',64,b'A',21:00.0,b'1',17.952,91.378,b'1',b'ARGOS   ',502,9.878,34.126
61,43,b'2900268 ',b'INDIAN ARGO PROJECT                                             ',b'K.RADHAKRISHNAN                                                 ',64,b'A',21:00.0,b'1',17.952,91.378,b'1',b'ARGOS   ',550,9.561,34.117
61,44,b'2900268 ',b'INDIAN ARGO PROJECT                                             ',b'K.RADHAKRISHNAN                                                 ',64,b'A',21:00.0,b'1',17.952,91.378,b'1',b'ARGOS   ',600,9.204,34.114
61,45,b'2900268 ',b'INDIAN ARGO PROJECT                                             ',b'K.RADHAKRISHNAN                                                 ',64,b'A',21:00.0,b'1',17.952,91.378,b'1',b'ARGOS   ',650,8.824,34.101
61,46,b'2900268 ',b'INDIAN ARGO PROJECT                                             ',b'K.RADHAKRISHNAN                                                 ',64,b'A',21:00.0,b'1',17.952,91.378,b'1',b'ARGOS   ',700,8.567,34.094
61,47,b'2900268 ',b'INDIAN ARGO PROJECT                                             ',b'K.RADHAKRISHNAN                                                 ',64,b'A',21:00.0,b'1',17.952,91.378,b'1',b'ARGOS   ',751,8.252,34.089
61,48,b'2900268 ',b'INDIAN ARGO PROJECT                                             ',b'K.RADHAKRISHNAN                                                 ',64,b'A',21:00.0,b'1',17.952,91.378,b'1',b'ARGOS   ',800,7.925,34.075
61,49,b'2900268 ',b'INDIAN ARGO PROJECT                                             ',b'K.RADHAKRISHNAN                                                 ',64,b'A',21:00.0,b'1',17.952,91.378,b'1',b'ARGOS   ',850,7.629,34.072
61,50,b'2900268 ',b'INDIAN ARGO PROJECT                                             ',b'K.RADHAKRISHNAN                                                 ',64,b'A',21:00.0,b'1',17.952,91.378,b'1',b'ARGOS   ',900,7.387,34.059
61,51,b'2900268 ',b'INDIAN ARGO PROJECT                                             ',b'K.RADHAKRISHNAN                                                 ',64,b'A',21:00.0,b'1',17.952,91.378,b'1',b'ARGOS   ',950,7.109,34.047
61,52,b'2900268 ',b'INDIAN ARGO PROJECT                                             ',b'K.RADHAKRISHNAN                                                 ',64,b'A',21:00.0,b'1',17.952,91.378,b'1',b'ARGOS   ',991,6.881,34.045
62,0,b'2900268 ',b'INDIAN ARGO PROJECT                                             ',b'K.RADHAKRISHNAN                                                 ',65,b'A',09:00.0,b'1',18.07,91.139,b'1',b'ARGOS   ',15,30.273,32.18
62,1,b'2900268 ',b'INDIAN ARGO PROJECT                                             ',b'K.RADHAKRISHNAN                                                 ',65,b'A',09:00.0,b'1',18.07,91.139,b'1',b'ARGOS   ',25,30.203,32.87
62,2,b'2900268 ',b'INDIAN ARGO PROJECT                                             ',b'K.RADHAKRISHNAN                                                 ',65,b'A',09:00.0,b'1',18.07,91.139,b'1',b'ARGOS   ',35,29.633,32.959
62,3,b'2900268 ',b'INDIAN ARGO PROJECT                                             ',b'K.RADHAKRISHNAN                                                 ',65,b'A',09:00.0,b'1',18.07,91.139,b'1',b'ARGOS   ',45,28.984,32.988
62,4,b'2900268 ',b'INDIAN ARGO PROJECT                                             ',b'K.RADHAKRISHNAN                                                 ',65,b'A',09:00.0,b'1',18.07,91.139,b'1',b'ARGOS   ',55,28.628,33.109
62,5,b'2900268 ',b'INDIAN ARGO PROJECT                                             ',b'K.RADHAKRISHNAN                                                 ',65,b'A',09:00.0,b'1',18.07,91.139,b'1',b'ARGOS   ',65,28.203,33.12
62,6,b'2900268 ',b'INDIAN ARGO PROJECT                                             ',b'K.RADHAKRISHNAN                                                 ',65,b'A',09:00.0,b'1',18.07,91.139,b'1',b'ARGOS   ',75,27.623,33.17
62,7,b'2900268 ',b'INDIAN ARGO PROJECT                                             ',b'K.RADHAKRISHNAN                                                 ',65,b'A',09:00.0,b'1',18.07,91.139,b'1',b'ARGOS   ',85,26.735,33.469
62,8,b'2900268 ',b'INDIAN ARGO PROJECT                                             ',b'K.RADHAKRISHNAN                                                 ',65,b'A',09:00.0,b'1',18.07,91.139,b'1',b'ARGOS   ',95,25.237,33.805
62,9,b'2900268 ',b'INDIAN ARGO PROJECT                                             ',b'K.RADHAKRISHNAN                                                 ',65,b'A',09:00.0,b'1',18.07,91.139,b'1',b'ARGOS   ',105,23.654,33.877
62,10,b'2900268 ',b'INDIAN ARGO PROJECT                                             ',b'K.RADHAKRISHNAN                                                 ',65,b'A',09:00.0,b'1',18.07,91.139,b'1',b'ARGOS   ',116,21.83,33.904
62,11,b'2900268 ',b'INDIAN ARGO PROJECT                                             ',b'K.RADHAKRISHNAN                                                 ',65,b'A',09:00.0,b'1',18.07,91.139,b'1',b'ARGOS   ',125,20.767,33.94
62,12,b'2900268 ',b'INDIAN ARGO PROJECT                                             ',b'K.RADHAKRISHNAN                                                 ',65,b'A',09:00.0,b'1',18.07,91.139,b'1',b'ARGOS   ',135,19.682,33.972
62,13,b'2900268 ',b'INDIAN ARGO PROJECT                                             ',b'K.RADHAKRISHNAN                                                 ',65,b'A',09:00.0,b'1',18.07,91.139,b'1',b'ARGOS   ',145,18.639,33.966
62,14,b'2900268 ',b'INDIAN ARGO PROJECT                                             ',b'K.RADHAKRISHNAN                                                 ',65,b'A',09:00.0,b'1',18.07,91.139,b'1',b'ARGOS   ',155,17.323,33.985
62,15,b'2900268 ',b'INDIAN ARGO PROJECT                                             ',b'K.RADHAKRISHNAN                                                 ',65,b'A',09:00.0,b'1',18.07,91.139,b'1',b'ARGOS   ',165,16.303,34.033
62,16,b'2900268 ',b'INDIAN ARGO PROJECT                                             ',b'K.RADHAKRISHNAN                                                 ',65,b'A',09:00.0,b'1',18.07,91.139,b'1',b'ARGOS   ',175,15.497,34.055
62,17,b'2900268 ',b'INDIAN ARGO PROJECT                                             ',b'K.RADHAKRISHNAN                                                 ',65,b'A',09:00.0,b'1',18.07,91.139,b'1',b'ARGOS   ',185,14.811,34.068
62,18,b'2900268 ',b'INDIAN ARGO PROJECT                                             ',b'K.RADHAKRISHNAN                                                 ',65,b'A',09:00.0,b'1',18.07,91.139,b'1',b'ARGOS   ',195,14.115,34.097
62,19,b'2900268 ',b'INDIAN ARGO PROJECT                                             ',b'K.RADHAKRISHNAN                                                 ',65,b'A',09:00.0,b'1',18.07,91.139,b'1',b'ARGOS   ',205,13.718,34.101
62,20,b'2900268 ',b'INDIAN ARGO PROJECT                                             ',b'K.RADHAKRISHNAN                                                 ',65,b'A',09:00.0,b'1',18.07,91.139,b'1',b'ARGOS   ',215,13.397,34.111
62,21,b'2900268 ',b'INDIAN ARGO PROJECT                                             ',b'K.RADHAKRISHNAN                                                 ',65,b'A',09:00.0,b'1',18.07,91.139,b'1',b'ARGOS   ',226,12.981,34.121
62,22,b'2900268 ',b'INDIAN ARGO PROJECT                                             ',b'K.RADHAKRISHNAN                                                 ',65,b'A',09:00.0,b'1',18.07,91.139,b'1',b'ARGOS   ',236,12.652,34.128
62,23,b'2900268 ',b'INDIAN ARGO PROJECT                                             ',b'K.RADHAKRISHNAN                                                 ',65,b'A',09:00.0,b'1',18.07,91.139,b'1',b'ARGOS   ',245,12.411,34.131
62,24,b'2900268 ',b'INDIAN ARGO PROJECT                                             ',b'K.RADHAKRISHNAN                                                 ',65,b'A',09:00.0,b'1',18.07,91.139,b'1',b'ARGOS   ',255,12.196,34.129
62,25,b'2900268 ',b'INDIAN ARGO PROJECT                                             ',b'K.RADHAKRISHNAN                                                 ',65,b'A',09:00.0,b'1',18.07,91.139,b'1',b'ARGOS   ',265,12.018,34.133
62,26,b'2900268 ',b'INDIAN ARGO PROJECT                                             ',b'K.RADHAKRISHNAN                                                 ',65,b'A',09:00.0,b'1',18.07,91.139,b'1',b'ARGOS   ',275,11.821,34.133
62,27,b'2900268 ',b'INDIAN ARGO PROJECT                                             ',b'K.RADHAKRISHNAN                                                 ',65,b'A',09:00.0,b'1',18.07,91.139,b'1',b'ARGOS   ',285,11.628,34.14
62,28,b'2900268 ',b'INDIAN ARGO PROJECT                                             ',b'K.RADHAKRISHNAN                                                 ',65,b'A',09:00.0,b'1',18.07,91.139,b'1',b'ARGOS   ',295,11.48,34.144
62,29,b'2900268 ',b'INDIAN ARGO PROJECT                                             ',b'K.RADHAKRISHNAN                                                 ',65,b'A',09:00.0,b'1',18.07,91.139,b'1',b'ARGOS   ',305,11.362,34.141
62,30,b'2900268 ',b'INDIAN ARGO PROJECT                                             ',b'K.RADHAKRISHNAN                                                 ',65,b'A',09:00.0,b'1',18.07,91.139,b'1',b'ARGOS   ',315,11.243,34.138
62,31,b'2900268 ',b'INDIAN ARGO PROJECT                                             ',b'K.RADHAKRISHNAN                                                 ',65,b'A',09:00.0,b'1',18.07,91.139,b'1',b'ARGOS   ',325,11.164,34.147
62,32,b'2900268 ',b'INDIAN ARGO PROJECT                                             ',b'K.RADHAKRISHNAN                                                 ',65,b'A',09:00.0,b'1',18.07,91.139,b'1',b'ARGOS   ',335,11.065,34.145
62,33,b'2900268 ',b'INDIAN ARGO PROJECT                                             ',b'K.RADHAKRISHNAN                                                 ',65,b'A',09:00.0,b'1',18.07,91.139,b'1',b'ARGOS   ',345,10.971,34.149
62,34,b'2900268 ',b'INDIAN ARGO PROJECT                                             ',b'K.RADHAKRISHNAN                                                 ',65,b'A',09:00.0,b'1',18.07,91.139,b'1',b'ARGOS   ',355,10.897,34.143
62,35,b'2900268 ',b'INDIAN ARGO PROJECT                                             ',b'K.RADHAKRISHNAN                                                 ',65,b'A',09:00.0,b'1',18.07,91.139,b'1',b'ARGOS   ',365,10.838,34.144
62,36,b'2900268 ',b'INDIAN ARGO PROJECT                                             ',b'K.RADHAKRISHNAN                                                 ',65,b'A',09:00.0,b'1',18.07,91.139,b'1',b'ARGOS   ',375,10.776,34.147
62,37,b'2900268 ',b'INDIAN ARGO PROJECT                                             ',b'K.RADHAKRISHNAN                                                 ',65,b'A',09:00.0,b'1',18.07,91.139,b'1',b'ARGOS   ',385,10.7,34.144
62,38,b'2900268 ',b'INDIAN ARGO PROJECT                                             ',b'K.RADHAKRISHNAN                                                 ',65,b'A',09:00.0,b'1',18.07,91.139,b'1',b'ARGOS   ',395,10.614,34.14
62,39,b'2900268 ',b'INDIAN ARGO PROJECT                                             ',b'K.RADHAKRISHNAN                                                 ',65,b'A',09:00.0,b'1',18.07,91.139,b'1',b'ARGOS   ',405,10.554,34.141
62,40,b'2900268 ',b'INDIAN ARGO PROJECT                                             ',b'K.RADHAKRISHNAN                                                 ',65,b'A',09:00.0,b'1',18.07,91.139,b'1',b'ARGOS   ',415,10.504,34.143
62,41,b'2900268 ',b'INDIAN ARGO PROJECT                                             ',b'K.RADHAKRISHNAN                                                 ',65,b'A',09:00.0,b'1',18.07,91.139,b'1',b'ARGOS   ',452,10.204,34.136
62,42,b'2900268 ',b'INDIAN ARGO PROJECT                                             ',b'K.RADHAKRISHNAN                                                 ',65,b'A',09:00.0,b'1',18.07,91.139,b'1',b'ARGOS   ',500,9.859,34.134
62,43,b'2900268 ',b'INDIAN ARGO PROJECT                                             ',b'K.RADHAKRISHNAN                                                 ',65,b'A',09:00.0,b'1',18.07,91.139,b'1',b'ARGOS   ',550,9.53,34.126
62,44,b'2900268 ',b'INDIAN ARGO PROJECT                                             ',b'K.RADHAKRISHNAN                                                 ',65,b'A',09:00.0,b'1',18.07,91.139,b'1',b'ARGOS   ',600,9.21,34.119
62,45,b'2900268 ',b'INDIAN ARGO PROJECT                                             ',b'K.RADHAKRISHNAN                                                 ',65,b'A',09:00.0,b'1',18.07,91.139,b'1',b'ARGOS   ',650,8.881,34.109
62,46,b'2900268 ',b'INDIAN ARGO PROJECT                                             ',b'K.RADHAKRISHNAN                                                 ',65,b'A',09:00.0,b'1',18.07,91.139,b'1',b'ARGOS   ',700,8.565,34.107
62,47,b'2900268 ',b'INDIAN ARGO PROJECT                                             ',b'K.RADHAKRISHNAN                                                 ',65,b'A',09:00.0,b'1',18.07,91.139,b'1',b'ARGOS   ',750,8.245,34.097
62,48,b'2900268 ',b'INDIAN ARGO PROJECT                                             ',b'K.RADHAKRISHNAN                                                 ',65,b'A',09:00.0,b'1',18.07,91.139,b'1',b'ARGOS   ',800,7.961,34.083
62,49,b'2900268 ',b'INDIAN ARGO PROJECT                                             ',b'K.RADHAKRISHNAN                                                 ',65,b'A',09:00.0,b'1',18.07,91.139,b'1',b'ARGOS   ',850,7.643,34.08
62,50,b'2900268 ',b'INDIAN ARGO PROJECT                                             ',b'K.RADHAKRISHNAN                                                 ',65,b'A',09:00.0,b'1',18.07,91.139,b'1',b'ARGOS   ',900,7.371,34.063
62,51,b'2900268 ',b'INDIAN ARGO PROJECT                                             ',b'K.RADHAKRISHNAN                                                 ',65,b'A',09:00.0,b'1',18.07,91.139,b'1',b'ARGOS   ',950,7.1,34.056
62,52,b'2900268 ',b'INDIAN ARGO PROJECT                                             ',b'K.RADHAKRISHNAN                                                 ',65,b'A',09:00.0,b'1',18.07,91.139,b'1',b'ARGOS   ',981,6.971,34.048
63,0,b'2900268 ',b'INDIAN ARGO PROJECT                                             ',b'K.RADHAKRISHNAN                                                 ',66,b'A',15:00.0,b'1',18.072,91.078,b'1',b'ARGOS   ',15,29.678,32.282
63,1,b'2900268 ',b'INDIAN ARGO PROJECT                                             ',b'K.RADHAKRISHNAN                                                 ',66,b'A',15:00.0,b'1',18.072,91.078,b'1',b'ARGOS   ',25,29.676,32.287
63,2,b'2900268 ',b'INDIAN ARGO PROJECT                                             ',b'K.RADHAKRISHNAN                                                 ',66,b'A',15:00.0,b'1',18.072,91.078,b'1',b'ARGOS   ',35,28.969,32.824
63,3,b'2900268 ',b'INDIAN ARGO PROJECT                                             ',b'K.RADHAKRISHNAN                                                 ',66,b'A',15:00.0,b'1',18.072,91.078,b'1',b'ARGOS   ',45,28.49,32.974
63,4,b'2900268 ',b'INDIAN ARGO PROJECT                                             ',b'K.RADHAKRISHNAN                                                 ',66,b'A',15:00.0,b'1',18.072,91.078,b'1',b'ARGOS   ',55,28.369,33.104
63,5,b'2900268 ',b'INDIAN ARGO PROJECT                                             ',b'K.RADHAKRISHNAN                                                 ',66,b'A',15:00.0,b'1',18.072,91.078,b'1',b'ARGOS   ',65,28.1,33.387
63,6,b'2900268 ',b'INDIAN ARGO PROJECT                                             ',b'K.RADHAKRISHNAN                                                 ',66,b'A',15:00.0,b'1',18.072,91.078,b'1',b'ARGOS   ',76,27.164,33.603
63,7,b'2900268 ',b'INDIAN ARGO PROJECT                                             ',b'K.RADHAKRISHNAN                                                 ',66,b'A',15:00.0,b'1',18.072,91.078,b'1',b'ARGOS   ',85,25.501,33.7
63,8,b'2900268 ',b'INDIAN ARGO PROJECT                                             ',b'K.RADHAKRISHNAN                                                 ',66,b'A',15:00.0,b'1',18.072,91.078,b'1',b'ARGOS   ',95,24.234,33.981
63,9,b'2900268 ',b'INDIAN ARGO PROJECT                                             ',b'K.RADHAKRISHNAN                                                 ',66,b'A',15:00.0,b'1',18.072,91.078,b'1',b'ARGOS   ',105,22.736,33.949
63,10,b'2900268 ',b'INDIAN ARGO PROJECT                                             ',b'K.RADHAKRISHNAN                                                 ',66,b'A',15:00.0,b'1',18.072,91.078,b'1',b'ARGOS   ',115,21.601,33.99
63,11,b'2900268 ',b'INDIAN ARGO PROJECT                                             ',b'K.RADHAKRISHNAN                                                 ',66,b'A',15:00.0,b'1',18.072,91.078,b'1',b'ARGOS   ',125,20.2,34.015
63,12,b'2900268 ',b'INDIAN ARGO PROJECT                                             ',b'K.RADHAKRISHNAN                                                 ',66,b'A',15:00.0,b'1',18.072,91.078,b'1',b'ARGOS   ',135,18.99,34.016
63,13,b'2900268 ',b'INDIAN ARGO PROJECT                                             ',b'K.RADHAKRISHNAN                                                 ',66,b'A',15:00.0,b'1',18.072,91.078,b'1',b'ARGOS   ',145,17.95,34.004
63,14,b'2900268 ',b'INDIAN ARGO PROJECT                                             ',b'K.RADHAKRISHNAN                                                 ',66,b'A',15:00.0,b'1',18.072,91.078,b'1',b'ARGOS   ',155,17.317,34.042
63,15,b'2900268 ',b'INDIAN ARGO PROJECT                                             ',b'K.RADHAKRISHNAN                                                 ',66,b'A',15:00.0,b'1',18.072,91.078,b'1',b'ARGOS   ',165,16.197,34.08
63,16,b'2900268 ',b'INDIAN ARGO PROJECT                                             ',b'K.RADHAKRISHNAN                                                 ',66,b'A',15:00.0,b'1',18.072,91.078,b'1',b'ARGOS   ',175,15.265,34.112
63,17,b'2900268 ',b'INDIAN ARGO PROJECT                                             ',b'K.RADHAKRISHNAN                                                 ',66,b'A',15:00.0,b'1',18.072,91.078,b'1',b'ARGOS   ',185,14.758,34.133
63,18,b'2900268 ',b'INDIAN ARGO PROJECT                                             ',b'K.RADHAKRISHNAN                                                 ',66,b'A',15:00.0,b'1',18.072,91.078,b'1',b'ARGOS   ',195,14.224,34.121
63,19,b'2900268 ',b'INDIAN ARGO PROJECT                                             ',b'K.RADHAKRISHNAN                                                 ',66,b'A',15:00.0,b'1',18.072,91.078,b'1',b'ARGOS   ',205,13.794,34.136
63,20,b'2900268 ',b'INDIAN ARGO PROJECT                                             ',b'K.RADHAKRISHNAN                                                 ',66,b'A',15:00.0,b'1',18.072,91.078,b'1',b'ARGOS   ',215,13.511,34.151
63,21,b'2900268 ',b'INDIAN ARGO PROJECT                                             ',b'K.RADHAKRISHNAN                                                 ',66,b'A',15:00.0,b'1',18.072,91.078,b'1',b'ARGOS   ',225,13.189,34.162
63,22,b'2900268 ',b'INDIAN ARGO PROJECT                                             ',b'K.RADHAKRISHNAN                                                 ',66,b'A',15:00.0,b'1',18.072,91.078,b'1',b'ARGOS   ',235,12.924,34.178
63,23,b'2900268 ',b'INDIAN ARGO PROJECT                                             ',b'K.RADHAKRISHNAN                                                 ',66,b'A',15:00.0,b'1',18.072,91.078,b'1',b'ARGOS   ',245,12.634,34.178
63,24,b'2900268 ',b'INDIAN ARGO PROJECT                                             ',b'K.RADHAKRISHNAN                                                 ',66,b'A',15:00.0,b'1',18.072,91.078,b'1',b'ARGOS   ',255,12.351,34.181
63,25,b'2900268 ',b'INDIAN ARGO PROJECT                                             ',b'K.RADHAKRISHNAN                                                 ',66,b'A',15:00.0,b'1',18.072,91.078,b'1',b'ARGOS   ',265,12.129,34.186
63,26,b'2900268 ',b'INDIAN ARGO PROJECT                                             ',b'K.RADHAKRISHNAN                                                 ',66,b'A',15:00.0,b'1',18.072,91.078,b'1',b'ARGOS   ',275,11.932,34.188
63,27,b'2900268 ',b'INDIAN ARGO PROJECT                                             ',b'K.RADHAKRISHNAN                                                 ',66,b'A',15:00.0,b'1',18.072,91.078,b'1',b'ARGOS   ',285,11.753,34.191
63,28,b'2900268 ',b'INDIAN ARGO PROJECT                                             ',b'K.RADHAKRISHNAN                                                 ',66,b'A',15:00.0,b'1',18.072,91.078,b'1',b'ARGOS   ',295,11.648,34.196
63,29,b'2900268 ',b'INDIAN ARGO PROJECT                                             ',b'K.RADHAKRISHNAN                                                 ',66,b'A',15:00.0,b'1',18.072,91.078,b'1',b'ARGOS   ',305,11.56,34.194
63,30,b'2900268 ',b'INDIAN ARGO PROJECT                                             ',b'K.RADHAKRISHNAN                                                 ',66,b'A',15:00.0,b'1',18.072,91.078,b'1',b'ARGOS   ',315,11.442,34.2
63,31,b'2900268 ',b'INDIAN ARGO PROJECT                                             ',b'K.RADHAKRISHNAN                                                 ',66,b'A',15:00.0,b'1',18.072,91.078,b'1',b'ARGOS   ',325,11.329,34.192
63,32,b'2900268 ',b'INDIAN ARGO PROJECT                                             ',b'K.RADHAKRISHNAN                                                 ',66,b'A',15:00.0,b'1',18.072,91.078,b'1',b'ARGOS   ',335,11.226,34.194
63,33,b'2900268 ',b'INDIAN ARGO PROJECT                                             ',b'K.RADHAKRISHNAN                                                 ',66,b'A',15:00.0,b'1',18.072,91.078,b'1',b'ARGOS   ',345,11.141,34.199
63,34,b'2900268 ',b'INDIAN ARGO PROJECT                                             ',b'K.RADHAKRISHNAN                                                 ',66,b'A',15:00.0,b'1',18.072,91.078,b'1',b'ARGOS   ',355,11.051,34.199
63,35,b'2900268 ',b'INDIAN ARGO PROJECT                                             ',b'K.RADHAKRISHNAN                                                 ',66,b'A',15:00.0,b'1',18.072,91.078,b'1',b'ARGOS   ',365,10.968,34.202
63,36,b'2900268 ',b'INDIAN ARGO PROJECT                                             ',b'K.RADHAKRISHNAN                                                 ',66,b'A',15:00.0,b'1',18.072,91.078,b'1',b'ARGOS   ',375,10.878,34.202
63,37,b'2900268 ',b'INDIAN ARGO PROJECT                                             ',b'K.RADHAKRISHNAN                                                 ',66,b'A',15:00.0,b'1',18.072,91.078,b'1',b'ARGOS   ',385,10.807,34.204
63,38,b'2900268 ',b'INDIAN ARGO PROJECT                                             ',b'K.RADHAKRISHNAN                                                 ',66,b'A',15:00.0,b'1',18.072,91.078,b'1',b'ARGOS   ',395,10.735,34.197
63,39,b'2900268 ',b'INDIAN ARGO PROJECT                                             ',b'K.RADHAKRISHNAN                                                 ',66,b'A',15:00.0,b'1',18.072,91.078,b'1',b'ARGOS   ',405,10.67,34.203
63,40,b'2900268 ',b'INDIAN ARGO PROJECT                                             ',b'K.RADHAKRISHNAN                                                 ',66,b'A',15:00.0,b'1',18.072,91.078,b'1',b'ARGOS   ',415,10.612,34.203
63,41,b'2900268 ',b'INDIAN ARGO PROJECT                                             ',b'K.RADHAKRISHNAN                                                 ',66,b'A',15:00.0,b'1',18.072,91.078,b'1',b'ARGOS   ',450,10.372,34.201
63,42,b'2900268 ',b'INDIAN ARGO PROJECT                                             ',b'K.RADHAKRISHNAN                                                 ',66,b'A',15:00.0,b'1',18.072,91.078,b'1',b'ARGOS   ',501,10.067,34.192
63,43,b'2900268 ',b'INDIAN ARGO PROJECT                                             ',b'K.RADHAKRISHNAN                                                 ',66,b'A',15:00.0,b'1',18.072,91.078,b'1',b'ARGOS   ',550,9.683,34.186
63,44,b'2900268 ',b'INDIAN ARGO PROJECT                                             ',b'K.RADHAKRISHNAN                                                 ',66,b'A',15:00.0,b'1',18.072,91.078,b'1',b'ARGOS   ',600,9.305,34.173
63,45,b'2900268 ',b'INDIAN ARGO PROJECT                                             ',b'K.RADHAKRISHNAN                                                 ',66,b'A',15:00.0,b'1',18.072,91.078,b'1',b'ARGOS   ',650,8.95,34.168
63,46,b'2900268 ',b'INDIAN ARGO PROJECT                                             ',b'K.RADHAKRISHNAN                                                 ',66,b'A',15:00.0,b'1',18.072,91.078,b'1',b'ARGOS   ',700,8.639,34.161
63,47,b'2900268 ',b'INDIAN ARGO PROJECT                                             ',b'K.RADHAKRISHNAN                                                 ',66,b'A',15:00.0,b'1',18.072,91.078,b'1',b'ARGOS   ',749,8.328,34.154
63,48,b'2900268 ',b'INDIAN ARGO PROJECT                                             ',b'K.RADHAKRISHNAN                                                 ',66,b'A',15:00.0,b'1',18.072,91.078,b'1',b'ARGOS   ',800,8.031,34.143
63,49,b'2900268 ',b'INDIAN ARGO PROJECT                                             ',b'K.RADHAKRISHNAN                                                 ',66,b'A',15:00.0,b'1',18.072,91.078,b'1',b'ARGOS   ',850,7.731,34.133
63,50,b'2900268 ',b'INDIAN ARGO PROJECT                                             ',b'K.RADHAKRISHNAN                                                 ',66,b'A',15:00.0,b'1',18.072,91.078,b'1',b'ARGOS   ',900,7.423,34.12
63,51,b'2900268 ',b'INDIAN ARGO PROJECT                                             ',b'K.RADHAKRISHNAN                                                 ',66,b'A',15:00.0,b'1',18.072,91.078,b'1',b'ARGOS   ',950,7.139,34.116
63,52,b'2900268 ',b'INDIAN ARGO PROJECT                                             ',b'K.RADHAKRISHNAN                                                 ',66,b'A',15:00.0,b'1',18.072,91.078,b'1',b'ARGOS   ',979,6.957,34.107
64,0,b'2900268 ',b'INDIAN ARGO PROJECT                                             ',b'K.RADHAKRISHNAN                                                 ',67,b'A',21:00.0,b'1',18.225,91.205,b'1',b'ARGOS   ',15,29.192,32.535
64,1,b'2900268 ',b'INDIAN ARGO PROJECT                                             ',b'K.RADHAKRISHNAN                                                 ',67,b'A',21:00.0,b'1',18.225,91.205,b'1',b'ARGOS   ',25,29.147,32.535
64,2,b'2900268 ',b'INDIAN ARGO PROJECT                                             ',b'K.RADHAKRISHNAN                                                 ',67,b'A',21:00.0,b'1',18.225,91.205,b'1',b'ARGOS   ',35,28.996,32.56
64,3,b'2900268 ',b'INDIAN ARGO PROJECT                                             ',b'K.RADHAKRISHNAN                                                 ',67,b'A',21:00.0,b'1',18.225,91.205,b'1',b'ARGOS   ',45,28.827,32.823
64,4,b'2900268 ',b'INDIAN ARGO PROJECT                                             ',b'K.RADHAKRISHNAN                                                 ',67,b'A',21:00.0,b'1',18.225,91.205,b'1',b'ARGOS   ',55,27.574,33.245
64,5,b'2900268 ',b'INDIAN ARGO PROJECT                                             ',b'K.RADHAKRISHNAN                                                 ',67,b'A',21:00.0,b'1',18.225,91.205,b'1',b'ARGOS   ',65,26.483,33.773
64,6,b'2900268 ',b'INDIAN ARGO PROJECT                                             ',b'K.RADHAKRISHNAN                                                 ',67,b'A',21:00.0,b'1',18.225,91.205,b'1',b'ARGOS   ',74,24.966,33.941
64,7,b'2900268 ',b'INDIAN ARGO PROJECT                                             ',b'K.RADHAKRISHNAN                                                 ',67,b'A',21:00.0,b'1',18.225,91.205,b'1',b'ARGOS   ',85,23.477,34.11
64,8,b'2900268 ',b'INDIAN ARGO PROJECT                                             ',b'K.RADHAKRISHNAN                                                 ',67,b'A',21:00.0,b'1',18.225,91.205,b'1',b'ARGOS   ',95,21.668,34.165
64,9,b'2900268 ',b'INDIAN ARGO PROJECT                                             ',b'K.RADHAKRISHNAN                                                 ',67,b'A',21:00.0,b'1',18.225,91.205,b'1',b'ARGOS   ',105,20.434,34.214
64,10,b'2900268 ',b'INDIAN ARGO PROJECT                                             ',b'K.RADHAKRISHNAN                                                 ',67,b'A',21:00.0,b'1',18.225,91.205,b'1',b'ARGOS   ',115,19.711,34.202
64,11,b'2900268 ',b'INDIAN ARGO PROJECT                                             ',b'K.RADHAKRISHNAN                                                 ',67,b'A',21:00.0,b'1',18.225,91.205,b'1',b'ARGOS   ',125,18.828,34.236
64,12,b'2900268 ',b'INDIAN ARGO PROJECT                                             ',b'K.RADHAKRISHNAN                                                 ',67,b'A',21:00.0,b'1',18.225,91.205,b'1',b'ARGOS   ',135,17.61,34.267
64,13,b'2900268 ',b'INDIAN ARGO PROJECT                                             ',b'K.RADHAKRISHNAN                                                 ',67,b'A',21:00.0,b'1',18.225,91.205,b'1',b'ARGOS   ',146,16.347,34.268
64,14,b'2900268 ',b'INDIAN ARGO PROJECT                                             ',b'K.RADHAKRISHNAN                                                 ',67,b'A',21:00.0,b'1',18.225,91.205,b'1',b'ARGOS   ',155,15.554,34.291
64,15,b'2900268 ',b'INDIAN ARGO PROJECT                                             ',b'K.RADHAKRISHNAN                                                 ',67,b'A',21:00.0,b'1',18.225,91.205,b'1',b'ARGOS   ',165,15.049,34.332
64,16,b'2900268 ',b'INDIAN ARGO PROJECT                                             ',b'K.RADHAKRISHNAN                                                 ',67,b'A',21:00.0,b'1',18.225,91.205,b'1',b'ARGOS   ',175,14.542,34.336
64,17,b'2900268 ',b'INDIAN ARGO PROJECT                                             ',b'K.RADHAKRISHNAN                                                 ',67,b'A',21:00.0,b'1',18.225,91.205,b'1',b'ARGOS   ',185,14.044,34.35
64,18,b'2900268 ',b'INDIAN ARGO PROJECT                                             ',b'K.RADHAKRISHNAN                                                 ',67,b'A',21:00.0,b'1',18.225,91.205,b'1',b'ARGOS   ',195,13.625,34.357
64,19,b'2900268 ',b'INDIAN ARGO PROJECT                                             ',b'K.RADHAKRISHNAN                                                 ',67,b'A',21:00.0,b'1',18.225,91.205,b'1',b'ARGOS   ',205,13.293,34.369
64,20,b'2900268 ',b'INDIAN ARGO PROJECT                                             ',b'K.RADHAKRISHNAN                                                 ',67,b'A',21:00.0,b'1',18.225,91.205,b'1',b'ARGOS   ',215,12.944,34.377
64,21,b'2900268 ',b'INDIAN ARGO PROJECT                                             ',b'K.RADHAKRISHNAN                                                 ',67,b'A',21:00.0,b'1',18.225,91.205,b'1',b'ARGOS   ',225,12.641,34.381
64,22,b'2900268 ',b'INDIAN ARGO PROJECT                                             ',b'K.RADHAKRISHNAN                                                 ',67,b'A',21:00.0,b'1',18.225,91.205,b'1',b'ARGOS   ',235,12.41,34.386
64,23,b'2900268 ',b'INDIAN ARGO PROJECT                                             ',b'K.RADHAKRISHNAN                                                 ',67,b'A',21:00.0,b'1',18.225,91.205,b'1',b'ARGOS   ',245,12.237,34.386
64,24,b'2900268 ',b'INDIAN ARGO PROJECT                                             ',b'K.RADHAKRISHNAN                                                 ',67,b'A',21:00.0,b'1',18.225,91.205,b'1',b'ARGOS   ',255,12.045,34.394
64,25,b'2900268 ',b'INDIAN ARGO PROJECT                                             ',b'K.RADHAKRISHNAN                                                 ',67,b'A',21:00.0,b'1',18.225,91.205,b'1',b'ARGOS   ',265,11.856,34.398
64,26,b'2900268 ',b'INDIAN ARGO PROJECT                                             ',b'K.RADHAKRISHNAN                                                 ',67,b'A',21:00.0,b'1',18.225,91.205,b'1',b'ARGOS   ',275,11.725,34.398
64,27,b'2900268 ',b'INDIAN ARGO PROJECT                                             ',b'K.RADHAKRISHNAN                                                 ',67,b'A',21:00.0,b'1',18.225,91.205,b'1',b'ARGOS   ',285,11.606,34.396
64,28,b'2900268 ',b'INDIAN ARGO PROJECT                                             ',b'K.RADHAKRISHNAN                                                 ',67,b'A',21:00.0,b'1',18.225,91.205,b'1',b'ARGOS   ',295,11.489,34.401
64,29,b'2900268 ',b'INDIAN ARGO PROJECT                                             ',b'K.RADHAKRISHNAN                                                 ',67,b'A',21:00.0,b'1',18.225,91.205,b'1',b'ARGOS   ',305,11.371,34.398
64,30,b'2900268 ',b'INDIAN ARGO PROJECT                                             ',b'K.RADHAKRISHNAN                                                 ',67,b'A',21:00.0,b'1',18.225,91.205,b'1',b'ARGOS   ',315,11.277,34.403
64,31,b'2900268 ',b'INDIAN ARGO PROJECT                                             ',b'K.RADHAKRISHNAN                                                 ',67,b'A',21:00.0,b'1',18.225,91.205,b'1',b'ARGOS   ',325,11.183,34.397
64,32,b'2900268 ',b'INDIAN ARGO PROJECT                                             ',b'K.RADHAKRISHNAN                                                 ',67,b'A',21:00.0,b'1',18.225,91.205,b'1',b'ARGOS   ',335,11.102,34.398
64,33,b'2900268 ',b'INDIAN ARGO PROJECT                                             ',b'K.RADHAKRISHNAN                                                 ',67,b'A',21:00.0,b'1',18.225,91.205,b'1',b'ARGOS   ',345,11.023,34.398
64,34,b'2900268 ',b'INDIAN ARGO PROJECT                                             ',b'K.RADHAKRISHNAN                                                 ',67,b'A',21:00.0,b'1',18.225,91.205,b'1',b'ARGOS   ',355,10.933,34.399
64,35,b'2900268 ',b'INDIAN ARGO PROJECT                                             ',b'K.RADHAKRISHNAN                                                 ',67,b'A',21:00.0,b'1',18.225,91.205,b'1',b'ARGOS   ',365,10.859,34.404
64,36,b'2900268 ',b'INDIAN ARGO PROJECT                                             ',b'K.RADHAKRISHNAN                                                 ',67,b'A',21:00.0,b'1',18.225,91.205,b'1',b'ARGOS   ',375,10.788,34.396
64,37,b'2900268 ',b'INDIAN ARGO PROJECT                                             ',b'K.RADHAKRISHNAN                                                 ',67,b'A',21:00.0,b'1',18.225,91.205,b'1',b'ARGOS   ',385,10.721,34.404
64,38,b'2900268 ',b'INDIAN ARGO PROJECT                                             ',b'K.RADHAKRISHNAN                                                 ',67,b'A',21:00.0,b'1',18.225,91.205,b'1',b'ARGOS   ',395,10.669,34.399
64,39,b'2900268 ',b'INDIAN ARGO PROJECT                                             ',b'K.RADHAKRISHNAN                                                 ',67,b'A',21:00.0,b'1',18.225,91.205,b'1',b'ARGOS   ',405,10.595,34.404
64,40,b'2900268 ',b'INDIAN ARGO PROJECT                                             ',b'K.RADHAKRISHNAN                                                 ',67,b'A',21:00.0,b'1',18.225,91.205,b'1',b'ARGOS   ',415,10.514,34.395
64,41,b'2900268 ',b'INDIAN ARGO PROJECT                                             ',b'K.RADHAKRISHNAN                                                 ',67,b'A',21:00.0,b'1',18.225,91.205,b'1',b'ARGOS   ',449,10.29,34.4
64,42,b'2900268 ',b'INDIAN ARGO PROJECT                                             ',b'K.RADHAKRISHNAN                                                 ',67,b'A',21:00.0,b'1',18.225,91.205,b'1',b'ARGOS   ',502,9.925,34.397
64,43,b'2900268 ',b'INDIAN ARGO PROJECT                                             ',b'K.RADHAKRISHNAN                                                 ',67,b'A',21:00.0,b'1',18.225,91.205,b'1',b'ARGOS   ',549,9.593,34.385
64,44,b'2900268 ',b'INDIAN ARGO PROJECT                                             ',b'K.RADHAKRISHNAN                                                 ',67,b'A',21:00.0,b'1',18.225,91.205,b'1',b'ARGOS   ',600,9.287,34.376
64,45,b'2900268 ',b'INDIAN ARGO PROJECT                                             ',b'K.RADHAKRISHNAN                                                 ',67,b'A',21:00.0,b'1',18.225,91.205,b'1',b'ARGOS   ',649,8.978,34.371
64,46,b'2900268 ',b'INDIAN ARGO PROJECT                                             ',b'K.RADHAKRISHNAN                                                 ',67,b'A',21:00.0,b'1',18.225,91.205,b'1',b'ARGOS   ',700,8.645,34.365
64,47,b'2900268 ',b'INDIAN ARGO PROJECT                                             ',b'K.RADHAKRISHNAN                                                 ',67,b'A',21:00.0,b'1',18.225,91.205,b'1',b'ARGOS   ',751,8.339,34.354
64,48,b'2900268 ',b'INDIAN ARGO PROJECT                                             ',b'K.RADHAKRISHNAN                                                 ',67,b'A',21:00.0,b'1',18.225,91.205,b'1',b'ARGOS   ',800,8.059,34.349
64,49,b'2900268 ',b'INDIAN ARGO PROJECT                                             ',b'K.RADHAKRISHNAN                                                 ',67,b'A',21:00.0,b'1',18.225,91.205,b'1',b'ARGOS   ',850,7.751,34.339
64,50,b'2900268 ',b'INDIAN ARGO PROJECT                                             ',b'K.RADHAKRISHNAN                                                 ',67,b'A',21:00.0,b'1',18.225,91.205,b'1',b'ARGOS   ',900,7.445,34.325
64,51,b'2900268 ',b'INDIAN ARGO PROJECT                                             ',b'K.RADHAKRISHNAN                                                 ',67,b'A',21:00.0,b'1',18.225,91.205,b'1',b'ARGOS   ',950,7.144,34.317
64,52,b'2900268 ',b'INDIAN ARGO PROJECT                                             ',b'K.RADHAKRISHNAN                                                 ',67,b'A',21:00.0,b'1',18.225,91.205,b'1',b'ARGOS   ',997,6.859,34.304
