N_PROF,N_LEVELS,PLATFORM_NUMBER,PROJECT_NAME,PI_NAME,CYCLE_NUMBER,DIRECTION,JULD,JULD_QC,LATITUDE,LONGITUDE,POSITION_QC,POSITIONING_SYSTEM,PRES,TEMP,PSAL
0,0,b'2900229 ',b'Argo INDIA                                                      ',b'M Ravichandran                                                  ',1.0,b'A',2002-11-04 08:39:13.000000000,b'1',-1.57,68.915,b'1',b'ARGOS   ',4.6,29.498,35.371
0,1,b'2900229 ',b'Argo INDIA                                                      ',b'M Ravichandran                                                  ',1.0,b'A',2002-11-04 08:39:13.000000000,b'1',-1.57,68.915,b'1',b'ARGOS   ',9.1,29.162,35.368
0,2,b'2900229 ',b'Argo INDIA                                                      ',b'M Ravichandran                                                  ',1.0,b'A',2002-11-04 08:39:13.000000000,b'1',-1.57,68.915,b'1',b'ARGOS   ',14.3,29.122,35.371
0,3,b'2900229 ',b'Argo INDIA                                                      ',b'M Ravichandran                                                  ',1.0,b'A',2002-11-04 08:39:13.000000000,b'1',-1.57,68.915,b'1',b'ARGOS   ',19.1,29.12,35.391
0,4,b'2900229 ',b'Argo INDIA                                                      ',b'M Ravichandran                                                  ',1.0,b'A',2002-11-04 08:39:13.000000000,b'1',-1.57,68.915,b'1',b'ARGOS   ',24.0,29.071,35.465
0,5,b'2900229 ',b'Argo INDIA                                                      ',b'M Ravichandran                                                  ',1.0,b'A',2002-11-04 08:39:13.000000000,b'1',-1.57,68.915,b'1',b'ARGOS   ',29.2,29.045,35.475
0,6,b'2900229 ',b'Argo INDIA                                                      ',b'M Ravichandran                                                  ',1.0,b'A',2002-11-04 08:39:13.000000000,b'1',-1.57,68.915,b'1',b'ARGOS   ',34.3,28.991,35.481
0,7,b'2900229 ',b'Argo INDIA                                                      ',b'M Ravichandran                                                  ',1.0,b'A',2002-11-04 08:39:13.000000000,b'1',-1.57,68.915,b'1',b'ARGOS   ',39.3,28.863,35.516
0,8,b'2900229 ',b'Argo INDIA                                                      ',b'M Ravichandran                                                  ',1.0,b'A',2002-11-04 08:39:13.000000000,b'1',-1.57,68.915,b'1',b'ARGOS   ',44.6,28.688,35.535
0,9,b'2900229 ',b'Argo INDIA                                                      ',b'M Ravichandran                                                  ',1.0,b'A',2002-11-04 08:39:13.000000000,b'1',-1.57,68.915,b'1',b'ARGOS   ',49.5,28.377,35.575
0,10,b'2900229 ',b'Argo INDIA                                                      ',b'M Ravichandran                                                  ',1.0,b'A',2002-11-04 08:39:13.000000000,b'1',-1.57,68.915,b'1',b'ARGOS   ',59.1,27.602,35.6
0,11,b'2900229 ',b'Argo INDIA                                                      ',b'M Ravichandran                                                  ',1.0,b'A',2002-11-04 08:39:13.000000000,b'1',-1.57,68.915,b'1',b'ARGOS   ',69.6,26.844,35.613
0,12,b'2900229 ',b'Argo INDIA                                                      ',b'M Ravichandran                                                  ',1.0,b'A',2002-11-04 08:39:13.000000000,b'1',-1.57,68.915,b'1',b'ARGOS   ',79.3,25.446,35.546
0,13,b'2900229 ',b'Argo INDIA                                                      ',b'M Ravichandran                                                  ',1.0,b'A',2002-11-04 08:39:13.000000000,b'1',-1.57,68.915,b'1',b'ARGOS   ',89.5,24.284,35.471
0,14,b'2900229 ',b'Argo INDIA                                                      ',b'M Ravichandran                                                  ',1.0,b'A',2002-11-04 08:39:13.000000000,b'1',-1.57,68.915,b'1',b'ARGOS   ',98.9,22.833,35.426
0,15,b'2900229 ',b'Argo INDIA                                                      ',b'M Ravichandran                                                  ',1.0,b'A',2002-11-04 08:39:13.000000000,b'1',-1.57,68.915,b'1',b'ARGOS   ',109.3,22.739,35.418
0,16,b'2900229 ',b'Argo INDIA                                                      ',b'M Ravichandran                                                  ',1.0,b'A',2002-11-04 08:39:13.000000000,b'1',-1.57,68.915,b'1',b'ARGOS   ',119.8,21.973,35.406
0,17,b'2900229 ',b'Argo INDIA                                                      ',b'M Ravichandran                                                  ',1.0,b'A',2002-11-04 08:39:13.000000000,b'1',-1.57,68.915,b'1',b'ARGOS   ',129.4,20.436,35.379
0,18,b'2900229 ',b'Argo INDIA                                                      ',b'M Ravichandran                                                  ',1.0,b'A',2002-11-04 08:39:13.000000000,b'1',-1.57,68.915,b'1',b'ARGOS   ',139.3,19.544,35.356
0,19,b'2900229 ',b'Argo INDIA                                                      ',b'M Ravichandran                                                  ',1.0,b'A',2002-11-04 08:39:13.000000000,b'1',-1.57,68.915,b'1',b'ARGOS   ',149.2,19.17,35.337
0,20,b'2900229 ',b'Argo INDIA                                                      ',b'M Ravichandran                                                  ',1.0,b'A',2002-11-04 08:39:13.000000000,b'1',-1.57,68.915,b'1',b'ARGOS   ',169.7,15.557,35.154
0,21,b'2900229 ',b'Argo INDIA                                                      ',b'M Ravichandran                                                  ',1.0,b'A',2002-11-04 08:39:13.000000000,b'1',-1.57,68.915,b'1',b'ARGOS   ',189.4,13.82,35.143
0,22,b'2900229 ',b'Argo INDIA                                                      ',b'M Ravichandran                                                  ',1.0,b'A',2002-11-04 08:39:13.000000000,b'1',-1.57,68.915,b'1',b'ARGOS   ',209.2,12.939,35.123
0,23,b'2900229 ',b'Argo INDIA                                                      ',b'M Ravichandran                                                  ',1.0,b'A',2002-11-04 08:39:13.000000000,b'1',-1.57,68.915,b'1',b'ARGOS   ',229.4,12.406,35.1
0,24,b'2900229 ',b'Argo INDIA                                                      ',b'M Ravichandran                                                  ',1.0,b'A',2002-11-04 08:39:13.000000000,b'1',-1.57,68.915,b'1',b'ARGOS   ',248.8,12.239,35.083
0,25,b'2900229 ',b'Argo INDIA                                                      ',b'M Ravichandran                                                  ',1.0,b'A',2002-11-04 08:39:13.000000000,b'1',-1.57,68.915,b'1',b'ARGOS   ',299.2,11.235,34.989
0,26,b'2900229 ',b'Argo INDIA                                                      ',b'M Ravichandran                                                  ',1.0,b'A',2002-11-04 08:39:13.000000000,b'1',-1.57,68.915,b'1',b'ARGOS   ',348.9,10.643,34.949
0,27,b'2900229 ',b'Argo INDIA                                                      ',b'M Ravichandran                                                  ',1.0,b'A',2002-11-04 08:39:13.000000000,b'1',-1.57,68.915,b'1',b'ARGOS   ',398.9,10.181,34.942
0,28,b'2900229 ',b'Argo INDIA                                                      ',b'M Ravichandran                                                  ',1.0,b'A',2002-11-04 08:39:13.000000000,b'1',-1.57,68.915,b'1',b'ARGOS   ',448.8,9.477,34.928
0,29,b'2900229 ',b'Argo INDIA                                                      ',b'M Ravichandran                                                  ',1.0,b'A',2002-11-04 08:39:13.000000000,b'1',-1.57,68.915,b'1',b'ARGOS   ',499.1,9.216,34.98
0,30,b'2900229 ',b'Argo INDIA                                                      ',b'M Ravichandran                                                  ',1.0,b'A',2002-11-04 08:39:13.000000000,b'1',-1.57,68.915,b'1',b'ARGOS   ',599.3,8.971,35.023
0,31,b'2900229 ',b'Argo INDIA                                                      ',b'M Ravichandran                                                  ',1.0,b'A',2002-11-04 08:39:13.000000000,b'1',-1.57,68.915,b'1',b'ARGOS   ',699.4,8.41,35.007
0,32,b'2900229 ',b'Argo INDIA                                                      ',b'M Ravichandran                                                  ',1.0,b'A',2002-11-04 08:39:13.000000000,b'1',-1.57,68.915,b'1',b'ARGOS   ',799.0,7.726,34.998
0,33,b'2900229 ',b'Argo INDIA                                                      ',b'M Ravichandran                                                  ',1.0,b'A',2002-11-04 08:39:13.000000000,b'1',-1.57,68.915,b'1',b'ARGOS   ',899.1,7.567,35.019
0,34,b'2900229 ',b'Argo INDIA                                                      ',b'M Ravichandran                                                  ',1.0,b'A',2002-11-04 08:39:13.000000000,b'1',-1.57,68.915,b'1',b'ARGOS   ',998.9,7.124,34.991
0,35,b'2900229 ',b'Argo INDIA                                                      ',b'M Ravichandran                                                  ',1.0,b'A',2002-11-04 08:39:13.000000000,b'1',-1.57,68.915,b'1',b'ARGOS   ',1099.5,6.424,34.962
0,36,b'2900229 ',b'Argo INDIA                                                      ',b'M Ravichandran                                                  ',1.0,b'A',2002-11-04 08:39:13.000000000,b'1',-1.57,68.915,b'1',b'ARGOS   ',1199.1,5.648,34.895
0,37,b'2900229 ',b'Argo INDIA                                                      ',b'M Ravichandran                                                  ',1.0,b'A',2002-11-04 08:39:13.000000000,b'1',-1.57,68.915,b'1',b'ARGOS   ',1299.4,5.415,34.886
0,38,b'2900229 ',b'Argo INDIA                                                      ',b'M Ravichandran                                                  ',1.0,b'A',2002-11-04 08:39:13.000000000,b'1',-1.57,68.915,b'1',b'ARGOS   ',1398.8,4.888,34.86
0,39,b'2900229 ',b'Argo INDIA                                                      ',b'M Ravichandran                                                  ',1.0,b'A',2002-11-04 08:39:13.000000000,b'1',-1.57,68.915,b'1',b'ARGOS   ',1499.2,4.609,34.847
0,40,b'2900229 ',b'Argo INDIA                                                      ',b'M Ravichandran                                                  ',1.0,b'A',2002-11-04 08:39:13.000000000,b'1',-1.57,68.915,b'1',b'ARGOS   ',1599.5,4.046,34.822
0,41,b'2900229 ',b'Argo INDIA                                                      ',b'M Ravichandran                                                  ',1.0,b'A',2002-11-04 08:39:13.000000000,b'1',-1.57,68.915,b'1',b'ARGOS   ',1699.4,3.579,34.802
0,42,b'2900229 ',b'Argo INDIA                                                      ',b'M Ravichandran                                                  ',1.0,b'A',2002-11-04 08:39:13.000000000,b'1',-1.57,68.915,b'1',b'ARGOS   ',1799.1,3.163,34.785
0,43,b'2900229 ',b'Argo INDIA                                                      ',b'M Ravichandran                                                  ',1.0,b'A',2002-11-04 08:39:13.000000000,b'1',-1.57,68.915,b'1',b'ARGOS   ',1899.0,2.956,34.781
0,44,b'2900229 ',b'Argo INDIA                                                      ',b'M Ravichandran                                                  ',1.0,b'A',2002-11-04 08:39:13.000000000,b'1',-1.57,68.915,b'1',b'ARGOS   ',1999.1,2.685,34.77
1,0,b'2900229 ',b'Argo INDIA                                                      ',b'M Ravichandran                                                  ',2.0,b'A',2002-11-14 08:41:05.000000000,b'1',-1.765,69.267,b'1',b'ARGOS   ',7.5,28.53,35.403
1,1,b'2900229 ',b'Argo INDIA                                                      ',b'M Ravichandran                                                  ',2.0,b'A',2002-11-14 08:41:05.000000000,b'1',-1.765,69.267,b'1',b'ARGOS   ',9.6,28.525,35.375
1,2,b'2900229 ',b'Argo INDIA                                                      ',b'M Ravichandran                                                  ',2.0,b'A',2002-11-14 08:41:05.000000000,b'1',-1.765,69.267,b'1',b'ARGOS   ',14.2,28.526,35.416
1,3,b'2900229 ',b'Argo INDIA                                                      ',b'M Ravichandran                                                  ',2.0,b'A',2002-11-14 08:41:05.000000000,b'1',-1.765,69.267,b'1',b'ARGOS   ',19.4,28.524,35.416
1,4,b'2900229 ',b'Argo INDIA                                                      ',b'M Ravichandran                                                  ',2.0,b'A',2002-11-14 08:41:05.000000000,b'1',-1.765,69.267,b'1',b'ARGOS   ',24.2,28.524,35.417
1,5,b'2900229 ',b'Argo INDIA                                                      ',b'M Ravichandran                                                  ',2.0,b'A',2002-11-14 08:41:05.000000000,b'1',-1.765,69.267,b'1',b'ARGOS   ',29.3,28.524,35.417
1,6,b'2900229 ',b'Argo INDIA                                                      ',b'M Ravichandran                                                  ',2.0,b'A',2002-11-14 08:41:05.000000000,b'1',-1.765,69.267,b'1',b'ARGOS   ',33.9,28.506,35.433
1,7,b'2900229 ',b'Argo INDIA                                                      ',b'M Ravichandran                                                  ',2.0,b'A',2002-11-14 08:41:05.000000000,b'1',-1.765,69.267,b'1',b'ARGOS   ',39.4,28.494,35.449
1,8,b'2900229 ',b'Argo INDIA                                                      ',b'M Ravichandran                                                  ',2.0,b'A',2002-11-14 08:41:05.000000000,b'1',-1.765,69.267,b'1',b'ARGOS   ',44.4,28.485,35.466
1,9,b'2900229 ',b'Argo INDIA                                                      ',b'M Ravichandran                                                  ',2.0,b'A',2002-11-14 08:41:05.000000000,b'1',-1.765,69.267,b'1',b'ARGOS   ',49.4,28.483,35.47
1,10,b'2900229 ',b'Argo INDIA                                                      ',b'M Ravichandran                                                  ',2.0,b'A',2002-11-14 08:41:05.000000000,b'1',-1.765,69.267,b'1',b'ARGOS   ',59.7,28.265,35.728
1,11,b'2900229 ',b'Argo INDIA                                                      ',b'M Ravichandran                                                  ',2.0,b'A',2002-11-14 08:41:05.000000000,b'1',-1.765,69.267,b'1',b'ARGOS   ',69.2,27.789,35.777
1,12,b'2900229 ',b'Argo INDIA                                                      ',b'M Ravichandran                                                  ',2.0,b'A',2002-11-14 08:41:05.000000000,b'1',-1.765,69.267,b'1',b'ARGOS   ',79.7,26.856,35.644
1,13,b'2900229 ',b'Argo INDIA                                                      ',b'M Ravichandran                                                  ',2.0,b'A',2002-11-14 08:41:05.000000000,b'1',-1.765,69.267,b'1',b'ARGOS   ',89.7,25.458,35.541
1,14,b'2900229 ',b'Argo INDIA                                                      ',b'M Ravichandran                                                  ',2.0,b'A',2002-11-14 08:41:05.000000000,b'1',-1.765,69.267,b'1',b'ARGOS   ',99.2,23.001,35.421
1,15,b'2900229 ',b'Argo INDIA                                                      ',b'M Ravichandran                                                  ',2.0,b'A',2002-11-14 08:41:05.000000000,b'1',-1.765,69.267,b'1',b'ARGOS   ',109.4,21.114,35.4
1,16,b'2900229 ',b'Argo INDIA                                                      ',b'M Ravichandran                                                  ',2.0,b'A',2002-11-14 08:41:05.000000000,b'1',-1.765,69.267,b'1',b'ARGOS   ',119.4,20.252,35.376
1,17,b'2900229 ',b'Argo INDIA                                                      ',b'M Ravichandran                                                  ',2.0,b'A',2002-11-14 08:41:05.000000000,b'1',-1.765,69.267,b'1',b'ARGOS   ',129.4,20.127,35.371
1,18,b'2900229 ',b'Argo INDIA                                                      ',b'M Ravichandran                                                  ',2.0,b'A',2002-11-14 08:41:05.000000000,b'1',-1.765,69.267,b'1',b'ARGOS   ',139.5,19.026,35.329
1,19,b'2900229 ',b'Argo INDIA                                                      ',b'M Ravichandran                                                  ',2.0,b'A',2002-11-14 08:41:05.000000000,b'1',-1.765,69.267,b'1',b'ARGOS   ',149.3,17.479,35.261
1,20,b'2900229 ',b'Argo INDIA                                                      ',b'M Ravichandran                                                  ',2.0,b'A',2002-11-14 08:41:05.000000000,b'1',-1.765,69.267,b'1',b'ARGOS   ',169.3,15.259,35.174
1,21,b'2900229 ',b'Argo INDIA                                                      ',b'M Ravichandran                                                  ',2.0,b'A',2002-11-14 08:41:05.000000000,b'1',-1.765,69.267,b'1',b'ARGOS   ',189.4,14.807,35.183
1,22,b'2900229 ',b'Argo INDIA                                                      ',b'M Ravichandran                                                  ',2.0,b'A',2002-11-14 08:41:05.000000000,b'1',-1.765,69.267,b'1',b'ARGOS   ',209.2,14.041,35.16
1,23,b'2900229 ',b'Argo INDIA                                                      ',b'M Ravichandran                                                  ',2.0,b'A',2002-11-14 08:41:05.000000000,b'1',-1.765,69.267,b'1',b'ARGOS   ',229.3,13.05,35.14
1,24,b'2900229 ',b'Argo INDIA                                                      ',b'M Ravichandran                                                  ',2.0,b'A',2002-11-14 08:41:05.000000000,b'1',-1.765,69.267,b'1',b'ARGOS   ',249.1,12.89,35.141
1,25,b'2900229 ',b'Argo INDIA                                                      ',b'M Ravichandran                                                  ',2.0,b'A',2002-11-14 08:41:05.000000000,b'1',-1.765,69.267,b'1',b'ARGOS   ',299.0,12.296,35.106
1,26,b'2900229 ',b'Argo INDIA                                                      ',b'M Ravichandran                                                  ',2.0,b'A',2002-11-14 08:41:05.000000000,b'1',-1.765,69.267,b'1',b'ARGOS   ',349.2,11.358,35.02
1,27,b'2900229 ',b'Argo INDIA                                                      ',b'M Ravichandran                                                  ',2.0,b'A',2002-11-14 08:41:05.000000000,b'1',-1.765,69.267,b'1',b'ARGOS   ',399.4,10.731,34.965
1,28,b'2900229 ',b'Argo INDIA                                                      ',b'M Ravichandran                                                  ',2.0,b'A',2002-11-14 08:41:05.000000000,b'1',-1.765,69.267,b'1',b'ARGOS   ',449.3,9.926,34.928
1,29,b'2900229 ',b'Argo INDIA                                                      ',b'M Ravichandran                                                  ',2.0,b'A',2002-11-14 08:41:05.000000000,b'1',-1.765,69.267,b'1',b'ARGOS   ',499.4,9.244,34.869
1,30,b'2900229 ',b'Argo INDIA                                                      ',b'M Ravichandran                                                  ',2.0,b'A',2002-11-14 08:41:05.000000000,b'1',-1.765,69.267,b'1',b'ARGOS   ',599.4,8.467,34.903
1,31,b'2900229 ',b'Argo INDIA                                                      ',b'M Ravichandran                                                  ',2.0,b'A',2002-11-14 08:41:05.000000000,b'1',-1.765,69.267,b'1',b'ARGOS   ',699.1,8.286,35.012
1,32,b'2900229 ',b'Argo INDIA                                                      ',b'M Ravichandran                                                  ',2.0,b'A',2002-11-14 08:41:05.000000000,b'1',-1.765,69.267,b'1',b'ARGOS   ',799.4,7.908,35.0
1,33,b'2900229 ',b'Argo INDIA                                                      ',b'M Ravichandran                                                  ',2.0,b'A',2002-11-14 08:41:05.000000000,b'1',-1.765,69.267,b'1',b'ARGOS   ',899.4,7.294,34.957
1,34,b'2900229 ',b'Argo INDIA                                                      ',b'M Ravichandran                                                  ',2.0,b'A',2002-11-14 08:41:05.000000000,b'1',-1.765,69.267,b'1',b'ARGOS   ',999.2,6.773,34.929
1,35,b'2900229 ',b'Argo INDIA                                                      ',b'M Ravichandran                                                  ',2.0,b'A',2002-11-14 08:41:05.000000000,b'1',-1.765,69.267,b'1',b'ARGOS   ',1099.5,5.678,34.8
1,36,b'2900229 ',b'Argo INDIA                                                      ',b'M Ravichandran                                                  ',2.0,b'A',2002-11-14 08:41:05.000000000,b'1',-1.765,69.267,b'1',b'ARGOS   ',1199.0,5.383,34.824
1,37,b'2900229 ',b'Argo INDIA                                                      ',b'M Ravichandran                                                  ',2.0,b'A',2002-11-14 08:41:05.000000000,b'1',-1.765,69.267,b'1',b'ARGOS   ',1299.4,4.906,34.825
1,38,b'2900229 ',b'Argo INDIA                                                      ',b'M Ravichandran                                                  ',2.0,b'A',2002-11-14 08:41:05.000000000,b'1',-1.765,69.267,b'1',b'ARGOS   ',1399.1,4.743,34.853
1,39,b'2900229 ',b'Argo INDIA                                                      ',b'M Ravichandran                                                  ',2.0,b'A',2002-11-14 08:41:05.000000000,b'1',-1.765,69.267,b'1',b'ARGOS   ',1499.0,4.163,34.819
1,40,b'2900229 ',b'Argo INDIA                                                      ',b'M Ravichandran                                                  ',2.0,b'A',2002-11-14 08:41:05.000000000,b'1',-1.765,69.267,b'1',b'ARGOS   ',1599.6,3.678,34.805
1,41,b'2900229 ',b'Argo INDIA                                                      ',b'M Ravichandran                                                  ',2.0,b'A',2002-11-14 08:41:05.000000000,b'1',-1.765,69.267,b'1',b'ARGOS   ',1699.4,3.487,34.798
1,42,b'2900229 ',b'Argo INDIA                                                      ',b'M Ravichandran                                                  ',2.0,b'A',2002-11-14 08:41:05.000000000,b'1',-1.765,69.267,b'1',b'ARGOS   ',1799.4,3.219,34.787
1,43,b'2900229 ',b'Argo INDIA                                                      ',b'M Ravichandran                                                  ',2.0,b'A',2002-11-14 08:41:05.000000000,b'1',-1.765,69.267,b'1',b'ARGOS   ',1898.9,2.959,34.78
1,44,b'2900229 ',b'Argo INDIA                                                      ',b'M Ravichandran                                                  ',2.0,b'A',2002-11-14 08:41:05.000000000,b'1',-1.765,69.267,b'1',b'ARGOS   ',,,
2,0,b'2900229 ',b'Argo INDIA                                                      ',b'M Ravichandran                                                  ',3.0,b'A',2002-11-24 08:24:58.000000000,b'1',-1.965,69.667,b'1',b'ARGOS   ',9.3,28.69,35.005
2,1,b'2900229 ',b'Argo INDIA                                                      ',b'M Ravichandran                                                  ',3.0,b'A',2002-11-24 08:24:58.000000000,b'1',-1.965,69.667,b'1',b'ARGOS   ',14.5,28.367,34.996
2,2,b'2900229 ',b'Argo INDIA                                                      ',b'M Ravichandran                                                  ',3.0,b'A',2002-11-24 08:24:58.000000000,b'1',-1.965,69.667,b'1',b'ARGOS   ',19.5,28.336,34.998
2,3,b'2900229 ',b'Argo INDIA                                                      ',b'M Ravichandran                                                  ',3.0,b'A',2002-11-24 08:24:58.000000000,b'1',-1.965,69.667,b'1',b'ARGOS   ',24.3,28.321,35.001
2,4,b'2900229 ',b'Argo INDIA                                                      ',b'M Ravichandran                                                  ',3.0,b'A',2002-11-24 08:24:58.000000000,b'1',-1.965,69.667,b'1',b'ARGOS   ',29.5,28.312,35.013
2,5,b'2900229 ',b'Argo INDIA                                                      ',b'M Ravichandran                                                  ',3.0,b'A',2002-11-24 08:24:58.000000000,b'1',-1.965,69.667,b'1',b'ARGOS   ',34.3,28.308,35.122
2,6,b'2900229 ',b'Argo INDIA                                                      ',b'M Ravichandran                                                  ',3.0,b'A',2002-11-24 08:24:58.000000000,b'1',-1.965,69.667,b'1',b'ARGOS   ',39.3,28.295,35.25
2,7,b'2900229 ',b'Argo INDIA                                                      ',b'M Ravichandran                                                  ',3.0,b'A',2002-11-24 08:24:58.000000000,b'1',-1.965,69.667,b'1',b'ARGOS   ',44.6,28.032,35.376
2,8,b'2900229 ',b'Argo INDIA                                                      ',b'M Ravichandran                                                  ',3.0,b'A',2002-11-24 08:24:58.000000000,b'1',-1.965,69.667,b'1',b'ARGOS   ',49.2,27.859,35.403
2,9,b'2900229 ',b'Argo INDIA                                                      ',b'M Ravichandran                                                  ',3.0,b'A',2002-11-24 08:24:58.000000000,b'1',-1.965,69.667,b'1',b'ARGOS   ',59.4,27.653,35.426
2,10,b'2900229 ',b'Argo INDIA                                                      ',b'M Ravichandran                                                  ',3.0,b'A',2002-11-24 08:24:58.000000000,b'1',-1.965,69.667,b'1',b'ARGOS   ',69.6,26.631,35.495
2,11,b'2900229 ',b'Argo INDIA                                                      ',b'M Ravichandran                                                  ',3.0,b'A',2002-11-24 08:24:58.000000000,b'1',-1.965,69.667,b'1',b'ARGOS   ',79.5,25.309,35.502
2,12,b'2900229 ',b'Argo INDIA                                                      ',b'M Ravichandran                                                  ',3.0,b'A',2002-11-24 08:24:58.000000000,b'1',-1.965,69.667,b'1',b'ARGOS   ',89.5,24.336,35.436
2,13,b'2900229 ',b'Argo INDIA                                                      ',b'M Ravichandran                                                  ',3.0,b'A',2002-11-24 08:24:58.000000000,b'1',-1.965,69.667,b'1',b'ARGOS   ',99.3,23.448,35.42
2,14,b'2900229 ',b'Argo INDIA                                                      ',b'M Ravichandran                                                  ',3.0,b'A',2002-11-24 08:24:58.000000000,b'1',-1.965,69.667,b'1',b'ARGOS   ',109.3,22.53,35.404
2,15,b'2900229 ',b'Argo INDIA                                                      ',b'M Ravichandran                                                  ',3.0,b'A',2002-11-24 08:24:58.000000000,b'1',-1.965,69.667,b'1',b'ARGOS   ',119.4,21.394,35.385
2,16,b'2900229 ',b'Argo INDIA                                                      ',b'M Ravichandran                                                  ',3.0,b'A',2002-11-24 08:24:58.000000000,b'1',-1.965,69.667,b'1',b'ARGOS   ',129.1,20.098,35.321
2,17,b'2900229 ',b'Argo INDIA                                                      ',b'M Ravichandran                                                  ',3.0,b'A',2002-11-24 08:24:58.000000000,b'1',-1.965,69.667,b'1',b'ARGOS   ',139.6,19.613,35.321
2,18,b'2900229 ',b'Argo INDIA                                                      ',b'M Ravichandran                                                  ',3.0,b'A',2002-11-24 08:24:58.000000000,b'1',-1.965,69.667,b'1',b'ARGOS   ',149.0,18.817,35.281
2,19,b'2900229 ',b'Argo INDIA                                                      ',b'M Ravichandran                                                  ',3.0,b'A',2002-11-24 08:24:58.000000000,b'1',-1.965,69.667,b'1',b'ARGOS   ',169.4,14.205,35.139
2,20,b'2900229 ',b'Argo INDIA                                                      ',b'M Ravichandran                                                  ',3.0,b'A',2002-11-24 08:24:58.000000000,b'1',-1.965,69.667,b'1',b'ARGOS   ',189.1,12.651,35.074
2,21,b'2900229 ',b'Argo INDIA                                                      ',b'M Ravichandran                                                  ',3.0,b'A',2002-11-24 08:24:58.000000000,b'1',-1.965,69.667,b'1',b'ARGOS   ',208.9,12.575,35.101
2,22,b'2900229 ',b'Argo INDIA                                                      ',b'M Ravichandran                                                  ',3.0,b'A',2002-11-24 08:24:58.000000000,b'1',-1.965,69.667,b'1',b'ARGOS   ',229.1,12.198,35.079
2,23,b'2900229 ',b'Argo INDIA                                                      ',b'M Ravichandran                                                  ',3.0,b'A',2002-11-24 08:24:58.000000000,b'1',-1.965,69.667,b'1',b'ARGOS   ',249.4,11.946,35.066
2,24,b'2900229 ',b'Argo INDIA                                                      ',b'M Ravichandran                                                  ',3.0,b'A',2002-11-24 08:24:58.000000000,b'1',-1.965,69.667,b'1',b'ARGOS   ',299.1,11.67,35.04
2,25,b'2900229 ',b'Argo INDIA                                                      ',b'M Ravichandran                                                  ',3.0,b'A',2002-11-24 08:24:58.000000000,b'1',-1.965,69.667,b'1',b'ARGOS   ',349.1,11.01,34.995
2,26,b'2900229 ',b'Argo INDIA                                                      ',b'M Ravichandran                                                  ',3.0,b'A',2002-11-24 08:24:58.000000000,b'1',-1.965,69.667,b'1',b'ARGOS   ',398.8,10.304,34.953
2,27,b'2900229 ',b'Argo INDIA                                                      ',b'M Ravichandran                                                  ',3.0,b'A',2002-11-24 08:24:58.000000000,b'1',-1.965,69.667,b'1',b'ARGOS   ',449.2,10.165,34.964
2,28,b'2900229 ',b'Argo INDIA                                                      ',b'M Ravichandran                                                  ',3.0,b'A',2002-11-24 08:24:58.000000000,b'1',-1.965,69.667,b'1',b'ARGOS   ',499.2,9.87,34.971
2,29,b'2900229 ',b'Argo INDIA                                                      ',b'M Ravichandran                                                  ',3.0,b'A',2002-11-24 08:24:58.000000000,b'1',-1.965,69.667,b'1',b'ARGOS   ',599.3,8.712,34.93
2,30,b'2900229 ',b'Argo INDIA                                                      ',b'M Ravichandran                                                  ',3.0,b'A',2002-11-24 08:24:58.000000000,b'1',-1.965,69.667,b'1',b'ARGOS   ',699.3,8.181,34.979
2,31,b'2900229 ',b'Argo INDIA                                                      ',b'M Ravichandran                                                  ',3.0,b'A',2002-11-24 08:24:58.000000000,b'1',-1.965,69.667,b'1',b'ARGOS   ',799.2,7.917,35.0
2,32,b'2900229 ',b'Argo INDIA                                                      ',b'M Ravichandran                                                  ',3.0,b'A',2002-11-24 08:24:58.000000000,b'1',-1.965,69.667,b'1',b'ARGOS   ',899.2,7.397,34.987
2,33,b'2900229 ',b'Argo INDIA                                                      ',b'M Ravichandran                                                  ',3.0,b'A',2002-11-24 08:24:58.000000000,b'1',-1.965,69.667,b'1',b'ARGOS   ',998.9,7.162,34.988
2,34,b'2900229 ',b'Argo INDIA                                                      ',b'M Ravichandran                                                  ',3.0,b'A',2002-11-24 08:24:58.000000000,b'1',-1.965,69.667,b'1',b'ARGOS   ',1099.3,6.661,34.96
2,35,b'2900229 ',b'Argo INDIA                                                      ',b'M Ravichandran                                                  ',3.0,b'A',2002-11-24 08:24:58.000000000,b'1',-1.965,69.667,b'1',b'ARGOS   ',1199.2,6.037,34.924
2,36,b'2900229 ',b'Argo INDIA                                                      ',b'M Ravichandran                                                  ',3.0,b'A',2002-11-24 08:24:58.000000000,b'1',-1.965,69.667,b'1',b'ARGOS   ',1299.0,5.698,34.892
2,37,b'2900229 ',b'Argo INDIA                                                      ',b'M Ravichandran                                                  ',3.0,b'A',2002-11-24 08:24:58.000000000,b'1',-1.965,69.667,b'1',b'ARGOS   ',1399.6,4.76,34.835
2,38,b'2900229 ',b'Argo INDIA                                                      ',b'M Ravichandran                                                  ',3.0,b'A',2002-11-24 08:24:58.000000000,b'1',-1.965,69.667,b'1',b'ARGOS   ',1499.3,4.409,34.832
2,39,b'2900229 ',b'Argo INDIA                                                      ',b'M Ravichandran                                                  ',3.0,b'A',2002-11-24 08:24:58.000000000,b'1',-1.965,69.667,b'1',b'ARGOS   ',1599.1,3.922,34.809
2,40,b'2900229 ',b'Argo INDIA                                                      ',b'M Ravichandran                                                  ',3.0,b'A',2002-11-24 08:24:58.000000000,b'1',-1.965,69.667,b'1',b'ARGOS   ',1699.2,3.604,34.807
2,41,b'2900229 ',b'Argo INDIA                                                      ',b'M Ravichandran                                                  ',3.0,b'A',2002-11-24 08:24:58.000000000,b'1',-1.965,69.667,b'1',b'ARGOS   ',1799.4,3.52,34.804
2,42,b'2900229 ',b'Argo INDIA                                                      ',b'M Ravichandran                                                  ',3.0,b'A',2002-11-24 08:24:58.000000000,b'1',-1.965,69.667,b'1',b'ARGOS   ',1898.7,3.216,34.789
2,43,b'2900229 ',b'Argo INDIA                                                      ',b'M Ravichandran                                                  ',3.0,b'A',2002-11-24 08:24:58.000000000,b'1',-1.965,69.667,b'1',b'ARGOS   ',1998.7,2.869,34.777
2,44,b'2900229 ',b'Argo INDIA                                                      ',b'M Ravichandran                                                  ',3.0,b'A',2002-11-24 08:24:58.000000000,b'1',-1.965,69.667,b'1',b'ARGOS   ',,,
3,0,b'2900229 ',b'Argo INDIA                                                      ',b'M Ravichandran                                                  ',4.0,b'A',2002-12-04 08:53:43.000000000,b'1',-1.766,69.594,b'1',b'ARGOS   ',11.3,29.137,35.389
3,1,b'2900229 ',b'Argo INDIA                                                      ',b'M Ravichandran                                                  ',4.0,b'A',2002-12-04 08:53:43.000000000,b'1',-1.766,69.594,b'1',b'ARGOS   ',14.2,28.99,35.383
3,2,b'2900229 ',b'Argo INDIA                                                      ',b'M Ravichandran                                                  ',4.0,b'A',2002-12-04 08:53:43.000000000,b'1',-1.766,69.594,b'1',b'ARGOS   ',19.4,28.83,35.369
3,3,b'2900229 ',b'Argo INDIA                                                      ',b'M Ravichandran                                                  ',4.0,b'A',2002-12-04 08:53:43.000000000,b'1',-1.766,69.594,b'1',b'ARGOS   ',24.2,28.79,35.378
3,4,b'2900229 ',b'Argo INDIA                                                      ',b'M Ravichandran                                                  ',4.0,b'A',2002-12-04 08:53:43.000000000,b'1',-1.766,69.594,b'1',b'ARGOS   ',29.5,28.768,35.382
3,5,b'2900229 ',b'Argo INDIA                                                      ',b'M Ravichandran                                                  ',4.0,b'A',2002-12-04 08:53:43.000000000,b'1',-1.766,69.594,b'1',b'ARGOS   ',34.5,28.749,35.382
3,6,b'2900229 ',b'Argo INDIA                                                      ',b'M Ravichandran                                                  ',4.0,b'A',2002-12-04 08:53:43.000000000,b'1',-1.766,69.594,b'1',b'ARGOS   ',39.6,28.539,35.374
3,7,b'2900229 ',b'Argo INDIA                                                      ',b'M Ravichandran                                                  ',4.0,b'A',2002-12-04 08:53:43.000000000,b'1',-1.766,69.594,b'1',b'ARGOS   ',44.4,28.022,35.353
3,8,b'2900229 ',b'Argo INDIA                                                      ',b'M Ravichandran                                                  ',4.0,b'A',2002-12-04 08:53:43.000000000,b'1',-1.766,69.594,b'1',b'ARGOS   ',49.3,27.937,35.35
3,9,b'2900229 ',b'Argo INDIA                                                      ',b'M Ravichandran                                                  ',4.0,b'A',2002-12-04 08:53:43.000000000,b'1',-1.766,69.594,b'1',b'ARGOS   ',59.0,27.645,35.349
3,10,b'2900229 ',b'Argo INDIA                                                      ',b'M Ravichandran                                                  ',4.0,b'A',2002-12-04 08:53:43.000000000,b'1',-1.766,69.594,b'1',b'ARGOS   ',69.0,27.497,35.357
3,11,b'2900229 ',b'Argo INDIA                                                      ',b'M Ravichandran                                                  ',4.0,b'A',2002-12-04 08:53:43.000000000,b'1',-1.766,69.594,b'1',b'ARGOS   ',79.0,27.3,35.399
3,12,b'2900229 ',b'Argo INDIA                                                      ',b'M Ravichandran                                                  ',4.0,b'A',2002-12-04 08:53:43.000000000,b'1',-1.766,69.594,b'1',b'ARGOS   ',89.7,26.138,35.467
3,13,b'2900229 ',b'Argo INDIA                                                      ',b'M Ravichandran                                                  ',4.0,b'A',2002-12-04 08:53:43.000000000,b'1',-1.766,69.594,b'1',b'ARGOS   ',99.3,23.908,35.403
3,14,b'2900229 ',b'Argo INDIA                                                      ',b'M Ravichandran                                                  ',4.0,b'A',2002-12-04 08:53:43.000000000,b'1',-1.766,69.594,b'1',b'ARGOS   ',109.0,22.623,35.404
3,15,b'2900229 ',b'Argo INDIA                                                      ',b'M Ravichandran                                                  ',4.0,b'A',2002-12-04 08:53:43.000000000,b'1',-1.766,69.594,b'1',b'ARGOS   ',119.7,21.962,35.417
3,16,b'2900229 ',b'Argo INDIA                                                      ',b'M Ravichandran                                                  ',4.0,b'A',2002-12-04 08:53:43.000000000,b'1',-1.766,69.594,b'1',b'ARGOS   ',129.2,20.795,35.373
3,17,b'2900229 ',b'Argo INDIA                                                      ',b'M Ravichandran                                                  ',4.0,b'A',2002-12-04 08:53:43.000000000,b'1',-1.766,69.594,b'1',b'ARGOS   ',139.6,17.127,35.22
3,18,b'2900229 ',b'Argo INDIA                                                      ',b'M Ravichandran                                                  ',4.0,b'A',2002-12-04 08:53:43.000000000,b'1',-1.766,69.594,b'1',b'ARGOS   ',149.0,15.472,35.16
3,19,b'2900229 ',b'Argo INDIA                                                      ',b'M Ravichandran                                                  ',4.0,b'A',2002-12-04 08:53:43.000000000,b'1',-1.766,69.594,b'1',b'ARGOS   ',169.2,13.558,35.122
3,20,b'2900229 ',b'Argo INDIA                                                      ',b'M Ravichandran                                                  ',4.0,b'A',2002-12-04 08:53:43.000000000,b'1',-1.766,69.594,b'1',b'ARGOS   ',189.2,12.571,35.101
3,21,b'2900229 ',b'Argo INDIA                                                      ',b'M Ravichandran                                                  ',4.0,b'A',2002-12-04 08:53:43.000000000,b'1',-1.766,69.594,b'1',b'ARGOS   ',209.5,12.187,35.095
3,22,b'2900229 ',b'Argo INDIA                                                      ',b'M Ravichandran                                                  ',4.0,b'A',2002-12-04 08:53:43.000000000,b'1',-1.766,69.594,b'1',b'ARGOS   ',229.5,12.146,35.098
3,23,b'2900229 ',b'Argo INDIA                                                      ',b'M Ravichandran                                                  ',4.0,b'A',2002-12-04 08:53:43.000000000,b'1',-1.766,69.594,b'1',b'ARGOS   ',249.2,11.866,35.065
3,24,b'2900229 ',b'Argo INDIA                                                      ',b'M Ravichandran                                                  ',4.0,b'A',2002-12-04 08:53:43.000000000,b'1',-1.766,69.594,b'1',b'ARGOS   ',299.2,11.197,35.019
3,25,b'2900229 ',b'Argo INDIA                                                      ',b'M Ravichandran                                                  ',4.0,b'A',2002-12-04 08:53:43.000000000,b'1',-1.766,69.594,b'1',b'ARGOS   ',349.2,10.625,34.988
3,26,b'2900229 ',b'Argo INDIA                                                      ',b'M Ravichandran                                                  ',4.0,b'A',2002-12-04 08:53:43.000000000,b'1',-1.766,69.594,b'1',b'ARGOS   ',398.9,10.344,34.987
3,27,b'2900229 ',b'Argo INDIA                                                      ',b'M Ravichandran                                                  ',4.0,b'A',2002-12-04 08:53:43.000000000,b'1',-1.766,69.594,b'1',b'ARGOS   ',449.2,10.091,34.97
3,28,b'2900229 ',b'Argo INDIA                                                      ',b'M Ravichandran                                                  ',4.0,b'A',2002-12-04 08:53:43.000000000,b'1',-1.766,69.594,b'1',b'ARGOS   ',499.5,9.97,34.982
3,29,b'2900229 ',b'Argo INDIA                                                      ',b'M Ravichandran                                                  ',4.0,b'A',2002-12-04 08:53:43.000000000,b'1',-1.766,69.594,b'1',b'ARGOS   ',599.6,8.733,34.954
3,30,b'2900229 ',b'Argo INDIA                                                      ',b'M Ravichandran                                                  ',4.0,b'A',2002-12-04 08:53:43.000000000,b'1',-1.766,69.594,b'1',b'ARGOS   ',699.4,8.46,35.004
3,31,b'2900229 ',b'Argo INDIA                                                      ',b'M Ravichandran                                                  ',4.0,b'A',2002-12-04 08:53:43.000000000,b'1',-1.766,69.594,b'1',b'ARGOS   ',799.2,8.086,35.012
3,32,b'2900229 ',b'Argo INDIA                                                      ',b'M Ravichandran                                                  ',4.0,b'A',2002-12-04 08:53:43.000000000,b'1',-1.766,69.594,b'1',b'ARGOS   ',899.1,7.583,34.984
3,33,b'2900229 ',b'Argo INDIA                                                      ',b'M Ravichandran                                                  ',4.0,b'A',2002-12-04 08:53:43.000000000,b'1',-1.766,69.594,b'1',b'ARGOS   ',999.3,7.054,34.979
3,34,b'2900229 ',b'Argo INDIA                                                      ',b'M Ravichandran                                                  ',4.0,b'A',2002-12-04 08:53:43.000000000,b'1',-1.766,69.594,b'1',b'ARGOS   ',1099.3,6.31,34.94
3,35,b'2900229 ',b'Argo INDIA                                                      ',b'M Ravichandran                                                  ',4.0,b'A',2002-12-04 08:53:43.000000000,b'1',-1.766,69.594,b'1',b'ARGOS   ',1199.0,5.611,34.884
3,36,b'2900229 ',b'Argo INDIA                                                      ',b'M Ravichandran                                                  ',4.0,b'A',2002-12-04 08:53:43.000000000,b'1',-1.766,69.594,b'1',b'ARGOS   ',1299.5,5.268,34.871
3,37,b'2900229 ',b'Argo INDIA                                                      ',b'M Ravichandran                                                  ',4.0,b'A',2002-12-04 08:53:43.000000000,b'1',-1.766,69.594,b'1',b'ARGOS   ',1399.2,4.83,34.856
3,38,b'2900229 ',b'Argo INDIA                                                      ',b'M Ravichandran                                                  ',4.0,b'A',2002-12-04 08:53:43.000000000,b'1',-1.766,69.594,b'1',b'ARGOS   ',1499.6,4.233,34.826
3,39,b'2900229 ',b'Argo INDIA                                                      ',b'M Ravichandran                                                  ',4.0,b'A',2002-12-04 08:53:43.000000000,b'1',-1.766,69.594,b'1',b'ARGOS   ',1599.1,3.715,34.811
3,40,b'2900229 ',b'Argo INDIA                                                      ',b'M Ravichandran                                                  ',4.0,b'A',2002-12-04 08:53:43.000000000,b'1',-1.766,69.594,b'1',b'ARGOS   ',1699.2,3.508,34.804
3,41,b'2900229 ',b'Argo INDIA                                                      ',b'M Ravichandran                                                  ',4.0,b'A',2002-12-04 08:53:43.000000000,b'1',-1.766,69.594,b'1',b'ARGOS   ',1799.0,3.407,34.8
3,42,b'2900229 ',b'Argo INDIA                                                      ',b'M Ravichandran                                                  ',4.0,b'A',2002-12-04 08:53:43.000000000,b'1',-1.766,69.594,b'1',b'ARGOS   ',1899.0,3.023,34.781
3,43,b'2900229 ',b'Argo INDIA                                                      ',b'M Ravichandran                                                  ',4.0,b'A',2002-12-04 08:53:43.000000000,b'1',-1.766,69.594,b'1',b'ARGOS   ',1999.4,2.597,34.762
3,44,b'2900229 ',b'Argo INDIA                                                      ',b'M Ravichandran                                                  ',4.0,b'A',2002-12-04 08:53:43.000000000,b'1',-1.766,69.594,b'1',b'ARGOS   ',,,
4,0,b'2900229 ',b'Argo INDIA                                                      ',b'M Ravichandran                                                  ',5.0,b'A',2002-12-14 08:38:02.999999744,b'1',-1.478,69.631,b'1',b'ARGOS   ',12.5,29.191,35.367
4,1,b'2900229 ',b'Argo INDIA                                                      ',b'M Ravichandran                                                  ',5.0,b'A',2002-12-14 08:38:02.999999744,b'1',-1.478,69.631,b'1',b'ARGOS   ',14.3,29.112,35.36
4,2,b'2900229 ',b'Argo INDIA                                                      ',b'M Ravichandran                                                  ',5.0,b'A',2002-12-14 08:38:02.999999744,b'1',-1.478,69.631,b'1',b'ARGOS   ',19.5,28.989,35.383
4,3,b'2900229 ',b'Argo INDIA                                                      ',b'M Ravichandran                                                  ',5.0,b'A',2002-12-14 08:38:02.999999744,b'1',-1.478,69.631,b'1',b'ARGOS   ',24.5,28.365,35.4
4,4,b'2900229 ',b'Argo INDIA                                                      ',b'M Ravichandran                                                  ',5.0,b'A',2002-12-14 08:38:02.999999744,b'1',-1.478,69.631,b'1',b'ARGOS   ',29.2,28.257,35.396
4,5,b'2900229 ',b'Argo INDIA                                                      ',b'M Ravichandran                                                  ',5.0,b'A',2002-12-14 08:38:02.999999744,b'1',-1.478,69.631,b'1',b'ARGOS   ',34.4,28.112,35.435
4,6,b'2900229 ',b'Argo INDIA                                                      ',b'M Ravichandran                                                  ',5.0,b'A',2002-12-14 08:38:02.999999744,b'1',-1.478,69.631,b'1',b'ARGOS   ',39.3,28.048,35.442
4,7,b'2900229 ',b'Argo INDIA                                                      ',b'M Ravichandran                                                  ',5.0,b'A',2002-12-14 08:38:02.999999744,b'1',-1.478,69.631,b'1',b'ARGOS   ',44.5,28.025,35.45
4,8,b'2900229 ',b'Argo INDIA                                                      ',b'M Ravichandran                                                  ',5.0,b'A',2002-12-14 08:38:02.999999744,b'1',-1.478,69.631,b'1',b'ARGOS   ',49.1,27.783,35.422
4,9,b'2900229 ',b'Argo INDIA                                                      ',b'M Ravichandran                                                  ',5.0,b'A',2002-12-14 08:38:02.999999744,b'1',-1.478,69.631,b'1',b'ARGOS   ',59.4,27.685,35.414
4,10,b'2900229 ',b'Argo INDIA                                                      ',b'M Ravichandran                                                  ',5.0,b'A',2002-12-14 08:38:02.999999744,b'1',-1.478,69.631,b'1',b'ARGOS   ',69.2,27.485,35.408
4,11,b'2900229 ',b'Argo INDIA                                                      ',b'M Ravichandran                                                  ',5.0,b'A',2002-12-14 08:38:02.999999744,b'1',-1.478,69.631,b'1',b'ARGOS   ',79.6,27.304,35.406
4,12,b'2900229 ',b'Argo INDIA                                                      ',b'M Ravichandran                                                  ',5.0,b'A',2002-12-14 08:38:02.999999744,b'1',-1.478,69.631,b'1',b'ARGOS   ',89.9,26.768,35.403
4,13,b'2900229 ',b'Argo INDIA                                                      ',b'M Ravichandran                                                  ',5.0,b'A',2002-12-14 08:38:02.999999744,b'1',-1.478,69.631,b'1',b'ARGOS   ',99.3,24.287,35.446
4,14,b'2900229 ',b'Argo INDIA                                                      ',b'M Ravichandran                                                  ',5.0,b'A',2002-12-14 08:38:02.999999744,b'1',-1.478,69.631,b'1',b'ARGOS   ',109.7,22.478,35.43
4,15,b'2900229 ',b'Argo INDIA                                                      ',b'M Ravichandran                                                  ',5.0,b'A',2002-12-14 08:38:02.999999744,b'1',-1.478,69.631,b'1',b'ARGOS   ',119.2,18.788,35.318
4,16,b'2900229 ',b'Argo INDIA                                                      ',b'M Ravichandran                                                  ',5.0,b'A',2002-12-14 08:38:02.999999744,b'1',-1.478,69.631,b'1',b'ARGOS   ',129.5,17.38,35.242
4,17,b'2900229 ',b'Argo INDIA                                                      ',b'M Ravichandran                                                  ',5.0,b'A',2002-12-14 08:38:02.999999744,b'1',-1.478,69.631,b'1',b'ARGOS   ',139.0,15.73,35.201
4,18,b'2900229 ',b'Argo INDIA                                                      ',b'M Ravichandran                                                  ',5.0,b'A',2002-12-14 08:38:02.999999744,b'1',-1.478,69.631,b'1',b'ARGOS   ',149.0,15.606,35.202
4,19,b'2900229 ',b'Argo INDIA                                                      ',b'M Ravichandran                                                  ',5.0,b'A',2002-12-14 08:38:02.999999744,b'1',-1.478,69.631,b'1',b'ARGOS   ',169.4,14.501,35.174
4,20,b'2900229 ',b'Argo INDIA                                                      ',b'M Ravichandran                                                  ',5.0,b'A',2002-12-14 08:38:02.999999744,b'1',-1.478,69.631,b'1',b'ARGOS   ',189.0,13.05,35.144
4,21,b'2900229 ',b'Argo INDIA                                                      ',b'M Ravichandran                                                  ',5.0,b'A',2002-12-14 08:38:02.999999744,b'1',-1.478,69.631,b'1',b'ARGOS   ',208.9,12.793,35.131
4,22,b'2900229 ',b'Argo INDIA                                                      ',b'M Ravichandran                                                  ',5.0,b'A',2002-12-14 08:38:02.999999744,b'1',-1.478,69.631,b'1',b'ARGOS   ',229.2,12.61,35.124
4,23,b'2900229 ',b'Argo INDIA                                                      ',b'M Ravichandran                                                  ',5.0,b'A',2002-12-14 08:38:02.999999744,b'1',-1.478,69.631,b'1',b'ARGOS   ',249.3,12.524,35.125
4,24,b'2900229 ',b'Argo INDIA                                                      ',b'M Ravichandran                                                  ',5.0,b'A',2002-12-14 08:38:02.999999744,b'1',-1.478,69.631,b'1',b'ARGOS   ',299.1,12.052,35.091
4,25,b'2900229 ',b'Argo INDIA                                                      ',b'M Ravichandran                                                  ',5.0,b'A',2002-12-14 08:38:02.999999744,b'1',-1.478,69.631,b'1',b'ARGOS   ',349.4,10.936,34.99
4,26,b'2900229 ',b'Argo INDIA                                                      ',b'M Ravichandran                                                  ',5.0,b'A',2002-12-14 08:38:02.999999744,b'1',-1.478,69.631,b'1',b'ARGOS   ',399.1,10.175,34.955
4,27,b'2900229 ',b'Argo INDIA                                                      ',b'M Ravichandran                                                  ',5.0,b'A',2002-12-14 08:38:02.999999744,b'1',-1.478,69.631,b'1',b'ARGOS   ',449.3,10.173,34.982
4,28,b'2900229 ',b'Argo INDIA                                                      ',b'M Ravichandran                                                  ',5.0,b'A',2002-12-14 08:38:02.999999744,b'1',-1.478,69.631,b'1',b'ARGOS   ',498.8,9.774,34.986
4,29,b'2900229 ',b'Argo INDIA                                                      ',b'M Ravichandran                                                  ',5.0,b'A',2002-12-14 08:38:02.999999744,b'1',-1.478,69.631,b'1',b'ARGOS   ',598.9,8.969,34.965
4,30,b'2900229 ',b'Argo INDIA                                                      ',b'M Ravichandran                                                  ',5.0,b'A',2002-12-14 08:38:02.999999744,b'1',-1.478,69.631,b'1',b'ARGOS   ',699.3,8.478,35.01
4,31,b'2900229 ',b'Argo INDIA                                                      ',b'M Ravichandran                                                  ',5.0,b'A',2002-12-14 08:38:02.999999744,b'1',-1.478,69.631,b'1',b'ARGOS   ',799.1,7.954,34.984
4,32,b'2900229 ',b'Argo INDIA                                                      ',b'M Ravichandran                                                  ',5.0,b'A',2002-12-14 08:38:02.999999744,b'1',-1.478,69.631,b'1',b'ARGOS   ',899.4,7.545,34.982
4,33,b'2900229 ',b'Argo INDIA                                                      ',b'M Ravichandran                                                  ',5.0,b'A',2002-12-14 08:38:02.999999744,b'1',-1.478,69.631,b'1',b'ARGOS   ',999.4,6.9,34.974
4,34,b'2900229 ',b'Argo INDIA                                                      ',b'M Ravichandran                                                  ',5.0,b'A',2002-12-14 08:38:02.999999744,b'1',-1.478,69.631,b'1',b'ARGOS   ',1099.3,6.452,34.964
4,35,b'2900229 ',b'Argo INDIA                                                      ',b'M Ravichandran                                                  ',5.0,b'A',2002-12-14 08:38:02.999999744,b'1',-1.478,69.631,b'1',b'ARGOS   ',1199.1,5.784,34.898
4,36,b'2900229 ',b'Argo INDIA                                                      ',b'M Ravichandran                                                  ',5.0,b'A',2002-12-14 08:38:02.999999744,b'1',-1.478,69.631,b'1',b'ARGOS   ',1299.4,5.038,34.857
4,37,b'2900229 ',b'Argo INDIA                                                      ',b'M Ravichandran                                                  ',5.0,b'A',2002-12-14 08:38:02.999999744,b'1',-1.478,69.631,b'1',b'ARGOS   ',1399.2,4.698,34.849
4,38,b'2900229 ',b'Argo INDIA                                                      ',b'M Ravichandran                                                  ',5.0,b'A',2002-12-14 08:38:02.999999744,b'1',-1.478,69.631,b'1',b'ARGOS   ',1499.3,4.043,34.817
4,39,b'2900229 ',b'Argo INDIA                                                      ',b'M Ravichandran                                                  ',5.0,b'A',2002-12-14 08:38:02.999999744,b'1',-1.478,69.631,b'1',b'ARGOS   ',1599.0,3.703,34.811
4,40,b'2900229 ',b'Argo INDIA                                                      ',b'M Ravichandran                                                  ',5.0,b'A',2002-12-14 08:38:02.999999744,b'1',-1.478,69.631,b'1',b'ARGOS   ',1699.3,3.605,34.807
4,41,b'2900229 ',b'Argo INDIA                                                      ',b'M Ravichandran                                                  ',5.0,b'A',2002-12-14 08:38:02.999999744,b'1',-1.478,69.631,b'1',b'ARGOS   ',1799.2,3.317,34.793
4,42,b'2900229 ',b'Argo INDIA                                                      ',b'M Ravichandran                                                  ',5.0,b'A',2002-12-14 08:38:02.999999744,b'1',-1.478,69.631,b'1',b'ARGOS   ',1899.3,3.066,34.785
4,43,b'2900229 ',b'Argo INDIA                                                      ',b'M Ravichandran                                                  ',5.0,b'A',2002-12-14 08:38:02.999999744,b'1',-1.478,69.631,b'1',b'ARGOS   ',1999.2,2.687,34.765
4,44,b'2900229 ',b'Argo INDIA                                                      ',b'M Ravichandran                                                  ',5.0,b'A',2002-12-14 08:38:02.999999744,b'1',-1.478,69.631,b'1',b'ARGOS   ',,,
5,0,b'2900229 ',b'Argo INDIA                                                      ',b'M Ravichandran                                                  ',6.0,b'A',2002-12-24 08:41:20.000000000,b'1',-1.616,69.796,b'1',b'ARGOS   ',13.4,29.103,34.778
5,1,b'2900229 ',b'Argo INDIA                                                      ',b'M Ravichandran                                                  ',6.0,b'A',2002-12-24 08:41:20.000000000,b'1',-1.616,69.796,b'1',b'ARGOS   ',14.2,29.085,34.776
5,2,b'2900229 ',b'Argo INDIA                                                      ',b'M Ravichandran                                                  ',6.0,b'A',2002-12-24 08:41:20.000000000,b'1',-1.616,69.796,b'1',b'ARGOS   ',19.2,28.903,34.783
5,3,b'2900229 ',b'Argo INDIA                                                      ',b'M Ravichandran                                                  ',6.0,b'A',2002-12-24 08:41:20.000000000,b'1',-1.616,69.796,b'1',b'ARGOS   ',24.7,28.851,34.799
5,4,b'2900229 ',b'Argo INDIA                                                      ',b'M Ravichandran                                                  ',6.0,b'A',2002-12-24 08:41:20.000000000,b'1',-1.616,69.796,b'1',b'ARGOS   ',29.7,28.83,34.841
5,5,b'2900229 ',b'Argo INDIA                                                      ',b'M Ravichandran                                                  ',6.0,b'A',2002-12-24 08:41:20.000000000,b'1',-1.616,69.796,b'1',b'ARGOS   ',34.6,28.789,34.924
5,6,b'2900229 ',b'Argo INDIA                                                      ',b'M Ravichandran                                                  ',6.0,b'A',2002-12-24 08:41:20.000000000,b'1',-1.616,69.796,b'1',b'ARGOS   ',38.9,28.568,35.248
5,7,b'2900229 ',b'Argo INDIA                                                      ',b'M Ravichandran                                                  ',6.0,b'A',2002-12-24 08:41:20.000000000,b'1',-1.616,69.796,b'1',b'ARGOS   ',44.1,28.328,35.448
5,8,b'2900229 ',b'Argo INDIA                                                      ',b'M Ravichandran                                                  ',6.0,b'A',2002-12-24 08:41:20.000000000,b'1',-1.616,69.796,b'1',b'ARGOS   ',49.4,28.321,35.45
5,9,b'2900229 ',b'Argo INDIA                                                      ',b'M Ravichandran                                                  ',6.0,b'A',2002-12-24 08:41:20.000000000,b'1',-1.616,69.796,b'1',b'ARGOS   ',59.5,28.274,35.461
5,10,b'2900229 ',b'Argo INDIA                                                      ',b'M Ravichandran                                                  ',6.0,b'A',2002-12-24 08:41:20.000000000,b'1',-1.616,69.796,b'1',b'ARGOS   ',69.5,26.631,35.454
5,11,b'2900229 ',b'Argo INDIA                                                      ',b'M Ravichandran                                                  ',6.0,b'A',2002-12-24 08:41:20.000000000,b'1',-1.616,69.796,b'1',b'ARGOS   ',79.4,25.974,35.438
5,12,b'2900229 ',b'Argo INDIA                                                      ',b'M Ravichandran                                                  ',6.0,b'A',2002-12-24 08:41:20.000000000,b'1',-1.616,69.796,b'1',b'ARGOS   ',89.3,25.223,35.434
5,13,b'2900229 ',b'Argo INDIA                                                      ',b'M Ravichandran                                                  ',6.0,b'A',2002-12-24 08:41:20.000000000,b'1',-1.616,69.796,b'1',b'ARGOS   ',99.6,24.227,35.461
5,14,b'2900229 ',b'Argo INDIA                                                      ',b'M Ravichandran                                                  ',6.0,b'A',2002-12-24 08:41:20.000000000,b'1',-1.616,69.796,b'1',b'ARGOS   ',109.3,22.742,35.426
5,15,b'2900229 ',b'Argo INDIA                                                      ',b'M Ravichandran                                                  ',6.0,b'A',2002-12-24 08:41:20.000000000,b'1',-1.616,69.796,b'1',b'ARGOS   ',119.7,19.814,35.337
5,16,b'2900229 ',b'Argo INDIA                                                      ',b'M Ravichandran                                                  ',6.0,b'A',2002-12-24 08:41:20.000000000,b'1',-1.616,69.796,b'1',b'ARGOS   ',129.5,17.587,35.269
5,17,b'2900229 ',b'Argo INDIA                                                      ',b'M Ravichandran                                                  ',6.0,b'A',2002-12-24 08:41:20.000000000,b'1',-1.616,69.796,b'1',b'ARGOS   ',139.6,15.863,35.228
5,18,b'2900229 ',b'Argo INDIA                                                      ',b'M Ravichandran                                                  ',6.0,b'A',2002-12-24 08:41:20.000000000,b'1',-1.616,69.796,b'1',b'ARGOS   ',149.2,14.552,35.183
5,19,b'2900229 ',b'Argo INDIA                                                      ',b'M Ravichandran                                                  ',6.0,b'A',2002-12-24 08:41:20.000000000,b'1',-1.616,69.796,b'1',b'ARGOS   ',169.2,13.652,35.159
5,20,b'2900229 ',b'Argo INDIA                                                      ',b'M Ravichandran                                                  ',6.0,b'A',2002-12-24 08:41:20.000000000,b'1',-1.616,69.796,b'1',b'ARGOS   ',189.4,13.136,35.15
5,21,b'2900229 ',b'Argo INDIA                                                      ',b'M Ravichandran                                                  ',6.0,b'A',2002-12-24 08:41:20.000000000,b'1',-1.616,69.796,b'1',b'ARGOS   ',209.2,12.836,35.142
5,22,b'2900229 ',b'Argo INDIA                                                      ',b'M Ravichandran                                                  ',6.0,b'A',2002-12-24 08:41:20.000000000,b'1',-1.616,69.796,b'1',b'ARGOS   ',229.3,12.623,35.131
5,23,b'2900229 ',b'Argo INDIA                                                      ',b'M Ravichandran                                                  ',6.0,b'A',2002-12-24 08:41:20.000000000,b'1',-1.616,69.796,b'1',b'ARGOS   ',249.6,12.333,35.113
5,24,b'2900229 ',b'Argo INDIA                                                      ',b'M Ravichandran                                                  ',6.0,b'A',2002-12-24 08:41:20.000000000,b'1',-1.616,69.796,b'1',b'ARGOS   ',299.0,11.552,35.048
5,25,b'2900229 ',b'Argo INDIA                                                      ',b'M Ravichandran                                                  ',6.0,b'A',2002-12-24 08:41:20.000000000,b'1',-1.616,69.796,b'1',b'ARGOS   ',349.3,11.144,35.032
5,26,b'2900229 ',b'Argo INDIA                                                      ',b'M Ravichandran                                                  ',6.0,b'A',2002-12-24 08:41:20.000000000,b'1',-1.616,69.796,b'1',b'ARGOS   ',399.1,10.363,34.994
5,27,b'2900229 ',b'Argo INDIA                                                      ',b'M Ravichandran                                                  ',6.0,b'A',2002-12-24 08:41:20.000000000,b'1',-1.616,69.796,b'1',b'ARGOS   ',449.2,9.935,34.985
5,28,b'2900229 ',b'Argo INDIA                                                      ',b'M Ravichandran                                                  ',6.0,b'A',2002-12-24 08:41:20.000000000,b'1',-1.616,69.796,b'1',b'ARGOS   ',499.3,9.639,34.996
5,29,b'2900229 ',b'Argo INDIA                                                      ',b'M Ravichandran                                                  ',6.0,b'A',2002-12-24 08:41:20.000000000,b'1',-1.616,69.796,b'1',b'ARGOS   ',599.4,9.084,35.006
5,30,b'2900229 ',b'Argo INDIA                                                      ',b'M Ravichandran                                                  ',6.0,b'A',2002-12-24 08:41:20.000000000,b'1',-1.616,69.796,b'1',b'ARGOS   ',699.1,8.823,35.013
5,31,b'2900229 ',b'Argo INDIA                                                      ',b'M Ravichandran                                                  ',6.0,b'A',2002-12-24 08:41:20.000000000,b'1',-1.616,69.796,b'1',b'ARGOS   ',799.1,8.236,35.023
5,32,b'2900229 ',b'Argo INDIA                                                      ',b'M Ravichandran                                                  ',6.0,b'A',2002-12-24 08:41:20.000000000,b'1',-1.616,69.796,b'1',b'ARGOS   ',899.2,7.729,34.987
5,33,b'2900229 ',b'Argo INDIA                                                      ',b'M Ravichandran                                                  ',6.0,b'A',2002-12-24 08:41:20.000000000,b'1',-1.616,69.796,b'1',b'ARGOS   ',999.4,7.24,34.992
5,34,b'2900229 ',b'Argo INDIA                                                      ',b'M Ravichandran                                                  ',6.0,b'A',2002-12-24 08:41:20.000000000,b'1',-1.616,69.796,b'1',b'ARGOS   ',1099.0,6.511,34.961
5,35,b'2900229 ',b'Argo INDIA                                                      ',b'M Ravichandran                                                  ',6.0,b'A',2002-12-24 08:41:20.000000000,b'1',-1.616,69.796,b'1',b'ARGOS   ',1199.2,5.882,34.905
5,36,b'2900229 ',b'Argo INDIA                                                      ',b'M Ravichandran                                                  ',6.0,b'A',2002-12-24 08:41:20.000000000,b'1',-1.616,69.796,b'1',b'ARGOS   ',1299.4,5.091,34.863
5,37,b'2900229 ',b'Argo INDIA                                                      ',b'M Ravichandran                                                  ',6.0,b'A',2002-12-24 08:41:20.000000000,b'1',-1.616,69.796,b'1',b'ARGOS   ',1399.1,4.679,34.845
5,38,b'2900229 ',b'Argo INDIA                                                      ',b'M Ravichandran                                                  ',6.0,b'A',2002-12-24 08:41:20.000000000,b'1',-1.616,69.796,b'1',b'ARGOS   ',1499.5,4.05,34.815
5,39,b'2900229 ',b'Argo INDIA                                                      ',b'M Ravichandran                                                  ',6.0,b'A',2002-12-24 08:41:20.000000000,b'1',-1.616,69.796,b'1',b'ARGOS   ',1599.0,3.786,34.811
5,40,b'2900229 ',b'Argo INDIA                                                      ',b'M Ravichandran                                                  ',6.0,b'A',2002-12-24 08:41:20.000000000,b'1',-1.616,69.796,b'1',b'ARGOS   ',1699.6,3.519,34.8
5,41,b'2900229 ',b'Argo INDIA                                                      ',b'M Ravichandran                                                  ',6.0,b'A',2002-12-24 08:41:20.000000000,b'1',-1.616,69.796,b'1',b'ARGOS   ',1799.2,3.276,34.788
5,42,b'2900229 ',b'Argo INDIA                                                      ',b'M Ravichandran                                                  ',6.0,b'A',2002-12-24 08:41:20.000000000,b'1',-1.616,69.796,b'1',b'ARGOS   ',1899.2,3.084,34.783
5,43,b'2900229 ',b'Argo INDIA                                                      ',b'M Ravichandran                                                  ',6.0,b'A',2002-12-24 08:41:20.000000000,b'1',-1.616,69.796,b'1',b'ARGOS   ',1999.4,2.812,34.769
5,44,b'2900229 ',b'Argo INDIA                                                      ',b'M Ravichandran                                                  ',6.0,b'A',2002-12-24 08:41:20.000000000,b'1',-1.616,69.796,b'1',b'ARGOS   ',,,
6,0,b'2900229 ',b'Argo INDIA                                                      ',b'M Ravichandran                                                  ',7.0,b'A',2003-01-03 08:39:55.000000000,b'1',-1.875,70.068,b'1',b'ARGOS   ',13.7,28.715,34.768
6,1,b'2900229 ',b'Argo INDIA                                                      ',b'M Ravichandran                                                  ',7.0,b'A',2003-01-03 08:39:55.000000000,b'1',-1.875,70.068,b'1',b'ARGOS   ',14.6,28.719,34.769
6,2,b'2900229 ',b'Argo INDIA                                                      ',b'M Ravichandran                                                  ',7.0,b'A',2003-01-03 08:39:55.000000000,b'1',-1.875,70.068,b'1',b'ARGOS   ',19.1,28.698,34.768
6,3,b'2900229 ',b'Argo INDIA                                                      ',b'M Ravichandran                                                  ',7.0,b'A',2003-01-03 08:39:55.000000000,b'1',-1.875,70.068,b'1',b'ARGOS   ',24.1,28.67,34.768
6,4,b'2900229 ',b'Argo INDIA                                                      ',b'M Ravichandran                                                  ',7.0,b'A',2003-01-03 08:39:55.000000000,b'1',-1.875,70.068,b'1',b'ARGOS   ',29.2,28.657,34.768
6,5,b'2900229 ',b'Argo INDIA                                                      ',b'M Ravichandran                                                  ',7.0,b'A',2003-01-03 08:39:55.000000000,b'1',-1.875,70.068,b'1',b'ARGOS   ',33.9,28.651,34.769
6,6,b'2900229 ',b'Argo INDIA                                                      ',b'M Ravichandran                                                  ',7.0,b'A',2003-01-03 08:39:55.000000000,b'1',-1.875,70.068,b'1',b'ARGOS   ',39.1,28.648,34.77
6,7,b'2900229 ',b'Argo INDIA                                                      ',b'M Ravichandran                                                  ',7.0,b'A',2003-01-03 08:39:55.000000000,b'1',-1.875,70.068,b'1',b'ARGOS   ',43.9,28.648,34.772
6,8,b'2900229 ',b'Argo INDIA                                                      ',b'M Ravichandran                                                  ',7.0,b'A',2003-01-03 08:39:55.000000000,b'1',-1.875,70.068,b'1',b'ARGOS   ',49.6,28.649,34.774
6,9,b'2900229 ',b'Argo INDIA                                                      ',b'M Ravichandran                                                  ',7.0,b'A',2003-01-03 08:39:55.000000000,b'1',-1.875,70.068,b'1',b'ARGOS   ',59.6,28.655,34.794
6,10,b'2900229 ',b'Argo INDIA                                                      ',b'M Ravichandran                                                  ',7.0,b'A',2003-01-03 08:39:55.000000000,b'1',-1.875,70.068,b'1',b'ARGOS   ',69.6,28.615,35.131
6,11,b'2900229 ',b'Argo INDIA                                                      ',b'M Ravichandran                                                  ',7.0,b'A',2003-01-03 08:39:55.000000000,b'1',-1.875,70.068,b'1',b'ARGOS   ',79.6,27.763,35.454
6,12,b'2900229 ',b'Argo INDIA                                                      ',b'M Ravichandran                                                  ',7.0,b'A',2003-01-03 08:39:55.000000000,b'1',-1.875,70.068,b'1',b'ARGOS   ',89.7,24.86,35.457
6,13,b'2900229 ',b'Argo INDIA                                                      ',b'M Ravichandran                                                  ',7.0,b'A',2003-01-03 08:39:55.000000000,b'1',-1.875,70.068,b'1',b'ARGOS   ',99.5,23.092,35.381
6,14,b'2900229 ',b'Argo INDIA                                                      ',b'M Ravichandran                                                  ',7.0,b'A',2003-01-03 08:39:55.000000000,b'1',-1.875,70.068,b'1',b'ARGOS   ',109.4,20.596,35.372
6,15,b'2900229 ',b'Argo INDIA                                                      ',b'M Ravichandran                                                  ',7.0,b'A',2003-01-03 08:39:55.000000000,b'1',-1.875,70.068,b'1',b'ARGOS   ',119.6,18.545,35.309
6,16,b'2900229 ',b'Argo INDIA                                                      ',b'M Ravichandran                                                  ',7.0,b'A',2003-01-03 08:39:55.000000000,b'1',-1.875,70.068,b'1',b'ARGOS   ',129.0,16.898,35.241
6,17,b'2900229 ',b'Argo INDIA                                                      ',b'M Ravichandran                                                  ',7.0,b'A',2003-01-03 08:39:55.000000000,b'1',-1.875,70.068,b'1',b'ARGOS   ',139.2,16.032,35.234
6,18,b'2900229 ',b'Argo INDIA                                                      ',b'M Ravichandran                                                  ',7.0,b'A',2003-01-03 08:39:55.000000000,b'1',-1.875,70.068,b'1',b'ARGOS   ',149.3,15.759,35.227
6,19,b'2900229 ',b'Argo INDIA                                                      ',b'M Ravichandran                                                  ',7.0,b'A',2003-01-03 08:39:55.000000000,b'1',-1.875,70.068,b'1',b'ARGOS   ',169.4,13.386,35.148
6,20,b'2900229 ',b'Argo INDIA                                                      ',b'M Ravichandran                                                  ',7.0,b'A',2003-01-03 08:39:55.000000000,b'1',-1.875,70.068,b'1',b'ARGOS   ',189.4,12.859,35.126
6,21,b'2900229 ',b'Argo INDIA                                                      ',b'M Ravichandran                                                  ',7.0,b'A',2003-01-03 08:39:55.000000000,b'1',-1.875,70.068,b'1',b'ARGOS   ',209.1,12.319,35.101
6,22,b'2900229 ',b'Argo INDIA                                                      ',b'M Ravichandran                                                  ',7.0,b'A',2003-01-03 08:39:55.000000000,b'1',-1.875,70.068,b'1',b'ARGOS   ',228.8,12.239,35.103
6,23,b'2900229 ',b'Argo INDIA                                                      ',b'M Ravichandran                                                  ',7.0,b'A',2003-01-03 08:39:55.000000000,b'1',-1.875,70.068,b'1',b'ARGOS   ',249.0,12.059,35.083
6,24,b'2900229 ',b'Argo INDIA                                                      ',b'M Ravichandran                                                  ',7.0,b'A',2003-01-03 08:39:55.000000000,b'1',-1.875,70.068,b'1',b'ARGOS   ',299.1,11.293,35.036
6,25,b'2900229 ',b'Argo INDIA                                                      ',b'M Ravichandran                                                  ',7.0,b'A',2003-01-03 08:39:55.000000000,b'1',-1.875,70.068,b'1',b'ARGOS   ',349.1,10.919,35.019
6,26,b'2900229 ',b'Argo INDIA                                                      ',b'M Ravichandran                                                  ',7.0,b'A',2003-01-03 08:39:55.000000000,b'1',-1.875,70.068,b'1',b'ARGOS   ',399.4,10.282,34.998
6,27,b'2900229 ',b'Argo INDIA                                                      ',b'M Ravichandran                                                  ',7.0,b'A',2003-01-03 08:39:55.000000000,b'1',-1.875,70.068,b'1',b'ARGOS   ',449.3,9.825,34.974
6,28,b'2900229 ',b'Argo INDIA                                                      ',b'M Ravichandran                                                  ',7.0,b'A',2003-01-03 08:39:55.000000000,b'1',-1.875,70.068,b'1',b'ARGOS   ',499.4,9.624,34.994
6,29,b'2900229 ',b'Argo INDIA                                                      ',b'M Ravichandran                                                  ',7.0,b'A',2003-01-03 08:39:55.000000000,b'1',-1.875,70.068,b'1',b'ARGOS   ',599.0,9.2,35.004
6,30,b'2900229 ',b'Argo INDIA                                                      ',b'M Ravichandran                                                  ',7.0,b'A',2003-01-03 08:39:55.000000000,b'1',-1.875,70.068,b'1',b'ARGOS   ',699.3,8.869,35.006
6,31,b'2900229 ',b'Argo INDIA                                                      ',b'M Ravichandran                                                  ',7.0,b'A',2003-01-03 08:39:55.000000000,b'1',-1.875,70.068,b'1',b'ARGOS   ',799.3,8.158,35.001
6,32,b'2900229 ',b'Argo INDIA                                                      ',b'M Ravichandran                                                  ',7.0,b'A',2003-01-03 08:39:55.000000000,b'1',-1.875,70.068,b'1',b'ARGOS   ',898.9,7.648,34.98
6,33,b'2900229 ',b'Argo INDIA                                                      ',b'M Ravichandran                                                  ',7.0,b'A',2003-01-03 08:39:55.000000000,b'1',-1.875,70.068,b'1',b'ARGOS   ',998.9,6.858,34.968
6,34,b'2900229 ',b'Argo INDIA                                                      ',b'M Ravichandran                                                  ',7.0,b'A',2003-01-03 08:39:55.000000000,b'1',-1.875,70.068,b'1',b'ARGOS   ',1099.1,6.418,34.951
6,35,b'2900229 ',b'Argo INDIA                                                      ',b'M Ravichandran                                                  ',7.0,b'A',2003-01-03 08:39:55.000000000,b'1',-1.875,70.068,b'1',b'ARGOS   ',1199.0,5.764,34.89
6,36,b'2900229 ',b'Argo INDIA                                                      ',b'M Ravichandran                                                  ',7.0,b'A',2003-01-03 08:39:55.000000000,b'1',-1.875,70.068,b'1',b'ARGOS   ',1299.5,5.322,34.878
6,37,b'2900229 ',b'Argo INDIA                                                      ',b'M Ravichandran                                                  ',7.0,b'A',2003-01-03 08:39:55.000000000,b'1',-1.875,70.068,b'1',b'ARGOS   ',1399.3,4.724,34.848
6,38,b'2900229 ',b'Argo INDIA                                                      ',b'M Ravichandran                                                  ',7.0,b'A',2003-01-03 08:39:55.000000000,b'1',-1.875,70.068,b'1',b'ARGOS   ',1499.5,4.191,34.822
6,39,b'2900229 ',b'Argo INDIA                                                      ',b'M Ravichandran                                                  ',7.0,b'A',2003-01-03 08:39:55.000000000,b'1',-1.875,70.068,b'1',b'ARGOS   ',1598.9,3.99,34.813
6,40,b'2900229 ',b'Argo INDIA                                                      ',b'M Ravichandran                                                  ',7.0,b'A',2003-01-03 08:39:55.000000000,b'1',-1.875,70.068,b'1',b'ARGOS   ',1699.4,3.581,34.787
6,41,b'2900229 ',b'Argo INDIA                                                      ',b'M Ravichandran                                                  ',7.0,b'A',2003-01-03 08:39:55.000000000,b'1',-1.875,70.068,b'1',b'ARGOS   ',1799.4,3.289,34.79
6,42,b'2900229 ',b'Argo INDIA                                                      ',b'M Ravichandran                                                  ',7.0,b'A',2003-01-03 08:39:55.000000000,b'1',-1.875,70.068,b'1',b'ARGOS   ',1899.0,3.031,34.782
6,43,b'2900229 ',b'Argo INDIA                                                      ',b'M Ravichandran                                                  ',7.0,b'A',2003-01-03 08:39:55.000000000,b'1',-1.875,70.068,b'1',b'ARGOS   ',1998.8,2.768,34.766
6,44,b'2900229 ',b'Argo INDIA                                                      ',b'M Ravichandran                                                  ',7.0,b'A',2003-01-03 08:39:55.000000000,b'1',-1.875,70.068,b'1',b'ARGOS   ',,,
7,0,b'2900229 ',b'Argo INDIA                                                      ',b'M Ravichandran                                                  ',8.0,b'A',2003-01-13 04:56:44.000000000,b'1',-1.899,70.589,b'1',b'ARGOS   ',14.7,29.294,34.08
7,1,b'2900229 ',b'Argo INDIA                                                      ',b'M Ravichandran                                                  ',8.0,b'A',2003-01-13 04:56:44.000000000,b'1',-1.899,70.589,b'1',b'ARGOS   ',19.4,28.966,34.178
7,2,b'2900229 ',b'Argo INDIA                                                      ',b'M Ravichandran                                                  ',8.0,b'A',2003-01-13 04:56:44.000000000,b'1',-1.899,70.589,b'1',b'ARGOS   ',24.1,28.84,34.209
7,3,b'2900229 ',b'Argo INDIA                                                      ',b'M Ravichandran                                                  ',8.0,b'A',2003-01-13 04:56:44.000000000,b'1',-1.899,70.589,b'1',b'ARGOS   ',29.4,28.785,34.221
7,4,b'2900229 ',b'Argo INDIA                                                      ',b'M Ravichandran                                                  ',8.0,b'A',2003-01-13 04:56:44.000000000,b'1',-1.899,70.589,b'1',b'ARGOS   ',34.0,28.743,34.218
7,5,b'2900229 ',b'Argo INDIA                                                      ',b'M Ravichandran                                                  ',8.0,b'A',2003-01-13 04:56:44.000000000,b'1',-1.899,70.589,b'1',b'ARGOS   ',39.2,28.757,34.245
7,6,b'2900229 ',b'Argo INDIA                                                      ',b'M Ravichandran                                                  ',8.0,b'A',2003-01-13 04:56:44.000000000,b'1',-1.899,70.589,b'1',b'ARGOS   ',44.4,28.754,34.282
7,7,b'2900229 ',b'Argo INDIA                                                      ',b'M Ravichandran                                                  ',8.0,b'A',2003-01-13 04:56:44.000000000,b'1',-1.899,70.589,b'1',b'ARGOS   ',49.4,28.672,34.282
7,8,b'2900229 ',b'Argo INDIA                                                      ',b'M Ravichandran                                                  ',8.0,b'A',2003-01-13 04:56:44.000000000,b'1',-1.899,70.589,b'1',b'ARGOS   ',59.6,28.219,34.535
7,9,b'2900229 ',b'Argo INDIA                                                      ',b'M Ravichandran                                                  ',8.0,b'A',2003-01-13 04:56:44.000000000,b'1',-1.899,70.589,b'1',b'ARGOS   ',69.6,23.784,35.376
7,10,b'2900229 ',b'Argo INDIA                                                      ',b'M Ravichandran                                                  ',8.0,b'A',2003-01-13 04:56:44.000000000,b'1',-1.899,70.589,b'1',b'ARGOS   ',79.5,22.355,35.389
7,11,b'2900229 ',b'Argo INDIA                                                      ',b'M Ravichandran                                                  ',8.0,b'A',2003-01-13 04:56:44.000000000,b'1',-1.899,70.589,b'1',b'ARGOS   ',89.6,21.66,35.393
7,12,b'2900229 ',b'Argo INDIA                                                      ',b'M Ravichandran                                                  ',8.0,b'A',2003-01-13 04:56:44.000000000,b'1',-1.899,70.589,b'1',b'ARGOS   ',99.3,20.744,35.351
7,13,b'2900229 ',b'Argo INDIA                                                      ',b'M Ravichandran                                                  ',8.0,b'A',2003-01-13 04:56:44.000000000,b'1',-1.899,70.589,b'1',b'ARGOS   ',109.6,19.732,35.319
7,14,b'2900229 ',b'Argo INDIA                                                      ',b'M Ravichandran                                                  ',8.0,b'A',2003-01-13 04:56:44.000000000,b'1',-1.899,70.589,b'1',b'ARGOS   ',119.4,17.944,35.279
7,15,b'2900229 ',b'Argo INDIA                                                      ',b'M Ravichandran                                                  ',8.0,b'A',2003-01-13 04:56:44.000000000,b'1',-1.899,70.589,b'1',b'ARGOS   ',129.4,15.84,35.192
7,16,b'2900229 ',b'Argo INDIA                                                      ',b'M Ravichandran                                                  ',8.0,b'A',2003-01-13 04:56:44.000000000,b'1',-1.899,70.589,b'1',b'ARGOS   ',139.2,14.434,35.149
7,17,b'2900229 ',b'Argo INDIA                                                      ',b'M Ravichandran                                                  ',8.0,b'A',2003-01-13 04:56:44.000000000,b'1',-1.899,70.589,b'1',b'ARGOS   ',149.5,13.619,35.145
7,18,b'2900229 ',b'Argo INDIA                                                      ',b'M Ravichandran                                                  ',8.0,b'A',2003-01-13 04:56:44.000000000,b'1',-1.899,70.589,b'1',b'ARGOS   ',169.6,13.141,35.135
7,19,b'2900229 ',b'Argo INDIA                                                      ',b'M Ravichandran                                                  ',8.0,b'A',2003-01-13 04:56:44.000000000,b'1',-1.899,70.589,b'1',b'ARGOS   ',189.2,12.779,35.125
7,20,b'2900229 ',b'Argo INDIA                                                      ',b'M Ravichandran                                                  ',8.0,b'A',2003-01-13 04:56:44.000000000,b'1',-1.899,70.589,b'1',b'ARGOS   ',209.2,12.49,35.099
7,21,b'2900229 ',b'Argo INDIA                                                      ',b'M Ravichandran                                                  ',8.0,b'A',2003-01-13 04:56:44.000000000,b'1',-1.899,70.589,b'1',b'ARGOS   ',229.4,12.054,35.076
7,22,b'2900229 ',b'Argo INDIA                                                      ',b'M Ravichandran                                                  ',8.0,b'A',2003-01-13 04:56:44.000000000,b'1',-1.899,70.589,b'1',b'ARGOS   ',249.4,11.951,35.071
7,23,b'2900229 ',b'Argo INDIA                                                      ',b'M Ravichandran                                                  ',8.0,b'A',2003-01-13 04:56:44.000000000,b'1',-1.899,70.589,b'1',b'ARGOS   ',299.1,11.6,35.049
7,24,b'2900229 ',b'Argo INDIA                                                      ',b'M Ravichandran                                                  ',8.0,b'A',2003-01-13 04:56:44.000000000,b'1',-1.899,70.589,b'1',b'ARGOS   ',349.2,11.128,35.023
7,25,b'2900229 ',b'Argo INDIA                                                      ',b'M Ravichandran                                                  ',8.0,b'A',2003-01-13 04:56:44.000000000,b'1',-1.899,70.589,b'1',b'ARGOS   ',399.4,10.465,34.992
7,26,b'2900229 ',b'Argo INDIA                                                      ',b'M Ravichandran                                                  ',8.0,b'A',2003-01-13 04:56:44.000000000,b'1',-1.899,70.589,b'1',b'ARGOS   ',449.2,10.061,34.99
7,27,b'2900229 ',b'Argo INDIA                                                      ',b'M Ravichandran                                                  ',8.0,b'A',2003-01-13 04:56:44.000000000,b'1',-1.899,70.589,b'1',b'ARGOS   ',499.4,9.789,34.98
7,28,b'2900229 ',b'Argo INDIA                                                      ',b'M Ravichandran                                                  ',8.0,b'A',2003-01-13 04:56:44.000000000,b'1',-1.899,70.589,b'1',b'ARGOS   ',599.4,9.537,35.001
7,29,b'2900229 ',b'Argo INDIA                                                      ',b'M Ravichandran                                                  ',8.0,b'A',2003-01-13 04:56:44.000000000,b'1',-1.899,70.589,b'1',b'ARGOS   ',699.1,8.485,34.923
7,30,b'2900229 ',b'Argo INDIA                                                      ',b'M Ravichandran                                                  ',8.0,b'A',2003-01-13 04:56:44.000000000,b'1',-1.899,70.589,b'1',b'ARGOS   ',799.1,8.188,35.015
7,31,b'2900229 ',b'Argo INDIA                                                      ',b'M Ravichandran                                                  ',8.0,b'A',2003-01-13 04:56:44.000000000,b'1',-1.899,70.589,b'1',b'ARGOS   ',899.1,7.614,34.969
7,32,b'2900229 ',b'Argo INDIA                                                      ',b'M Ravichandran                                                  ',8.0,b'A',2003-01-13 04:56:44.000000000,b'1',-1.899,70.589,b'1',b'ARGOS   ',999.3,6.971,34.945
7,33,b'2900229 ',b'Argo INDIA                                                      ',b'M Ravichandran                                                  ',8.0,b'A',2003-01-13 04:56:44.000000000,b'1',-1.899,70.589,b'1',b'ARGOS   ',1099.4,6.243,34.925
7,34,b'2900229 ',b'Argo INDIA                                                      ',b'M Ravichandran                                                  ',8.0,b'A',2003-01-13 04:56:44.000000000,b'1',-1.899,70.589,b'1',b'ARGOS   ',1199.1,5.53,34.855
7,35,b'2900229 ',b'Argo INDIA                                                      ',b'M Ravichandran                                                  ',8.0,b'A',2003-01-13 04:56:44.000000000,b'1',-1.899,70.589,b'1',b'ARGOS   ',1299.2,5.225,34.866
7,36,b'2900229 ',b'Argo INDIA                                                      ',b'M Ravichandran                                                  ',8.0,b'A',2003-01-13 04:56:44.000000000,b'1',-1.899,70.589,b'1',b'ARGOS   ',1399.2,4.673,34.841
7,37,b'2900229 ',b'Argo INDIA                                                      ',b'M Ravichandran                                                  ',8.0,b'A',2003-01-13 04:56:44.000000000,b'1',-1.899,70.589,b'1',b'ARGOS   ',1499.2,4.356,34.828
7,38,b'2900229 ',b'Argo INDIA                                                      ',b'M Ravichandran                                                  ',8.0,b'A',2003-01-13 04:56:44.000000000,b'1',-1.899,70.589,b'1',b'ARGOS   ',1599.2,4.049,34.814
7,39,b'2900229 ',b'Argo INDIA                                                      ',b'M Ravichandran                                                  ',8.0,b'A',2003-01-13 04:56:44.000000000,b'1',-1.899,70.589,b'1',b'ARGOS   ',1698.9,3.544,34.787
7,40,b'2900229 ',b'Argo INDIA                                                      ',b'M Ravichandran                                                  ',8.0,b'A',2003-01-13 04:56:44.000000000,b'1',-1.899,70.589,b'1',b'ARGOS   ',1799.5,3.35,34.781
7,41,b'2900229 ',b'Argo INDIA                                                      ',b'M Ravichandran                                                  ',8.0,b'A',2003-01-13 04:56:44.000000000,b'1',-1.899,70.589,b'1',b'ARGOS   ',1899.1,2.946,34.776
7,42,b'2900229 ',b'Argo INDIA                                                      ',b'M Ravichandran                                                  ',8.0,b'A',2003-01-13 04:56:44.000000000,b'1',-1.899,70.589,b'1',b'ARGOS   ',1999.2,2.7,34.764
7,43,b'2900229 ',b'Argo INDIA                                                      ',b'M Ravichandran                                                  ',8.0,b'A',2003-01-13 04:56:44.000000000,b'1',-1.899,70.589,b'1',b'ARGOS   ',,,
7,44,b'2900229 ',b'Argo INDIA                                                      ',b'M Ravichandran                                                  ',8.0,b'A',2003-01-13 04:56:44.000000000,b'1',-1.899,70.589,b'1',b'ARGOS   ',,,
8,0,b'2900229 ',b'Argo INDIA                                                      ',b'M Ravichandran                                                  ',9.0,b'A',2003-01-23 08:41:36.000000000,b'1',-1.885,70.642,b'1',b'ARGOS   ',15.1,29.247,34.235
8,1,b'2900229 ',b'Argo INDIA                                                      ',b'M Ravichandran                                                  ',9.0,b'A',2003-01-23 08:41:36.000000000,b'1',-1.885,70.642,b'1',b'ARGOS   ',19.5,29.191,34.235
8,2,b'2900229 ',b'Argo INDIA                                                      ',b'M Ravichandran                                                  ',9.0,b'A',2003-01-23 08:41:36.000000000,b'1',-1.885,70.642,b'1',b'ARGOS   ',24.5,29.167,34.238
8,3,b'2900229 ',b'Argo INDIA                                                      ',b'M Ravichandran                                                  ',9.0,b'A',2003-01-23 08:41:36.000000000,b'1',-1.885,70.642,b'1',b'ARGOS   ',29.6,29.144,34.24
8,4,b'2900229 ',b'Argo INDIA                                                      ',b'M Ravichandran                                                  ',9.0,b'A',2003-01-23 08:41:36.000000000,b'1',-1.885,70.642,b'1',b'ARGOS   ',34.6,29.14,34.245
8,5,b'2900229 ',b'Argo INDIA                                                      ',b'M Ravichandran                                                  ',9.0,b'A',2003-01-23 08:41:36.000000000,b'1',-1.885,70.642,b'1',b'ARGOS   ',39.5,29.051,34.38
8,6,b'2900229 ',b'Argo INDIA                                                      ',b'M Ravichandran                                                  ',9.0,b'A',2003-01-23 08:41:36.000000000,b'1',-1.885,70.642,b'1',b'ARGOS   ',44.8,28.967,34.644
8,7,b'2900229 ',b'Argo INDIA                                                      ',b'M Ravichandran                                                  ',9.0,b'A',2003-01-23 08:41:36.000000000,b'1',-1.885,70.642,b'1',b'ARGOS   ',49.6,29.001,34.893
8,8,b'2900229 ',b'Argo INDIA                                                      ',b'M Ravichandran                                                  ',9.0,b'A',2003-01-23 08:41:36.000000000,b'1',-1.885,70.642,b'1',b'ARGOS   ',59.6,28.178,35.2
8,9,b'2900229 ',b'Argo INDIA                                                      ',b'M Ravichandran                                                  ',9.0,b'A',2003-01-23 08:41:36.000000000,b'1',-1.885,70.642,b'1',b'ARGOS   ',69.3,25.665,35.439
8,10,b'2900229 ',b'Argo INDIA                                                      ',b'M Ravichandran                                                  ',9.0,b'A',2003-01-23 08:41:36.000000000,b'1',-1.885,70.642,b'1',b'ARGOS   ',79.3,24.664,35.448
8,11,b'2900229 ',b'Argo INDIA                                                      ',b'M Ravichandran                                                  ',9.0,b'A',2003-01-23 08:41:36.000000000,b'1',-1.885,70.642,b'1',b'ARGOS   ',89.6,24.356,35.437
8,12,b'2900229 ',b'Argo INDIA                                                      ',b'M Ravichandran                                                  ',9.0,b'A',2003-01-23 08:41:36.000000000,b'1',-1.885,70.642,b'1',b'ARGOS   ',99.7,23.623,35.429
8,13,b'2900229 ',b'Argo INDIA                                                      ',b'M Ravichandran                                                  ',9.0,b'A',2003-01-23 08:41:36.000000000,b'1',-1.885,70.642,b'1',b'ARGOS   ',109.7,21.975,35.359
8,14,b'2900229 ',b'Argo INDIA                                                      ',b'M Ravichandran                                                  ',9.0,b'A',2003-01-23 08:41:36.000000000,b'1',-1.885,70.642,b'1',b'ARGOS   ',119.5,19.539,35.212
8,15,b'2900229 ',b'Argo INDIA                                                      ',b'M Ravichandran                                                  ',9.0,b'A',2003-01-23 08:41:36.000000000,b'1',-1.885,70.642,b'1',b'ARGOS   ',129.3,16.975,35.109
8,16,b'2900229 ',b'Argo INDIA                                                      ',b'M Ravichandran                                                  ',9.0,b'A',2003-01-23 08:41:36.000000000,b'1',-1.885,70.642,b'1',b'ARGOS   ',139.2,15.237,35.175
8,17,b'2900229 ',b'Argo INDIA                                                      ',b'M Ravichandran                                                  ',9.0,b'A',2003-01-23 08:41:36.000000000,b'1',-1.885,70.642,b'1',b'ARGOS   ',149.4,14.473,35.171
8,18,b'2900229 ',b'Argo INDIA                                                      ',b'M Ravichandran                                                  ',9.0,b'A',2003-01-23 08:41:36.000000000,b'1',-1.885,70.642,b'1',b'ARGOS   ',169.3,13.578,35.138
8,19,b'2900229 ',b'Argo INDIA                                                      ',b'M Ravichandran                                                  ',9.0,b'A',2003-01-23 08:41:36.000000000,b'1',-1.885,70.642,b'1',b'ARGOS   ',189.2,13.083,35.108
8,20,b'2900229 ',b'Argo INDIA                                                      ',b'M Ravichandran                                                  ',9.0,b'A',2003-01-23 08:41:36.000000000,b'1',-1.885,70.642,b'1',b'ARGOS   ',209.0,12.667,35.094
8,21,b'2900229 ',b'Argo INDIA                                                      ',b'M Ravichandran                                                  ',9.0,b'A',2003-01-23 08:41:36.000000000,b'1',-1.885,70.642,b'1',b'ARGOS   ',228.8,12.33,35.076
8,22,b'2900229 ',b'Argo INDIA                                                      ',b'M Ravichandran                                                  ',9.0,b'A',2003-01-23 08:41:36.000000000,b'1',-1.885,70.642,b'1',b'ARGOS   ',248.8,12.144,35.063
8,23,b'2900229 ',b'Argo INDIA                                                      ',b'M Ravichandran                                                  ',9.0,b'A',2003-01-23 08:41:36.000000000,b'1',-1.885,70.642,b'1',b'ARGOS   ',299.2,11.511,35.042
8,24,b'2900229 ',b'Argo INDIA                                                      ',b'M Ravichandran                                                  ',9.0,b'A',2003-01-23 08:41:36.000000000,b'1',-1.885,70.642,b'1',b'ARGOS   ',348.9,11.165,35.032
8,25,b'2900229 ',b'Argo INDIA                                                      ',b'M Ravichandran                                                  ',9.0,b'A',2003-01-23 08:41:36.000000000,b'1',-1.885,70.642,b'1',b'ARGOS   ',399.3,10.669,34.99
8,26,b'2900229 ',b'Argo INDIA                                                      ',b'M Ravichandran                                                  ',9.0,b'A',2003-01-23 08:41:36.000000000,b'1',-1.885,70.642,b'1',b'ARGOS   ',449.1,10.313,34.994
8,27,b'2900229 ',b'Argo INDIA                                                      ',b'M Ravichandran                                                  ',9.0,b'A',2003-01-23 08:41:36.000000000,b'1',-1.885,70.642,b'1',b'ARGOS   ',499.3,9.98,34.999
8,28,b'2900229 ',b'Argo INDIA                                                      ',b'M Ravichandran                                                  ',9.0,b'A',2003-01-23 08:41:36.000000000,b'1',-1.885,70.642,b'1',b'ARGOS   ',599.4,9.442,34.972
8,29,b'2900229 ',b'Argo INDIA                                                      ',b'M Ravichandran                                                  ',9.0,b'A',2003-01-23 08:41:36.000000000,b'1',-1.885,70.642,b'1',b'ARGOS   ',699.1,8.869,34.996
8,30,b'2900229 ',b'Argo INDIA                                                      ',b'M Ravichandran                                                  ',9.0,b'A',2003-01-23 08:41:36.000000000,b'1',-1.885,70.642,b'1',b'ARGOS   ',799.1,7.846,34.943
8,31,b'2900229 ',b'Argo INDIA                                                      ',b'M Ravichandran                                                  ',9.0,b'A',2003-01-23 08:41:36.000000000,b'1',-1.885,70.642,b'1',b'ARGOS   ',899.1,7.126,34.928
8,32,b'2900229 ',b'Argo INDIA                                                      ',b'M Ravichandran                                                  ',9.0,b'A',2003-01-23 08:41:36.000000000,b'1',-1.885,70.642,b'1',b'ARGOS   ',999.4,6.857,34.94
8,33,b'2900229 ',b'Argo INDIA                                                      ',b'M Ravichandran                                                  ',9.0,b'A',2003-01-23 08:41:36.000000000,b'1',-1.885,70.642,b'1',b'ARGOS   ',1099.5,6.337,34.921
8,34,b'2900229 ',b'Argo INDIA                                                      ',b'M Ravichandran                                                  ',9.0,b'A',2003-01-23 08:41:36.000000000,b'1',-1.885,70.642,b'1',b'ARGOS   ',1198.9,5.801,34.883
8,35,b'2900229 ',b'Argo INDIA                                                      ',b'M Ravichandran                                                  ',9.0,b'A',2003-01-23 08:41:36.000000000,b'1',-1.885,70.642,b'1',b'ARGOS   ',1299.5,5.18,34.863
8,36,b'2900229 ',b'Argo INDIA                                                      ',b'M Ravichandran                                                  ',9.0,b'A',2003-01-23 08:41:36.000000000,b'1',-1.885,70.642,b'1',b'ARGOS   ',1399.3,4.564,34.837
8,37,b'2900229 ',b'Argo INDIA                                                      ',b'M Ravichandran                                                  ',9.0,b'A',2003-01-23 08:41:36.000000000,b'1',-1.885,70.642,b'1',b'ARGOS   ',1499.3,4.117,34.821
8,38,b'2900229 ',b'Argo INDIA                                                      ',b'M Ravichandran                                                  ',9.0,b'A',2003-01-23 08:41:36.000000000,b'1',-1.885,70.642,b'1',b'ARGOS   ',1599.3,3.775,34.806
8,39,b'2900229 ',b'Argo INDIA                                                      ',b'M Ravichandran                                                  ',9.0,b'A',2003-01-23 08:41:36.000000000,b'1',-1.885,70.642,b'1',b'ARGOS   ',1699.4,3.573,34.799
8,40,b'2900229 ',b'Argo INDIA                                                      ',b'M Ravichandran                                                  ',9.0,b'A',2003-01-23 08:41:36.000000000,b'1',-1.885,70.642,b'1',b'ARGOS   ',1799.0,3.344,34.791
8,41,b'2900229 ',b'Argo INDIA                                                      ',b'M Ravichandran                                                  ',9.0,b'A',2003-01-23 08:41:36.000000000,b'1',-1.885,70.642,b'1',b'ARGOS   ',1899.3,3.101,34.78
8,42,b'2900229 ',b'Argo INDIA                                                      ',b'M Ravichandran                                                  ',9.0,b'A',2003-01-23 08:41:36.000000000,b'1',-1.885,70.642,b'1',b'ARGOS   ',,,
8,43,b'2900229 ',b'Argo INDIA                                                      ',b'M Ravichandran                                                  ',9.0,b'A',2003-01-23 08:41:36.000000000,b'1',-1.885,70.642,b'1',b'ARGOS   ',,,
8,44,b'2900229 ',b'Argo INDIA                                                      ',b'M Ravichandran                                                  ',9.0,b'A',2003-01-23 08:41:36.000000000,b'1',-1.885,70.642,b'1',b'ARGOS   ',,,
9,0,b'2900229 ',b'Argo INDIA                                                      ',b'M Ravichandran                                                  ',10.0,b'A',2003-02-02 08:45:19.000000000,b'1',-1.349,70.519,b'1',b'ARGOS   ',15.0,29.132,34.329
9,1,b'2900229 ',b'Argo INDIA                                                      ',b'M Ravichandran                                                  ',10.0,b'A',2003-02-02 08:45:19.000000000,b'1',-1.349,70.519,b'1',b'ARGOS   ',19.2,29.026,34.326
9,2,b'2900229 ',b'Argo INDIA                                                      ',b'M Ravichandran                                                  ',10.0,b'A',2003-02-02 08:45:19.000000000,b'1',-1.349,70.519,b'1',b'ARGOS   ',24.4,28.937,34.327
9,3,b'2900229 ',b'Argo INDIA                                                      ',b'M Ravichandran                                                  ',10.0,b'A',2003-02-02 08:45:19.000000000,b'1',-1.349,70.519,b'1',b'ARGOS   ',29.4,28.925,34.326
9,4,b'2900229 ',b'Argo INDIA                                                      ',b'M Ravichandran                                                  ',10.0,b'A',2003-02-02 08:45:19.000000000,b'1',-1.349,70.519,b'1',b'ARGOS   ',34.6,28.914,34.329
9,5,b'2900229 ',b'Argo INDIA                                                      ',b'M Ravichandran                                                  ',10.0,b'A',2003-02-02 08:45:19.000000000,b'1',-1.349,70.519,b'1',b'ARGOS   ',39.6,28.905,34.332
9,6,b'2900229 ',b'Argo INDIA                                                      ',b'M Ravichandran                                                  ',10.0,b'A',2003-02-02 08:45:19.000000000,b'1',-1.349,70.519,b'1',b'ARGOS   ',44.4,29.09,34.841
9,7,b'2900229 ',b'Argo INDIA                                                      ',b'M Ravichandran                                                  ',10.0,b'A',2003-02-02 08:45:19.000000000,b'1',-1.349,70.519,b'1',b'ARGOS   ',49.2,28.986,35.198
9,8,b'2900229 ',b'Argo INDIA                                                      ',b'M Ravichandran                                                  ',10.0,b'A',2003-02-02 08:45:19.000000000,b'1',-1.349,70.519,b'1',b'ARGOS   ',59.4,28.847,35.246
9,9,b'2900229 ',b'Argo INDIA                                                      ',b'M Ravichandran                                                  ',10.0,b'A',2003-02-02 08:45:19.000000000,b'1',-1.349,70.519,b'1',b'ARGOS   ',69.8,26.738,35.434
9,10,b'2900229 ',b'Argo INDIA                                                      ',b'M Ravichandran                                                  ',10.0,b'A',2003-02-02 08:45:19.000000000,b'1',-1.349,70.519,b'1',b'ARGOS   ',79.6,25.716,35.438
9,11,b'2900229 ',b'Argo INDIA                                                      ',b'M Ravichandran                                                  ',10.0,b'A',2003-02-02 08:45:19.000000000,b'1',-1.349,70.519,b'1',b'ARGOS   ',89.5,23.726,35.445
9,12,b'2900229 ',b'Argo INDIA                                                      ',b'M Ravichandran                                                  ',10.0,b'A',2003-02-02 08:45:19.000000000,b'1',-1.349,70.519,b'1',b'ARGOS   ',99.3,23.319,35.432
9,13,b'2900229 ',b'Argo INDIA                                                      ',b'M Ravichandran                                                  ',10.0,b'A',2003-02-02 08:45:19.000000000,b'1',-1.349,70.519,b'1',b'ARGOS   ',109.9,22.888,35.42
9,14,b'2900229 ',b'Argo INDIA                                                      ',b'M Ravichandran                                                  ',10.0,b'A',2003-02-02 08:45:19.000000000,b'1',-1.349,70.519,b'1',b'ARGOS   ',119.7,18.73,35.26
9,15,b'2900229 ',b'Argo INDIA                                                      ',b'M Ravichandran                                                  ',10.0,b'A',2003-02-02 08:45:19.000000000,b'1',-1.349,70.519,b'1',b'ARGOS   ',129.4,17.318,35.253
9,16,b'2900229 ',b'Argo INDIA                                                      ',b'M Ravichandran                                                  ',10.0,b'A',2003-02-02 08:45:19.000000000,b'1',-1.349,70.519,b'1',b'ARGOS   ',139.3,16.748,35.196
9,17,b'2900229 ',b'Argo INDIA                                                      ',b'M Ravichandran                                                  ',10.0,b'A',2003-02-02 08:45:19.000000000,b'1',-1.349,70.519,b'1',b'ARGOS   ',148.8,15.157,35.214
9,18,b'2900229 ',b'Argo INDIA                                                      ',b'M Ravichandran                                                  ',10.0,b'A',2003-02-02 08:45:19.000000000,b'1',-1.349,70.519,b'1',b'ARGOS   ',169.5,14.907,35.189
9,19,b'2900229 ',b'Argo INDIA                                                      ',b'M Ravichandran                                                  ',10.0,b'A',2003-02-02 08:45:19.000000000,b'1',-1.349,70.519,b'1',b'ARGOS   ',189.3,13.56,35.138
9,20,b'2900229 ',b'Argo INDIA                                                      ',b'M Ravichandran                                                  ',10.0,b'A',2003-02-02 08:45:19.000000000,b'1',-1.349,70.519,b'1',b'ARGOS   ',209.3,12.567,35.094
9,21,b'2900229 ',b'Argo INDIA                                                      ',b'M Ravichandran                                                  ',10.0,b'A',2003-02-02 08:45:19.000000000,b'1',-1.349,70.519,b'1',b'ARGOS   ',229.5,12.425,35.086
9,22,b'2900229 ',b'Argo INDIA                                                      ',b'M Ravichandran                                                  ',10.0,b'A',2003-02-02 08:45:19.000000000,b'1',-1.349,70.519,b'1',b'ARGOS   ',249.1,12.118,35.07
9,23,b'2900229 ',b'Argo INDIA                                                      ',b'M Ravichandran                                                  ',10.0,b'A',2003-02-02 08:45:19.000000000,b'1',-1.349,70.519,b'1',b'ARGOS   ',299.3,11.655,35.052
9,24,b'2900229 ',b'Argo INDIA                                                      ',b'M Ravichandran                                                  ',10.0,b'A',2003-02-02 08:45:19.000000000,b'1',-1.349,70.519,b'1',b'ARGOS   ',349.1,11.396,35.04
9,25,b'2900229 ',b'Argo INDIA                                                      ',b'M Ravichandran                                                  ',10.0,b'A',2003-02-02 08:45:19.000000000,b'1',-1.349,70.519,b'1',b'ARGOS   ',399.1,10.882,35.02
9,26,b'2900229 ',b'Argo INDIA                                                      ',b'M Ravichandran                                                  ',10.0,b'A',2003-02-02 08:45:19.000000000,b'1',-1.349,70.519,b'1',b'ARGOS   ',449.5,10.416,34.997
9,27,b'2900229 ',b'Argo INDIA                                                      ',b'M Ravichandran                                                  ',10.0,b'A',2003-02-02 08:45:19.000000000,b'1',-1.349,70.519,b'1',b'ARGOS   ',499.0,9.975,34.986
9,28,b'2900229 ',b'Argo INDIA                                                      ',b'M Ravichandran                                                  ',10.0,b'A',2003-02-02 08:45:19.000000000,b'1',-1.349,70.519,b'1',b'ARGOS   ',598.9,9.675,35.003
9,29,b'2900229 ',b'Argo INDIA                                                      ',b'M Ravichandran                                                  ',10.0,b'A',2003-02-02 08:45:19.000000000,b'1',-1.349,70.519,b'1',b'ARGOS   ',699.1,9.081,35.011
9,30,b'2900229 ',b'Argo INDIA                                                      ',b'M Ravichandran                                                  ',10.0,b'A',2003-02-02 08:45:19.000000000,b'1',-1.349,70.519,b'1',b'ARGOS   ',799.4,8.582,35.004
9,31,b'2900229 ',b'Argo INDIA                                                      ',b'M Ravichandran                                                  ',10.0,b'A',2003-02-02 08:45:19.000000000,b'1',-1.349,70.519,b'1',b'ARGOS   ',899.4,7.617,34.972
9,32,b'2900229 ',b'Argo INDIA                                                      ',b'M Ravichandran                                                  ',10.0,b'A',2003-02-02 08:45:19.000000000,b'1',-1.349,70.519,b'1',b'ARGOS   ',999.4,6.918,34.961
9,33,b'2900229 ',b'Argo INDIA                                                      ',b'M Ravichandran                                                  ',10.0,b'A',2003-02-02 08:45:19.000000000,b'1',-1.349,70.519,b'1',b'ARGOS   ',1098.9,6.513,34.95
9,34,b'2900229 ',b'Argo INDIA                                                      ',b'M Ravichandran                                                  ',10.0,b'A',2003-02-02 08:45:19.000000000,b'1',-1.349,70.519,b'1',b'ARGOS   ',1199.0,5.853,34.895
9,35,b'2900229 ',b'Argo INDIA                                                      ',b'M Ravichandran                                                  ',10.0,b'A',2003-02-02 08:45:19.000000000,b'1',-1.349,70.519,b'1',b'ARGOS   ',1299.4,5.384,34.88
9,36,b'2900229 ',b'Argo INDIA                                                      ',b'M Ravichandran                                                  ',10.0,b'A',2003-02-02 08:45:19.000000000,b'1',-1.349,70.519,b'1',b'ARGOS   ',1399.4,4.634,34.849
9,37,b'2900229 ',b'Argo INDIA                                                      ',b'M Ravichandran                                                  ',10.0,b'A',2003-02-02 08:45:19.000000000,b'1',-1.349,70.519,b'1',b'ARGOS   ',1499.0,4.14,34.82
9,38,b'2900229 ',b'Argo INDIA                                                      ',b'M Ravichandran                                                  ',10.0,b'A',2003-02-02 08:45:19.000000000,b'1',-1.349,70.519,b'1',b'ARGOS   ',1599.4,3.702,34.807
9,39,b'2900229 ',b'Argo INDIA                                                      ',b'M Ravichandran                                                  ',10.0,b'A',2003-02-02 08:45:19.000000000,b'1',-1.349,70.519,b'1',b'ARGOS   ',1699.5,3.485,34.8
9,40,b'2900229 ',b'Argo INDIA                                                      ',b'M Ravichandran                                                  ',10.0,b'A',2003-02-02 08:45:19.000000000,b'1',-1.349,70.519,b'1',b'ARGOS   ',1799.3,3.268,34.788
9,41,b'2900229 ',b'Argo INDIA                                                      ',b'M Ravichandran                                                  ',10.0,b'A',2003-02-02 08:45:19.000000000,b'1',-1.349,70.519,b'1',b'ARGOS   ',1898.8,3.0,34.781
9,42,b'2900229 ',b'Argo INDIA                                                      ',b'M Ravichandran                                                  ',10.0,b'A',2003-02-02 08:45:19.000000000,b'1',-1.349,70.519,b'1',b'ARGOS   ',1998.9,2.598,34.767
9,43,b'2900229 ',b'Argo INDIA                                                      ',b'M Ravichandran                                                  ',10.0,b'A',2003-02-02 08:45:19.000000000,b'1',-1.349,70.519,b'1',b'ARGOS   ',,,
9,44,b'2900229 ',b'Argo INDIA                                                      ',b'M Ravichandran                                                  ',10.0,b'A',2003-02-02 08:45:19.000000000,b'1',-1.349,70.519,b'1',b'ARGOS   ',,,
10,0,b'2900229 ',b'Argo INDIA                                                      ',b'M Ravichandran                                                  ',11.0,b'A',2003-02-12 08:30:37.000000000,b'1',-1.096,70.204,b'1',b'ARGOS   ',15.4,29.191,34.985
10,1,b'2900229 ',b'Argo INDIA                                                      ',b'M Ravichandran                                                  ',11.0,b'A',2003-02-12 08:30:37.000000000,b'1',-1.096,70.204,b'1',b'ARGOS   ',19.3,29.147,34.986
10,2,b'2900229 ',b'Argo INDIA                                                      ',b'M Ravichandran                                                  ',11.0,b'A',2003-02-12 08:30:37.000000000,b'1',-1.096,70.204,b'1',b'ARGOS   ',24.7,29.132,34.988
10,3,b'2900229 ',b'Argo INDIA                                                      ',b'M Ravichandran                                                  ',11.0,b'A',2003-02-12 08:30:37.000000000,b'1',-1.096,70.204,b'1',b'ARGOS   ',29.7,29.114,34.987
10,4,b'2900229 ',b'Argo INDIA                                                      ',b'M Ravichandran                                                  ',11.0,b'A',2003-02-12 08:30:37.000000000,b'1',-1.096,70.204,b'1',b'ARGOS   ',34.5,28.614,35.128
10,5,b'2900229 ',b'Argo INDIA                                                      ',b'M Ravichandran                                                  ',11.0,b'A',2003-02-12 08:30:37.000000000,b'1',-1.096,70.204,b'1',b'ARGOS   ',39.5,27.485,35.308
10,6,b'2900229 ',b'Argo INDIA                                                      ',b'M Ravichandran                                                  ',11.0,b'A',2003-02-12 08:30:37.000000000,b'1',-1.096,70.204,b'1',b'ARGOS   ',44.6,26.765,35.404
10,7,b'2900229 ',b'Argo INDIA                                                      ',b'M Ravichandran                                                  ',11.0,b'A',2003-02-12 08:30:37.000000000,b'1',-1.096,70.204,b'1',b'ARGOS   ',49.4,25.946,35.422
10,8,b'2900229 ',b'Argo INDIA                                                      ',b'M Ravichandran                                                  ',11.0,b'A',2003-02-12 08:30:37.000000000,b'1',-1.096,70.204,b'1',b'ARGOS   ',59.5,24.432,35.437
10,9,b'2900229 ',b'Argo INDIA                                                      ',b'M Ravichandran                                                  ',11.0,b'A',2003-02-12 08:30:37.000000000,b'1',-1.096,70.204,b'1',b'ARGOS   ',69.4,23.921,35.429
10,10,b'2900229 ',b'Argo INDIA                                                      ',b'M Ravichandran                                                  ',11.0,b'A',2003-02-12 08:30:37.000000000,b'1',-1.096,70.204,b'1',b'ARGOS   ',79.5,23.255,35.419
10,11,b'2900229 ',b'Argo INDIA                                                      ',b'M Ravichandran                                                  ',11.0,b'A',2003-02-12 08:30:37.000000000,b'1',-1.096,70.204,b'1',b'ARGOS   ',89.4,22.833,35.406
10,12,b'2900229 ',b'Argo INDIA                                                      ',b'M Ravichandran                                                  ',11.0,b'A',2003-02-12 08:30:37.000000000,b'1',-1.096,70.204,b'1',b'ARGOS   ',99.6,21.414,35.383
10,13,b'2900229 ',b'Argo INDIA                                                      ',b'M Ravichandran                                                  ',11.0,b'A',2003-02-12 08:30:37.000000000,b'1',-1.096,70.204,b'1',b'ARGOS   ',109.3,20.936,35.362
10,14,b'2900229 ',b'Argo INDIA                                                      ',b'M Ravichandran                                                  ',11.0,b'A',2003-02-12 08:30:37.000000000,b'1',-1.096,70.204,b'1',b'ARGOS   ',119.6,19.838,35.309
10,15,b'2900229 ',b'Argo INDIA                                                      ',b'M Ravichandran                                                  ',11.0,b'A',2003-02-12 08:30:37.000000000,b'1',-1.096,70.204,b'1',b'ARGOS   ',129.2,17.54,35.286
10,16,b'2900229 ',b'Argo INDIA                                                      ',b'M Ravichandran                                                  ',11.0,b'A',2003-02-12 08:30:37.000000000,b'1',-1.096,70.204,b'1',b'ARGOS   ',139.1,17.019,35.273
10,17,b'2900229 ',b'Argo INDIA                                                      ',b'M Ravichandran                                                  ',11.0,b'A',2003-02-12 08:30:37.000000000,b'1',-1.096,70.204,b'1',b'ARGOS   ',149.4,15.72,35.241
10,18,b'2900229 ',b'Argo INDIA                                                      ',b'M Ravichandran                                                  ',11.0,b'A',2003-02-12 08:30:37.000000000,b'1',-1.096,70.204,b'1',b'ARGOS   ',169.2,14.727,35.204
10,19,b'2900229 ',b'Argo INDIA                                                      ',b'M Ravichandran                                                  ',11.0,b'A',2003-02-12 08:30:37.000000000,b'1',-1.096,70.204,b'1',b'ARGOS   ',188.7,14.12,35.186
10,20,b'2900229 ',b'Argo INDIA                                                      ',b'M Ravichandran                                                  ',11.0,b'A',2003-02-12 08:30:37.000000000,b'1',-1.096,70.204,b'1',b'ARGOS   ',209.4,13.278,35.141
10,21,b'2900229 ',b'Argo INDIA                                                      ',b'M Ravichandran                                                  ',11.0,b'A',2003-02-12 08:30:37.000000000,b'1',-1.096,70.204,b'1',b'ARGOS   ',228.8,12.642,35.097
10,22,b'2900229 ',b'Argo INDIA                                                      ',b'M Ravichandran                                                  ',11.0,b'A',2003-02-12 08:30:37.000000000,b'1',-1.096,70.204,b'1',b'ARGOS   ',248.7,12.2,35.076
10,23,b'2900229 ',b'Argo INDIA                                                      ',b'M Ravichandran                                                  ',11.0,b'A',2003-02-12 08:30:37.000000000,b'1',-1.096,70.204,b'1',b'ARGOS   ',299.1,11.748,35.058
10,24,b'2900229 ',b'Argo INDIA                                                      ',b'M Ravichandran                                                  ',11.0,b'A',2003-02-12 08:30:37.000000000,b'1',-1.096,70.204,b'1',b'ARGOS   ',349.1,11.124,35.033
10,25,b'2900229 ',b'Argo INDIA                                                      ',b'M Ravichandran                                                  ',11.0,b'A',2003-02-12 08:30:37.000000000,b'1',-1.096,70.204,b'1',b'ARGOS   ',399.0,10.734,35.014
10,26,b'2900229 ',b'Argo INDIA                                                      ',b'M Ravichandran                                                  ',11.0,b'A',2003-02-12 08:30:37.000000000,b'1',-1.096,70.204,b'1',b'ARGOS   ',448.9,10.3,34.997
10,27,b'2900229 ',b'Argo INDIA                                                      ',b'M Ravichandran                                                  ',11.0,b'A',2003-02-12 08:30:37.000000000,b'1',-1.096,70.204,b'1',b'ARGOS   ',499.2,9.997,35.002
10,28,b'2900229 ',b'Argo INDIA                                                      ',b'M Ravichandran                                                  ',11.0,b'A',2003-02-12 08:30:37.000000000,b'1',-1.096,70.204,b'1',b'ARGOS   ',598.8,9.545,34.999
10,29,b'2900229 ',b'Argo INDIA                                                      ',b'M Ravichandran                                                  ',11.0,b'A',2003-02-12 08:30:37.000000000,b'1',-1.096,70.204,b'1',b'ARGOS   ',699.4,8.906,35.018
10,30,b'2900229 ',b'Argo INDIA                                                      ',b'M Ravichandran                                                  ',11.0,b'A',2003-02-12 08:30:37.000000000,b'1',-1.096,70.204,b'1',b'ARGOS   ',798.8,8.009,34.962
10,31,b'2900229 ',b'Argo INDIA                                                      ',b'M Ravichandran                                                  ',11.0,b'A',2003-02-12 08:30:37.000000000,b'1',-1.096,70.204,b'1',b'ARGOS   ',899.3,7.438,34.965
10,32,b'2900229 ',b'Argo INDIA                                                      ',b'M Ravichandran                                                  ',11.0,b'A',2003-02-12 08:30:37.000000000,b'1',-1.096,70.204,b'1',b'ARGOS   ',999.0,6.987,34.958
10,33,b'2900229 ',b'Argo INDIA                                                      ',b'M Ravichandran                                                  ',11.0,b'A',2003-02-12 08:30:37.000000000,b'1',-1.096,70.204,b'1',b'ARGOS   ',1099.2,6.361,34.945
10,34,b'2900229 ',b'Argo INDIA                                                      ',b'M Ravichandran                                                  ',11.0,b'A',2003-02-12 08:30:37.000000000,b'1',-1.096,70.204,b'1',b'ARGOS   ',1199.1,5.728,34.891
10,35,b'2900229 ',b'Argo INDIA                                                      ',b'M Ravichandran                                                  ',11.0,b'A',2003-02-12 08:30:37.000000000,b'1',-1.096,70.204,b'1',b'ARGOS   ',1299.5,4.865,34.85
10,36,b'2900229 ',b'Argo INDIA                                                      ',b'M Ravichandran                                                  ',11.0,b'A',2003-02-12 08:30:37.000000000,b'1',-1.096,70.204,b'1',b'ARGOS   ',1398.8,4.469,34.834
10,37,b'2900229 ',b'Argo INDIA                                                      ',b'M Ravichandran                                                  ',11.0,b'A',2003-02-12 08:30:37.000000000,b'1',-1.096,70.204,b'1',b'ARGOS   ',1499.4,3.928,34.813
10,38,b'2900229 ',b'Argo INDIA                                                      ',b'M Ravichandran                                                  ',11.0,b'A',2003-02-12 08:30:37.000000000,b'1',-1.096,70.204,b'1',b'ARGOS   ',1599.2,3.725,34.808
10,39,b'2900229 ',b'Argo INDIA                                                      ',b'M Ravichandran                                                  ',11.0,b'A',2003-02-12 08:30:37.000000000,b'1',-1.096,70.204,b'1',b'ARGOS   ',1699.4,3.451,34.795
10,40,b'2900229 ',b'Argo INDIA                                                      ',b'M Ravichandran                                                  ',11.0,b'A',2003-02-12 08:30:37.000000000,b'1',-1.096,70.204,b'1',b'ARGOS   ',1799.1,3.187,34.786
10,41,b'2900229 ',b'Argo INDIA                                                      ',b'M Ravichandran                                                  ',11.0,b'A',2003-02-12 08:30:37.000000000,b'1',-1.096,70.204,b'1',b'ARGOS   ',1899.0,2.843,34.772
10,42,b'2900229 ',b'Argo INDIA                                                      ',b'M Ravichandran                                                  ',11.0,b'A',2003-02-12 08:30:37.000000000,b'1',-1.096,70.204,b'1',b'ARGOS   ',1999.4,2.621,34.763
10,43,b'2900229 ',b'Argo INDIA                                                      ',b'M Ravichandran                                                  ',11.0,b'A',2003-02-12 08:30:37.000000000,b'1',-1.096,70.204,b'1',b'ARGOS   ',,,
10,44,b'2900229 ',b'Argo INDIA                                                      ',b'M Ravichandran                                                  ',11.0,b'A',2003-02-12 08:30:37.000000000,b'1',-1.096,70.204,b'1',b'ARGOS   ',,,
11,0,b'2900229 ',b'Argo INDIA                                                      ',b'M Ravichandran                                                  ',12.0,b'A',2003-02-22 08:34:36.000000000,b'1',-1.06,69.686,b'1',b'ARGOS   ',16.1,30.03,34.697
11,1,b'2900229 ',b'Argo INDIA                                                      ',b'M Ravichandran                                                  ',12.0,b'A',2003-02-22 08:34:36.000000000,b'1',-1.06,69.686,b'1',b'ARGOS   ',19.4,29.919,34.698
11,2,b'2900229 ',b'Argo INDIA                                                      ',b'M Ravichandran                                                  ',12.0,b'A',2003-02-22 08:34:36.000000000,b'1',-1.06,69.686,b'1',b'ARGOS   ',24.6,29.872,34.704
11,3,b'2900229 ',b'Argo INDIA                                                      ',b'M Ravichandran                                                  ',12.0,b'A',2003-02-22 08:34:36.000000000,b'1',-1.06,69.686,b'1',b'ARGOS   ',29.6,29.68,34.751
11,4,b'2900229 ',b'Argo INDIA                                                      ',b'M Ravichandran                                                  ',12.0,b'A',2003-02-22 08:34:36.000000000,b'1',-1.06,69.686,b'1',b'ARGOS   ',34.6,29.656,34.76
11,5,b'2900229 ',b'Argo INDIA                                                      ',b'M Ravichandran                                                  ',12.0,b'A',2003-02-22 08:34:36.000000000,b'1',-1.06,69.686,b'1',b'ARGOS   ',39.8,28.387,35.178
11,6,b'2900229 ',b'Argo INDIA                                                      ',b'M Ravichandran                                                  ',12.0,b'A',2003-02-22 08:34:36.000000000,b'1',-1.06,69.686,b'1',b'ARGOS   ',44.4,27.169,35.348
11,7,b'2900229 ',b'Argo INDIA                                                      ',b'M Ravichandran                                                  ',12.0,b'A',2003-02-22 08:34:36.000000000,b'1',-1.06,69.686,b'1',b'ARGOS   ',49.3,26.87,35.33
11,8,b'2900229 ',b'Argo INDIA                                                      ',b'M Ravichandran                                                  ',12.0,b'A',2003-02-22 08:34:36.000000000,b'1',-1.06,69.686,b'1',b'ARGOS   ',59.4,25.87,35.379
11,9,b'2900229 ',b'Argo INDIA                                                      ',b'M Ravichandran                                                  ',12.0,b'A',2003-02-22 08:34:36.000000000,b'1',-1.06,69.686,b'1',b'ARGOS   ',69.5,25.047,35.403
11,10,b'2900229 ',b'Argo INDIA                                                      ',b'M Ravichandran                                                  ',12.0,b'A',2003-02-22 08:34:36.000000000,b'1',-1.06,69.686,b'1',b'ARGOS   ',79.3,23.7,35.422
11,11,b'2900229 ',b'Argo INDIA                                                      ',b'M Ravichandran                                                  ',12.0,b'A',2003-02-22 08:34:36.000000000,b'1',-1.06,69.686,b'1',b'ARGOS   ',89.2,23.478,35.419
11,12,b'2900229 ',b'Argo INDIA                                                      ',b'M Ravichandran                                                  ',12.0,b'A',2003-02-22 08:34:36.000000000,b'1',-1.06,69.686,b'1',b'ARGOS   ',99.7,22.412,35.382
11,13,b'2900229 ',b'Argo INDIA                                                      ',b'M Ravichandran                                                  ',12.0,b'A',2003-02-22 08:34:36.000000000,b'1',-1.06,69.686,b'1',b'ARGOS   ',109.3,21.159,35.351
11,14,b'2900229 ',b'Argo INDIA                                                      ',b'M Ravichandran                                                  ',12.0,b'A',2003-02-22 08:34:36.000000000,b'1',-1.06,69.686,b'1',b'ARGOS   ',119.3,20.02,35.343
11,15,b'2900229 ',b'Argo INDIA                                                      ',b'M Ravichandran                                                  ',12.0,b'A',2003-02-22 08:34:36.000000000,b'1',-1.06,69.686,b'1',b'ARGOS   ',129.4,18.005,35.294
11,16,b'2900229 ',b'Argo INDIA                                                      ',b'M Ravichandran                                                  ',12.0,b'A',2003-02-22 08:34:36.000000000,b'1',-1.06,69.686,b'1',b'ARGOS   ',139.6,17.112,35.276
11,17,b'2900229 ',b'Argo INDIA                                                      ',b'M Ravichandran                                                  ',12.0,b'A',2003-02-22 08:34:36.000000000,b'1',-1.06,69.686,b'1',b'ARGOS   ',149.5,16.176,35.267
11,18,b'2900229 ',b'Argo INDIA                                                      ',b'M Ravichandran                                                  ',12.0,b'A',2003-02-22 08:34:36.000000000,b'1',-1.06,69.686,b'1',b'ARGOS   ',169.2,15.827,35.257
11,19,b'2900229 ',b'Argo INDIA                                                      ',b'M Ravichandran                                                  ',12.0,b'A',2003-02-22 08:34:36.000000000,b'1',-1.06,69.686,b'1',b'ARGOS   ',189.5,14.777,35.214
11,20,b'2900229 ',b'Argo INDIA                                                      ',b'M Ravichandran                                                  ',12.0,b'A',2003-02-22 08:34:36.000000000,b'1',-1.06,69.686,b'1',b'ARGOS   ',209.0,13.672,35.162
11,21,b'2900229 ',b'Argo INDIA                                                      ',b'M Ravichandran                                                  ',12.0,b'A',2003-02-22 08:34:36.000000000,b'1',-1.06,69.686,b'1',b'ARGOS   ',229.0,12.873,35.123
11,22,b'2900229 ',b'Argo INDIA                                                      ',b'M Ravichandran                                                  ',12.0,b'A',2003-02-22 08:34:36.000000000,b'1',-1.06,69.686,b'1',b'ARGOS   ',248.8,12.213,35.083
11,23,b'2900229 ',b'Argo INDIA                                                      ',b'M Ravichandran                                                  ',12.0,b'A',2003-02-22 08:34:36.000000000,b'1',-1.06,69.686,b'1',b'ARGOS   ',298.7,11.71,35.068
11,24,b'2900229 ',b'Argo INDIA                                                      ',b'M Ravichandran                                                  ',12.0,b'A',2003-02-22 08:34:36.000000000,b'1',-1.06,69.686,b'1',b'ARGOS   ',349.1,11.202,35.026
11,25,b'2900229 ',b'Argo INDIA                                                      ',b'M Ravichandran                                                  ',12.0,b'A',2003-02-22 08:34:36.000000000,b'1',-1.06,69.686,b'1',b'ARGOS   ',399.1,10.803,35.016
11,26,b'2900229 ',b'Argo INDIA                                                      ',b'M Ravichandran                                                  ',12.0,b'A',2003-02-22 08:34:36.000000000,b'1',-1.06,69.686,b'1',b'ARGOS   ',449.4,10.306,34.981
11,27,b'2900229 ',b'Argo INDIA                                                      ',b'M Ravichandran                                                  ',12.0,b'A',2003-02-22 08:34:36.000000000,b'1',-1.06,69.686,b'1',b'ARGOS   ',499.4,9.879,34.996
11,28,b'2900229 ',b'Argo INDIA                                                      ',b'M Ravichandran                                                  ',12.0,b'A',2003-02-22 08:34:36.000000000,b'1',-1.06,69.686,b'1',b'ARGOS   ',599.3,9.228,34.998
11,29,b'2900229 ',b'Argo INDIA                                                      ',b'M Ravichandran                                                  ',12.0,b'A',2003-02-22 08:34:36.000000000,b'1',-1.06,69.686,b'1',b'ARGOS   ',699.1,8.777,35.009
11,30,b'2900229 ',b'Argo INDIA                                                      ',b'M Ravichandran                                                  ',12.0,b'A',2003-02-22 08:34:36.000000000,b'1',-1.06,69.686,b'1',b'ARGOS   ',799.0,8.338,35.005
11,31,b'2900229 ',b'Argo INDIA                                                      ',b'M Ravichandran                                                  ',12.0,b'A',2003-02-22 08:34:36.000000000,b'1',-1.06,69.686,b'1',b'ARGOS   ',899.2,7.276,34.955
11,32,b'2900229 ',b'Argo INDIA                                                      ',b'M Ravichandran                                                  ',12.0,b'A',2003-02-22 08:34:36.000000000,b'1',-1.06,69.686,b'1',b'ARGOS   ',999.1,6.578,34.955
11,33,b'2900229 ',b'Argo INDIA                                                      ',b'M Ravichandran                                                  ',12.0,b'A',2003-02-22 08:34:36.000000000,b'1',-1.06,69.686,b'1',b'ARGOS   ',1099.1,6.313,34.951
11,34,b'2900229 ',b'Argo INDIA                                                      ',b'M Ravichandran                                                  ',12.0,b'A',2003-02-22 08:34:36.000000000,b'1',-1.06,69.686,b'1',b'ARGOS   ',1199.0,5.654,34.89
11,35,b'2900229 ',b'Argo INDIA                                                      ',b'M Ravichandran                                                  ',12.0,b'A',2003-02-22 08:34:36.000000000,b'1',-1.06,69.686,b'1',b'ARGOS   ',1299.2,4.942,34.845
11,36,b'2900229 ',b'Argo INDIA                                                      ',b'M Ravichandran                                                  ',12.0,b'A',2003-02-22 08:34:36.000000000,b'1',-1.06,69.686,b'1',b'ARGOS   ',1399.3,4.437,34.831
11,37,b'2900229 ',b'Argo INDIA                                                      ',b'M Ravichandran                                                  ',12.0,b'A',2003-02-22 08:34:36.000000000,b'1',-1.06,69.686,b'1',b'ARGOS   ',1499.6,3.966,34.819
11,38,b'2900229 ',b'Argo INDIA                                                      ',b'M Ravichandran                                                  ',12.0,b'A',2003-02-22 08:34:36.000000000,b'1',-1.06,69.686,b'1',b'ARGOS   ',1598.9,3.66,34.807
11,39,b'2900229 ',b'Argo INDIA                                                      ',b'M Ravichandran                                                  ',12.0,b'A',2003-02-22 08:34:36.000000000,b'1',-1.06,69.686,b'1',b'ARGOS   ',1699.4,3.444,34.799
11,40,b'2900229 ',b'Argo INDIA                                                      ',b'M Ravichandran                                                  ',12.0,b'A',2003-02-22 08:34:36.000000000,b'1',-1.06,69.686,b'1',b'ARGOS   ',1799.3,3.097,34.784
11,41,b'2900229 ',b'Argo INDIA                                                      ',b'M Ravichandran                                                  ',12.0,b'A',2003-02-22 08:34:36.000000000,b'1',-1.06,69.686,b'1',b'ARGOS   ',1899.1,2.89,34.775
11,42,b'2900229 ',b'Argo INDIA                                                      ',b'M Ravichandran                                                  ',12.0,b'A',2003-02-22 08:34:36.000000000,b'1',-1.06,69.686,b'1',b'ARGOS   ',1999.0,2.664,34.768
11,43,b'2900229 ',b'Argo INDIA                                                      ',b'M Ravichandran                                                  ',12.0,b'A',2003-02-22 08:34:36.000000000,b'1',-1.06,69.686,b'1',b'ARGOS   ',,,
11,44,b'2900229 ',b'Argo INDIA                                                      ',b'M Ravichandran                                                  ',12.0,b'A',2003-02-22 08:34:36.000000000,b'1',-1.06,69.686,b'1',b'ARGOS   ',,,
12,0,b'2900229 ',b'Argo INDIA                                                      ',b'M Ravichandran                                                  ',13.0,b'A',2003-03-04 08:35:26.999999744,b'1',-1.052,69.215,b'1',b'ARGOS   ',15.9,29.775,34.738
12,1,b'2900229 ',b'Argo INDIA                                                      ',b'M Ravichandran                                                  ',13.0,b'A',2003-03-04 08:35:26.999999744,b'1',-1.052,69.215,b'1',b'ARGOS   ',19.2,29.67,34.733
12,2,b'2900229 ',b'Argo INDIA                                                      ',b'M Ravichandran                                                  ',13.0,b'A',2003-03-04 08:35:26.999999744,b'1',-1.052,69.215,b'1',b'ARGOS   ',24.6,29.581,34.73
12,3,b'2900229 ',b'Argo INDIA                                                      ',b'M Ravichandran                                                  ',13.0,b'A',2003-03-04 08:35:26.999999744,b'1',-1.052,69.215,b'1',b'ARGOS   ',29.2,29.576,34.73
12,4,b'2900229 ',b'Argo INDIA                                                      ',b'M Ravichandran                                                  ',13.0,b'A',2003-03-04 08:35:26.999999744,b'1',-1.052,69.215,b'1',b'ARGOS   ',34.5,29.566,34.729
12,5,b'2900229 ',b'Argo INDIA                                                      ',b'M Ravichandran                                                  ',13.0,b'A',2003-03-04 08:35:26.999999744,b'1',-1.052,69.215,b'1',b'ARGOS   ',39.4,29.562,34.733
12,6,b'2900229 ',b'Argo INDIA                                                      ',b'M Ravichandran                                                  ',13.0,b'A',2003-03-04 08:35:26.999999744,b'1',-1.052,69.215,b'1',b'ARGOS   ',44.4,29.563,34.739
12,7,b'2900229 ',b'Argo INDIA                                                      ',b'M Ravichandran                                                  ',13.0,b'A',2003-03-04 08:35:26.999999744,b'1',-1.052,69.215,b'1',b'ARGOS   ',49.9,29.522,34.766
12,8,b'2900229 ',b'Argo INDIA                                                      ',b'M Ravichandran                                                  ',13.0,b'A',2003-03-04 08:35:26.999999744,b'1',-1.052,69.215,b'1',b'ARGOS   ',59.8,27.927,35.249
12,9,b'2900229 ',b'Argo INDIA                                                      ',b'M Ravichandran                                                  ',13.0,b'A',2003-03-04 08:35:26.999999744,b'1',-1.052,69.215,b'1',b'ARGOS   ',69.1,24.122,35.382
12,10,b'2900229 ',b'Argo INDIA                                                      ',b'M Ravichandran                                                  ',13.0,b'A',2003-03-04 08:35:26.999999744,b'1',-1.052,69.215,b'1',b'ARGOS   ',79.5,22.954,35.374
12,11,b'2900229 ',b'Argo INDIA                                                      ',b'M Ravichandran                                                  ',13.0,b'A',2003-03-04 08:35:26.999999744,b'1',-1.052,69.215,b'1',b'ARGOS   ',89.2,22.406,35.358
12,12,b'2900229 ',b'Argo INDIA                                                      ',b'M Ravichandran                                                  ',13.0,b'A',2003-03-04 08:35:26.999999744,b'1',-1.052,69.215,b'1',b'ARGOS   ',99.6,21.158,35.349
12,13,b'2900229 ',b'Argo INDIA                                                      ',b'M Ravichandran                                                  ',13.0,b'A',2003-03-04 08:35:26.999999744,b'1',-1.052,69.215,b'1',b'ARGOS   ',109.2,18.766,35.289
12,14,b'2900229 ',b'Argo INDIA                                                      ',b'M Ravichandran                                                  ',13.0,b'A',2003-03-04 08:35:26.999999744,b'1',-1.052,69.215,b'1',b'ARGOS   ',119.2,18.242,35.298
12,15,b'2900229 ',b'Argo INDIA                                                      ',b'M Ravichandran                                                  ',13.0,b'A',2003-03-04 08:35:26.999999744,b'1',-1.052,69.215,b'1',b'ARGOS   ',129.3,18.23,35.298
12,16,b'2900229 ',b'Argo INDIA                                                      ',b'M Ravichandran                                                  ',13.0,b'A',2003-03-04 08:35:26.999999744,b'1',-1.052,69.215,b'1',b'ARGOS   ',139.6,18.07,35.296
12,17,b'2900229 ',b'Argo INDIA                                                      ',b'M Ravichandran                                                  ',13.0,b'A',2003-03-04 08:35:26.999999744,b'1',-1.052,69.215,b'1',b'ARGOS   ',149.0,17.311,35.28
12,18,b'2900229 ',b'Argo INDIA                                                      ',b'M Ravichandran                                                  ',13.0,b'A',2003-03-04 08:35:26.999999744,b'1',-1.052,69.215,b'1',b'ARGOS   ',169.7,15.453,35.21
12,19,b'2900229 ',b'Argo INDIA                                                      ',b'M Ravichandran                                                  ',13.0,b'A',2003-03-04 08:35:26.999999744,b'1',-1.052,69.215,b'1',b'ARGOS   ',189.4,13.619,35.161
12,20,b'2900229 ',b'Argo INDIA                                                      ',b'M Ravichandran                                                  ',13.0,b'A',2003-03-04 08:35:26.999999744,b'1',-1.052,69.215,b'1',b'ARGOS   ',209.0,13.172,35.148
12,21,b'2900229 ',b'Argo INDIA                                                      ',b'M Ravichandran                                                  ',13.0,b'A',2003-03-04 08:35:26.999999744,b'1',-1.052,69.215,b'1',b'ARGOS   ',229.3,12.512,35.1
12,22,b'2900229 ',b'Argo INDIA                                                      ',b'M Ravichandran                                                  ',13.0,b'A',2003-03-04 08:35:26.999999744,b'1',-1.052,69.215,b'1',b'ARGOS   ',249.4,12.382,35.1
12,23,b'2900229 ',b'Argo INDIA                                                      ',b'M Ravichandran                                                  ',13.0,b'A',2003-03-04 08:35:26.999999744,b'1',-1.052,69.215,b'1',b'ARGOS   ',299.5,11.601,35.061
12,24,b'2900229 ',b'Argo INDIA                                                      ',b'M Ravichandran                                                  ',13.0,b'A',2003-03-04 08:35:26.999999744,b'1',-1.052,69.215,b'1',b'ARGOS   ',348.8,11.286,35.024
12,25,b'2900229 ',b'Argo INDIA                                                      ',b'M Ravichandran                                                  ',13.0,b'A',2003-03-04 08:35:26.999999744,b'1',-1.052,69.215,b'1',b'ARGOS   ',399.1,10.81,35.014
12,26,b'2900229 ',b'Argo INDIA                                                      ',b'M Ravichandran                                                  ',13.0,b'A',2003-03-04 08:35:26.999999744,b'1',-1.052,69.215,b'1',b'ARGOS   ',449.6,10.374,34.991
12,27,b'2900229 ',b'Argo INDIA                                                      ',b'M Ravichandran                                                  ',13.0,b'A',2003-03-04 08:35:26.999999744,b'1',-1.052,69.215,b'1',b'ARGOS   ',499.1,10.039,34.992
12,28,b'2900229 ',b'Argo INDIA                                                      ',b'M Ravichandran                                                  ',13.0,b'A',2003-03-04 08:35:26.999999744,b'1',-1.052,69.215,b'1',b'ARGOS   ',599.1,9.475,34.984
12,29,b'2900229 ',b'Argo INDIA                                                      ',b'M Ravichandran                                                  ',13.0,b'A',2003-03-04 08:35:26.999999744,b'1',-1.052,69.215,b'1',b'ARGOS   ',699.2,8.74,35.014
12,30,b'2900229 ',b'Argo INDIA                                                      ',b'M Ravichandran                                                  ',13.0,b'A',2003-03-04 08:35:26.999999744,b'1',-1.052,69.215,b'1',b'ARGOS   ',799.3,8.319,35.007
12,31,b'2900229 ',b'Argo INDIA                                                      ',b'M Ravichandran                                                  ',13.0,b'A',2003-03-04 08:35:26.999999744,b'1',-1.052,69.215,b'1',b'ARGOS   ',899.6,7.965,35.013
12,32,b'2900229 ',b'Argo INDIA                                                      ',b'M Ravichandran                                                  ',13.0,b'A',2003-03-04 08:35:26.999999744,b'1',-1.052,69.215,b'1',b'ARGOS   ',999.5,6.809,34.933
12,33,b'2900229 ',b'Argo INDIA                                                      ',b'M Ravichandran                                                  ',13.0,b'A',2003-03-04 08:35:26.999999744,b'1',-1.052,69.215,b'1',b'ARGOS   ',1099.0,6.231,34.94
12,34,b'2900229 ',b'Argo INDIA                                                      ',b'M Ravichandran                                                  ',13.0,b'A',2003-03-04 08:35:26.999999744,b'1',-1.052,69.215,b'1',b'ARGOS   ',1199.3,5.772,34.9
12,35,b'2900229 ',b'Argo INDIA                                                      ',b'M Ravichandran                                                  ',13.0,b'A',2003-03-04 08:35:26.999999744,b'1',-1.052,69.215,b'1',b'ARGOS   ',1299.4,4.962,34.834
12,36,b'2900229 ',b'Argo INDIA                                                      ',b'M Ravichandran                                                  ',13.0,b'A',2003-03-04 08:35:26.999999744,b'1',-1.052,69.215,b'1',b'ARGOS   ',1399.1,4.741,34.855
12,37,b'2900229 ',b'Argo INDIA                                                      ',b'M Ravichandran                                                  ',13.0,b'A',2003-03-04 08:35:26.999999744,b'1',-1.052,69.215,b'1',b'ARGOS   ',1499.2,4.263,34.827
12,38,b'2900229 ',b'Argo INDIA                                                      ',b'M Ravichandran                                                  ',13.0,b'A',2003-03-04 08:35:26.999999744,b'1',-1.052,69.215,b'1',b'ARGOS   ',1599.0,3.835,34.811
12,39,b'2900229 ',b'Argo INDIA                                                      ',b'M Ravichandran                                                  ',13.0,b'A',2003-03-04 08:35:26.999999744,b'1',-1.052,69.215,b'1',b'ARGOS   ',1699.0,3.539,34.8
12,40,b'2900229 ',b'Argo INDIA                                                      ',b'M Ravichandran                                                  ',13.0,b'A',2003-03-04 08:35:26.999999744,b'1',-1.052,69.215,b'1',b'ARGOS   ',1798.9,3.403,34.797
12,41,b'2900229 ',b'Argo INDIA                                                      ',b'M Ravichandran                                                  ',13.0,b'A',2003-03-04 08:35:26.999999744,b'1',-1.052,69.215,b'1',b'ARGOS   ',1898.9,3.188,34.788
12,42,b'2900229 ',b'Argo INDIA                                                      ',b'M Ravichandran                                                  ',13.0,b'A',2003-03-04 08:35:26.999999744,b'1',-1.052,69.215,b'1',b'ARGOS   ',1998.6,2.952,34.779
12,43,b'2900229 ',b'Argo INDIA                                                      ',b'M Ravichandran                                                  ',13.0,b'A',2003-03-04 08:35:26.999999744,b'1',-1.052,69.215,b'1',b'ARGOS   ',,,
12,44,b'2900229 ',b'Argo INDIA                                                      ',b'M Ravichandran                                                  ',13.0,b'A',2003-03-04 08:35:26.999999744,b'1',-1.052,69.215,b'1',b'ARGOS   ',,,
13,0,b'2900229 ',b'Argo INDIA                                                      ',b'M Ravichandran                                                  ',14.0,b'A',2003-03-14 08:49:28.000000000,b'1',-0.728,69.532,b'1',b'ARGOS   ',16.4,29.862,34.554
13,1,b'2900229 ',b'Argo INDIA                                                      ',b'M Ravichandran                                                  ',14.0,b'A',2003-03-14 08:49:28.000000000,b'1',-0.728,69.532,b'1',b'ARGOS   ',19.6,29.815,34.554
13,2,b'2900229 ',b'Argo INDIA                                                      ',b'M Ravichandran                                                  ',14.0,b'A',2003-03-14 08:49:28.000000000,b'1',-0.728,69.532,b'1',b'ARGOS   ',24.2,29.765,34.558
13,3,b'2900229 ',b'Argo INDIA                                                      ',b'M Ravichandran                                                  ',14.0,b'A',2003-03-14 08:49:28.000000000,b'1',-0.728,69.532,b'1',b'ARGOS   ',29.3,29.692,34.567
13,4,b'2900229 ',b'Argo INDIA                                                      ',b'M Ravichandran                                                  ',14.0,b'A',2003-03-14 08:49:28.000000000,b'1',-0.728,69.532,b'1',b'ARGOS   ',34.6,29.358,34.75
13,5,b'2900229 ',b'Argo INDIA                                                      ',b'M Ravichandran                                                  ',14.0,b'A',2003-03-14 08:49:28.000000000,b'1',-0.728,69.532,b'1',b'ARGOS   ',39.6,28.948,34.884
13,6,b'2900229 ',b'Argo INDIA                                                      ',b'M Ravichandran                                                  ',14.0,b'A',2003-03-14 08:49:28.000000000,b'1',-0.728,69.532,b'1',b'ARGOS   ',44.6,27.305,35.08
13,7,b'2900229 ',b'Argo INDIA                                                      ',b'M Ravichandran                                                  ',14.0,b'A',2003-03-14 08:49:28.000000000,b'1',-0.728,69.532,b'1',b'ARGOS   ',49.7,25.697,35.266
13,8,b'2900229 ',b'Argo INDIA                                                      ',b'M Ravichandran                                                  ',14.0,b'A',2003-03-14 08:49:28.000000000,b'1',-0.728,69.532,b'1',b'ARGOS   ',59.6,23.759,35.393
13,9,b'2900229 ',b'Argo INDIA                                                      ',b'M Ravichandran                                                  ',14.0,b'A',2003-03-14 08:49:28.000000000,b'1',-0.728,69.532,b'1',b'ARGOS   ',69.5,23.126,35.391
13,10,b'2900229 ',b'Argo INDIA                                                      ',b'M Ravichandran                                                  ',14.0,b'A',2003-03-14 08:49:28.000000000,b'1',-0.728,69.532,b'1',b'ARGOS   ',79.3,21.947,35.384
13,11,b'2900229 ',b'Argo INDIA                                                      ',b'M Ravichandran                                                  ',14.0,b'A',2003-03-14 08:49:28.000000000,b'1',-0.728,69.532,b'1',b'ARGOS   ',89.5,21.377,35.414
13,12,b'2900229 ',b'Argo INDIA                                                      ',b'M Ravichandran                                                  ',14.0,b'A',2003-03-14 08:49:28.000000000,b'1',-0.728,69.532,b'1',b'ARGOS   ',99.6,20.788,35.379
13,13,b'2900229 ',b'Argo INDIA                                                      ',b'M Ravichandran                                                  ',14.0,b'A',2003-03-14 08:49:28.000000000,b'1',-0.728,69.532,b'1',b'ARGOS   ',109.3,20.505,35.363
13,14,b'2900229 ',b'Argo INDIA                                                      ',b'M Ravichandran                                                  ',14.0,b'A',2003-03-14 08:49:28.000000000,b'1',-0.728,69.532,b'1',b'ARGOS   ',119.4,20.424,35.36
13,15,b'2900229 ',b'Argo INDIA                                                      ',b'M Ravichandran                                                  ',14.0,b'A',2003-03-14 08:49:28.000000000,b'1',-0.728,69.532,b'1',b'ARGOS   ',129.4,20.204,35.344
13,16,b'2900229 ',b'Argo INDIA                                                      ',b'M Ravichandran                                                  ',14.0,b'A',2003-03-14 08:49:28.000000000,b'1',-0.728,69.532,b'1',b'ARGOS   ',139.4,19.503,35.308
13,17,b'2900229 ',b'Argo INDIA                                                      ',b'M Ravichandran                                                  ',14.0,b'A',2003-03-14 08:49:28.000000000,b'1',-0.728,69.532,b'1',b'ARGOS   ',149.5,18.223,35.307
13,18,b'2900229 ',b'Argo INDIA                                                      ',b'M Ravichandran                                                  ',14.0,b'A',2003-03-14 08:49:28.000000000,b'1',-0.728,69.532,b'1',b'ARGOS   ',169.5,17.001,35.268
13,19,b'2900229 ',b'Argo INDIA                                                      ',b'M Ravichandran                                                  ',14.0,b'A',2003-03-14 08:49:28.000000000,b'1',-0.728,69.532,b'1',b'ARGOS   ',189.5,15.162,35.211
13,20,b'2900229 ',b'Argo INDIA                                                      ',b'M Ravichandran                                                  ',14.0,b'A',2003-03-14 08:49:28.000000000,b'1',-0.728,69.532,b'1',b'ARGOS   ',209.0,13.762,35.174
13,21,b'2900229 ',b'Argo INDIA                                                      ',b'M Ravichandran                                                  ',14.0,b'A',2003-03-14 08:49:28.000000000,b'1',-0.728,69.532,b'1',b'ARGOS   ',229.1,13.404,35.16
13,22,b'2900229 ',b'Argo INDIA                                                      ',b'M Ravichandran                                                  ',14.0,b'A',2003-03-14 08:49:28.000000000,b'1',-0.728,69.532,b'1',b'ARGOS   ',249.3,13.231,35.161
13,23,b'2900229 ',b'Argo INDIA                                                      ',b'M Ravichandran                                                  ',14.0,b'A',2003-03-14 08:49:28.000000000,b'1',-0.728,69.532,b'1',b'ARGOS   ',299.4,12.417,35.106
13,24,b'2900229 ',b'Argo INDIA                                                      ',b'M Ravichandran                                                  ',14.0,b'A',2003-03-14 08:49:28.000000000,b'1',-0.728,69.532,b'1',b'ARGOS   ',349.1,11.617,35.057
13,25,b'2900229 ',b'Argo INDIA                                                      ',b'M Ravichandran                                                  ',14.0,b'A',2003-03-14 08:49:28.000000000,b'1',-0.728,69.532,b'1',b'ARGOS   ',399.3,10.943,35.025
13,26,b'2900229 ',b'Argo INDIA                                                      ',b'M Ravichandran                                                  ',14.0,b'A',2003-03-14 08:49:28.000000000,b'1',-0.728,69.532,b'1',b'ARGOS   ',449.3,10.562,35.003
13,27,b'2900229 ',b'Argo INDIA                                                      ',b'M Ravichandran                                                  ',14.0,b'A',2003-03-14 08:49:28.000000000,b'1',-0.728,69.532,b'1',b'ARGOS   ',499.5,10.06,34.987
13,28,b'2900229 ',b'Argo INDIA                                                      ',b'M Ravichandran                                                  ',14.0,b'A',2003-03-14 08:49:28.000000000,b'1',-0.728,69.532,b'1',b'ARGOS   ',598.8,9.514,34.987
13,29,b'2900229 ',b'Argo INDIA                                                      ',b'M Ravichandran                                                  ',14.0,b'A',2003-03-14 08:49:28.000000000,b'1',-0.728,69.532,b'1',b'ARGOS   ',699.5,8.813,35.015
13,30,b'2900229 ',b'Argo INDIA                                                      ',b'M Ravichandran                                                  ',14.0,b'A',2003-03-14 08:49:28.000000000,b'1',-0.728,69.532,b'1',b'ARGOS   ',799.3,8.089,35.004
13,31,b'2900229 ',b'Argo INDIA                                                      ',b'M Ravichandran                                                  ',14.0,b'A',2003-03-14 08:49:28.000000000,b'1',-0.728,69.532,b'1',b'ARGOS   ',899.5,7.343,34.978
13,32,b'2900229 ',b'Argo INDIA                                                      ',b'M Ravichandran                                                  ',14.0,b'A',2003-03-14 08:49:28.000000000,b'1',-0.728,69.532,b'1',b'ARGOS   ',999.5,6.561,34.952
13,33,b'2900229 ',b'Argo INDIA                                                      ',b'M Ravichandran                                                  ',14.0,b'A',2003-03-14 08:49:28.000000000,b'1',-0.728,69.532,b'1',b'ARGOS   ',1099.4,5.968,34.916
13,34,b'2900229 ',b'Argo INDIA                                                      ',b'M Ravichandran                                                  ',14.0,b'A',2003-03-14 08:49:28.000000000,b'1',-0.728,69.532,b'1',b'ARGOS   ',1198.7,5.413,34.863
13,35,b'2900229 ',b'Argo INDIA                                                      ',b'M Ravichandran                                                  ',14.0,b'A',2003-03-14 08:49:28.000000000,b'1',-0.728,69.532,b'1',b'ARGOS   ',1299.3,5.052,34.865
13,36,b'2900229 ',b'Argo INDIA                                                      ',b'M Ravichandran                                                  ',14.0,b'A',2003-03-14 08:49:28.000000000,b'1',-0.728,69.532,b'1',b'ARGOS   ',1399.3,4.711,34.854
13,37,b'2900229 ',b'Argo INDIA                                                      ',b'M Ravichandran                                                  ',14.0,b'A',2003-03-14 08:49:28.000000000,b'1',-0.728,69.532,b'1',b'ARGOS   ',1499.2,4.24,34.833
13,38,b'2900229 ',b'Argo INDIA                                                      ',b'M Ravichandran                                                  ',14.0,b'A',2003-03-14 08:49:28.000000000,b'1',-0.728,69.532,b'1',b'ARGOS   ',1599.2,3.893,34.822
13,39,b'2900229 ',b'Argo INDIA                                                      ',b'M Ravichandran                                                  ',14.0,b'A',2003-03-14 08:49:28.000000000,b'1',-0.728,69.532,b'1',b'ARGOS   ',1699.4,3.656,34.812
13,40,b'2900229 ',b'Argo INDIA                                                      ',b'M Ravichandran                                                  ',14.0,b'A',2003-03-14 08:49:28.000000000,b'1',-0.728,69.532,b'1',b'ARGOS   ',1799.1,3.508,34.808
13,41,b'2900229 ',b'Argo INDIA                                                      ',b'M Ravichandran                                                  ',14.0,b'A',2003-03-14 08:49:28.000000000,b'1',-0.728,69.532,b'1',b'ARGOS   ',1898.9,3.259,34.794
13,42,b'2900229 ',b'Argo INDIA                                                      ',b'M Ravichandran                                                  ',14.0,b'A',2003-03-14 08:49:28.000000000,b'1',-0.728,69.532,b'1',b'ARGOS   ',1999.5,3.056,34.784
13,43,b'2900229 ',b'Argo INDIA                                                      ',b'M Ravichandran                                                  ',14.0,b'A',2003-03-14 08:49:28.000000000,b'1',-0.728,69.532,b'1',b'ARGOS   ',,,
13,44,b'2900229 ',b'Argo INDIA                                                      ',b'M Ravichandran                                                  ',14.0,b'A',2003-03-14 08:49:28.000000000,b'1',-0.728,69.532,b'1',b'ARGOS   ',,,
14,0,b'2900229 ',b'Argo INDIA                                                      ',b'M Ravichandran                                                  ',15.0,b'A',2003-03-24 08:45:01.000000256,b'1',-0.438,69.45,b'1',b'ARGOS   ',16.1,30.045,34.441
14,1,b'2900229 ',b'Argo INDIA                                                      ',b'M Ravichandran                                                  ',15.0,b'A',2003-03-24 08:45:01.000000256,b'1',-0.438,69.45,b'1',b'ARGOS   ',19.6,29.932,34.513
14,2,b'2900229 ',b'Argo INDIA                                                      ',b'M Ravichandran                                                  ',15.0,b'A',2003-03-24 08:45:01.000000256,b'1',-0.438,69.45,b'1',b'ARGOS   ',24.4,29.843,34.565
14,3,b'2900229 ',b'Argo INDIA                                                      ',b'M Ravichandran                                                  ',15.0,b'A',2003-03-24 08:45:01.000000256,b'1',-0.438,69.45,b'1',b'ARGOS   ',29.6,29.813,34.662
14,4,b'2900229 ',b'Argo INDIA                                                      ',b'M Ravichandran                                                  ',15.0,b'A',2003-03-24 08:45:01.000000256,b'1',-0.438,69.45,b'1',b'ARGOS   ',34.3,29.787,34.772
14,5,b'2900229 ',b'Argo INDIA                                                      ',b'M Ravichandran                                                  ',15.0,b'A',2003-03-24 08:45:01.000000256,b'1',-0.438,69.45,b'1',b'ARGOS   ',39.4,29.681,34.841
14,6,b'2900229 ',b'Argo INDIA                                                      ',b'M Ravichandran                                                  ',15.0,b'A',2003-03-24 08:45:01.000000256,b'1',-0.438,69.45,b'1',b'ARGOS   ',44.9,29.545,34.905
14,7,b'2900229 ',b'Argo INDIA                                                      ',b'M Ravichandran                                                  ',15.0,b'A',2003-03-24 08:45:01.000000256,b'1',-0.438,69.45,b'1',b'ARGOS   ',49.5,28.544,35.065
14,8,b'2900229 ',b'Argo INDIA                                                      ',b'M Ravichandran                                                  ',15.0,b'A',2003-03-24 08:45:01.000000256,b'1',-0.438,69.45,b'1',b'ARGOS   ',59.5,24.221,35.381
14,9,b'2900229 ',b'Argo INDIA                                                      ',b'M Ravichandran                                                  ',15.0,b'A',2003-03-24 08:45:01.000000256,b'1',-0.438,69.45,b'1',b'ARGOS   ',69.4,23.632,35.417
14,10,b'2900229 ',b'Argo INDIA                                                      ',b'M Ravichandran                                                  ',15.0,b'A',2003-03-24 08:45:01.000000256,b'1',-0.438,69.45,b'1',b'ARGOS   ',79.6,23.273,35.436
14,11,b'2900229 ',b'Argo INDIA                                                      ',b'M Ravichandran                                                  ',15.0,b'A',2003-03-24 08:45:01.000000256,b'1',-0.438,69.45,b'1',b'ARGOS   ',89.4,21.671,35.336
14,12,b'2900229 ',b'Argo INDIA                                                      ',b'M Ravichandran                                                  ',15.0,b'A',2003-03-24 08:45:01.000000256,b'1',-0.438,69.45,b'1',b'ARGOS   ',99.6,21.406,35.327
14,13,b'2900229 ',b'Argo INDIA                                                      ',b'M Ravichandran                                                  ',15.0,b'A',2003-03-24 08:45:01.000000256,b'1',-0.438,69.45,b'1',b'ARGOS   ',109.5,20.546,35.319
14,14,b'2900229 ',b'Argo INDIA                                                      ',b'M Ravichandran                                                  ',15.0,b'A',2003-03-24 08:45:01.000000256,b'1',-0.438,69.45,b'1',b'ARGOS   ',119.4,19.592,35.315
14,15,b'2900229 ',b'Argo INDIA                                                      ',b'M Ravichandran                                                  ',15.0,b'A',2003-03-24 08:45:01.000000256,b'1',-0.438,69.45,b'1',b'ARGOS   ',129.0,18.861,35.309
14,16,b'2900229 ',b'Argo INDIA                                                      ',b'M Ravichandran                                                  ',15.0,b'A',2003-03-24 08:45:01.000000256,b'1',-0.438,69.45,b'1',b'ARGOS   ',139.5,18.692,35.302
14,17,b'2900229 ',b'Argo INDIA                                                      ',b'M Ravichandran                                                  ',15.0,b'A',2003-03-24 08:45:01.000000256,b'1',-0.438,69.45,b'1',b'ARGOS   ',149.6,17.772,35.27
14,18,b'2900229 ',b'Argo INDIA                                                      ',b'M Ravichandran                                                  ',15.0,b'A',2003-03-24 08:45:01.000000256,b'1',-0.438,69.45,b'1',b'ARGOS   ',169.6,15.142,35.221
14,19,b'2900229 ',b'Argo INDIA                                                      ',b'M Ravichandran                                                  ',15.0,b'A',2003-03-24 08:45:01.000000256,b'1',-0.438,69.45,b'1',b'ARGOS   ',189.6,14.585,35.189
14,20,b'2900229 ',b'Argo INDIA                                                      ',b'M Ravichandran                                                  ',15.0,b'A',2003-03-24 08:45:01.000000256,b'1',-0.438,69.45,b'1',b'ARGOS   ',209.1,13.523,35.166
14,21,b'2900229 ',b'Argo INDIA                                                      ',b'M Ravichandran                                                  ',15.0,b'A',2003-03-24 08:45:01.000000256,b'1',-0.438,69.45,b'1',b'ARGOS   ',229.3,12.95,35.14
14,22,b'2900229 ',b'Argo INDIA                                                      ',b'M Ravichandran                                                  ',15.0,b'A',2003-03-24 08:45:01.000000256,b'1',-0.438,69.45,b'1',b'ARGOS   ',249.2,12.814,35.133
14,23,b'2900229 ',b'Argo INDIA                                                      ',b'M Ravichandran                                                  ',15.0,b'A',2003-03-24 08:45:01.000000256,b'1',-0.438,69.45,b'1',b'ARGOS   ',299.3,12.265,35.101
14,24,b'2900229 ',b'Argo INDIA                                                      ',b'M Ravichandran                                                  ',15.0,b'A',2003-03-24 08:45:01.000000256,b'1',-0.438,69.45,b'1',b'ARGOS   ',349.3,11.361,35.036
14,25,b'2900229 ',b'Argo INDIA                                                      ',b'M Ravichandran                                                  ',15.0,b'A',2003-03-24 08:45:01.000000256,b'1',-0.438,69.45,b'1',b'ARGOS   ',398.9,10.777,35.009
14,26,b'2900229 ',b'Argo INDIA                                                      ',b'M Ravichandran                                                  ',15.0,b'A',2003-03-24 08:45:01.000000256,b'1',-0.438,69.45,b'1',b'ARGOS   ',449.4,10.448,34.991
14,27,b'2900229 ',b'Argo INDIA                                                      ',b'M Ravichandran                                                  ',15.0,b'A',2003-03-24 08:45:01.000000256,b'1',-0.438,69.45,b'1',b'ARGOS   ',499.3,10.03,34.987
14,28,b'2900229 ',b'Argo INDIA                                                      ',b'M Ravichandran                                                  ',15.0,b'A',2003-03-24 08:45:01.000000256,b'1',-0.438,69.45,b'1',b'ARGOS   ',599.0,9.517,34.994
14,29,b'2900229 ',b'Argo INDIA                                                      ',b'M Ravichandran                                                  ',15.0,b'A',2003-03-24 08:45:01.000000256,b'1',-0.438,69.45,b'1',b'ARGOS   ',699.5,8.986,35.039
14,30,b'2900229 ',b'Argo INDIA                                                      ',b'M Ravichandran                                                  ',15.0,b'A',2003-03-24 08:45:01.000000256,b'1',-0.438,69.45,b'1',b'ARGOS   ',798.9,8.529,35.023
14,31,b'2900229 ',b'Argo INDIA                                                      ',b'M Ravichandran                                                  ',15.0,b'A',2003-03-24 08:45:01.000000256,b'1',-0.438,69.45,b'1',b'ARGOS   ',899.2,7.602,34.993
14,32,b'2900229 ',b'Argo INDIA                                                      ',b'M Ravichandran                                                  ',15.0,b'A',2003-03-24 08:45:01.000000256,b'1',-0.438,69.45,b'1',b'ARGOS   ',998.9,7.074,34.969
14,33,b'2900229 ',b'Argo INDIA                                                      ',b'M Ravichandran                                                  ',15.0,b'A',2003-03-24 08:45:01.000000256,b'1',-0.438,69.45,b'1',b'ARGOS   ',1099.3,6.424,34.95
14,34,b'2900229 ',b'Argo INDIA                                                      ',b'M Ravichandran                                                  ',15.0,b'A',2003-03-24 08:45:01.000000256,b'1',-0.438,69.45,b'1',b'ARGOS   ',1199.1,5.831,34.904
14,35,b'2900229 ',b'Argo INDIA                                                      ',b'M Ravichandran                                                  ',15.0,b'A',2003-03-24 08:45:01.000000256,b'1',-0.438,69.45,b'1',b'ARGOS   ',1299.5,5.21,34.87
14,36,b'2900229 ',b'Argo INDIA                                                      ',b'M Ravichandran                                                  ',15.0,b'A',2003-03-24 08:45:01.000000256,b'1',-0.438,69.45,b'1',b'ARGOS   ',1399.3,4.87,34.871
14,37,b'2900229 ',b'Argo INDIA                                                      ',b'M Ravichandran                                                  ',15.0,b'A',2003-03-24 08:45:01.000000256,b'1',-0.438,69.45,b'1',b'ARGOS   ',1499.4,4.493,34.85
14,38,b'2900229 ',b'Argo INDIA                                                      ',b'M Ravichandran                                                  ',15.0,b'A',2003-03-24 08:45:01.000000256,b'1',-0.438,69.45,b'1',b'ARGOS   ',1599.0,4.013,34.824
14,39,b'2900229 ',b'Argo INDIA                                                      ',b'M Ravichandran                                                  ',15.0,b'A',2003-03-24 08:45:01.000000256,b'1',-0.438,69.45,b'1',b'ARGOS   ',1699.5,3.895,34.824
14,40,b'2900229 ',b'Argo INDIA                                                      ',b'M Ravichandran                                                  ',15.0,b'A',2003-03-24 08:45:01.000000256,b'1',-0.438,69.45,b'1',b'ARGOS   ',1799.0,3.59,34.801
14,41,b'2900229 ',b'Argo INDIA                                                      ',b'M Ravichandran                                                  ',15.0,b'A',2003-03-24 08:45:01.000000256,b'1',-0.438,69.45,b'1',b'ARGOS   ',1899.3,3.206,34.789
14,42,b'2900229 ',b'Argo INDIA                                                      ',b'M Ravichandran                                                  ',15.0,b'A',2003-03-24 08:45:01.000000256,b'1',-0.438,69.45,b'1',b'ARGOS   ',1998.7,2.972,34.78
14,43,b'2900229 ',b'Argo INDIA                                                      ',b'M Ravichandran                                                  ',15.0,b'A',2003-03-24 08:45:01.000000256,b'1',-0.438,69.45,b'1',b'ARGOS   ',,,
14,44,b'2900229 ',b'Argo INDIA                                                      ',b'M Ravichandran                                                  ',15.0,b'A',2003-03-24 08:45:01.000000256,b'1',-0.438,69.45,b'1',b'ARGOS   ',,,
15,0,b'2900229 ',b'Argo INDIA                                                      ',b'M Ravichandran                                                  ',16.0,b'A',2003-04-03 08:39:59.999999744,b'1',-0.399,68.965,b'1',b'ARGOS   ',16.5,30.17,34.393
15,1,b'2900229 ',b'Argo INDIA                                                      ',b'M Ravichandran                                                  ',16.0,b'A',2003-04-03 08:39:59.999999744,b'1',-0.399,68.965,b'1',b'ARGOS   ',19.6,30.06,34.39
15,2,b'2900229 ',b'Argo INDIA                                                      ',b'M Ravichandran                                                  ',16.0,b'A',2003-04-03 08:39:59.999999744,b'1',-0.399,68.965,b'1',b'ARGOS   ',24.6,30.022,34.396
15,3,b'2900229 ',b'Argo INDIA                                                      ',b'M Ravichandran                                                  ',16.0,b'A',2003-04-03 08:39:59.999999744,b'1',-0.399,68.965,b'1',b'ARGOS   ',29.4,29.558,34.619
15,4,b'2900229 ',b'Argo INDIA                                                      ',b'M Ravichandran                                                  ',16.0,b'A',2003-04-03 08:39:59.999999744,b'1',-0.399,68.965,b'1',b'ARGOS   ',34.7,29.277,34.734
15,5,b'2900229 ',b'Argo INDIA                                                      ',b'M Ravichandran                                                  ',16.0,b'A',2003-04-03 08:39:59.999999744,b'1',-0.399,68.965,b'1',b'ARGOS   ',39.7,29.23,34.75
15,6,b'2900229 ',b'Argo INDIA                                                      ',b'M Ravichandran                                                  ',16.0,b'A',2003-04-03 08:39:59.999999744,b'1',-0.399,68.965,b'1',b'ARGOS   ',44.7,29.146,34.773
15,7,b'2900229 ',b'Argo INDIA                                                      ',b'M Ravichandran                                                  ',16.0,b'A',2003-04-03 08:39:59.999999744,b'1',-0.399,68.965,b'1',b'ARGOS   ',49.5,27.18,35.222
15,8,b'2900229 ',b'Argo INDIA                                                      ',b'M Ravichandran                                                  ',16.0,b'A',2003-04-03 08:39:59.999999744,b'1',-0.399,68.965,b'1',b'ARGOS   ',59.3,25.899,35.34
15,9,b'2900229 ',b'Argo INDIA                                                      ',b'M Ravichandran                                                  ',16.0,b'A',2003-04-03 08:39:59.999999744,b'1',-0.399,68.965,b'1',b'ARGOS   ',69.5,25.377,35.435
15,10,b'2900229 ',b'Argo INDIA                                                      ',b'M Ravichandran                                                  ',16.0,b'A',2003-04-03 08:39:59.999999744,b'1',-0.399,68.965,b'1',b'ARGOS   ',79.4,24.7,35.516
15,11,b'2900229 ',b'Argo INDIA                                                      ',b'M Ravichandran                                                  ',16.0,b'A',2003-04-03 08:39:59.999999744,b'1',-0.399,68.965,b'1',b'ARGOS   ',89.1,24.376,35.569
15,12,b'2900229 ',b'Argo INDIA                                                      ',b'M Ravichandran                                                  ',16.0,b'A',2003-04-03 08:39:59.999999744,b'1',-0.399,68.965,b'1',b'ARGOS   ',99.2,23.726,35.567
15,13,b'2900229 ',b'Argo INDIA                                                      ',b'M Ravichandran                                                  ',16.0,b'A',2003-04-03 08:39:59.999999744,b'1',-0.399,68.965,b'1',b'ARGOS   ',109.6,22.058,35.496
15,14,b'2900229 ',b'Argo INDIA                                                      ',b'M Ravichandran                                                  ',16.0,b'A',2003-04-03 08:39:59.999999744,b'1',-0.399,68.965,b'1',b'ARGOS   ',119.8,19.902,35.402
15,15,b'2900229 ',b'Argo INDIA                                                      ',b'M Ravichandran                                                  ',16.0,b'A',2003-04-03 08:39:59.999999744,b'1',-0.399,68.965,b'1',b'ARGOS   ',129.5,19.399,35.361
15,16,b'2900229 ',b'Argo INDIA                                                      ',b'M Ravichandran                                                  ',16.0,b'A',2003-04-03 08:39:59.999999744,b'1',-0.399,68.965,b'1',b'ARGOS   ',139.1,18.396,35.302
15,17,b'2900229 ',b'Argo INDIA                                                      ',b'M Ravichandran                                                  ',16.0,b'A',2003-04-03 08:39:59.999999744,b'1',-0.399,68.965,b'1',b'ARGOS   ',149.1,18.035,35.295
15,18,b'2900229 ',b'Argo INDIA                                                      ',b'M Ravichandran                                                  ',16.0,b'A',2003-04-03 08:39:59.999999744,b'1',-0.399,68.965,b'1',b'ARGOS   ',169.0,16.638,35.273
15,19,b'2900229 ',b'Argo INDIA                                                      ',b'M Ravichandran                                                  ',16.0,b'A',2003-04-03 08:39:59.999999744,b'1',-0.399,68.965,b'1',b'ARGOS   ',189.4,15.205,35.223
15,20,b'2900229 ',b'Argo INDIA                                                      ',b'M Ravichandran                                                  ',16.0,b'A',2003-04-03 08:39:59.999999744,b'1',-0.399,68.965,b'1',b'ARGOS   ',209.3,14.429,35.187
15,21,b'2900229 ',b'Argo INDIA                                                      ',b'M Ravichandran                                                  ',16.0,b'A',2003-04-03 08:39:59.999999744,b'1',-0.399,68.965,b'1',b'ARGOS   ',229.2,13.845,35.172
15,22,b'2900229 ',b'Argo INDIA                                                      ',b'M Ravichandran                                                  ',16.0,b'A',2003-04-03 08:39:59.999999744,b'1',-0.399,68.965,b'1',b'ARGOS   ',249.2,13.328,35.141
15,23,b'2900229 ',b'Argo INDIA                                                      ',b'M Ravichandran                                                  ',16.0,b'A',2003-04-03 08:39:59.999999744,b'1',-0.399,68.965,b'1',b'ARGOS   ',299.4,12.525,35.113
15,24,b'2900229 ',b'Argo INDIA                                                      ',b'M Ravichandran                                                  ',16.0,b'A',2003-04-03 08:39:59.999999744,b'1',-0.399,68.965,b'1',b'ARGOS   ',349.2,11.887,35.071
15,25,b'2900229 ',b'Argo INDIA                                                      ',b'M Ravichandran                                                  ',16.0,b'A',2003-04-03 08:39:59.999999744,b'1',-0.399,68.965,b'1',b'ARGOS   ',398.9,11.05,35.016
15,26,b'2900229 ',b'Argo INDIA                                                      ',b'M Ravichandran                                                  ',16.0,b'A',2003-04-03 08:39:59.999999744,b'1',-0.399,68.965,b'1',b'ARGOS   ',449.0,10.351,34.976
15,27,b'2900229 ',b'Argo INDIA                                                      ',b'M Ravichandran                                                  ',16.0,b'A',2003-04-03 08:39:59.999999744,b'1',-0.399,68.965,b'1',b'ARGOS   ',499.5,10.001,34.986
15,28,b'2900229 ',b'Argo INDIA                                                      ',b'M Ravichandran                                                  ',16.0,b'A',2003-04-03 08:39:59.999999744,b'1',-0.399,68.965,b'1',b'ARGOS   ',599.3,9.503,35.017
15,29,b'2900229 ',b'Argo INDIA                                                      ',b'M Ravichandran                                                  ',16.0,b'A',2003-04-03 08:39:59.999999744,b'1',-0.399,68.965,b'1',b'ARGOS   ',699.2,9.093,35.051
15,30,b'2900229 ',b'Argo INDIA                                                      ',b'M Ravichandran                                                  ',16.0,b'A',2003-04-03 08:39:59.999999744,b'1',-0.399,68.965,b'1',b'ARGOS   ',799.5,8.429,35.015
15,31,b'2900229 ',b'Argo INDIA                                                      ',b'M Ravichandran                                                  ',16.0,b'A',2003-04-03 08:39:59.999999744,b'1',-0.399,68.965,b'1',b'ARGOS   ',899.1,7.536,34.982
15,32,b'2900229 ',b'Argo INDIA                                                      ',b'M Ravichandran                                                  ',16.0,b'A',2003-04-03 08:39:59.999999744,b'1',-0.399,68.965,b'1',b'ARGOS   ',999.3,6.999,34.963
15,33,b'2900229 ',b'Argo INDIA                                                      ',b'M Ravichandran                                                  ',16.0,b'A',2003-04-03 08:39:59.999999744,b'1',-0.399,68.965,b'1',b'ARGOS   ',1099.4,6.473,34.954
15,34,b'2900229 ',b'Argo INDIA                                                      ',b'M Ravichandran                                                  ',16.0,b'A',2003-04-03 08:39:59.999999744,b'1',-0.399,68.965,b'1',b'ARGOS   ',1199.3,5.758,34.903
15,35,b'2900229 ',b'Argo INDIA                                                      ',b'M Ravichandran                                                  ',16.0,b'A',2003-04-03 08:39:59.999999744,b'1',-0.399,68.965,b'1',b'ARGOS   ',1299.4,5.352,34.885
15,36,b'2900229 ',b'Argo INDIA                                                      ',b'M Ravichandran                                                  ',16.0,b'A',2003-04-03 08:39:59.999999744,b'1',-0.399,68.965,b'1',b'ARGOS   ',1399.1,4.846,34.866
15,37,b'2900229 ',b'Argo INDIA                                                      ',b'M Ravichandran                                                  ',16.0,b'A',2003-04-03 08:39:59.999999744,b'1',-0.399,68.965,b'1',b'ARGOS   ',1499.6,4.47,34.856
15,38,b'2900229 ',b'Argo INDIA                                                      ',b'M Ravichandran                                                  ',16.0,b'A',2003-04-03 08:39:59.999999744,b'1',-0.399,68.965,b'1',b'ARGOS   ',1598.9,4.093,34.833
15,39,b'2900229 ',b'Argo INDIA                                                      ',b'M Ravichandran                                                  ',16.0,b'A',2003-04-03 08:39:59.999999744,b'1',-0.399,68.965,b'1',b'ARGOS   ',1699.5,3.741,34.816
15,40,b'2900229 ',b'Argo INDIA                                                      ',b'M Ravichandran                                                  ',16.0,b'A',2003-04-03 08:39:59.999999744,b'1',-0.399,68.965,b'1',b'ARGOS   ',1799.5,3.296,34.795
15,41,b'2900229 ',b'Argo INDIA                                                      ',b'M Ravichandran                                                  ',16.0,b'A',2003-04-03 08:39:59.999999744,b'1',-0.399,68.965,b'1',b'ARGOS   ',1898.9,3.097,34.786
15,42,b'2900229 ',b'Argo INDIA                                                      ',b'M Ravichandran                                                  ',16.0,b'A',2003-04-03 08:39:59.999999744,b'1',-0.399,68.965,b'1',b'ARGOS   ',,,
15,43,b'2900229 ',b'Argo INDIA                                                      ',b'M Ravichandran                                                  ',16.0,b'A',2003-04-03 08:39:59.999999744,b'1',-0.399,68.965,b'1',b'ARGOS   ',,,
15,44,b'2900229 ',b'Argo INDIA                                                      ',b'M Ravichandran                                                  ',16.0,b'A',2003-04-03 08:39:59.999999744,b'1',-0.399,68.965,b'1',b'ARGOS   ',,,
16,0,b'2900229 ',b'Argo INDIA                                                      ',b'M Ravichandran                                                  ',17.0,b'A',2003-04-13 08:40:34.999999744,b'1',-0.376,68.595,b'1',b'ARGOS   ',16.6,30.332,34.52
16,1,b'2900229 ',b'Argo INDIA                                                      ',b'M Ravichandran                                                  ',17.0,b'A',2003-04-13 08:40:34.999999744,b'1',-0.376,68.595,b'1',b'ARGOS   ',19.6,30.281,34.518
16,2,b'2900229 ',b'Argo INDIA                                                      ',b'M Ravichandran                                                  ',17.0,b'A',2003-04-13 08:40:34.999999744,b'1',-0.376,68.595,b'1',b'ARGOS   ',24.6,30.25,34.529
16,3,b'2900229 ',b'Argo INDIA                                                      ',b'M Ravichandran                                                  ',17.0,b'A',2003-04-13 08:40:34.999999744,b'1',-0.376,68.595,b'1',b'ARGOS   ',29.5,30.217,34.568
16,4,b'2900229 ',b'Argo INDIA                                                      ',b'M Ravichandran                                                  ',17.0,b'A',2003-04-13 08:40:34.999999744,b'1',-0.376,68.595,b'1',b'ARGOS   ',34.8,30.06,34.633
16,5,b'2900229 ',b'Argo INDIA                                                      ',b'M Ravichandran                                                  ',17.0,b'A',2003-04-13 08:40:34.999999744,b'1',-0.376,68.595,b'1',b'ARGOS   ',39.6,27.397,35.245
16,6,b'2900229 ',b'Argo INDIA                                                      ',b'M Ravichandran                                                  ',17.0,b'A',2003-04-13 08:40:34.999999744,b'1',-0.376,68.595,b'1',b'ARGOS   ',44.2,27.015,35.336
16,7,b'2900229 ',b'Argo INDIA                                                      ',b'M Ravichandran                                                  ',17.0,b'A',2003-04-13 08:40:34.999999744,b'1',-0.376,68.595,b'1',b'ARGOS   ',49.0,26.633,35.424
16,8,b'2900229 ',b'Argo INDIA                                                      ',b'M Ravichandran                                                  ',17.0,b'A',2003-04-13 08:40:34.999999744,b'1',-0.376,68.595,b'1',b'ARGOS   ',58.9,26.209,35.526
16,9,b'2900229 ',b'Argo INDIA                                                      ',b'M Ravichandran                                                  ',17.0,b'A',2003-04-13 08:40:34.999999744,b'1',-0.376,68.595,b'1',b'ARGOS   ',69.3,26.088,35.555
16,10,b'2900229 ',b'Argo INDIA                                                      ',b'M Ravichandran                                                  ',17.0,b'A',2003-04-13 08:40:34.999999744,b'1',-0.376,68.595,b'1',b'ARGOS   ',79.4,25.806,35.567
16,11,b'2900229 ',b'Argo INDIA                                                      ',b'M Ravichandran                                                  ',17.0,b'A',2003-04-13 08:40:34.999999744,b'1',-0.376,68.595,b'1',b'ARGOS   ',89.5,25.131,35.584
16,12,b'2900229 ',b'Argo INDIA                                                      ',b'M Ravichandran                                                  ',17.0,b'A',2003-04-13 08:40:34.999999744,b'1',-0.376,68.595,b'1',b'ARGOS   ',99.4,24.834,35.585
16,13,b'2900229 ',b'Argo INDIA                                                      ',b'M Ravichandran                                                  ',17.0,b'A',2003-04-13 08:40:34.999999744,b'1',-0.376,68.595,b'1',b'ARGOS   ',109.5,24.768,35.61
16,14,b'2900229 ',b'Argo INDIA                                                      ',b'M Ravichandran                                                  ',17.0,b'A',2003-04-13 08:40:34.999999744,b'1',-0.376,68.595,b'1',b'ARGOS   ',119.4,23.243,35.535
16,15,b'2900229 ',b'Argo INDIA                                                      ',b'M Ravichandran                                                  ',17.0,b'A',2003-04-13 08:40:34.999999744,b'1',-0.376,68.595,b'1',b'ARGOS   ',129.5,21.408,35.481
16,16,b'2900229 ',b'Argo INDIA                                                      ',b'M Ravichandran                                                  ',17.0,b'A',2003-04-13 08:40:34.999999744,b'1',-0.376,68.595,b'1',b'ARGOS   ',139.6,20.523,35.38
16,17,b'2900229 ',b'Argo INDIA                                                      ',b'M Ravichandran                                                  ',17.0,b'A',2003-04-13 08:40:34.999999744,b'1',-0.376,68.595,b'1',b'ARGOS   ',148.9,19.973,35.326
16,18,b'2900229 ',b'Argo INDIA                                                      ',b'M Ravichandran                                                  ',17.0,b'A',2003-04-13 08:40:34.999999744,b'1',-0.376,68.595,b'1',b'ARGOS   ',169.3,18.263,35.302
16,19,b'2900229 ',b'Argo INDIA                                                      ',b'M Ravichandran                                                  ',17.0,b'A',2003-04-13 08:40:34.999999744,b'1',-0.376,68.595,b'1',b'ARGOS   ',189.6,15.51,35.234
16,20,b'2900229 ',b'Argo INDIA                                                      ',b'M Ravichandran                                                  ',17.0,b'A',2003-04-13 08:40:34.999999744,b'1',-0.376,68.595,b'1',b'ARGOS   ',209.3,14.609,35.198
16,21,b'2900229 ',b'Argo INDIA                                                      ',b'M Ravichandran                                                  ',17.0,b'A',2003-04-13 08:40:34.999999744,b'1',-0.376,68.595,b'1',b'ARGOS   ',229.0,12.99,35.131
16,22,b'2900229 ',b'Argo INDIA                                                      ',b'M Ravichandran                                                  ',17.0,b'A',2003-04-13 08:40:34.999999744,b'1',-0.376,68.595,b'1',b'ARGOS   ',249.0,12.569,35.112
16,23,b'2900229 ',b'Argo INDIA                                                      ',b'M Ravichandran                                                  ',17.0,b'A',2003-04-13 08:40:34.999999744,b'1',-0.376,68.595,b'1',b'ARGOS   ',299.0,12.368,35.105
16,24,b'2900229 ',b'Argo INDIA                                                      ',b'M Ravichandran                                                  ',17.0,b'A',2003-04-13 08:40:34.999999744,b'1',-0.376,68.595,b'1',b'ARGOS   ',349.5,12.027,35.079
16,25,b'2900229 ',b'Argo INDIA                                                      ',b'M Ravichandran                                                  ',17.0,b'A',2003-04-13 08:40:34.999999744,b'1',-0.376,68.595,b'1',b'ARGOS   ',399.3,11.388,35.048
16,26,b'2900229 ',b'Argo INDIA                                                      ',b'M Ravichandran                                                  ',17.0,b'A',2003-04-13 08:40:34.999999744,b'1',-0.376,68.595,b'1',b'ARGOS   ',449.3,11.088,35.035
16,27,b'2900229 ',b'Argo INDIA                                                      ',b'M Ravichandran                                                  ',17.0,b'A',2003-04-13 08:40:34.999999744,b'1',-0.376,68.595,b'1',b'ARGOS   ',499.4,10.555,35.003
16,28,b'2900229 ',b'Argo INDIA                                                      ',b'M Ravichandran                                                  ',17.0,b'A',2003-04-13 08:40:34.999999744,b'1',-0.376,68.595,b'1',b'ARGOS   ',599.1,9.731,35.03
16,29,b'2900229 ',b'Argo INDIA                                                      ',b'M Ravichandran                                                  ',17.0,b'A',2003-04-13 08:40:34.999999744,b'1',-0.376,68.595,b'1',b'ARGOS   ',699.2,9.072,35.026
16,30,b'2900229 ',b'Argo INDIA                                                      ',b'M Ravichandran                                                  ',17.0,b'A',2003-04-13 08:40:34.999999744,b'1',-0.376,68.595,b'1',b'ARGOS   ',799.6,8.122,35.038
16,31,b'2900229 ',b'Argo INDIA                                                      ',b'M Ravichandran                                                  ',17.0,b'A',2003-04-13 08:40:34.999999744,b'1',-0.376,68.595,b'1',b'ARGOS   ',899.1,7.45,34.978
16,32,b'2900229 ',b'Argo INDIA                                                      ',b'M Ravichandran                                                  ',17.0,b'A',2003-04-13 08:40:34.999999744,b'1',-0.376,68.595,b'1',b'ARGOS   ',999.4,6.796,34.954
16,33,b'2900229 ',b'Argo INDIA                                                      ',b'M Ravichandran                                                  ',17.0,b'A',2003-04-13 08:40:34.999999744,b'1',-0.376,68.595,b'1',b'ARGOS   ',1099.2,6.281,34.946
16,34,b'2900229 ',b'Argo INDIA                                                      ',b'M Ravichandran                                                  ',17.0,b'A',2003-04-13 08:40:34.999999744,b'1',-0.376,68.595,b'1',b'ARGOS   ',1199.2,5.553,34.888
16,35,b'2900229 ',b'Argo INDIA                                                      ',b'M Ravichandran                                                  ',17.0,b'A',2003-04-13 08:40:34.999999744,b'1',-0.376,68.595,b'1',b'ARGOS   ',1299.0,5.28,34.878
16,36,b'2900229 ',b'Argo INDIA                                                      ',b'M Ravichandran                                                  ',17.0,b'A',2003-04-13 08:40:34.999999744,b'1',-0.376,68.595,b'1',b'ARGOS   ',1399.1,4.743,34.864
16,37,b'2900229 ',b'Argo INDIA                                                      ',b'M Ravichandran                                                  ',17.0,b'A',2003-04-13 08:40:34.999999744,b'1',-0.376,68.595,b'1',b'ARGOS   ',1499.0,4.455,34.85
16,38,b'2900229 ',b'Argo INDIA                                                      ',b'M Ravichandran                                                  ',17.0,b'A',2003-04-13 08:40:34.999999744,b'1',-0.376,68.595,b'1',b'ARGOS   ',1599.2,4.075,34.831
16,39,b'2900229 ',b'Argo INDIA                                                      ',b'M Ravichandran                                                  ',17.0,b'A',2003-04-13 08:40:34.999999744,b'1',-0.376,68.595,b'1',b'ARGOS   ',1699.2,3.838,34.819
16,40,b'2900229 ',b'Argo INDIA                                                      ',b'M Ravichandran                                                  ',17.0,b'A',2003-04-13 08:40:34.999999744,b'1',-0.376,68.595,b'1',b'ARGOS   ',1799.4,3.343,34.798
16,41,b'2900229 ',b'Argo INDIA                                                      ',b'M Ravichandran                                                  ',17.0,b'A',2003-04-13 08:40:34.999999744,b'1',-0.376,68.595,b'1',b'ARGOS   ',1899.0,2.942,34.782
16,42,b'2900229 ',b'Argo INDIA                                                      ',b'M Ravichandran                                                  ',17.0,b'A',2003-04-13 08:40:34.999999744,b'1',-0.376,68.595,b'1',b'ARGOS   ',1999.1,2.84,34.779
16,43,b'2900229 ',b'Argo INDIA                                                      ',b'M Ravichandran                                                  ',17.0,b'A',2003-04-13 08:40:34.999999744,b'1',-0.376,68.595,b'1',b'ARGOS   ',,,
16,44,b'2900229 ',b'Argo INDIA                                                      ',b'M Ravichandran                                                  ',17.0,b'A',2003-04-13 08:40:34.999999744,b'1',-0.376,68.595,b'1',b'ARGOS   ',,,
17,0,b'2900229 ',b'Argo INDIA                                                      ',b'M Ravichandran                                                  ',18.0,b'A',2003-04-23 08:34:32.000000000,b'1',-0.576,68.251,b'1',b'ARGOS   ',16.9,30.395,34.634
17,1,b'2900229 ',b'Argo INDIA                                                      ',b'M Ravichandran                                                  ',18.0,b'A',2003-04-23 08:34:32.000000000,b'1',-0.576,68.251,b'1',b'ARGOS   ',19.5,30.367,34.638
17,2,b'2900229 ',b'Argo INDIA                                                      ',b'M Ravichandran                                                  ',18.0,b'A',2003-04-23 08:34:32.000000000,b'1',-0.576,68.251,b'1',b'ARGOS   ',24.6,30.354,34.658
17,3,b'2900229 ',b'Argo INDIA                                                      ',b'M Ravichandran                                                  ',18.0,b'A',2003-04-23 08:34:32.000000000,b'1',-0.576,68.251,b'1',b'ARGOS   ',29.5,30.346,34.716
17,4,b'2900229 ',b'Argo INDIA                                                      ',b'M Ravichandran                                                  ',18.0,b'A',2003-04-23 08:34:32.000000000,b'1',-0.576,68.251,b'1',b'ARGOS   ',34.5,28.702,35.13
17,5,b'2900229 ',b'Argo INDIA                                                      ',b'M Ravichandran                                                  ',18.0,b'A',2003-04-23 08:34:32.000000000,b'1',-0.576,68.251,b'1',b'ARGOS   ',39.2,28.299,35.273
17,6,b'2900229 ',b'Argo INDIA                                                      ',b'M Ravichandran                                                  ',18.0,b'A',2003-04-23 08:34:32.000000000,b'1',-0.576,68.251,b'1',b'ARGOS   ',44.1,28.069,35.349
17,7,b'2900229 ',b'Argo INDIA                                                      ',b'M Ravichandran                                                  ',18.0,b'A',2003-04-23 08:34:32.000000000,b'1',-0.576,68.251,b'1',b'ARGOS   ',49.4,28.018,35.378
17,8,b'2900229 ',b'Argo INDIA                                                      ',b'M Ravichandran                                                  ',18.0,b'A',2003-04-23 08:34:32.000000000,b'1',-0.576,68.251,b'1',b'ARGOS   ',59.6,27.942,35.444
17,9,b'2900229 ',b'Argo INDIA                                                      ',b'M Ravichandran                                                  ',18.0,b'A',2003-04-23 08:34:32.000000000,b'1',-0.576,68.251,b'1',b'ARGOS   ',69.5,27.708,35.485
17,10,b'2900229 ',b'Argo INDIA                                                      ',b'M Ravichandran                                                  ',18.0,b'A',2003-04-23 08:34:32.000000000,b'1',-0.576,68.251,b'1',b'ARGOS   ',79.7,26.794,35.515
17,11,b'2900229 ',b'Argo INDIA                                                      ',b'M Ravichandran                                                  ',18.0,b'A',2003-04-23 08:34:32.000000000,b'1',-0.576,68.251,b'1',b'ARGOS   ',89.3,25.704,35.484
17,12,b'2900229 ',b'Argo INDIA                                                      ',b'M Ravichandran                                                  ',18.0,b'A',2003-04-23 08:34:32.000000000,b'1',-0.576,68.251,b'1',b'ARGOS   ',99.6,24.158,35.433
17,13,b'2900229 ',b'Argo INDIA                                                      ',b'M Ravichandran                                                  ',18.0,b'A',2003-04-23 08:34:32.000000000,b'1',-0.576,68.251,b'1',b'ARGOS   ',109.4,22.728,35.435
17,14,b'2900229 ',b'Argo INDIA                                                      ',b'M Ravichandran                                                  ',18.0,b'A',2003-04-23 08:34:32.000000000,b'1',-0.576,68.251,b'1',b'ARGOS   ',119.3,21.333,35.435
17,15,b'2900229 ',b'Argo INDIA                                                      ',b'M Ravichandran                                                  ',18.0,b'A',2003-04-23 08:34:32.000000000,b'1',-0.576,68.251,b'1',b'ARGOS   ',129.4,19.874,35.367
17,16,b'2900229 ',b'Argo INDIA                                                      ',b'M Ravichandran                                                  ',18.0,b'A',2003-04-23 08:34:32.000000000,b'1',-0.576,68.251,b'1',b'ARGOS   ',139.6,18.873,35.328
17,17,b'2900229 ',b'Argo INDIA                                                      ',b'M Ravichandran                                                  ',18.0,b'A',2003-04-23 08:34:32.000000000,b'1',-0.576,68.251,b'1',b'ARGOS   ',149.4,17.973,35.288
17,18,b'2900229 ',b'Argo INDIA                                                      ',b'M Ravichandran                                                  ',18.0,b'A',2003-04-23 08:34:32.000000000,b'1',-0.576,68.251,b'1',b'ARGOS   ',169.4,16.4,35.264
17,19,b'2900229 ',b'Argo INDIA                                                      ',b'M Ravichandran                                                  ',18.0,b'A',2003-04-23 08:34:32.000000000,b'1',-0.576,68.251,b'1',b'ARGOS   ',189.6,15.263,35.229
17,20,b'2900229 ',b'Argo INDIA                                                      ',b'M Ravichandran                                                  ',18.0,b'A',2003-04-23 08:34:32.000000000,b'1',-0.576,68.251,b'1',b'ARGOS   ',209.3,14.45,35.199
17,21,b'2900229 ',b'Argo INDIA                                                      ',b'M Ravichandran                                                  ',18.0,b'A',2003-04-23 08:34:32.000000000,b'1',-0.576,68.251,b'1',b'ARGOS   ',229.5,13.252,35.141
17,22,b'2900229 ',b'Argo INDIA                                                      ',b'M Ravichandran                                                  ',18.0,b'A',2003-04-23 08:34:32.000000000,b'1',-0.576,68.251,b'1',b'ARGOS   ',248.9,12.572,35.112
17,23,b'2900229 ',b'Argo INDIA                                                      ',b'M Ravichandran                                                  ',18.0,b'A',2003-04-23 08:34:32.000000000,b'1',-0.576,68.251,b'1',b'ARGOS   ',299.2,12.286,35.099
17,24,b'2900229 ',b'Argo INDIA                                                      ',b'M Ravichandran                                                  ',18.0,b'A',2003-04-23 08:34:32.000000000,b'1',-0.576,68.251,b'1',b'ARGOS   ',349.4,11.597,35.052
17,25,b'2900229 ',b'Argo INDIA                                                      ',b'M Ravichandran                                                  ',18.0,b'A',2003-04-23 08:34:32.000000000,b'1',-0.576,68.251,b'1',b'ARGOS   ',399.4,10.933,35.021
17,26,b'2900229 ',b'Argo INDIA                                                      ',b'M Ravichandran                                                  ',18.0,b'A',2003-04-23 08:34:32.000000000,b'1',-0.576,68.251,b'1',b'ARGOS   ',449.3,10.693,35.016
17,27,b'2900229 ',b'Argo INDIA                                                      ',b'M Ravichandran                                                  ',18.0,b'A',2003-04-23 08:34:32.000000000,b'1',-0.576,68.251,b'1',b'ARGOS   ',499.5,10.089,35.001
17,28,b'2900229 ',b'Argo INDIA                                                      ',b'M Ravichandran                                                  ',18.0,b'A',2003-04-23 08:34:32.000000000,b'1',-0.576,68.251,b'1',b'ARGOS   ',599.1,9.365,35.01
17,29,b'2900229 ',b'Argo INDIA                                                      ',b'M Ravichandran                                                  ',18.0,b'A',2003-04-23 08:34:32.000000000,b'1',-0.576,68.251,b'1',b'ARGOS   ',699.5,8.682,35.016
17,30,b'2900229 ',b'Argo INDIA                                                      ',b'M Ravichandran                                                  ',18.0,b'A',2003-04-23 08:34:32.000000000,b'1',-0.576,68.251,b'1',b'ARGOS   ',799.0,8.169,35.029
17,31,b'2900229 ',b'Argo INDIA                                                      ',b'M Ravichandran                                                  ',18.0,b'A',2003-04-23 08:34:32.000000000,b'1',-0.576,68.251,b'1',b'ARGOS   ',899.2,7.44,34.98
17,32,b'2900229 ',b'Argo INDIA                                                      ',b'M Ravichandran                                                  ',18.0,b'A',2003-04-23 08:34:32.000000000,b'1',-0.576,68.251,b'1',b'ARGOS   ',998.8,6.797,34.957
17,33,b'2900229 ',b'Argo INDIA                                                      ',b'M Ravichandran                                                  ',18.0,b'A',2003-04-23 08:34:32.000000000,b'1',-0.576,68.251,b'1',b'ARGOS   ',1099.1,6.193,34.941
17,34,b'2900229 ',b'Argo INDIA                                                      ',b'M Ravichandran                                                  ',18.0,b'A',2003-04-23 08:34:32.000000000,b'1',-0.576,68.251,b'1',b'ARGOS   ',1198.9,5.699,34.897
17,35,b'2900229 ',b'Argo INDIA                                                      ',b'M Ravichandran                                                  ',18.0,b'A',2003-04-23 08:34:32.000000000,b'1',-0.576,68.251,b'1',b'ARGOS   ',1299.2,5.168,34.863
17,36,b'2900229 ',b'Argo INDIA                                                      ',b'M Ravichandran                                                  ',18.0,b'A',2003-04-23 08:34:32.000000000,b'1',-0.576,68.251,b'1',b'ARGOS   ',1399.3,4.962,34.861
17,37,b'2900229 ',b'Argo INDIA                                                      ',b'M Ravichandran                                                  ',18.0,b'A',2003-04-23 08:34:32.000000000,b'1',-0.576,68.251,b'1',b'ARGOS   ',1499.3,4.269,34.827
17,38,b'2900229 ',b'Argo INDIA                                                      ',b'M Ravichandran                                                  ',18.0,b'A',2003-04-23 08:34:32.000000000,b'1',-0.576,68.251,b'1',b'ARGOS   ',1599.3,3.903,34.824
17,39,b'2900229 ',b'Argo INDIA                                                      ',b'M Ravichandran                                                  ',18.0,b'A',2003-04-23 08:34:32.000000000,b'1',-0.576,68.251,b'1',b'ARGOS   ',1699.4,3.694,34.811
17,40,b'2900229 ',b'Argo INDIA                                                      ',b'M Ravichandran                                                  ',18.0,b'A',2003-04-23 08:34:32.000000000,b'1',-0.576,68.251,b'1',b'ARGOS   ',1799.3,3.51,34.804
17,41,b'2900229 ',b'Argo INDIA                                                      ',b'M Ravichandran                                                  ',18.0,b'A',2003-04-23 08:34:32.000000000,b'1',-0.576,68.251,b'1',b'ARGOS   ',1899.4,3.196,34.792
17,42,b'2900229 ',b'Argo INDIA                                                      ',b'M Ravichandran                                                  ',18.0,b'A',2003-04-23 08:34:32.000000000,b'1',-0.576,68.251,b'1',b'ARGOS   ',1999.6,2.973,34.783
17,43,b'2900229 ',b'Argo INDIA                                                      ',b'M Ravichandran                                                  ',18.0,b'A',2003-04-23 08:34:32.000000000,b'1',-0.576,68.251,b'1',b'ARGOS   ',,,
17,44,b'2900229 ',b'Argo INDIA                                                      ',b'M Ravichandran                                                  ',18.0,b'A',2003-04-23 08:34:32.000000000,b'1',-0.576,68.251,b'1',b'ARGOS   ',,,
18,0,b'2900229 ',b'Argo INDIA                                                      ',b'M Ravichandran                                                  ',19.0,b'A',2003-05-03 08:51:09.000000000,b'1',-0.25,68.11,b'1',b'ARGOS   ',16.7,30.147,34.888
18,1,b'2900229 ',b'Argo INDIA                                                      ',b'M Ravichandran                                                  ',19.0,b'A',2003-05-03 08:51:09.000000000,b'1',-0.25,68.11,b'1',b'ARGOS   ',19.5,30.066,34.888
18,2,b'2900229 ',b'Argo INDIA                                                      ',b'M Ravichandran                                                  ',19.0,b'A',2003-05-03 08:51:09.000000000,b'1',-0.25,68.11,b'1',b'ARGOS   ',24.1,30.047,34.889
18,3,b'2900229 ',b'Argo INDIA                                                      ',b'M Ravichandran                                                  ',19.0,b'A',2003-05-03 08:51:09.000000000,b'1',-0.25,68.11,b'1',b'ARGOS   ',29.1,30.041,34.89
18,4,b'2900229 ',b'Argo INDIA                                                      ',b'M Ravichandran                                                  ',19.0,b'A',2003-05-03 08:51:09.000000000,b'1',-0.25,68.11,b'1',b'ARGOS   ',34.3,30.033,34.89
18,5,b'2900229 ',b'Argo INDIA                                                      ',b'M Ravichandran                                                  ',19.0,b'A',2003-05-03 08:51:09.000000000,b'1',-0.25,68.11,b'1',b'ARGOS   ',39.0,30.027,34.891
18,6,b'2900229 ',b'Argo INDIA                                                      ',b'M Ravichandran                                                  ',19.0,b'A',2003-05-03 08:51:09.000000000,b'1',-0.25,68.11,b'1',b'ARGOS   ',44.4,30.013,34.893
18,7,b'2900229 ',b'Argo INDIA                                                      ',b'M Ravichandran                                                  ',19.0,b'A',2003-05-03 08:51:09.000000000,b'1',-0.25,68.11,b'1',b'ARGOS   ',49.5,29.939,34.908
18,8,b'2900229 ',b'Argo INDIA                                                      ',b'M Ravichandran                                                  ',19.0,b'A',2003-05-03 08:51:09.000000000,b'1',-0.25,68.11,b'1',b'ARGOS   ',59.7,29.495,35.106
18,9,b'2900229 ',b'Argo INDIA                                                      ',b'M Ravichandran                                                  ',19.0,b'A',2003-05-03 08:51:09.000000000,b'1',-0.25,68.11,b'1',b'ARGOS   ',69.3,28.096,35.526
18,10,b'2900229 ',b'Argo INDIA                                                      ',b'M Ravichandran                                                  ',19.0,b'A',2003-05-03 08:51:09.000000000,b'1',-0.25,68.11,b'1',b'ARGOS   ',79.0,27.509,35.585
18,11,b'2900229 ',b'Argo INDIA                                                      ',b'M Ravichandran                                                  ',19.0,b'A',2003-05-03 08:51:09.000000000,b'1',-0.25,68.11,b'1',b'ARGOS   ',89.6,27.357,35.593
18,12,b'2900229 ',b'Argo INDIA                                                      ',b'M Ravichandran                                                  ',19.0,b'A',2003-05-03 08:51:09.000000000,b'1',-0.25,68.11,b'1',b'ARGOS   ',99.7,26.353,35.578
18,13,b'2900229 ',b'Argo INDIA                                                      ',b'M Ravichandran                                                  ',19.0,b'A',2003-05-03 08:51:09.000000000,b'1',-0.25,68.11,b'1',b'ARGOS   ',109.1,23.745,35.54
18,14,b'2900229 ',b'Argo INDIA                                                      ',b'M Ravichandran                                                  ',19.0,b'A',2003-05-03 08:51:09.000000000,b'1',-0.25,68.11,b'1',b'ARGOS   ',119.4,21.088,35.381
18,15,b'2900229 ',b'Argo INDIA                                                      ',b'M Ravichandran                                                  ',19.0,b'A',2003-05-03 08:51:09.000000000,b'1',-0.25,68.11,b'1',b'ARGOS   ',129.8,19.523,35.339
18,16,b'2900229 ',b'Argo INDIA                                                      ',b'M Ravichandran                                                  ',19.0,b'A',2003-05-03 08:51:09.000000000,b'1',-0.25,68.11,b'1',b'ARGOS   ',139.6,18.67,35.317
18,17,b'2900229 ',b'Argo INDIA                                                      ',b'M Ravichandran                                                  ',19.0,b'A',2003-05-03 08:51:09.000000000,b'1',-0.25,68.11,b'1',b'ARGOS   ',149.3,17.38,35.3
18,18,b'2900229 ',b'Argo INDIA                                                      ',b'M Ravichandran                                                  ',19.0,b'A',2003-05-03 08:51:09.000000000,b'1',-0.25,68.11,b'1',b'ARGOS   ',169.2,16.367,35.279
18,19,b'2900229 ',b'Argo INDIA                                                      ',b'M Ravichandran                                                  ',19.0,b'A',2003-05-03 08:51:09.000000000,b'1',-0.25,68.11,b'1',b'ARGOS   ',189.6,15.254,35.236
18,20,b'2900229 ',b'Argo INDIA                                                      ',b'M Ravichandran                                                  ',19.0,b'A',2003-05-03 08:51:09.000000000,b'1',-0.25,68.11,b'1',b'ARGOS   ',209.2,14.664,35.21
18,21,b'2900229 ',b'Argo INDIA                                                      ',b'M Ravichandran                                                  ',19.0,b'A',2003-05-03 08:51:09.000000000,b'1',-0.25,68.11,b'1',b'ARGOS   ',229.3,13.789,35.166
18,22,b'2900229 ',b'Argo INDIA                                                      ',b'M Ravichandran                                                  ',19.0,b'A',2003-05-03 08:51:09.000000000,b'1',-0.25,68.11,b'1',b'ARGOS   ',249.0,12.447,35.11
18,23,b'2900229 ',b'Argo INDIA                                                      ',b'M Ravichandran                                                  ',19.0,b'A',2003-05-03 08:51:09.000000000,b'1',-0.25,68.11,b'1',b'ARGOS   ',299.4,11.781,35.067
18,24,b'2900229 ',b'Argo INDIA                                                      ',b'M Ravichandran                                                  ',19.0,b'A',2003-05-03 08:51:09.000000000,b'1',-0.25,68.11,b'1',b'ARGOS   ',349.4,11.401,35.045
18,25,b'2900229 ',b'Argo INDIA                                                      ',b'M Ravichandran                                                  ',19.0,b'A',2003-05-03 08:51:09.000000000,b'1',-0.25,68.11,b'1',b'ARGOS   ',399.1,10.524,34.999
18,26,b'2900229 ',b'Argo INDIA                                                      ',b'M Ravichandran                                                  ',19.0,b'A',2003-05-03 08:51:09.000000000,b'1',-0.25,68.11,b'1',b'ARGOS   ',449.5,9.934,34.997
18,27,b'2900229 ',b'Argo INDIA                                                      ',b'M Ravichandran                                                  ',19.0,b'A',2003-05-03 08:51:09.000000000,b'1',-0.25,68.11,b'1',b'ARGOS   ',498.8,9.694,34.996
18,28,b'2900229 ',b'Argo INDIA                                                      ',b'M Ravichandran                                                  ',19.0,b'A',2003-05-03 08:51:09.000000000,b'1',-0.25,68.11,b'1',b'ARGOS   ',599.4,9.167,35.003
18,29,b'2900229 ',b'Argo INDIA                                                      ',b'M Ravichandran                                                  ',19.0,b'A',2003-05-03 08:51:09.000000000,b'1',-0.25,68.11,b'1',b'ARGOS   ',699.5,8.948,35.047
18,30,b'2900229 ',b'Argo INDIA                                                      ',b'M Ravichandran                                                  ',19.0,b'A',2003-05-03 08:51:09.000000000,b'1',-0.25,68.11,b'1',b'ARGOS   ',799.5,8.194,35.013
18,31,b'2900229 ',b'Argo INDIA                                                      ',b'M Ravichandran                                                  ',19.0,b'A',2003-05-03 08:51:09.000000000,b'1',-0.25,68.11,b'1',b'ARGOS   ',899.0,7.446,34.979
18,32,b'2900229 ',b'Argo INDIA                                                      ',b'M Ravichandran                                                  ',19.0,b'A',2003-05-03 08:51:09.000000000,b'1',-0.25,68.11,b'1',b'ARGOS   ',999.3,6.9,34.971
18,33,b'2900229 ',b'Argo INDIA                                                      ',b'M Ravichandran                                                  ',19.0,b'A',2003-05-03 08:51:09.000000000,b'1',-0.25,68.11,b'1',b'ARGOS   ',1098.9,6.532,34.953
18,34,b'2900229 ',b'Argo INDIA                                                      ',b'M Ravichandran                                                  ',19.0,b'A',2003-05-03 08:51:09.000000000,b'1',-0.25,68.11,b'1',b'ARGOS   ',1199.4,5.718,34.891
18,35,b'2900229 ',b'Argo INDIA                                                      ',b'M Ravichandran                                                  ',19.0,b'A',2003-05-03 08:51:09.000000000,b'1',-0.25,68.11,b'1',b'ARGOS   ',1299.1,5.252,34.877
18,36,b'2900229 ',b'Argo INDIA                                                      ',b'M Ravichandran                                                  ',19.0,b'A',2003-05-03 08:51:09.000000000,b'1',-0.25,68.11,b'1',b'ARGOS   ',1399.0,4.756,34.861
18,37,b'2900229 ',b'Argo INDIA                                                      ',b'M Ravichandran                                                  ',19.0,b'A',2003-05-03 08:51:09.000000000,b'1',-0.25,68.11,b'1',b'ARGOS   ',1499.2,4.415,34.851
18,38,b'2900229 ',b'Argo INDIA                                                      ',b'M Ravichandran                                                  ',19.0,b'A',2003-05-03 08:51:09.000000000,b'1',-0.25,68.11,b'1',b'ARGOS   ',1598.7,4.082,34.833
18,39,b'2900229 ',b'Argo INDIA                                                      ',b'M Ravichandran                                                  ',19.0,b'A',2003-05-03 08:51:09.000000000,b'1',-0.25,68.11,b'1',b'ARGOS   ',1699.1,3.74,34.814
18,40,b'2900229 ',b'Argo INDIA                                                      ',b'M Ravichandran                                                  ',19.0,b'A',2003-05-03 08:51:09.000000000,b'1',-0.25,68.11,b'1',b'ARGOS   ',1799.2,3.397,34.801
18,41,b'2900229 ',b'Argo INDIA                                                      ',b'M Ravichandran                                                  ',19.0,b'A',2003-05-03 08:51:09.000000000,b'1',-0.25,68.11,b'1',b'ARGOS   ',1899.3,3.096,34.788
18,42,b'2900229 ',b'Argo INDIA                                                      ',b'M Ravichandran                                                  ',19.0,b'A',2003-05-03 08:51:09.000000000,b'1',-0.25,68.11,b'1',b'ARGOS   ',,,
18,43,b'2900229 ',b'Argo INDIA                                                      ',b'M Ravichandran                                                  ',19.0,b'A',2003-05-03 08:51:09.000000000,b'1',-0.25,68.11,b'1',b'ARGOS   ',,,
18,44,b'2900229 ',b'Argo INDIA                                                      ',b'M Ravichandran                                                  ',19.0,b'A',2003-05-03 08:51:09.000000000,b'1',-0.25,68.11,b'1',b'ARGOS   ',,,
19,0,b'2900229 ',b'Argo INDIA                                                      ',b'M Ravichandran                                                  ',20.0,b'A',2003-05-13 08:42:42.000000000,b'1',-0.408,68.795,b'1',b'ARGOS   ',17.1,30.061,35.143
19,1,b'2900229 ',b'Argo INDIA                                                      ',b'M Ravichandran                                                  ',20.0,b'A',2003-05-13 08:42:42.000000000,b'1',-0.408,68.795,b'1',b'ARGOS   ',19.5,30.032,35.143
19,2,b'2900229 ',b'Argo INDIA                                                      ',b'M Ravichandran                                                  ',20.0,b'A',2003-05-13 08:42:42.000000000,b'1',-0.408,68.795,b'1',b'ARGOS   ',24.1,29.955,35.14
19,3,b'2900229 ',b'Argo INDIA                                                      ',b'M Ravichandran                                                  ',20.0,b'A',2003-05-13 08:42:42.000000000,b'1',-0.408,68.795,b'1',b'ARGOS   ',29.1,29.92,35.138
19,4,b'2900229 ',b'Argo INDIA                                                      ',b'M Ravichandran                                                  ',20.0,b'A',2003-05-13 08:42:42.000000000,b'1',-0.408,68.795,b'1',b'ARGOS   ',34.4,29.91,35.139
19,5,b'2900229 ',b'Argo INDIA                                                      ',b'M Ravichandran                                                  ',20.0,b'A',2003-05-13 08:42:42.000000000,b'1',-0.408,68.795,b'1',b'ARGOS   ',39.1,29.908,35.139
19,6,b'2900229 ',b'Argo INDIA                                                      ',b'M Ravichandran                                                  ',20.0,b'A',2003-05-13 08:42:42.000000000,b'1',-0.408,68.795,b'1',b'ARGOS   ',44.4,29.903,35.139
19,7,b'2900229 ',b'Argo INDIA                                                      ',b'M Ravichandran                                                  ',20.0,b'A',2003-05-13 08:42:42.000000000,b'1',-0.408,68.795,b'1',b'ARGOS   ',49.1,29.9,35.139
19,8,b'2900229 ',b'Argo INDIA                                                      ',b'M Ravichandran                                                  ',20.0,b'A',2003-05-13 08:42:42.000000000,b'1',-0.408,68.795,b'1',b'ARGOS   ',59.4,29.893,35.14
19,9,b'2900229 ',b'Argo INDIA                                                      ',b'M Ravichandran                                                  ',20.0,b'A',2003-05-13 08:42:42.000000000,b'1',-0.408,68.795,b'1',b'ARGOS   ',69.4,29.876,35.142
19,10,b'2900229 ',b'Argo INDIA                                                      ',b'M Ravichandran                                                  ',20.0,b'A',2003-05-13 08:42:42.000000000,b'1',-0.408,68.795,b'1',b'ARGOS   ',79.5,29.783,35.161
19,11,b'2900229 ',b'Argo INDIA                                                      ',b'M Ravichandran                                                  ',20.0,b'A',2003-05-13 08:42:42.000000000,b'1',-0.408,68.795,b'1',b'ARGOS   ',89.6,28.585,35.347
19,12,b'2900229 ',b'Argo INDIA                                                      ',b'M Ravichandran                                                  ',20.0,b'A',2003-05-13 08:42:42.000000000,b'1',-0.408,68.795,b'1',b'ARGOS   ',99.1,27.821,35.56
19,13,b'2900229 ',b'Argo INDIA                                                      ',b'M Ravichandran                                                  ',20.0,b'A',2003-05-13 08:42:42.000000000,b'1',-0.408,68.795,b'1',b'ARGOS   ',109.7,27.062,35.583
19,14,b'2900229 ',b'Argo INDIA                                                      ',b'M Ravichandran                                                  ',20.0,b'A',2003-05-13 08:42:42.000000000,b'1',-0.408,68.795,b'1',b'ARGOS   ',119.5,21.49,35.435
19,15,b'2900229 ',b'Argo INDIA                                                      ',b'M Ravichandran                                                  ',20.0,b'A',2003-05-13 08:42:42.000000000,b'1',-0.408,68.795,b'1',b'ARGOS   ',129.6,19.996,35.31
19,16,b'2900229 ',b'Argo INDIA                                                      ',b'M Ravichandran                                                  ',20.0,b'A',2003-05-13 08:42:42.000000000,b'1',-0.408,68.795,b'1',b'ARGOS   ',139.6,18.29,35.297
19,17,b'2900229 ',b'Argo INDIA                                                      ',b'M Ravichandran                                                  ',20.0,b'A',2003-05-13 08:42:42.000000000,b'1',-0.408,68.795,b'1',b'ARGOS   ',149.6,17.223,35.298
19,18,b'2900229 ',b'Argo INDIA                                                      ',b'M Ravichandran                                                  ',20.0,b'A',2003-05-13 08:42:42.000000000,b'1',-0.408,68.795,b'1',b'ARGOS   ',169.7,16.312,35.263
19,19,b'2900229 ',b'Argo INDIA                                                      ',b'M Ravichandran                                                  ',20.0,b'A',2003-05-13 08:42:42.000000000,b'1',-0.408,68.795,b'1',b'ARGOS   ',189.2,15.025,35.218
19,20,b'2900229 ',b'Argo INDIA                                                      ',b'M Ravichandran                                                  ',20.0,b'A',2003-05-13 08:42:42.000000000,b'1',-0.408,68.795,b'1',b'ARGOS   ',209.1,13.765,35.179
19,21,b'2900229 ',b'Argo INDIA                                                      ',b'M Ravichandran                                                  ',20.0,b'A',2003-05-13 08:42:42.000000000,b'1',-0.408,68.795,b'1',b'ARGOS   ',228.9,12.614,35.123
19,22,b'2900229 ',b'Argo INDIA                                                      ',b'M Ravichandran                                                  ',20.0,b'A',2003-05-13 08:42:42.000000000,b'1',-0.408,68.795,b'1',b'ARGOS   ',248.9,12.439,35.107
19,23,b'2900229 ',b'Argo INDIA                                                      ',b'M Ravichandran                                                  ',20.0,b'A',2003-05-13 08:42:42.000000000,b'1',-0.408,68.795,b'1',b'ARGOS   ',299.4,12.016,35.077
19,24,b'2900229 ',b'Argo INDIA                                                      ',b'M Ravichandran                                                  ',20.0,b'A',2003-05-13 08:42:42.000000000,b'1',-0.408,68.795,b'1',b'ARGOS   ',349.4,11.688,35.054
19,25,b'2900229 ',b'Argo INDIA                                                      ',b'M Ravichandran                                                  ',20.0,b'A',2003-05-13 08:42:42.000000000,b'1',-0.408,68.795,b'1',b'ARGOS   ',398.9,11.179,35.025
19,26,b'2900229 ',b'Argo INDIA                                                      ',b'M Ravichandran                                                  ',20.0,b'A',2003-05-13 08:42:42.000000000,b'1',-0.408,68.795,b'1',b'ARGOS   ',449.2,10.56,35.009
19,27,b'2900229 ',b'Argo INDIA                                                      ',b'M Ravichandran                                                  ',20.0,b'A',2003-05-13 08:42:42.000000000,b'1',-0.408,68.795,b'1',b'ARGOS   ',499.2,10.118,35.001
19,28,b'2900229 ',b'Argo INDIA                                                      ',b'M Ravichandran                                                  ',20.0,b'A',2003-05-13 08:42:42.000000000,b'1',-0.408,68.795,b'1',b'ARGOS   ',599.4,9.295,34.969
19,29,b'2900229 ',b'Argo INDIA                                                      ',b'M Ravichandran                                                  ',20.0,b'A',2003-05-13 08:42:42.000000000,b'1',-0.408,68.795,b'1',b'ARGOS   ',699.2,8.458,34.987
19,30,b'2900229 ',b'Argo INDIA                                                      ',b'M Ravichandran                                                  ',20.0,b'A',2003-05-13 08:42:42.000000000,b'1',-0.408,68.795,b'1',b'ARGOS   ',799.5,7.873,34.999
19,31,b'2900229 ',b'Argo INDIA                                                      ',b'M Ravichandran                                                  ',20.0,b'A',2003-05-13 08:42:42.000000000,b'1',-0.408,68.795,b'1',b'ARGOS   ',899.0,7.343,34.97
19,32,b'2900229 ',b'Argo INDIA                                                      ',b'M Ravichandran                                                  ',20.0,b'A',2003-05-13 08:42:42.000000000,b'1',-0.408,68.795,b'1',b'ARGOS   ',999.2,6.516,34.948
19,33,b'2900229 ',b'Argo INDIA                                                      ',b'M Ravichandran                                                  ',20.0,b'A',2003-05-13 08:42:42.000000000,b'1',-0.408,68.795,b'1',b'ARGOS   ',1099.3,6.065,34.923
19,34,b'2900229 ',b'Argo INDIA                                                      ',b'M Ravichandran                                                  ',20.0,b'A',2003-05-13 08:42:42.000000000,b'1',-0.408,68.795,b'1',b'ARGOS   ',1199.2,5.464,34.874
19,35,b'2900229 ',b'Argo INDIA                                                      ',b'M Ravichandran                                                  ',20.0,b'A',2003-05-13 08:42:42.000000000,b'1',-0.408,68.795,b'1',b'ARGOS   ',1299.4,5.38,34.884
19,36,b'2900229 ',b'Argo INDIA                                                      ',b'M Ravichandran                                                  ',20.0,b'A',2003-05-13 08:42:42.000000000,b'1',-0.408,68.795,b'1',b'ARGOS   ',1399.4,4.828,34.871
19,37,b'2900229 ',b'Argo INDIA                                                      ',b'M Ravichandran                                                  ',20.0,b'A',2003-05-13 08:42:42.000000000,b'1',-0.408,68.795,b'1',b'ARGOS   ',1499.3,4.433,34.851
19,38,b'2900229 ',b'Argo INDIA                                                      ',b'M Ravichandran                                                  ',20.0,b'A',2003-05-13 08:42:42.000000000,b'1',-0.408,68.795,b'1',b'ARGOS   ',1599.2,3.959,34.823
19,39,b'2900229 ',b'Argo INDIA                                                      ',b'M Ravichandran                                                  ',20.0,b'A',2003-05-13 08:42:42.000000000,b'1',-0.408,68.795,b'1',b'ARGOS   ',1699.4,3.687,34.813
19,40,b'2900229 ',b'Argo INDIA                                                      ',b'M Ravichandran                                                  ',20.0,b'A',2003-05-13 08:42:42.000000000,b'1',-0.408,68.795,b'1',b'ARGOS   ',1799.3,3.359,34.794
19,41,b'2900229 ',b'Argo INDIA                                                      ',b'M Ravichandran                                                  ',20.0,b'A',2003-05-13 08:42:42.000000000,b'1',-0.408,68.795,b'1',b'ARGOS   ',1899.3,3.024,34.784
19,42,b'2900229 ',b'Argo INDIA                                                      ',b'M Ravichandran                                                  ',20.0,b'A',2003-05-13 08:42:42.000000000,b'1',-0.408,68.795,b'1',b'ARGOS   ',1999.0,2.877,34.777
19,43,b'2900229 ',b'Argo INDIA                                                      ',b'M Ravichandran                                                  ',20.0,b'A',2003-05-13 08:42:42.000000000,b'1',-0.408,68.795,b'1',b'ARGOS   ',,,
19,44,b'2900229 ',b'Argo INDIA                                                      ',b'M Ravichandran                                                  ',20.0,b'A',2003-05-13 08:42:42.000000000,b'1',-0.408,68.795,b'1',b'ARGOS   ',,,
20,0,b'2900229 ',b'Argo INDIA                                                      ',b'M Ravichandran                                                  ',21.0,b'A',2003-05-23 08:34:07.000000000,b'1',-0.707,70.59,b'1',b'ARGOS   ',16.8,30.079,35.339
20,1,b'2900229 ',b'Argo INDIA                                                      ',b'M Ravichandran                                                  ',21.0,b'A',2003-05-23 08:34:07.000000000,b'1',-0.707,70.59,b'1',b'ARGOS   ',19.3,30.026,35.339
20,2,b'2900229 ',b'Argo INDIA                                                      ',b'M Ravichandran                                                  ',21.0,b'A',2003-05-23 08:34:07.000000000,b'1',-0.707,70.59,b'1',b'ARGOS   ',23.9,29.996,35.34
20,3,b'2900229 ',b'Argo INDIA                                                      ',b'M Ravichandran                                                  ',21.0,b'A',2003-05-23 08:34:07.000000000,b'1',-0.707,70.59,b'1',b'ARGOS   ',29.4,29.984,35.34
20,4,b'2900229 ',b'Argo INDIA                                                      ',b'M Ravichandran                                                  ',21.0,b'A',2003-05-23 08:34:07.000000000,b'1',-0.707,70.59,b'1',b'ARGOS   ',34.2,29.978,35.34
20,5,b'2900229 ',b'Argo INDIA                                                      ',b'M Ravichandran                                                  ',21.0,b'A',2003-05-23 08:34:07.000000000,b'1',-0.707,70.59,b'1',b'ARGOS   ',39.1,29.973,35.34
20,6,b'2900229 ',b'Argo INDIA                                                      ',b'M Ravichandran                                                  ',21.0,b'A',2003-05-23 08:34:07.000000000,b'1',-0.707,70.59,b'1',b'ARGOS   ',43.9,29.966,35.339
20,7,b'2900229 ',b'Argo INDIA                                                      ',b'M Ravichandran                                                  ',21.0,b'A',2003-05-23 08:34:07.000000000,b'1',-0.707,70.59,b'1',b'ARGOS   ',49.2,29.959,35.339
20,8,b'2900229 ',b'Argo INDIA                                                      ',b'M Ravichandran                                                  ',21.0,b'A',2003-05-23 08:34:07.000000000,b'1',-0.707,70.59,b'1',b'ARGOS   ',59.3,29.944,35.338
20,9,b'2900229 ',b'Argo INDIA                                                      ',b'M Ravichandran                                                  ',21.0,b'A',2003-05-23 08:34:07.000000000,b'1',-0.707,70.59,b'1',b'ARGOS   ',69.7,29.146,35.335
20,10,b'2900229 ',b'Argo INDIA                                                      ',b'M Ravichandran                                                  ',21.0,b'A',2003-05-23 08:34:07.000000000,b'1',-0.707,70.59,b'1',b'ARGOS   ',79.2,27.081,35.531
20,11,b'2900229 ',b'Argo INDIA                                                      ',b'M Ravichandran                                                  ',21.0,b'A',2003-05-23 08:34:07.000000000,b'1',-0.707,70.59,b'1',b'ARGOS   ',89.5,25.333,35.534
20,12,b'2900229 ',b'Argo INDIA                                                      ',b'M Ravichandran                                                  ',21.0,b'A',2003-05-23 08:34:07.000000000,b'1',-0.707,70.59,b'1',b'ARGOS   ',99.4,23.376,35.466
20,13,b'2900229 ',b'Argo INDIA                                                      ',b'M Ravichandran                                                  ',21.0,b'A',2003-05-23 08:34:07.000000000,b'1',-0.707,70.59,b'1',b'ARGOS   ',109.6,21.772,35.371
20,14,b'2900229 ',b'Argo INDIA                                                      ',b'M Ravichandran                                                  ',21.0,b'A',2003-05-23 08:34:07.000000000,b'1',-0.707,70.59,b'1',b'ARGOS   ',119.4,19.102,35.319
20,15,b'2900229 ',b'Argo INDIA                                                      ',b'M Ravichandran                                                  ',21.0,b'A',2003-05-23 08:34:07.000000000,b'1',-0.707,70.59,b'1',b'ARGOS   ',129.5,18.953,35.318
20,16,b'2900229 ',b'Argo INDIA                                                      ',b'M Ravichandran                                                  ',21.0,b'A',2003-05-23 08:34:07.000000000,b'1',-0.707,70.59,b'1',b'ARGOS   ',139.1,18.047,35.291
20,17,b'2900229 ',b'Argo INDIA                                                      ',b'M Ravichandran                                                  ',21.0,b'A',2003-05-23 08:34:07.000000000,b'1',-0.707,70.59,b'1',b'ARGOS   ',149.3,17.028,35.265
20,18,b'2900229 ',b'Argo INDIA                                                      ',b'M Ravichandran                                                  ',21.0,b'A',2003-05-23 08:34:07.000000000,b'1',-0.707,70.59,b'1',b'ARGOS   ',169.5,14.958,35.217
20,19,b'2900229 ',b'Argo INDIA                                                      ',b'M Ravichandran                                                  ',21.0,b'A',2003-05-23 08:34:07.000000000,b'1',-0.707,70.59,b'1',b'ARGOS   ',189.5,13.679,35.161
20,20,b'2900229 ',b'Argo INDIA                                                      ',b'M Ravichandran                                                  ',21.0,b'A',2003-05-23 08:34:07.000000000,b'1',-0.707,70.59,b'1',b'ARGOS   ',209.2,12.724,35.115
20,21,b'2900229 ',b'Argo INDIA                                                      ',b'M Ravichandran                                                  ',21.0,b'A',2003-05-23 08:34:07.000000000,b'1',-0.707,70.59,b'1',b'ARGOS   ',228.8,12.36,35.097
20,22,b'2900229 ',b'Argo INDIA                                                      ',b'M Ravichandran                                                  ',21.0,b'A',2003-05-23 08:34:07.000000000,b'1',-0.707,70.59,b'1',b'ARGOS   ',249.2,12.208,35.087
20,23,b'2900229 ',b'Argo INDIA                                                      ',b'M Ravichandran                                                  ',21.0,b'A',2003-05-23 08:34:07.000000000,b'1',-0.707,70.59,b'1',b'ARGOS   ',299.2,11.439,35.043
20,24,b'2900229 ',b'Argo INDIA                                                      ',b'M Ravichandran                                                  ',21.0,b'A',2003-05-23 08:34:07.000000000,b'1',-0.707,70.59,b'1',b'ARGOS   ',349.2,11.207,35.035
20,25,b'2900229 ',b'Argo INDIA                                                      ',b'M Ravichandran                                                  ',21.0,b'A',2003-05-23 08:34:07.000000000,b'1',-0.707,70.59,b'1',b'ARGOS   ',398.7,10.556,34.999
20,26,b'2900229 ',b'Argo INDIA                                                      ',b'M Ravichandran                                                  ',21.0,b'A',2003-05-23 08:34:07.000000000,b'1',-0.707,70.59,b'1',b'ARGOS   ',448.8,10.467,34.993
20,27,b'2900229 ',b'Argo INDIA                                                      ',b'M Ravichandran                                                  ',21.0,b'A',2003-05-23 08:34:07.000000000,b'1',-0.707,70.59,b'1',b'ARGOS   ',499.3,9.892,34.975
20,28,b'2900229 ',b'Argo INDIA                                                      ',b'M Ravichandran                                                  ',21.0,b'A',2003-05-23 08:34:07.000000000,b'1',-0.707,70.59,b'1',b'ARGOS   ',599.2,9.146,35.007
20,29,b'2900229 ',b'Argo INDIA                                                      ',b'M Ravichandran                                                  ',21.0,b'A',2003-05-23 08:34:07.000000000,b'1',-0.707,70.59,b'1',b'ARGOS   ',699.4,8.714,35.022
20,30,b'2900229 ',b'Argo INDIA                                                      ',b'M Ravichandran                                                  ',21.0,b'A',2003-05-23 08:34:07.000000000,b'1',-0.707,70.59,b'1',b'ARGOS   ',798.8,8.249,35.012
20,31,b'2900229 ',b'Argo INDIA                                                      ',b'M Ravichandran                                                  ',21.0,b'A',2003-05-23 08:34:07.000000000,b'1',-0.707,70.59,b'1',b'ARGOS   ',899.4,7.32,34.968
20,32,b'2900229 ',b'Argo INDIA                                                      ',b'M Ravichandran                                                  ',21.0,b'A',2003-05-23 08:34:07.000000000,b'1',-0.707,70.59,b'1',b'ARGOS   ',999.1,6.677,34.942
20,33,b'2900229 ',b'Argo INDIA                                                      ',b'M Ravichandran                                                  ',21.0,b'A',2003-05-23 08:34:07.000000000,b'1',-0.707,70.59,b'1',b'ARGOS   ',1099.3,6.312,34.931
20,34,b'2900229 ',b'Argo INDIA                                                      ',b'M Ravichandran                                                  ',21.0,b'A',2003-05-23 08:34:07.000000000,b'1',-0.707,70.59,b'1',b'ARGOS   ',1199.0,5.754,34.898
20,35,b'2900229 ',b'Argo INDIA                                                      ',b'M Ravichandran                                                  ',21.0,b'A',2003-05-23 08:34:07.000000000,b'1',-0.707,70.59,b'1',b'ARGOS   ',1299.5,5.478,34.882
20,36,b'2900229 ',b'Argo INDIA                                                      ',b'M Ravichandran                                                  ',21.0,b'A',2003-05-23 08:34:07.000000000,b'1',-0.707,70.59,b'1',b'ARGOS   ',1399.1,4.966,34.864
20,37,b'2900229 ',b'Argo INDIA                                                      ',b'M Ravichandran                                                  ',21.0,b'A',2003-05-23 08:34:07.000000000,b'1',-0.707,70.59,b'1',b'ARGOS   ',1499.5,4.548,34.855
20,38,b'2900229 ',b'Argo INDIA                                                      ',b'M Ravichandran                                                  ',21.0,b'A',2003-05-23 08:34:07.000000000,b'1',-0.707,70.59,b'1',b'ARGOS   ',1599.2,4.09,34.831
20,39,b'2900229 ',b'Argo INDIA                                                      ',b'M Ravichandran                                                  ',21.0,b'A',2003-05-23 08:34:07.000000000,b'1',-0.707,70.59,b'1',b'ARGOS   ',1699.2,3.919,34.823
20,40,b'2900229 ',b'Argo INDIA                                                      ',b'M Ravichandran                                                  ',21.0,b'A',2003-05-23 08:34:07.000000000,b'1',-0.707,70.59,b'1',b'ARGOS   ',1799.2,3.404,34.797
20,41,b'2900229 ',b'Argo INDIA                                                      ',b'M Ravichandran                                                  ',21.0,b'A',2003-05-23 08:34:07.000000000,b'1',-0.707,70.59,b'1',b'ARGOS   ',1899.4,3.027,34.783
20,42,b'2900229 ',b'Argo INDIA                                                      ',b'M Ravichandran                                                  ',21.0,b'A',2003-05-23 08:34:07.000000000,b'1',-0.707,70.59,b'1',b'ARGOS   ',1999.2,2.86,34.779
20,43,b'2900229 ',b'Argo INDIA                                                      ',b'M Ravichandran                                                  ',21.0,b'A',2003-05-23 08:34:07.000000000,b'1',-0.707,70.59,b'1',b'ARGOS   ',,,
20,44,b'2900229 ',b'Argo INDIA                                                      ',b'M Ravichandran                                                  ',21.0,b'A',2003-05-23 08:34:07.000000000,b'1',-0.707,70.59,b'1',b'ARGOS   ',,,
21,0,b'2900229 ',b'Argo INDIA                                                      ',b'M Ravichandran                                                  ',22.0,b'A',2003-06-02 08:46:41.000000000,b'1',0.155,71.524,b'1',b'ARGOS   ',16.7,30.39,35.261
21,1,b'2900229 ',b'Argo INDIA                                                      ',b'M Ravichandran                                                  ',22.0,b'A',2003-06-02 08:46:41.000000000,b'1',0.155,71.524,b'1',b'ARGOS   ',19.0,30.407,35.26
21,2,b'2900229 ',b'Argo INDIA                                                      ',b'M Ravichandran                                                  ',22.0,b'A',2003-06-02 08:46:41.000000000,b'1',0.155,71.524,b'1',b'ARGOS   ',24.1,30.353,35.26
21,3,b'2900229 ',b'Argo INDIA                                                      ',b'M Ravichandran                                                  ',22.0,b'A',2003-06-02 08:46:41.000000000,b'1',0.155,71.524,b'1',b'ARGOS   ',29.3,30.34,35.259
21,4,b'2900229 ',b'Argo INDIA                                                      ',b'M Ravichandran                                                  ',22.0,b'A',2003-06-02 08:46:41.000000000,b'1',0.155,71.524,b'1',b'ARGOS   ',34.3,30.33,35.259
21,5,b'2900229 ',b'Argo INDIA                                                      ',b'M Ravichandran                                                  ',22.0,b'A',2003-06-02 08:46:41.000000000,b'1',0.155,71.524,b'1',b'ARGOS   ',39.4,30.329,35.258
21,6,b'2900229 ',b'Argo INDIA                                                      ',b'M Ravichandran                                                  ',22.0,b'A',2003-06-02 08:46:41.000000000,b'1',0.155,71.524,b'1',b'ARGOS   ',44.3,30.325,35.258
21,7,b'2900229 ',b'Argo INDIA                                                      ',b'M Ravichandran                                                  ',22.0,b'A',2003-06-02 08:46:41.000000000,b'1',0.155,71.524,b'1',b'ARGOS   ',49.4,30.324,35.258
21,8,b'2900229 ',b'Argo INDIA                                                      ',b'M Ravichandran                                                  ',22.0,b'A',2003-06-02 08:46:41.000000000,b'1',0.155,71.524,b'1',b'ARGOS   ',59.4,30.319,35.258
21,9,b'2900229 ',b'Argo INDIA                                                      ',b'M Ravichandran                                                  ',22.0,b'A',2003-06-02 08:46:41.000000000,b'1',0.155,71.524,b'1',b'ARGOS   ',69.5,30.088,35.279
21,10,b'2900229 ',b'Argo INDIA                                                      ',b'M Ravichandran                                                  ',22.0,b'A',2003-06-02 08:46:41.000000000,b'1',0.155,71.524,b'1',b'ARGOS   ',79.6,26.536,35.541
21,11,b'2900229 ',b'Argo INDIA                                                      ',b'M Ravichandran                                                  ',22.0,b'A',2003-06-02 08:46:41.000000000,b'1',0.155,71.524,b'1',b'ARGOS   ',89.4,25.958,35.562
21,12,b'2900229 ',b'Argo INDIA                                                      ',b'M Ravichandran                                                  ',22.0,b'A',2003-06-02 08:46:41.000000000,b'1',0.155,71.524,b'1',b'ARGOS   ',99.5,23.793,35.46
21,13,b'2900229 ',b'Argo INDIA                                                      ',b'M Ravichandran                                                  ',22.0,b'A',2003-06-02 08:46:41.000000000,b'1',0.155,71.524,b'1',b'ARGOS   ',109.5,20.497,35.362
21,14,b'2900229 ',b'Argo INDIA                                                      ',b'M Ravichandran                                                  ',22.0,b'A',2003-06-02 08:46:41.000000000,b'1',0.155,71.524,b'1',b'ARGOS   ',119.7,19.113,35.334
21,15,b'2900229 ',b'Argo INDIA                                                      ',b'M Ravichandran                                                  ',22.0,b'A',2003-06-02 08:46:41.000000000,b'1',0.155,71.524,b'1',b'ARGOS   ',129.1,17.545,35.295
21,16,b'2900229 ',b'Argo INDIA                                                      ',b'M Ravichandran                                                  ',22.0,b'A',2003-06-02 08:46:41.000000000,b'1',0.155,71.524,b'1',b'ARGOS   ',139.2,17.453,35.293
21,17,b'2900229 ',b'Argo INDIA                                                      ',b'M Ravichandran                                                  ',22.0,b'A',2003-06-02 08:46:41.000000000,b'1',0.155,71.524,b'1',b'ARGOS   ',149.4,16.99,35.281
21,18,b'2900229 ',b'Argo INDIA                                                      ',b'M Ravichandran                                                  ',22.0,b'A',2003-06-02 08:46:41.000000000,b'1',0.155,71.524,b'1',b'ARGOS   ',169.2,15.79,35.249
21,19,b'2900229 ',b'Argo INDIA                                                      ',b'M Ravichandran                                                  ',22.0,b'A',2003-06-02 08:46:41.000000000,b'1',0.155,71.524,b'1',b'ARGOS   ',189.4,15.075,35.217
21,20,b'2900229 ',b'Argo INDIA                                                      ',b'M Ravichandran                                                  ',22.0,b'A',2003-06-02 08:46:41.000000000,b'1',0.155,71.524,b'1',b'ARGOS   ',209.1,14.041,35.177
21,21,b'2900229 ',b'Argo INDIA                                                      ',b'M Ravichandran                                                  ',22.0,b'A',2003-06-02 08:46:41.000000000,b'1',0.155,71.524,b'1',b'ARGOS   ',229.2,12.832,35.127
21,22,b'2900229 ',b'Argo INDIA                                                      ',b'M Ravichandran                                                  ',22.0,b'A',2003-06-02 08:46:41.000000000,b'1',0.155,71.524,b'1',b'ARGOS   ',249.1,12.585,35.113
21,23,b'2900229 ',b'Argo INDIA                                                      ',b'M Ravichandran                                                  ',22.0,b'A',2003-06-02 08:46:41.000000000,b'1',0.155,71.524,b'1',b'ARGOS   ',299.3,11.772,35.067
21,24,b'2900229 ',b'Argo INDIA                                                      ',b'M Ravichandran                                                  ',22.0,b'A',2003-06-02 08:46:41.000000000,b'1',0.155,71.524,b'1',b'ARGOS   ',349.0,11.16,35.028
21,25,b'2900229 ',b'Argo INDIA                                                      ',b'M Ravichandran                                                  ',22.0,b'A',2003-06-02 08:46:41.000000000,b'1',0.155,71.524,b'1',b'ARGOS   ',398.7,10.594,35.01
21,26,b'2900229 ',b'Argo INDIA                                                      ',b'M Ravichandran                                                  ',22.0,b'A',2003-06-02 08:46:41.000000000,b'1',0.155,71.524,b'1',b'ARGOS   ',449.3,10.522,35.013
21,27,b'2900229 ',b'Argo INDIA                                                      ',b'M Ravichandran                                                  ',22.0,b'A',2003-06-02 08:46:41.000000000,b'1',0.155,71.524,b'1',b'ARGOS   ',499.5,9.841,35.027
21,28,b'2900229 ',b'Argo INDIA                                                      ',b'M Ravichandran                                                  ',22.0,b'A',2003-06-02 08:46:41.000000000,b'1',0.155,71.524,b'1',b'ARGOS   ',599.1,9.222,35.024
21,29,b'2900229 ',b'Argo INDIA                                                      ',b'M Ravichandran                                                  ',22.0,b'A',2003-06-02 08:46:41.000000000,b'1',0.155,71.524,b'1',b'ARGOS   ',699.1,9.0,35.039
21,30,b'2900229 ',b'Argo INDIA                                                      ',b'M Ravichandran                                                  ',22.0,b'A',2003-06-02 08:46:41.000000000,b'1',0.155,71.524,b'1',b'ARGOS   ',799.4,8.03,35.006
21,31,b'2900229 ',b'Argo INDIA                                                      ',b'M Ravichandran                                                  ',22.0,b'A',2003-06-02 08:46:41.000000000,b'1',0.155,71.524,b'1',b'ARGOS   ',899.0,7.484,34.98
21,32,b'2900229 ',b'Argo INDIA                                                      ',b'M Ravichandran                                                  ',22.0,b'A',2003-06-02 08:46:41.000000000,b'1',0.155,71.524,b'1',b'ARGOS   ',999.6,6.505,34.936
21,33,b'2900229 ',b'Argo INDIA                                                      ',b'M Ravichandran                                                  ',22.0,b'A',2003-06-02 08:46:41.000000000,b'1',0.155,71.524,b'1',b'ARGOS   ',1099.4,6.209,34.924
21,34,b'2900229 ',b'Argo INDIA                                                      ',b'M Ravichandran                                                  ',22.0,b'A',2003-06-02 08:46:41.000000000,b'1',0.155,71.524,b'1',b'ARGOS   ',1199.2,5.649,34.89
21,35,b'2900229 ',b'Argo INDIA                                                      ',b'M Ravichandran                                                  ',22.0,b'A',2003-06-02 08:46:41.000000000,b'1',0.155,71.524,b'1',b'ARGOS   ',1299.2,5.369,34.877
21,36,b'2900229 ',b'Argo INDIA                                                      ',b'M Ravichandran                                                  ',22.0,b'A',2003-06-02 08:46:41.000000000,b'1',0.155,71.524,b'1',b'ARGOS   ',1399.1,4.85,34.864
21,37,b'2900229 ',b'Argo INDIA                                                      ',b'M Ravichandran                                                  ',22.0,b'A',2003-06-02 08:46:41.000000000,b'1',0.155,71.524,b'1',b'ARGOS   ',1499.3,4.556,34.856
21,38,b'2900229 ',b'Argo INDIA                                                      ',b'M Ravichandran                                                  ',22.0,b'A',2003-06-02 08:46:41.000000000,b'1',0.155,71.524,b'1',b'ARGOS   ',1598.9,4.032,34.83
21,39,b'2900229 ',b'Argo INDIA                                                      ',b'M Ravichandran                                                  ',22.0,b'A',2003-06-02 08:46:41.000000000,b'1',0.155,71.524,b'1',b'ARGOS   ',1699.0,3.684,34.81
21,40,b'2900229 ',b'Argo INDIA                                                      ',b'M Ravichandran                                                  ',22.0,b'A',2003-06-02 08:46:41.000000000,b'1',0.155,71.524,b'1',b'ARGOS   ',1799.5,3.358,34.799
21,41,b'2900229 ',b'Argo INDIA                                                      ',b'M Ravichandran                                                  ',22.0,b'A',2003-06-02 08:46:41.000000000,b'1',0.155,71.524,b'1',b'ARGOS   ',1899.0,2.949,34.781
21,42,b'2900229 ',b'Argo INDIA                                                      ',b'M Ravichandran                                                  ',22.0,b'A',2003-06-02 08:46:41.000000000,b'1',0.155,71.524,b'1',b'ARGOS   ',1999.9,2.731,34.778
21,43,b'2900229 ',b'Argo INDIA                                                      ',b'M Ravichandran                                                  ',22.0,b'A',2003-06-02 08:46:41.000000000,b'1',0.155,71.524,b'1',b'ARGOS   ',,,
21,44,b'2900229 ',b'Argo INDIA                                                      ',b'M Ravichandran                                                  ',22.0,b'A',2003-06-02 08:46:41.000000000,b'1',0.155,71.524,b'1',b'ARGOS   ',,,
22,0,b'2900229 ',b'Argo INDIA                                                      ',b'M Ravichandran                                                  ',23.0,b'A',2003-06-12 08:53:18.000000000,b'1',-0.266,71.774,b'1',b'ARGOS   ',16.9,30.263,35.232
22,1,b'2900229 ',b'Argo INDIA                                                      ',b'M Ravichandran                                                  ',23.0,b'A',2003-06-12 08:53:18.000000000,b'1',-0.266,71.774,b'1',b'ARGOS   ',19.5,30.189,35.23
22,2,b'2900229 ',b'Argo INDIA                                                      ',b'M Ravichandran                                                  ',23.0,b'A',2003-06-12 08:53:18.000000000,b'1',-0.266,71.774,b'1',b'ARGOS   ',24.5,30.119,35.232
22,3,b'2900229 ',b'Argo INDIA                                                      ',b'M Ravichandran                                                  ',23.0,b'A',2003-06-12 08:53:18.000000000,b'1',-0.266,71.774,b'1',b'ARGOS   ',29.2,30.103,35.232
22,4,b'2900229 ',b'Argo INDIA                                                      ',b'M Ravichandran                                                  ',23.0,b'A',2003-06-12 08:53:18.000000000,b'1',-0.266,71.774,b'1',b'ARGOS   ',34.0,30.098,35.233
22,5,b'2900229 ',b'Argo INDIA                                                      ',b'M Ravichandran                                                  ',23.0,b'A',2003-06-12 08:53:18.000000000,b'1',-0.266,71.774,b'1',b'ARGOS   ',39.4,30.096,35.234
22,6,b'2900229 ',b'Argo INDIA                                                      ',b'M Ravichandran                                                  ',23.0,b'A',2003-06-12 08:53:18.000000000,b'1',-0.266,71.774,b'1',b'ARGOS   ',44.3,30.088,35.234
22,7,b'2900229 ',b'Argo INDIA                                                      ',b'M Ravichandran                                                  ',23.0,b'A',2003-06-12 08:53:18.000000000,b'1',-0.266,71.774,b'1',b'ARGOS   ',49.2,30.08,35.236
22,8,b'2900229 ',b'Argo INDIA                                                      ',b'M Ravichandran                                                  ',23.0,b'A',2003-06-12 08:53:18.000000000,b'1',-0.266,71.774,b'1',b'ARGOS   ',59.3,30.063,35.246
22,9,b'2900229 ',b'Argo INDIA                                                      ',b'M Ravichandran                                                  ',23.0,b'A',2003-06-12 08:53:18.000000000,b'1',-0.266,71.774,b'1',b'ARGOS   ',69.8,29.973,35.249
22,10,b'2900229 ',b'Argo INDIA                                                      ',b'M Ravichandran                                                  ',23.0,b'A',2003-06-12 08:53:18.000000000,b'1',-0.266,71.774,b'1',b'ARGOS   ',79.2,29.337,35.318
22,11,b'2900229 ',b'Argo INDIA                                                      ',b'M Ravichandran                                                  ',23.0,b'A',2003-06-12 08:53:18.000000000,b'1',-0.266,71.774,b'1',b'ARGOS   ',89.4,21.75,35.403
22,12,b'2900229 ',b'Argo INDIA                                                      ',b'M Ravichandran                                                  ',23.0,b'A',2003-06-12 08:53:18.000000000,b'1',-0.266,71.774,b'1',b'ARGOS   ',99.2,18.899,35.328
22,13,b'2900229 ',b'Argo INDIA                                                      ',b'M Ravichandran                                                  ',23.0,b'A',2003-06-12 08:53:18.000000000,b'1',-0.266,71.774,b'1',b'ARGOS   ',108.9,18.818,35.321
22,14,b'2900229 ',b'Argo INDIA                                                      ',b'M Ravichandran                                                  ',23.0,b'A',2003-06-12 08:53:18.000000000,b'1',-0.266,71.774,b'1',b'ARGOS   ',119.4,18.474,35.301
22,15,b'2900229 ',b'Argo INDIA                                                      ',b'M Ravichandran                                                  ',23.0,b'A',2003-06-12 08:53:18.000000000,b'1',-0.266,71.774,b'1',b'ARGOS   ',129.6,17.107,35.275
22,16,b'2900229 ',b'Argo INDIA                                                      ',b'M Ravichandran                                                  ',23.0,b'A',2003-06-12 08:53:18.000000000,b'1',-0.266,71.774,b'1',b'ARGOS   ',139.3,16.462,35.262
22,17,b'2900229 ',b'Argo INDIA                                                      ',b'M Ravichandran                                                  ',23.0,b'A',2003-06-12 08:53:18.000000000,b'1',-0.266,71.774,b'1',b'ARGOS   ',149.3,16.169,35.252
22,18,b'2900229 ',b'Argo INDIA                                                      ',b'M Ravichandran                                                  ',23.0,b'A',2003-06-12 08:53:18.000000000,b'1',-0.266,71.774,b'1',b'ARGOS   ',169.4,15.474,35.222
22,19,b'2900229 ',b'Argo INDIA                                                      ',b'M Ravichandran                                                  ',23.0,b'A',2003-06-12 08:53:18.000000000,b'1',-0.266,71.774,b'1',b'ARGOS   ',189.5,14.264,35.188
22,20,b'2900229 ',b'Argo INDIA                                                      ',b'M Ravichandran                                                  ',23.0,b'A',2003-06-12 08:53:18.000000000,b'1',-0.266,71.774,b'1',b'ARGOS   ',209.5,13.369,35.154
22,21,b'2900229 ',b'Argo INDIA                                                      ',b'M Ravichandran                                                  ',23.0,b'A',2003-06-12 08:53:18.000000000,b'1',-0.266,71.774,b'1',b'ARGOS   ',229.1,12.884,35.13
22,22,b'2900229 ',b'Argo INDIA                                                      ',b'M Ravichandran                                                  ',23.0,b'A',2003-06-12 08:53:18.000000000,b'1',-0.266,71.774,b'1',b'ARGOS   ',249.2,12.54,35.108
22,23,b'2900229 ',b'Argo INDIA                                                      ',b'M Ravichandran                                                  ',23.0,b'A',2003-06-12 08:53:18.000000000,b'1',-0.266,71.774,b'1',b'ARGOS   ',299.6,12.067,35.076
22,24,b'2900229 ',b'Argo INDIA                                                      ',b'M Ravichandran                                                  ',23.0,b'A',2003-06-12 08:53:18.000000000,b'1',-0.266,71.774,b'1',b'ARGOS   ',349.5,11.454,35.047
22,25,b'2900229 ',b'Argo INDIA                                                      ',b'M Ravichandran                                                  ',23.0,b'A',2003-06-12 08:53:18.000000000,b'1',-0.266,71.774,b'1',b'ARGOS   ',399.1,10.874,35.022
22,26,b'2900229 ',b'Argo INDIA                                                      ',b'M Ravichandran                                                  ',23.0,b'A',2003-06-12 08:53:18.000000000,b'1',-0.266,71.774,b'1',b'ARGOS   ',449.5,10.339,35.016
22,27,b'2900229 ',b'Argo INDIA                                                      ',b'M Ravichandran                                                  ',23.0,b'A',2003-06-12 08:53:18.000000000,b'1',-0.266,71.774,b'1',b'ARGOS   ',499.4,10.174,35.009
22,28,b'2900229 ',b'Argo INDIA                                                      ',b'M Ravichandran                                                  ',23.0,b'A',2003-06-12 08:53:18.000000000,b'1',-0.266,71.774,b'1',b'ARGOS   ',599.0,9.31,35.01
22,29,b'2900229 ',b'Argo INDIA                                                      ',b'M Ravichandran                                                  ',23.0,b'A',2003-06-12 08:53:18.000000000,b'1',-0.266,71.774,b'1',b'ARGOS   ',699.3,8.9,35.023
22,30,b'2900229 ',b'Argo INDIA                                                      ',b'M Ravichandran                                                  ',23.0,b'A',2003-06-12 08:53:18.000000000,b'1',-0.266,71.774,b'1',b'ARGOS   ',799.2,8.016,34.996
22,31,b'2900229 ',b'Argo INDIA                                                      ',b'M Ravichandran                                                  ',23.0,b'A',2003-06-12 08:53:18.000000000,b'1',-0.266,71.774,b'1',b'ARGOS   ',899.1,7.331,34.966
22,32,b'2900229 ',b'Argo INDIA                                                      ',b'M Ravichandran                                                  ',23.0,b'A',2003-06-12 08:53:18.000000000,b'1',-0.266,71.774,b'1',b'ARGOS   ',999.4,6.752,34.949
22,33,b'2900229 ',b'Argo INDIA                                                      ',b'M Ravichandran                                                  ',23.0,b'A',2003-06-12 08:53:18.000000000,b'1',-0.266,71.774,b'1',b'ARGOS   ',1099.4,6.301,34.927
22,34,b'2900229 ',b'Argo INDIA                                                      ',b'M Ravichandran                                                  ',23.0,b'A',2003-06-12 08:53:18.000000000,b'1',-0.266,71.774,b'1',b'ARGOS   ',1198.9,6.04,34.915
22,35,b'2900229 ',b'Argo INDIA                                                      ',b'M Ravichandran                                                  ',23.0,b'A',2003-06-12 08:53:18.000000000,b'1',-0.266,71.774,b'1',b'ARGOS   ',1299.3,5.464,34.882
22,36,b'2900229 ',b'Argo INDIA                                                      ',b'M Ravichandran                                                  ',23.0,b'A',2003-06-12 08:53:18.000000000,b'1',-0.266,71.774,b'1',b'ARGOS   ',1399.1,5.01,34.866
22,37,b'2900229 ',b'Argo INDIA                                                      ',b'M Ravichandran                                                  ',23.0,b'A',2003-06-12 08:53:18.000000000,b'1',-0.266,71.774,b'1',b'ARGOS   ',1499.3,4.592,34.855
22,38,b'2900229 ',b'Argo INDIA                                                      ',b'M Ravichandran                                                  ',23.0,b'A',2003-06-12 08:53:18.000000000,b'1',-0.266,71.774,b'1',b'ARGOS   ',1598.9,4.016,34.826
22,39,b'2900229 ',b'Argo INDIA                                                      ',b'M Ravichandran                                                  ',23.0,b'A',2003-06-12 08:53:18.000000000,b'1',-0.266,71.774,b'1',b'ARGOS   ',1699.3,3.765,34.814
22,40,b'2900229 ',b'Argo INDIA                                                      ',b'M Ravichandran                                                  ',23.0,b'A',2003-06-12 08:53:18.000000000,b'1',-0.266,71.774,b'1',b'ARGOS   ',1799.3,3.218,34.795
22,41,b'2900229 ',b'Argo INDIA                                                      ',b'M Ravichandran                                                  ',23.0,b'A',2003-06-12 08:53:18.000000000,b'1',-0.266,71.774,b'1',b'ARGOS   ',1899.1,3.052,34.784
22,42,b'2900229 ',b'Argo INDIA                                                      ',b'M Ravichandran                                                  ',23.0,b'A',2003-06-12 08:53:18.000000000,b'1',-0.266,71.774,b'1',b'ARGOS   ',1999.0,2.795,34.777
22,43,b'2900229 ',b'Argo INDIA                                                      ',b'M Ravichandran                                                  ',23.0,b'A',2003-06-12 08:53:18.000000000,b'1',-0.266,71.774,b'1',b'ARGOS   ',,,
22,44,b'2900229 ',b'Argo INDIA                                                      ',b'M Ravichandran                                                  ',23.0,b'A',2003-06-12 08:53:18.000000000,b'1',-0.266,71.774,b'1',b'ARGOS   ',,,
23,0,b'2900229 ',b'Argo INDIA                                                      ',b'M Ravichandran                                                  ',24.0,b'A',2003-06-22 08:50:49.000000000,b'1',0.112,72.135,b'1',b'ARGOS   ',17.5,29.888,35.178
23,1,b'2900229 ',b'Argo INDIA                                                      ',b'M Ravichandran                                                  ',24.0,b'A',2003-06-22 08:50:49.000000000,b'1',0.112,72.135,b'1',b'ARGOS   ',19.3,29.89,35.178
23,2,b'2900229 ',b'Argo INDIA                                                      ',b'M Ravichandran                                                  ',24.0,b'A',2003-06-22 08:50:49.000000000,b'1',0.112,72.135,b'1',b'ARGOS   ',23.8,29.894,35.178
23,3,b'2900229 ',b'Argo INDIA                                                      ',b'M Ravichandran                                                  ',24.0,b'A',2003-06-22 08:50:49.000000000,b'1',0.112,72.135,b'1',b'ARGOS   ',28.9,29.897,35.178
23,4,b'2900229 ',b'Argo INDIA                                                      ',b'M Ravichandran                                                  ',24.0,b'A',2003-06-22 08:50:49.000000000,b'1',0.112,72.135,b'1',b'ARGOS   ',34.3,29.897,35.177
23,5,b'2900229 ',b'Argo INDIA                                                      ',b'M Ravichandran                                                  ',24.0,b'A',2003-06-22 08:50:49.000000000,b'1',0.112,72.135,b'1',b'ARGOS   ',39.1,29.898,35.178
23,6,b'2900229 ',b'Argo INDIA                                                      ',b'M Ravichandran                                                  ',24.0,b'A',2003-06-22 08:50:49.000000000,b'1',0.112,72.135,b'1',b'ARGOS   ',44.3,29.899,35.178
23,7,b'2900229 ',b'Argo INDIA                                                      ',b'M Ravichandran                                                  ',24.0,b'A',2003-06-22 08:50:49.000000000,b'1',0.112,72.135,b'1',b'ARGOS   ',48.9,29.899,35.179
23,8,b'2900229 ',b'Argo INDIA                                                      ',b'M Ravichandran                                                  ',24.0,b'A',2003-06-22 08:50:49.000000000,b'1',0.112,72.135,b'1',b'ARGOS   ',59.5,29.903,35.18
23,9,b'2900229 ',b'Argo INDIA                                                      ',b'M Ravichandran                                                  ',24.0,b'A',2003-06-22 08:50:49.000000000,b'1',0.112,72.135,b'1',b'ARGOS   ',69.6,29.904,35.184
23,10,b'2900229 ',b'Argo INDIA                                                      ',b'M Ravichandran                                                  ',24.0,b'A',2003-06-22 08:50:49.000000000,b'1',0.112,72.135,b'1',b'ARGOS   ',79.8,28.864,35.234
23,11,b'2900229 ',b'Argo INDIA                                                      ',b'M Ravichandran                                                  ',24.0,b'A',2003-06-22 08:50:49.000000000,b'1',0.112,72.135,b'1',b'ARGOS   ',89.7,25.286,35.422
23,12,b'2900229 ',b'Argo INDIA                                                      ',b'M Ravichandran                                                  ',24.0,b'A',2003-06-22 08:50:49.000000000,b'1',0.112,72.135,b'1',b'ARGOS   ',99.7,23.661,35.437
23,13,b'2900229 ',b'Argo INDIA                                                      ',b'M Ravichandran                                                  ',24.0,b'A',2003-06-22 08:50:49.000000000,b'1',0.112,72.135,b'1',b'ARGOS   ',109.8,19.513,35.334
23,14,b'2900229 ',b'Argo INDIA                                                      ',b'M Ravichandran                                                  ',24.0,b'A',2003-06-22 08:50:49.000000000,b'1',0.112,72.135,b'1',b'ARGOS   ',119.4,18.976,35.327
23,15,b'2900229 ',b'Argo INDIA                                                      ',b'M Ravichandran                                                  ',24.0,b'A',2003-06-22 08:50:49.000000000,b'1',0.112,72.135,b'1',b'ARGOS   ',129.4,18.575,35.309
23,16,b'2900229 ',b'Argo INDIA                                                      ',b'M Ravichandran                                                  ',24.0,b'A',2003-06-22 08:50:49.000000000,b'1',0.112,72.135,b'1',b'ARGOS   ',139.3,17.997,35.298
23,17,b'2900229 ',b'Argo INDIA                                                      ',b'M Ravichandran                                                  ',24.0,b'A',2003-06-22 08:50:49.000000000,b'1',0.112,72.135,b'1',b'ARGOS   ',148.9,17.753,35.294
23,18,b'2900229 ',b'Argo INDIA                                                      ',b'M Ravichandran                                                  ',24.0,b'A',2003-06-22 08:50:49.000000000,b'1',0.112,72.135,b'1',b'ARGOS   ',169.4,17.494,35.287
23,19,b'2900229 ',b'Argo INDIA                                                      ',b'M Ravichandran                                                  ',24.0,b'A',2003-06-22 08:50:49.000000000,b'1',0.112,72.135,b'1',b'ARGOS   ',189.7,16.661,35.259
23,20,b'2900229 ',b'Argo INDIA                                                      ',b'M Ravichandran                                                  ',24.0,b'A',2003-06-22 08:50:49.000000000,b'1',0.112,72.135,b'1',b'ARGOS   ',209.5,15.557,35.229
23,21,b'2900229 ',b'Argo INDIA                                                      ',b'M Ravichandran                                                  ',24.0,b'A',2003-06-22 08:50:49.000000000,b'1',0.112,72.135,b'1',b'ARGOS   ',229.0,14.67,35.202
23,22,b'2900229 ',b'Argo INDIA                                                      ',b'M Ravichandran                                                  ',24.0,b'A',2003-06-22 08:50:49.000000000,b'1',0.112,72.135,b'1',b'ARGOS   ',249.5,13.656,35.143
23,23,b'2900229 ',b'Argo INDIA                                                      ',b'M Ravichandran                                                  ',24.0,b'A',2003-06-22 08:50:49.000000000,b'1',0.112,72.135,b'1',b'ARGOS   ',299.2,12.576,35.108
23,24,b'2900229 ',b'Argo INDIA                                                      ',b'M Ravichandran                                                  ',24.0,b'A',2003-06-22 08:50:49.000000000,b'1',0.112,72.135,b'1',b'ARGOS   ',349.4,11.501,35.056
23,25,b'2900229 ',b'Argo INDIA                                                      ',b'M Ravichandran                                                  ',24.0,b'A',2003-06-22 08:50:49.000000000,b'1',0.112,72.135,b'1',b'ARGOS   ',399.4,10.8,35.023
23,26,b'2900229 ',b'Argo INDIA                                                      ',b'M Ravichandran                                                  ',24.0,b'A',2003-06-22 08:50:49.000000000,b'1',0.112,72.135,b'1',b'ARGOS   ',449.5,10.439,35.0
23,27,b'2900229 ',b'Argo INDIA                                                      ',b'M Ravichandran                                                  ',24.0,b'A',2003-06-22 08:50:49.000000000,b'1',0.112,72.135,b'1',b'ARGOS   ',499.3,9.997,34.993
23,28,b'2900229 ',b'Argo INDIA                                                      ',b'M Ravichandran                                                  ',24.0,b'A',2003-06-22 08:50:49.000000000,b'1',0.112,72.135,b'1',b'ARGOS   ',598.9,9.242,34.991
23,29,b'2900229 ',b'Argo INDIA                                                      ',b'M Ravichandran                                                  ',24.0,b'A',2003-06-22 08:50:49.000000000,b'1',0.112,72.135,b'1',b'ARGOS   ',699.3,8.964,35.024
23,30,b'2900229 ',b'Argo INDIA                                                      ',b'M Ravichandran                                                  ',24.0,b'A',2003-06-22 08:50:49.000000000,b'1',0.112,72.135,b'1',b'ARGOS   ',799.3,8.288,35.019
23,31,b'2900229 ',b'Argo INDIA                                                      ',b'M Ravichandran                                                  ',24.0,b'A',2003-06-22 08:50:49.000000000,b'1',0.112,72.135,b'1',b'ARGOS   ',898.9,7.521,34.979
23,32,b'2900229 ',b'Argo INDIA                                                      ',b'M Ravichandran                                                  ',24.0,b'A',2003-06-22 08:50:49.000000000,b'1',0.112,72.135,b'1',b'ARGOS   ',999.4,6.683,34.945
23,33,b'2900229 ',b'Argo INDIA                                                      ',b'M Ravichandran                                                  ',24.0,b'A',2003-06-22 08:50:49.000000000,b'1',0.112,72.135,b'1',b'ARGOS   ',1099.3,6.335,34.939
23,34,b'2900229 ',b'Argo INDIA                                                      ',b'M Ravichandran                                                  ',24.0,b'A',2003-06-22 08:50:49.000000000,b'1',0.112,72.135,b'1',b'ARGOS   ',1198.8,5.881,34.91
23,35,b'2900229 ',b'Argo INDIA                                                      ',b'M Ravichandran                                                  ',24.0,b'A',2003-06-22 08:50:49.000000000,b'1',0.112,72.135,b'1',b'ARGOS   ',1299.2,5.46,34.888
23,36,b'2900229 ',b'Argo INDIA                                                      ',b'M Ravichandran                                                  ',24.0,b'A',2003-06-22 08:50:49.000000000,b'1',0.112,72.135,b'1',b'ARGOS   ',1399.0,4.968,34.866
23,37,b'2900229 ',b'Argo INDIA                                                      ',b'M Ravichandran                                                  ',24.0,b'A',2003-06-22 08:50:49.000000000,b'1',0.112,72.135,b'1',b'ARGOS   ',1499.4,4.522,34.855
23,38,b'2900229 ',b'Argo INDIA                                                      ',b'M Ravichandran                                                  ',24.0,b'A',2003-06-22 08:50:49.000000000,b'1',0.112,72.135,b'1',b'ARGOS   ',1599.2,3.99,34.826
23,39,b'2900229 ',b'Argo INDIA                                                      ',b'M Ravichandran                                                  ',24.0,b'A',2003-06-22 08:50:49.000000000,b'1',0.112,72.135,b'1',b'ARGOS   ',1699.4,3.569,34.807
23,40,b'2900229 ',b'Argo INDIA                                                      ',b'M Ravichandran                                                  ',24.0,b'A',2003-06-22 08:50:49.000000000,b'1',0.112,72.135,b'1',b'ARGOS   ',1799.1,3.324,34.798
23,41,b'2900229 ',b'Argo INDIA                                                      ',b'M Ravichandran                                                  ',24.0,b'A',2003-06-22 08:50:49.000000000,b'1',0.112,72.135,b'1',b'ARGOS   ',1899.0,2.979,34.783
23,42,b'2900229 ',b'Argo INDIA                                                      ',b'M Ravichandran                                                  ',24.0,b'A',2003-06-22 08:50:49.000000000,b'1',0.112,72.135,b'1',b'ARGOS   ',1999.4,2.692,34.773
23,43,b'2900229 ',b'Argo INDIA                                                      ',b'M Ravichandran                                                  ',24.0,b'A',2003-06-22 08:50:49.000000000,b'1',0.112,72.135,b'1',b'ARGOS   ',,,
23,44,b'2900229 ',b'Argo INDIA                                                      ',b'M Ravichandran                                                  ',24.0,b'A',2003-06-22 08:50:49.000000000,b'1',0.112,72.135,b'1',b'ARGOS   ',,,
24,0,b'2900229 ',b'Argo INDIA                                                      ',b'M Ravichandran                                                  ',25.0,b'A',2003-07-02 08:44:52.000000000,b'1',0.152,72.321,b'1',b'ARGOS   ',17.6,29.699,34.347
24,1,b'2900229 ',b'Argo INDIA                                                      ',b'M Ravichandran                                                  ',25.0,b'A',2003-07-02 08:44:52.000000000,b'1',0.152,72.321,b'1',b'ARGOS   ',19.6,29.649,34.396
24,2,b'2900229 ',b'Argo INDIA                                                      ',b'M Ravichandran                                                  ',25.0,b'A',2003-07-02 08:44:52.000000000,b'1',0.152,72.321,b'1',b'ARGOS   ',24.4,29.543,34.552
24,3,b'2900229 ',b'Argo INDIA                                                      ',b'M Ravichandran                                                  ',25.0,b'A',2003-07-02 08:44:52.000000000,b'1',0.152,72.321,b'1',b'ARGOS   ',29.5,29.406,34.725
24,4,b'2900229 ',b'Argo INDIA                                                      ',b'M Ravichandran                                                  ',25.0,b'A',2003-07-02 08:44:52.000000000,b'1',0.152,72.321,b'1',b'ARGOS   ',34.1,29.352,34.804
24,5,b'2900229 ',b'Argo INDIA                                                      ',b'M Ravichandran                                                  ',25.0,b'A',2003-07-02 08:44:52.000000000,b'1',0.152,72.321,b'1',b'ARGOS   ',39.2,29.56,34.974
24,6,b'2900229 ',b'Argo INDIA                                                      ',b'M Ravichandran                                                  ',25.0,b'A',2003-07-02 08:44:52.000000000,b'1',0.152,72.321,b'1',b'ARGOS   ',44.4,29.37,34.99
24,7,b'2900229 ',b'Argo INDIA                                                      ',b'M Ravichandran                                                  ',25.0,b'A',2003-07-02 08:44:52.000000000,b'1',0.152,72.321,b'1',b'ARGOS   ',49.0,29.315,34.986
24,8,b'2900229 ',b'Argo INDIA                                                      ',b'M Ravichandran                                                  ',25.0,b'A',2003-07-02 08:44:52.000000000,b'1',0.152,72.321,b'1',b'ARGOS   ',59.2,29.23,34.977
24,9,b'2900229 ',b'Argo INDIA                                                      ',b'M Ravichandran                                                  ',25.0,b'A',2003-07-02 08:44:52.000000000,b'1',0.152,72.321,b'1',b'ARGOS   ',69.7,29.203,35.093
24,10,b'2900229 ',b'Argo INDIA                                                      ',b'M Ravichandran                                                  ',25.0,b'A',2003-07-02 08:44:52.000000000,b'1',0.152,72.321,b'1',b'ARGOS   ',79.4,28.97,35.125
24,11,b'2900229 ',b'Argo INDIA                                                      ',b'M Ravichandran                                                  ',25.0,b'A',2003-07-02 08:44:52.000000000,b'1',0.152,72.321,b'1',b'ARGOS   ',89.8,28.412,35.097
24,12,b'2900229 ',b'Argo INDIA                                                      ',b'M Ravichandran                                                  ',25.0,b'A',2003-07-02 08:44:52.000000000,b'1',0.152,72.321,b'1',b'ARGOS   ',99.1,24.568,35.307
24,13,b'2900229 ',b'Argo INDIA                                                      ',b'M Ravichandran                                                  ',25.0,b'A',2003-07-02 08:44:52.000000000,b'1',0.152,72.321,b'1',b'ARGOS   ',109.7,24.195,35.309
24,14,b'2900229 ',b'Argo INDIA                                                      ',b'M Ravichandran                                                  ',25.0,b'A',2003-07-02 08:44:52.000000000,b'1',0.152,72.321,b'1',b'ARGOS   ',119.5,21.735,35.385
24,15,b'2900229 ',b'Argo INDIA                                                      ',b'M Ravichandran                                                  ',25.0,b'A',2003-07-02 08:44:52.000000000,b'1',0.152,72.321,b'1',b'ARGOS   ',129.6,18.926,35.322
24,16,b'2900229 ',b'Argo INDIA                                                      ',b'M Ravichandran                                                  ',25.0,b'A',2003-07-02 08:44:52.000000000,b'1',0.152,72.321,b'1',b'ARGOS   ',139.5,17.745,35.296
24,17,b'2900229 ',b'Argo INDIA                                                      ',b'M Ravichandran                                                  ',25.0,b'A',2003-07-02 08:44:52.000000000,b'1',0.152,72.321,b'1',b'ARGOS   ',149.3,17.704,35.294
24,18,b'2900229 ',b'Argo INDIA                                                      ',b'M Ravichandran                                                  ',25.0,b'A',2003-07-02 08:44:52.000000000,b'1',0.152,72.321,b'1',b'ARGOS   ',169.4,17.212,35.267
24,19,b'2900229 ',b'Argo INDIA                                                      ',b'M Ravichandran                                                  ',25.0,b'A',2003-07-02 08:44:52.000000000,b'1',0.152,72.321,b'1',b'ARGOS   ',189.5,15.404,35.191
24,20,b'2900229 ',b'Argo INDIA                                                      ',b'M Ravichandran                                                  ',25.0,b'A',2003-07-02 08:44:52.000000000,b'1',0.152,72.321,b'1',b'ARGOS   ',209.6,14.507,35.182
24,21,b'2900229 ',b'Argo INDIA                                                      ',b'M Ravichandran                                                  ',25.0,b'A',2003-07-02 08:44:52.000000000,b'1',0.152,72.321,b'1',b'ARGOS   ',229.2,13.691,35.149
24,22,b'2900229 ',b'Argo INDIA                                                      ',b'M Ravichandran                                                  ',25.0,b'A',2003-07-02 08:44:52.000000000,b'1',0.152,72.321,b'1',b'ARGOS   ',248.6,13.009,35.127
24,23,b'2900229 ',b'Argo INDIA                                                      ',b'M Ravichandran                                                  ',25.0,b'A',2003-07-02 08:44:52.000000000,b'1',0.152,72.321,b'1',b'ARGOS   ',299.1,12.333,35.087
24,24,b'2900229 ',b'Argo INDIA                                                      ',b'M Ravichandran                                                  ',25.0,b'A',2003-07-02 08:44:52.000000000,b'1',0.152,72.321,b'1',b'ARGOS   ',349.0,10.871,35.023
24,25,b'2900229 ',b'Argo INDIA                                                      ',b'M Ravichandran                                                  ',25.0,b'A',2003-07-02 08:44:52.000000000,b'1',0.152,72.321,b'1',b'ARGOS   ',398.8,10.739,35.016
24,26,b'2900229 ',b'Argo INDIA                                                      ',b'M Ravichandran                                                  ',25.0,b'A',2003-07-02 08:44:52.000000000,b'1',0.152,72.321,b'1',b'ARGOS   ',449.3,10.633,35.014
24,27,b'2900229 ',b'Argo INDIA                                                      ',b'M Ravichandran                                                  ',25.0,b'A',2003-07-02 08:44:52.000000000,b'1',0.152,72.321,b'1',b'ARGOS   ',499.1,10.139,35.006
24,28,b'2900229 ',b'Argo INDIA                                                      ',b'M Ravichandran                                                  ',25.0,b'A',2003-07-02 08:44:52.000000000,b'1',0.152,72.321,b'1',b'ARGOS   ',599.0,9.244,34.999
24,29,b'2900229 ',b'Argo INDIA                                                      ',b'M Ravichandran                                                  ',25.0,b'A',2003-07-02 08:44:52.000000000,b'1',0.152,72.321,b'1',b'ARGOS   ',699.3,9.013,35.005
24,30,b'2900229 ',b'Argo INDIA                                                      ',b'M Ravichandran                                                  ',25.0,b'A',2003-07-02 08:44:52.000000000,b'1',0.152,72.321,b'1',b'ARGOS   ',799.4,8.485,35.025
24,31,b'2900229 ',b'Argo INDIA                                                      ',b'M Ravichandran                                                  ',25.0,b'A',2003-07-02 08:44:52.000000000,b'1',0.152,72.321,b'1',b'ARGOS   ',899.3,7.308,34.968
24,32,b'2900229 ',b'Argo INDIA                                                      ',b'M Ravichandran                                                  ',25.0,b'A',2003-07-02 08:44:52.000000000,b'1',0.152,72.321,b'1',b'ARGOS   ',999.2,6.715,34.946
24,33,b'2900229 ',b'Argo INDIA                                                      ',b'M Ravichandran                                                  ',25.0,b'A',2003-07-02 08:44:52.000000000,b'1',0.152,72.321,b'1',b'ARGOS   ',1099.3,6.332,34.937
24,34,b'2900229 ',b'Argo INDIA                                                      ',b'M Ravichandran                                                  ',25.0,b'A',2003-07-02 08:44:52.000000000,b'1',0.152,72.321,b'1',b'ARGOS   ',1199.3,5.697,34.896
24,35,b'2900229 ',b'Argo INDIA                                                      ',b'M Ravichandran                                                  ',25.0,b'A',2003-07-02 08:44:52.000000000,b'1',0.152,72.321,b'1',b'ARGOS   ',1299.1,5.529,34.89
24,36,b'2900229 ',b'Argo INDIA                                                      ',b'M Ravichandran                                                  ',25.0,b'A',2003-07-02 08:44:52.000000000,b'1',0.152,72.321,b'1',b'ARGOS   ',1399.2,5.132,34.872
24,37,b'2900229 ',b'Argo INDIA                                                      ',b'M Ravichandran                                                  ',25.0,b'A',2003-07-02 08:44:52.000000000,b'1',0.152,72.321,b'1',b'ARGOS   ',1499.6,4.581,34.856
24,38,b'2900229 ',b'Argo INDIA                                                      ',b'M Ravichandran                                                  ',25.0,b'A',2003-07-02 08:44:52.000000000,b'1',0.152,72.321,b'1',b'ARGOS   ',1599.2,3.974,34.823
24,39,b'2900229 ',b'Argo INDIA                                                      ',b'M Ravichandran                                                  ',25.0,b'A',2003-07-02 08:44:52.000000000,b'1',0.152,72.321,b'1',b'ARGOS   ',1699.1,3.578,34.803
24,40,b'2900229 ',b'Argo INDIA                                                      ',b'M Ravichandran                                                  ',25.0,b'A',2003-07-02 08:44:52.000000000,b'1',0.152,72.321,b'1',b'ARGOS   ',1799.2,3.283,34.795
24,41,b'2900229 ',b'Argo INDIA                                                      ',b'M Ravichandran                                                  ',25.0,b'A',2003-07-02 08:44:52.000000000,b'1',0.152,72.321,b'1',b'ARGOS   ',1899.2,2.991,34.785
24,42,b'2900229 ',b'Argo INDIA                                                      ',b'M Ravichandran                                                  ',25.0,b'A',2003-07-02 08:44:52.000000000,b'1',0.152,72.321,b'1',b'ARGOS   ',1999.0,2.821,34.778
24,43,b'2900229 ',b'Argo INDIA                                                      ',b'M Ravichandran                                                  ',25.0,b'A',2003-07-02 08:44:52.000000000,b'1',0.152,72.321,b'1',b'ARGOS   ',,,
24,44,b'2900229 ',b'Argo INDIA                                                      ',b'M Ravichandran                                                  ',25.0,b'A',2003-07-02 08:44:52.000000000,b'1',0.152,72.321,b'1',b'ARGOS   ',,,
25,0,b'2900229 ',b'Argo INDIA                                                      ',b'M Ravichandran                                                  ',26.0,b'A',2003-07-12 08:43:06.000000000,b'1',0.272,72.303,b'1',b'ARGOS   ',17.6,29.672,34.618
25,1,b'2900229 ',b'Argo INDIA                                                      ',b'M Ravichandran                                                  ',26.0,b'A',2003-07-12 08:43:06.000000000,b'1',0.272,72.303,b'1',b'ARGOS   ',19.2,29.578,34.615
25,2,b'2900229 ',b'Argo INDIA                                                      ',b'M Ravichandran                                                  ',26.0,b'A',2003-07-12 08:43:06.000000000,b'1',0.272,72.303,b'1',b'ARGOS   ',24.5,29.547,34.614
25,3,b'2900229 ',b'Argo INDIA                                                      ',b'M Ravichandran                                                  ',26.0,b'A',2003-07-12 08:43:06.000000000,b'1',0.272,72.303,b'1',b'ARGOS   ',29.1,29.542,34.619
25,4,b'2900229 ',b'Argo INDIA                                                      ',b'M Ravichandran                                                  ',26.0,b'A',2003-07-12 08:43:06.000000000,b'1',0.272,72.303,b'1',b'ARGOS   ',34.2,29.611,34.694
25,5,b'2900229 ',b'Argo INDIA                                                      ',b'M Ravichandran                                                  ',26.0,b'A',2003-07-12 08:43:06.000000000,b'1',0.272,72.303,b'1',b'ARGOS   ',39.2,29.647,34.738
25,6,b'2900229 ',b'Argo INDIA                                                      ',b'M Ravichandran                                                  ',26.0,b'A',2003-07-12 08:43:06.000000000,b'1',0.272,72.303,b'1',b'ARGOS   ',44.2,29.652,34.814
25,7,b'2900229 ',b'Argo INDIA                                                      ',b'M Ravichandran                                                  ',26.0,b'A',2003-07-12 08:43:06.000000000,b'1',0.272,72.303,b'1',b'ARGOS   ',49.5,29.456,34.835
25,8,b'2900229 ',b'Argo INDIA                                                      ',b'M Ravichandran                                                  ',26.0,b'A',2003-07-12 08:43:06.000000000,b'1',0.272,72.303,b'1',b'ARGOS   ',59.6,29.279,34.888
25,9,b'2900229 ',b'Argo INDIA                                                      ',b'M Ravichandran                                                  ',26.0,b'A',2003-07-12 08:43:06.000000000,b'1',0.272,72.303,b'1',b'ARGOS   ',69.7,28.848,34.875
25,10,b'2900229 ',b'Argo INDIA                                                      ',b'M Ravichandran                                                  ',26.0,b'A',2003-07-12 08:43:06.000000000,b'1',0.272,72.303,b'1',b'ARGOS   ',79.4,27.176,35.055
25,11,b'2900229 ',b'Argo INDIA                                                      ',b'M Ravichandran                                                  ',26.0,b'A',2003-07-12 08:43:06.000000000,b'1',0.272,72.303,b'1',b'ARGOS   ',89.8,26.2,35.256
25,12,b'2900229 ',b'Argo INDIA                                                      ',b'M Ravichandran                                                  ',26.0,b'A',2003-07-12 08:43:06.000000000,b'1',0.272,72.303,b'1',b'ARGOS   ',99.7,25.103,35.331
25,13,b'2900229 ',b'Argo INDIA                                                      ',b'M Ravichandran                                                  ',26.0,b'A',2003-07-12 08:43:06.000000000,b'1',0.272,72.303,b'1',b'ARGOS   ',109.6,23.334,35.286
25,14,b'2900229 ',b'Argo INDIA                                                      ',b'M Ravichandran                                                  ',26.0,b'A',2003-07-12 08:43:06.000000000,b'1',0.272,72.303,b'1',b'ARGOS   ',119.6,21.387,35.338
25,15,b'2900229 ',b'Argo INDIA                                                      ',b'M Ravichandran                                                  ',26.0,b'A',2003-07-12 08:43:06.000000000,b'1',0.272,72.303,b'1',b'ARGOS   ',129.2,19.708,35.341
25,16,b'2900229 ',b'Argo INDIA                                                      ',b'M Ravichandran                                                  ',26.0,b'A',2003-07-12 08:43:06.000000000,b'1',0.272,72.303,b'1',b'ARGOS   ',139.5,18.973,35.325
25,17,b'2900229 ',b'Argo INDIA                                                      ',b'M Ravichandran                                                  ',26.0,b'A',2003-07-12 08:43:06.000000000,b'1',0.272,72.303,b'1',b'ARGOS   ',149.6,18.725,35.31
25,18,b'2900229 ',b'Argo INDIA                                                      ',b'M Ravichandran                                                  ',26.0,b'A',2003-07-12 08:43:06.000000000,b'1',0.272,72.303,b'1',b'ARGOS   ',169.3,17.485,35.283
25,19,b'2900229 ',b'Argo INDIA                                                      ',b'M Ravichandran                                                  ',26.0,b'A',2003-07-12 08:43:06.000000000,b'1',0.272,72.303,b'1',b'ARGOS   ',189.4,16.556,35.244
25,20,b'2900229 ',b'Argo INDIA                                                      ',b'M Ravichandran                                                  ',26.0,b'A',2003-07-12 08:43:06.000000000,b'1',0.272,72.303,b'1',b'ARGOS   ',209.1,14.569,35.164
25,21,b'2900229 ',b'Argo INDIA                                                      ',b'M Ravichandran                                                  ',26.0,b'A',2003-07-12 08:43:06.000000000,b'1',0.272,72.303,b'1',b'ARGOS   ',229.1,13.537,35.129
25,22,b'2900229 ',b'Argo INDIA                                                      ',b'M Ravichandran                                                  ',26.0,b'A',2003-07-12 08:43:06.000000000,b'1',0.272,72.303,b'1',b'ARGOS   ',249.1,13.28,35.12
25,23,b'2900229 ',b'Argo INDIA                                                      ',b'M Ravichandran                                                  ',26.0,b'A',2003-07-12 08:43:06.000000000,b'1',0.272,72.303,b'1',b'ARGOS   ',299.6,11.895,35.072
25,24,b'2900229 ',b'Argo INDIA                                                      ',b'M Ravichandran                                                  ',26.0,b'A',2003-07-12 08:43:06.000000000,b'1',0.272,72.303,b'1',b'ARGOS   ',349.4,11.649,35.058
25,25,b'2900229 ',b'Argo INDIA                                                      ',b'M Ravichandran                                                  ',26.0,b'A',2003-07-12 08:43:06.000000000,b'1',0.272,72.303,b'1',b'ARGOS   ',398.8,10.88,35.027
25,26,b'2900229 ',b'Argo INDIA                                                      ',b'M Ravichandran                                                  ',26.0,b'A',2003-07-12 08:43:06.000000000,b'1',0.272,72.303,b'1',b'ARGOS   ',448.7,10.135,35.004
25,27,b'2900229 ',b'Argo INDIA                                                      ',b'M Ravichandran                                                  ',26.0,b'A',2003-07-12 08:43:06.000000000,b'1',0.272,72.303,b'1',b'ARGOS   ',499.3,9.453,34.982
25,28,b'2900229 ',b'Argo INDIA                                                      ',b'M Ravichandran                                                  ',26.0,b'A',2003-07-12 08:43:06.000000000,b'1',0.272,72.303,b'1',b'ARGOS   ',599.3,9.238,35.042
25,29,b'2900229 ',b'Argo INDIA                                                      ',b'M Ravichandran                                                  ',26.0,b'A',2003-07-12 08:43:06.000000000,b'1',0.272,72.303,b'1',b'ARGOS   ',699.0,8.937,35.06
25,30,b'2900229 ',b'Argo INDIA                                                      ',b'M Ravichandran                                                  ',26.0,b'A',2003-07-12 08:43:06.000000000,b'1',0.272,72.303,b'1',b'ARGOS   ',799.2,7.84,34.998
25,31,b'2900229 ',b'Argo INDIA                                                      ',b'M Ravichandran                                                  ',26.0,b'A',2003-07-12 08:43:06.000000000,b'1',0.272,72.303,b'1',b'ARGOS   ',899.3,6.979,34.959
25,32,b'2900229 ',b'Argo INDIA                                                      ',b'M Ravichandran                                                  ',26.0,b'A',2003-07-12 08:43:06.000000000,b'1',0.272,72.303,b'1',b'ARGOS   ',998.8,6.68,34.95
25,33,b'2900229 ',b'Argo INDIA                                                      ',b'M Ravichandran                                                  ',26.0,b'A',2003-07-12 08:43:06.000000000,b'1',0.272,72.303,b'1',b'ARGOS   ',1099.4,6.269,34.942
25,34,b'2900229 ',b'Argo INDIA                                                      ',b'M Ravichandran                                                  ',26.0,b'A',2003-07-12 08:43:06.000000000,b'1',0.272,72.303,b'1',b'ARGOS   ',1199.1,5.783,34.905
25,35,b'2900229 ',b'Argo INDIA                                                      ',b'M Ravichandran                                                  ',26.0,b'A',2003-07-12 08:43:06.000000000,b'1',0.272,72.303,b'1',b'ARGOS   ',1299.1,5.533,34.893
25,36,b'2900229 ',b'Argo INDIA                                                      ',b'M Ravichandran                                                  ',26.0,b'A',2003-07-12 08:43:06.000000000,b'1',0.272,72.303,b'1',b'ARGOS   ',1399.1,4.986,34.871
25,37,b'2900229 ',b'Argo INDIA                                                      ',b'M Ravichandran                                                  ',26.0,b'A',2003-07-12 08:43:06.000000000,b'1',0.272,72.303,b'1',b'ARGOS   ',1499.6,4.396,34.853
25,38,b'2900229 ',b'Argo INDIA                                                      ',b'M Ravichandran                                                  ',26.0,b'A',2003-07-12 08:43:06.000000000,b'1',0.272,72.303,b'1',b'ARGOS   ',1599.0,4.008,34.833
25,39,b'2900229 ',b'Argo INDIA                                                      ',b'M Ravichandran                                                  ',26.0,b'A',2003-07-12 08:43:06.000000000,b'1',0.272,72.303,b'1',b'ARGOS   ',1699.3,3.45,34.803
25,40,b'2900229 ',b'Argo INDIA                                                      ',b'M Ravichandran                                                  ',26.0,b'A',2003-07-12 08:43:06.000000000,b'1',0.272,72.303,b'1',b'ARGOS   ',1799.2,3.346,34.802
25,41,b'2900229 ',b'Argo INDIA                                                      ',b'M Ravichandran                                                  ',26.0,b'A',2003-07-12 08:43:06.000000000,b'1',0.272,72.303,b'1',b'ARGOS   ',1899.3,3.002,34.787
25,42,b'2900229 ',b'Argo INDIA                                                      ',b'M Ravichandran                                                  ',26.0,b'A',2003-07-12 08:43:06.000000000,b'1',0.272,72.303,b'1',b'ARGOS   ',1998.9,2.822,34.777
25,43,b'2900229 ',b'Argo INDIA                                                      ',b'M Ravichandran                                                  ',26.0,b'A',2003-07-12 08:43:06.000000000,b'1',0.272,72.303,b'1',b'ARGOS   ',,,
25,44,b'2900229 ',b'Argo INDIA                                                      ',b'M Ravichandran                                                  ',26.0,b'A',2003-07-12 08:43:06.000000000,b'1',0.272,72.303,b'1',b'ARGOS   ',,,
26,0,b'2900229 ',b'Argo INDIA                                                      ',b'M Ravichandran                                                  ',27.0,b'A',2003-07-22 08:34:27.000000000,b'1',0.539,71.718,b'1',b'ARGOS   ',17.9,29.439,34.549
26,1,b'2900229 ',b'Argo INDIA                                                      ',b'M Ravichandran                                                  ',27.0,b'A',2003-07-22 08:34:27.000000000,b'1',0.539,71.718,b'1',b'ARGOS   ',19.3,29.422,34.549
26,2,b'2900229 ',b'Argo INDIA                                                      ',b'M Ravichandran                                                  ',27.0,b'A',2003-07-22 08:34:27.000000000,b'1',0.539,71.718,b'1',b'ARGOS   ',24.2,29.392,34.549
26,3,b'2900229 ',b'Argo INDIA                                                      ',b'M Ravichandran                                                  ',27.0,b'A',2003-07-22 08:34:27.000000000,b'1',0.539,71.718,b'1',b'ARGOS   ',29.5,29.378,34.552
26,4,b'2900229 ',b'Argo INDIA                                                      ',b'M Ravichandran                                                  ',27.0,b'A',2003-07-22 08:34:27.000000000,b'1',0.539,71.718,b'1',b'ARGOS   ',34.4,29.348,34.62
26,5,b'2900229 ',b'Argo INDIA                                                      ',b'M Ravichandran                                                  ',27.0,b'A',2003-07-22 08:34:27.000000000,b'1',0.539,71.718,b'1',b'ARGOS   ',39.7,28.974,34.799
26,6,b'2900229 ',b'Argo INDIA                                                      ',b'M Ravichandran                                                  ',27.0,b'A',2003-07-22 08:34:27.000000000,b'1',0.539,71.718,b'1',b'ARGOS   ',44.5,28.754,34.903
26,7,b'2900229 ',b'Argo INDIA                                                      ',b'M Ravichandran                                                  ',27.0,b'A',2003-07-22 08:34:27.000000000,b'1',0.539,71.718,b'1',b'ARGOS   ',49.5,28.432,35.011
26,8,b'2900229 ',b'Argo INDIA                                                      ',b'M Ravichandran                                                  ',27.0,b'A',2003-07-22 08:34:27.000000000,b'1',0.539,71.718,b'1',b'ARGOS   ',59.6,27.703,35.303
26,9,b'2900229 ',b'Argo INDIA                                                      ',b'M Ravichandran                                                  ',27.0,b'A',2003-07-22 08:34:27.000000000,b'1',0.539,71.718,b'1',b'ARGOS   ',69.0,26.326,35.251
26,10,b'2900229 ',b'Argo INDIA                                                      ',b'M Ravichandran                                                  ',27.0,b'A',2003-07-22 08:34:27.000000000,b'1',0.539,71.718,b'1',b'ARGOS   ',79.5,26.3,35.346
26,11,b'2900229 ',b'Argo INDIA                                                      ',b'M Ravichandran                                                  ',27.0,b'A',2003-07-22 08:34:27.000000000,b'1',0.539,71.718,b'1',b'ARGOS   ',89.3,24.921,35.401
26,12,b'2900229 ',b'Argo INDIA                                                      ',b'M Ravichandran                                                  ',27.0,b'A',2003-07-22 08:34:27.000000000,b'1',0.539,71.718,b'1',b'ARGOS   ',99.6,23.779,35.397
26,13,b'2900229 ',b'Argo INDIA                                                      ',b'M Ravichandran                                                  ',27.0,b'A',2003-07-22 08:34:27.000000000,b'1',0.539,71.718,b'1',b'ARGOS   ',109.3,22.481,35.367
26,14,b'2900229 ',b'Argo INDIA                                                      ',b'M Ravichandran                                                  ',27.0,b'A',2003-07-22 08:34:27.000000000,b'1',0.539,71.718,b'1',b'ARGOS   ',119.4,21.87,35.381
26,15,b'2900229 ',b'Argo INDIA                                                      ',b'M Ravichandran                                                  ',27.0,b'A',2003-07-22 08:34:27.000000000,b'1',0.539,71.718,b'1',b'ARGOS   ',129.3,20.109,35.349
26,16,b'2900229 ',b'Argo INDIA                                                      ',b'M Ravichandran                                                  ',27.0,b'A',2003-07-22 08:34:27.000000000,b'1',0.539,71.718,b'1',b'ARGOS   ',139.5,19.194,35.316
26,17,b'2900229 ',b'Argo INDIA                                                      ',b'M Ravichandran                                                  ',27.0,b'A',2003-07-22 08:34:27.000000000,b'1',0.539,71.718,b'1',b'ARGOS   ',149.7,19.042,35.312
26,18,b'2900229 ',b'Argo INDIA                                                      ',b'M Ravichandran                                                  ',27.0,b'A',2003-07-22 08:34:27.000000000,b'1',0.539,71.718,b'1',b'ARGOS   ',169.6,16.434,35.247
26,19,b'2900229 ',b'Argo INDIA                                                      ',b'M Ravichandran                                                  ',27.0,b'A',2003-07-22 08:34:27.000000000,b'1',0.539,71.718,b'1',b'ARGOS   ',189.4,15.766,35.22
26,20,b'2900229 ',b'Argo INDIA                                                      ',b'M Ravichandran                                                  ',27.0,b'A',2003-07-22 08:34:27.000000000,b'1',0.539,71.718,b'1',b'ARGOS   ',209.4,14.838,35.182
26,21,b'2900229 ',b'Argo INDIA                                                      ',b'M Ravichandran                                                  ',27.0,b'A',2003-07-22 08:34:27.000000000,b'1',0.539,71.718,b'1',b'ARGOS   ',228.9,13.661,35.172
26,22,b'2900229 ',b'Argo INDIA                                                      ',b'M Ravichandran                                                  ',27.0,b'A',2003-07-22 08:34:27.000000000,b'1',0.539,71.718,b'1',b'ARGOS   ',249.5,13.081,35.123
26,23,b'2900229 ',b'Argo INDIA                                                      ',b'M Ravichandran                                                  ',27.0,b'A',2003-07-22 08:34:27.000000000,b'1',0.539,71.718,b'1',b'ARGOS   ',299.1,12.296,35.089
26,24,b'2900229 ',b'Argo INDIA                                                      ',b'M Ravichandran                                                  ',27.0,b'A',2003-07-22 08:34:27.000000000,b'1',0.539,71.718,b'1',b'ARGOS   ',349.0,11.442,35.041
26,25,b'2900229 ',b'Argo INDIA                                                      ',b'M Ravichandran                                                  ',27.0,b'A',2003-07-22 08:34:27.000000000,b'1',0.539,71.718,b'1',b'ARGOS   ',399.3,11.051,35.035
26,26,b'2900229 ',b'Argo INDIA                                                      ',b'M Ravichandran                                                  ',27.0,b'A',2003-07-22 08:34:27.000000000,b'1',0.539,71.718,b'1',b'ARGOS   ',449.3,10.213,35.026
26,27,b'2900229 ',b'Argo INDIA                                                      ',b'M Ravichandran                                                  ',27.0,b'A',2003-07-22 08:34:27.000000000,b'1',0.539,71.718,b'1',b'ARGOS   ',499.2,9.869,35.008
26,28,b'2900229 ',b'Argo INDIA                                                      ',b'M Ravichandran                                                  ',27.0,b'A',2003-07-22 08:34:27.000000000,b'1',0.539,71.718,b'1',b'ARGOS   ',599.1,9.175,35.017
26,29,b'2900229 ',b'Argo INDIA                                                      ',b'M Ravichandran                                                  ',27.0,b'A',2003-07-22 08:34:27.000000000,b'1',0.539,71.718,b'1',b'ARGOS   ',699.4,8.827,35.042
26,30,b'2900229 ',b'Argo INDIA                                                      ',b'M Ravichandran                                                  ',27.0,b'A',2003-07-22 08:34:27.000000000,b'1',0.539,71.718,b'1',b'ARGOS   ',799.3,8.197,35.013
26,31,b'2900229 ',b'Argo INDIA                                                      ',b'M Ravichandran                                                  ',27.0,b'A',2003-07-22 08:34:27.000000000,b'1',0.539,71.718,b'1',b'ARGOS   ',899.2,7.485,34.981
26,32,b'2900229 ',b'Argo INDIA                                                      ',b'M Ravichandran                                                  ',27.0,b'A',2003-07-22 08:34:27.000000000,b'1',0.539,71.718,b'1',b'ARGOS   ',999.4,6.903,34.958
26,33,b'2900229 ',b'Argo INDIA                                                      ',b'M Ravichandran                                                  ',27.0,b'A',2003-07-22 08:34:27.000000000,b'1',0.539,71.718,b'1',b'ARGOS   ',1099.4,6.428,34.95
26,34,b'2900229 ',b'Argo INDIA                                                      ',b'M Ravichandran                                                  ',27.0,b'A',2003-07-22 08:34:27.000000000,b'1',0.539,71.718,b'1',b'ARGOS   ',1199.3,5.924,34.92
26,35,b'2900229 ',b'Argo INDIA                                                      ',b'M Ravichandran                                                  ',27.0,b'A',2003-07-22 08:34:27.000000000,b'1',0.539,71.718,b'1',b'ARGOS   ',1299.5,5.398,34.885
26,36,b'2900229 ',b'Argo INDIA                                                      ',b'M Ravichandran                                                  ',27.0,b'A',2003-07-22 08:34:27.000000000,b'1',0.539,71.718,b'1',b'ARGOS   ',1399.0,5.11,34.881
26,37,b'2900229 ',b'Argo INDIA                                                      ',b'M Ravichandran                                                  ',27.0,b'A',2003-07-22 08:34:27.000000000,b'1',0.539,71.718,b'1',b'ARGOS   ',1499.0,4.487,34.868
26,38,b'2900229 ',b'Argo INDIA                                                      ',b'M Ravichandran                                                  ',27.0,b'A',2003-07-22 08:34:27.000000000,b'1',0.539,71.718,b'1',b'ARGOS   ',1598.8,3.923,34.823
26,39,b'2900229 ',b'Argo INDIA                                                      ',b'M Ravichandran                                                  ',27.0,b'A',2003-07-22 08:34:27.000000000,b'1',0.539,71.718,b'1',b'ARGOS   ',1699.5,3.555,34.807
26,40,b'2900229 ',b'Argo INDIA                                                      ',b'M Ravichandran                                                  ',27.0,b'A',2003-07-22 08:34:27.000000000,b'1',0.539,71.718,b'1',b'ARGOS   ',1798.8,3.318,34.798
26,41,b'2900229 ',b'Argo INDIA                                                      ',b'M Ravichandran                                                  ',27.0,b'A',2003-07-22 08:34:27.000000000,b'1',0.539,71.718,b'1',b'ARGOS   ',1899.4,2.905,34.782
26,42,b'2900229 ',b'Argo INDIA                                                      ',b'M Ravichandran                                                  ',27.0,b'A',2003-07-22 08:34:27.000000000,b'1',0.539,71.718,b'1',b'ARGOS   ',1998.8,2.735,34.774
26,43,b'2900229 ',b'Argo INDIA                                                      ',b'M Ravichandran                                                  ',27.0,b'A',2003-07-22 08:34:27.000000000,b'1',0.539,71.718,b'1',b'ARGOS   ',,,
26,44,b'2900229 ',b'Argo INDIA                                                      ',b'M Ravichandran                                                  ',27.0,b'A',2003-07-22 08:34:27.000000000,b'1',0.539,71.718,b'1',b'ARGOS   ',,,
27,0,b'2900229 ',b'Argo INDIA                                                      ',b'M Ravichandran                                                  ',28.0,b'A',2003-08-01 08:42:54.000000000,b'1',0.386,70.682,b'1',b'ARGOS   ',17.6,29.377,34.733
27,1,b'2900229 ',b'Argo INDIA                                                      ',b'M Ravichandran                                                  ',28.0,b'A',2003-08-01 08:42:54.000000000,b'1',0.386,70.682,b'1',b'ARGOS   ',19.4,29.351,34.733
27,2,b'2900229 ',b'Argo INDIA                                                      ',b'M Ravichandran                                                  ',28.0,b'A',2003-08-01 08:42:54.000000000,b'1',0.386,70.682,b'1',b'ARGOS   ',24.1,29.314,34.733
27,3,b'2900229 ',b'Argo INDIA                                                      ',b'M Ravichandran                                                  ',28.0,b'A',2003-08-01 08:42:54.000000000,b'1',0.386,70.682,b'1',b'ARGOS   ',29.5,29.304,34.733
27,4,b'2900229 ',b'Argo INDIA                                                      ',b'M Ravichandran                                                  ',28.0,b'A',2003-08-01 08:42:54.000000000,b'1',0.386,70.682,b'1',b'ARGOS   ',34.0,29.295,34.735
27,5,b'2900229 ',b'Argo INDIA                                                      ',b'M Ravichandran                                                  ',28.0,b'A',2003-08-01 08:42:54.000000000,b'1',0.386,70.682,b'1',b'ARGOS   ',39.3,29.29,34.735
27,6,b'2900229 ',b'Argo INDIA                                                      ',b'M Ravichandran                                                  ',28.0,b'A',2003-08-01 08:42:54.000000000,b'1',0.386,70.682,b'1',b'ARGOS   ',44.5,29.287,34.735
27,7,b'2900229 ',b'Argo INDIA                                                      ',b'M Ravichandran                                                  ',28.0,b'A',2003-08-01 08:42:54.000000000,b'1',0.386,70.682,b'1',b'ARGOS   ',49.2,29.284,34.735
27,8,b'2900229 ',b'Argo INDIA                                                      ',b'M Ravichandran                                                  ',28.0,b'A',2003-08-01 08:42:54.000000000,b'1',0.386,70.682,b'1',b'ARGOS   ',59.6,29.253,34.745
27,9,b'2900229 ',b'Argo INDIA                                                      ',b'M Ravichandran                                                  ',28.0,b'A',2003-08-01 08:42:54.000000000,b'1',0.386,70.682,b'1',b'ARGOS   ',69.6,29.06,34.987
27,10,b'2900229 ',b'Argo INDIA                                                      ',b'M Ravichandran                                                  ',28.0,b'A',2003-08-01 08:42:54.000000000,b'1',0.386,70.682,b'1',b'ARGOS   ',79.6,28.437,35.222
27,11,b'2900229 ',b'Argo INDIA                                                      ',b'M Ravichandran                                                  ',28.0,b'A',2003-08-01 08:42:54.000000000,b'1',0.386,70.682,b'1',b'ARGOS   ',89.4,27.963,35.261
27,12,b'2900229 ',b'Argo INDIA                                                      ',b'M Ravichandran                                                  ',28.0,b'A',2003-08-01 08:42:54.000000000,b'1',0.386,70.682,b'1',b'ARGOS   ',99.6,26.779,35.348
27,13,b'2900229 ',b'Argo INDIA                                                      ',b'M Ravichandran                                                  ',28.0,b'A',2003-08-01 08:42:54.000000000,b'1',0.386,70.682,b'1',b'ARGOS   ',109.6,25.666,35.427
27,14,b'2900229 ',b'Argo INDIA                                                      ',b'M Ravichandran                                                  ',28.0,b'A',2003-08-01 08:42:54.000000000,b'1',0.386,70.682,b'1',b'ARGOS   ',119.8,24.533,35.389
27,15,b'2900229 ',b'Argo INDIA                                                      ',b'M Ravichandran                                                  ',28.0,b'A',2003-08-01 08:42:54.000000000,b'1',0.386,70.682,b'1',b'ARGOS   ',129.3,20.614,35.36
27,16,b'2900229 ',b'Argo INDIA                                                      ',b'M Ravichandran                                                  ',28.0,b'A',2003-08-01 08:42:54.000000000,b'1',0.386,70.682,b'1',b'ARGOS   ',139.1,19.863,35.341
27,17,b'2900229 ',b'Argo INDIA                                                      ',b'M Ravichandran                                                  ',28.0,b'A',2003-08-01 08:42:54.000000000,b'1',0.386,70.682,b'1',b'ARGOS   ',149.4,18.6,35.299
27,18,b'2900229 ',b'Argo INDIA                                                      ',b'M Ravichandran                                                  ',28.0,b'A',2003-08-01 08:42:54.000000000,b'1',0.386,70.682,b'1',b'ARGOS   ',169.7,16.785,35.269
27,19,b'2900229 ',b'Argo INDIA                                                      ',b'M Ravichandran                                                  ',28.0,b'A',2003-08-01 08:42:54.000000000,b'1',0.386,70.682,b'1',b'ARGOS   ',189.4,14.998,35.203
27,20,b'2900229 ',b'Argo INDIA                                                      ',b'M Ravichandran                                                  ',28.0,b'A',2003-08-01 08:42:54.000000000,b'1',0.386,70.682,b'1',b'ARGOS   ',209.5,13.961,35.159
27,21,b'2900229 ',b'Argo INDIA                                                      ',b'M Ravichandran                                                  ',28.0,b'A',2003-08-01 08:42:54.000000000,b'1',0.386,70.682,b'1',b'ARGOS   ',229.4,12.926,35.119
27,22,b'2900229 ',b'Argo INDIA                                                      ',b'M Ravichandran                                                  ',28.0,b'A',2003-08-01 08:42:54.000000000,b'1',0.386,70.682,b'1',b'ARGOS   ',249.5,12.772,35.104
27,23,b'2900229 ',b'Argo INDIA                                                      ',b'M Ravichandran                                                  ',28.0,b'A',2003-08-01 08:42:54.000000000,b'1',0.386,70.682,b'1',b'ARGOS   ',299.1,11.742,35.059
27,24,b'2900229 ',b'Argo INDIA                                                      ',b'M Ravichandran                                                  ',28.0,b'A',2003-08-01 08:42:54.000000000,b'1',0.386,70.682,b'1',b'ARGOS   ',349.3,11.382,35.034
27,25,b'2900229 ',b'Argo INDIA                                                      ',b'M Ravichandran                                                  ',28.0,b'A',2003-08-01 08:42:54.000000000,b'1',0.386,70.682,b'1',b'ARGOS   ',399.4,11.354,35.048
27,26,b'2900229 ',b'Argo INDIA                                                      ',b'M Ravichandran                                                  ',28.0,b'A',2003-08-01 08:42:54.000000000,b'1',0.386,70.682,b'1',b'ARGOS   ',449.4,10.969,35.033
27,27,b'2900229 ',b'Argo INDIA                                                      ',b'M Ravichandran                                                  ',28.0,b'A',2003-08-01 08:42:54.000000000,b'1',0.386,70.682,b'1',b'ARGOS   ',499.1,9.82,34.997
27,28,b'2900229 ',b'Argo INDIA                                                      ',b'M Ravichandran                                                  ',28.0,b'A',2003-08-01 08:42:54.000000000,b'1',0.386,70.682,b'1',b'ARGOS   ',598.8,9.287,35.019
27,29,b'2900229 ',b'Argo INDIA                                                      ',b'M Ravichandran                                                  ',28.0,b'A',2003-08-01 08:42:54.000000000,b'1',0.386,70.682,b'1',b'ARGOS   ',699.0,8.815,35.052
27,30,b'2900229 ',b'Argo INDIA                                                      ',b'M Ravichandran                                                  ',28.0,b'A',2003-08-01 08:42:54.000000000,b'1',0.386,70.682,b'1',b'ARGOS   ',799.4,8.084,35.005
27,31,b'2900229 ',b'Argo INDIA                                                      ',b'M Ravichandran                                                  ',28.0,b'A',2003-08-01 08:42:54.000000000,b'1',0.386,70.682,b'1',b'ARGOS   ',899.5,7.303,34.985
27,32,b'2900229 ',b'Argo INDIA                                                      ',b'M Ravichandran                                                  ',28.0,b'A',2003-08-01 08:42:54.000000000,b'1',0.386,70.682,b'1',b'ARGOS   ',999.6,6.919,34.961
27,33,b'2900229 ',b'Argo INDIA                                                      ',b'M Ravichandran                                                  ',28.0,b'A',2003-08-01 08:42:54.000000000,b'1',0.386,70.682,b'1',b'ARGOS   ',1099.3,6.423,34.948
27,34,b'2900229 ',b'Argo INDIA                                                      ',b'M Ravichandran                                                  ',28.0,b'A',2003-08-01 08:42:54.000000000,b'1',0.386,70.682,b'1',b'ARGOS   ',1198.9,6.098,34.931
27,35,b'2900229 ',b'Argo INDIA                                                      ',b'M Ravichandran                                                  ',28.0,b'A',2003-08-01 08:42:54.000000000,b'1',0.386,70.682,b'1',b'ARGOS   ',1299.2,5.289,34.88
27,36,b'2900229 ',b'Argo INDIA                                                      ',b'M Ravichandran                                                  ',28.0,b'A',2003-08-01 08:42:54.000000000,b'1',0.386,70.682,b'1',b'ARGOS   ',1399.2,4.943,34.879
27,37,b'2900229 ',b'Argo INDIA                                                      ',b'M Ravichandran                                                  ',28.0,b'A',2003-08-01 08:42:54.000000000,b'1',0.386,70.682,b'1',b'ARGOS   ',1499.1,4.502,34.862
27,38,b'2900229 ',b'Argo INDIA                                                      ',b'M Ravichandran                                                  ',28.0,b'A',2003-08-01 08:42:54.000000000,b'1',0.386,70.682,b'1',b'ARGOS   ',1599.1,3.794,34.816
27,39,b'2900229 ',b'Argo INDIA                                                      ',b'M Ravichandran                                                  ',28.0,b'A',2003-08-01 08:42:54.000000000,b'1',0.386,70.682,b'1',b'ARGOS   ',1699.2,3.535,34.803
27,40,b'2900229 ',b'Argo INDIA                                                      ',b'M Ravichandran                                                  ',28.0,b'A',2003-08-01 08:42:54.000000000,b'1',0.386,70.682,b'1',b'ARGOS   ',1799.3,3.259,34.798
27,41,b'2900229 ',b'Argo INDIA                                                      ',b'M Ravichandran                                                  ',28.0,b'A',2003-08-01 08:42:54.000000000,b'1',0.386,70.682,b'1',b'ARGOS   ',1899.1,2.981,34.785
27,42,b'2900229 ',b'Argo INDIA                                                      ',b'M Ravichandran                                                  ',28.0,b'A',2003-08-01 08:42:54.000000000,b'1',0.386,70.682,b'1',b'ARGOS   ',1999.0,2.736,34.774
27,43,b'2900229 ',b'Argo INDIA                                                      ',b'M Ravichandran                                                  ',28.0,b'A',2003-08-01 08:42:54.000000000,b'1',0.386,70.682,b'1',b'ARGOS   ',,,
27,44,b'2900229 ',b'Argo INDIA                                                      ',b'M Ravichandran                                                  ',28.0,b'A',2003-08-01 08:42:54.000000000,b'1',0.386,70.682,b'1',b'ARGOS   ',,,
28,0,b'2900229 ',b'Argo INDIA                                                      ',b'M Ravichandran                                                  ',29.0,b'A',2003-08-11 08:44:32.999999744,b'1',0.115,69.76,b'1',b'ARGOS   ',17.7,29.503,34.719
28,1,b'2900229 ',b'Argo INDIA                                                      ',b'M Ravichandran                                                  ',29.0,b'A',2003-08-11 08:44:32.999999744,b'1',0.115,69.76,b'1',b'ARGOS   ',19.4,29.346,34.716
28,2,b'2900229 ',b'Argo INDIA                                                      ',b'M Ravichandran                                                  ',29.0,b'A',2003-08-11 08:44:32.999999744,b'1',0.115,69.76,b'1',b'ARGOS   ',24.3,29.276,34.715
28,3,b'2900229 ',b'Argo INDIA                                                      ',b'M Ravichandran                                                  ',29.0,b'A',2003-08-11 08:44:32.999999744,b'1',0.115,69.76,b'1',b'ARGOS   ',29.1,29.259,34.716
28,4,b'2900229 ',b'Argo INDIA                                                      ',b'M Ravichandran                                                  ',29.0,b'A',2003-08-11 08:44:32.999999744,b'1',0.115,69.76,b'1',b'ARGOS   ',34.5,29.254,34.716
28,5,b'2900229 ',b'Argo INDIA                                                      ',b'M Ravichandran                                                  ',29.0,b'A',2003-08-11 08:44:32.999999744,b'1',0.115,69.76,b'1',b'ARGOS   ',39.0,29.253,34.718
28,6,b'2900229 ',b'Argo INDIA                                                      ',b'M Ravichandran                                                  ',29.0,b'A',2003-08-11 08:44:32.999999744,b'1',0.115,69.76,b'1',b'ARGOS   ',44.2,29.249,34.72
28,7,b'2900229 ',b'Argo INDIA                                                      ',b'M Ravichandran                                                  ',29.0,b'A',2003-08-11 08:44:32.999999744,b'1',0.115,69.76,b'1',b'ARGOS   ',49.4,29.242,34.717
28,8,b'2900229 ',b'Argo INDIA                                                      ',b'M Ravichandran                                                  ',29.0,b'A',2003-08-11 08:44:32.999999744,b'1',0.115,69.76,b'1',b'ARGOS   ',59.2,29.235,34.721
28,9,b'2900229 ',b'Argo INDIA                                                      ',b'M Ravichandran                                                  ',29.0,b'A',2003-08-11 08:44:32.999999744,b'1',0.115,69.76,b'1',b'ARGOS   ',69.9,29.243,34.775
28,10,b'2900229 ',b'Argo INDIA                                                      ',b'M Ravichandran                                                  ',29.0,b'A',2003-08-11 08:44:32.999999744,b'1',0.115,69.76,b'1',b'ARGOS   ',79.6,29.019,35.115
28,11,b'2900229 ',b'Argo INDIA                                                      ',b'M Ravichandran                                                  ',29.0,b'A',2003-08-11 08:44:32.999999744,b'1',0.115,69.76,b'1',b'ARGOS   ',89.3,26.437,35.198
28,12,b'2900229 ',b'Argo INDIA                                                      ',b'M Ravichandran                                                  ',29.0,b'A',2003-08-11 08:44:32.999999744,b'1',0.115,69.76,b'1',b'ARGOS   ',99.7,26.173,35.296
28,13,b'2900229 ',b'Argo INDIA                                                      ',b'M Ravichandran                                                  ',29.0,b'A',2003-08-11 08:44:32.999999744,b'1',0.115,69.76,b'1',b'ARGOS   ',109.5,26.105,35.369
28,14,b'2900229 ',b'Argo INDIA                                                      ',b'M Ravichandran                                                  ',29.0,b'A',2003-08-11 08:44:32.999999744,b'1',0.115,69.76,b'1',b'ARGOS   ',119.7,24.95,35.468
28,15,b'2900229 ',b'Argo INDIA                                                      ',b'M Ravichandran                                                  ',29.0,b'A',2003-08-11 08:44:32.999999744,b'1',0.115,69.76,b'1',b'ARGOS   ',129.6,20.949,35.363
28,16,b'2900229 ',b'Argo INDIA                                                      ',b'M Ravichandran                                                  ',29.0,b'A',2003-08-11 08:44:32.999999744,b'1',0.115,69.76,b'1',b'ARGOS   ',139.9,20.097,35.344
28,17,b'2900229 ',b'Argo INDIA                                                      ',b'M Ravichandran                                                  ',29.0,b'A',2003-08-11 08:44:32.999999744,b'1',0.115,69.76,b'1',b'ARGOS   ',149.5,17.98,35.287
28,18,b'2900229 ',b'Argo INDIA                                                      ',b'M Ravichandran                                                  ',29.0,b'A',2003-08-11 08:44:32.999999744,b'1',0.115,69.76,b'1',b'ARGOS   ',169.1,15.54,35.236
28,19,b'2900229 ',b'Argo INDIA                                                      ',b'M Ravichandran                                                  ',29.0,b'A',2003-08-11 08:44:32.999999744,b'1',0.115,69.76,b'1',b'ARGOS   ',189.6,14.862,35.2
28,20,b'2900229 ',b'Argo INDIA                                                      ',b'M Ravichandran                                                  ',29.0,b'A',2003-08-11 08:44:32.999999744,b'1',0.115,69.76,b'1',b'ARGOS   ',209.4,13.531,35.141
28,21,b'2900229 ',b'Argo INDIA                                                      ',b'M Ravichandran                                                  ',29.0,b'A',2003-08-11 08:44:32.999999744,b'1',0.115,69.76,b'1',b'ARGOS   ',229.1,12.685,35.105
28,22,b'2900229 ',b'Argo INDIA                                                      ',b'M Ravichandran                                                  ',29.0,b'A',2003-08-11 08:44:32.999999744,b'1',0.115,69.76,b'1',b'ARGOS   ',249.1,12.251,35.091
28,23,b'2900229 ',b'Argo INDIA                                                      ',b'M Ravichandran                                                  ',29.0,b'A',2003-08-11 08:44:32.999999744,b'1',0.115,69.76,b'1',b'ARGOS   ',299.3,11.602,35.051
28,24,b'2900229 ',b'Argo INDIA                                                      ',b'M Ravichandran                                                  ',29.0,b'A',2003-08-11 08:44:32.999999744,b'1',0.115,69.76,b'1',b'ARGOS   ',349.3,11.359,35.033
28,25,b'2900229 ',b'Argo INDIA                                                      ',b'M Ravichandran                                                  ',29.0,b'A',2003-08-11 08:44:32.999999744,b'1',0.115,69.76,b'1',b'ARGOS   ',399.2,10.911,35.027
28,26,b'2900229 ',b'Argo INDIA                                                      ',b'M Ravichandran                                                  ',29.0,b'A',2003-08-11 08:44:32.999999744,b'1',0.115,69.76,b'1',b'ARGOS   ',449.1,10.294,35.031
28,27,b'2900229 ',b'Argo INDIA                                                      ',b'M Ravichandran                                                  ',29.0,b'A',2003-08-11 08:44:32.999999744,b'1',0.115,69.76,b'1',b'ARGOS   ',499.1,9.882,34.992
28,28,b'2900229 ',b'Argo INDIA                                                      ',b'M Ravichandran                                                  ',29.0,b'A',2003-08-11 08:44:32.999999744,b'1',0.115,69.76,b'1',b'ARGOS   ',599.3,9.399,35.056
28,29,b'2900229 ',b'Argo INDIA                                                      ',b'M Ravichandran                                                  ',29.0,b'A',2003-08-11 08:44:32.999999744,b'1',0.115,69.76,b'1',b'ARGOS   ',699.2,8.806,35.066
28,30,b'2900229 ',b'Argo INDIA                                                      ',b'M Ravichandran                                                  ',29.0,b'A',2003-08-11 08:44:32.999999744,b'1',0.115,69.76,b'1',b'ARGOS   ',799.0,8.182,35.026
28,31,b'2900229 ',b'Argo INDIA                                                      ',b'M Ravichandran                                                  ',29.0,b'A',2003-08-11 08:44:32.999999744,b'1',0.115,69.76,b'1',b'ARGOS   ',899.4,7.216,34.964
28,32,b'2900229 ',b'Argo INDIA                                                      ',b'M Ravichandran                                                  ',29.0,b'A',2003-08-11 08:44:32.999999744,b'1',0.115,69.76,b'1',b'ARGOS   ',999.5,6.984,34.962
28,33,b'2900229 ',b'Argo INDIA                                                      ',b'M Ravichandran                                                  ',29.0,b'A',2003-08-11 08:44:32.999999744,b'1',0.115,69.76,b'1',b'ARGOS   ',1099.2,6.472,34.959
28,34,b'2900229 ',b'Argo INDIA                                                      ',b'M Ravichandran                                                  ',29.0,b'A',2003-08-11 08:44:32.999999744,b'1',0.115,69.76,b'1',b'ARGOS   ',1199.3,5.839,34.92
28,35,b'2900229 ',b'Argo INDIA                                                      ',b'M Ravichandran                                                  ',29.0,b'A',2003-08-11 08:44:32.999999744,b'1',0.115,69.76,b'1',b'ARGOS   ',1299.4,5.262,34.884
28,36,b'2900229 ',b'Argo INDIA                                                      ',b'M Ravichandran                                                  ',29.0,b'A',2003-08-11 08:44:32.999999744,b'1',0.115,69.76,b'1',b'ARGOS   ',1398.9,4.832,34.871
28,37,b'2900229 ',b'Argo INDIA                                                      ',b'M Ravichandran                                                  ',29.0,b'A',2003-08-11 08:44:32.999999744,b'1',0.115,69.76,b'1',b'ARGOS   ',1499.3,4.432,34.855
28,38,b'2900229 ',b'Argo INDIA                                                      ',b'M Ravichandran                                                  ',29.0,b'A',2003-08-11 08:44:32.999999744,b'1',0.115,69.76,b'1',b'ARGOS   ',1598.9,3.949,34.824
28,39,b'2900229 ',b'Argo INDIA                                                      ',b'M Ravichandran                                                  ',29.0,b'A',2003-08-11 08:44:32.999999744,b'1',0.115,69.76,b'1',b'ARGOS   ',1699.4,3.713,34.812
28,40,b'2900229 ',b'Argo INDIA                                                      ',b'M Ravichandran                                                  ',29.0,b'A',2003-08-11 08:44:32.999999744,b'1',0.115,69.76,b'1',b'ARGOS   ',1799.2,3.199,34.796
28,41,b'2900229 ',b'Argo INDIA                                                      ',b'M Ravichandran                                                  ',29.0,b'A',2003-08-11 08:44:32.999999744,b'1',0.115,69.76,b'1',b'ARGOS   ',1899.1,2.9,34.782
28,42,b'2900229 ',b'Argo INDIA                                                      ',b'M Ravichandran                                                  ',29.0,b'A',2003-08-11 08:44:32.999999744,b'1',0.115,69.76,b'1',b'ARGOS   ',1999.2,2.827,34.778
28,43,b'2900229 ',b'Argo INDIA                                                      ',b'M Ravichandran                                                  ',29.0,b'A',2003-08-11 08:44:32.999999744,b'1',0.115,69.76,b'1',b'ARGOS   ',,,
28,44,b'2900229 ',b'Argo INDIA                                                      ',b'M Ravichandran                                                  ',29.0,b'A',2003-08-11 08:44:32.999999744,b'1',0.115,69.76,b'1',b'ARGOS   ',,,
29,0,b'2900229 ',b'Argo INDIA                                                      ',b'M Ravichandran                                                  ',30.0,b'A',2003-08-21 08:37:23.000000000,b'1',-0.022,68.79,b'1',b'ARGOS   ',18.1,29.551,34.867
29,1,b'2900229 ',b'Argo INDIA                                                      ',b'M Ravichandran                                                  ',30.0,b'A',2003-08-21 08:37:23.000000000,b'1',-0.022,68.79,b'1',b'ARGOS   ',19.5,29.534,34.869
29,2,b'2900229 ',b'Argo INDIA                                                      ',b'M Ravichandran                                                  ',30.0,b'A',2003-08-21 08:37:23.000000000,b'1',-0.022,68.79,b'1',b'ARGOS   ',24.5,29.513,34.872
29,3,b'2900229 ',b'Argo INDIA                                                      ',b'M Ravichandran                                                  ',30.0,b'A',2003-08-21 08:37:23.000000000,b'1',-0.022,68.79,b'1',b'ARGOS   ',29.8,29.511,34.899
29,4,b'2900229 ',b'Argo INDIA                                                      ',b'M Ravichandran                                                  ',30.0,b'A',2003-08-21 08:37:23.000000000,b'1',-0.022,68.79,b'1',b'ARGOS   ',34.7,29.482,34.955
29,5,b'2900229 ',b'Argo INDIA                                                      ',b'M Ravichandran                                                  ',30.0,b'A',2003-08-21 08:37:23.000000000,b'1',-0.022,68.79,b'1',b'ARGOS   ',39.5,29.431,35.001
29,6,b'2900229 ',b'Argo INDIA                                                      ',b'M Ravichandran                                                  ',30.0,b'A',2003-08-21 08:37:23.000000000,b'1',-0.022,68.79,b'1',b'ARGOS   ',44.5,28.839,35.119
29,7,b'2900229 ',b'Argo INDIA                                                      ',b'M Ravichandran                                                  ',30.0,b'A',2003-08-21 08:37:23.000000000,b'1',-0.022,68.79,b'1',b'ARGOS   ',49.1,28.491,35.113
29,8,b'2900229 ',b'Argo INDIA                                                      ',b'M Ravichandran                                                  ',30.0,b'A',2003-08-21 08:37:23.000000000,b'1',-0.022,68.79,b'1',b'ARGOS   ',59.2,28.413,35.133
29,9,b'2900229 ',b'Argo INDIA                                                      ',b'M Ravichandran                                                  ',30.0,b'A',2003-08-21 08:37:23.000000000,b'1',-0.022,68.79,b'1',b'ARGOS   ',69.5,28.413,35.233
29,10,b'2900229 ',b'Argo INDIA                                                      ',b'M Ravichandran                                                  ',30.0,b'A',2003-08-21 08:37:23.000000000,b'1',-0.022,68.79,b'1',b'ARGOS   ',79.7,28.253,35.241
29,11,b'2900229 ',b'Argo INDIA                                                      ',b'M Ravichandran                                                  ',30.0,b'A',2003-08-21 08:37:23.000000000,b'1',-0.022,68.79,b'1',b'ARGOS   ',89.3,27.67,35.309
29,12,b'2900229 ',b'Argo INDIA                                                      ',b'M Ravichandran                                                  ',30.0,b'A',2003-08-21 08:37:23.000000000,b'1',-0.022,68.79,b'1',b'ARGOS   ',99.3,25.305,35.392
29,13,b'2900229 ',b'Argo INDIA                                                      ',b'M Ravichandran                                                  ',30.0,b'A',2003-08-21 08:37:23.000000000,b'1',-0.022,68.79,b'1',b'ARGOS   ',109.7,23.929,35.426
29,14,b'2900229 ',b'Argo INDIA                                                      ',b'M Ravichandran                                                  ',30.0,b'A',2003-08-21 08:37:23.000000000,b'1',-0.022,68.79,b'1',b'ARGOS   ',119.6,20.902,35.346
29,15,b'2900229 ',b'Argo INDIA                                                      ',b'M Ravichandran                                                  ',30.0,b'A',2003-08-21 08:37:23.000000000,b'1',-0.022,68.79,b'1',b'ARGOS   ',129.5,18.66,35.316
29,16,b'2900229 ',b'Argo INDIA                                                      ',b'M Ravichandran                                                  ',30.0,b'A',2003-08-21 08:37:23.000000000,b'1',-0.022,68.79,b'1',b'ARGOS   ',139.6,18.23,35.301
29,17,b'2900229 ',b'Argo INDIA                                                      ',b'M Ravichandran                                                  ',30.0,b'A',2003-08-21 08:37:23.000000000,b'1',-0.022,68.79,b'1',b'ARGOS   ',149.5,17.148,35.25
29,18,b'2900229 ',b'Argo INDIA                                                      ',b'M Ravichandran                                                  ',30.0,b'A',2003-08-21 08:37:23.000000000,b'1',-0.022,68.79,b'1',b'ARGOS   ',169.6,15.242,35.218
29,19,b'2900229 ',b'Argo INDIA                                                      ',b'M Ravichandran                                                  ',30.0,b'A',2003-08-21 08:37:23.000000000,b'1',-0.022,68.79,b'1',b'ARGOS   ',189.5,14.278,35.189
29,20,b'2900229 ',b'Argo INDIA                                                      ',b'M Ravichandran                                                  ',30.0,b'A',2003-08-21 08:37:23.000000000,b'1',-0.022,68.79,b'1',b'ARGOS   ',209.2,13.405,35.14
29,21,b'2900229 ',b'Argo INDIA                                                      ',b'M Ravichandran                                                  ',30.0,b'A',2003-08-21 08:37:23.000000000,b'1',-0.022,68.79,b'1',b'ARGOS   ',229.3,12.675,35.117
29,22,b'2900229 ',b'Argo INDIA                                                      ',b'M Ravichandran                                                  ',30.0,b'A',2003-08-21 08:37:23.000000000,b'1',-0.022,68.79,b'1',b'ARGOS   ',248.9,12.166,35.088
29,23,b'2900229 ',b'Argo INDIA                                                      ',b'M Ravichandran                                                  ',30.0,b'A',2003-08-21 08:37:23.000000000,b'1',-0.022,68.79,b'1',b'ARGOS   ',299.3,11.754,35.073
29,24,b'2900229 ',b'Argo INDIA                                                      ',b'M Ravichandran                                                  ',30.0,b'A',2003-08-21 08:37:23.000000000,b'1',-0.022,68.79,b'1',b'ARGOS   ',349.5,11.241,35.039
29,25,b'2900229 ',b'Argo INDIA                                                      ',b'M Ravichandran                                                  ',30.0,b'A',2003-08-21 08:37:23.000000000,b'1',-0.022,68.79,b'1',b'ARGOS   ',398.9,10.722,35.016
29,26,b'2900229 ',b'Argo INDIA                                                      ',b'M Ravichandran                                                  ',30.0,b'A',2003-08-21 08:37:23.000000000,b'1',-0.022,68.79,b'1',b'ARGOS   ',449.2,10.382,34.99
29,27,b'2900229 ',b'Argo INDIA                                                      ',b'M Ravichandran                                                  ',30.0,b'A',2003-08-21 08:37:23.000000000,b'1',-0.022,68.79,b'1',b'ARGOS   ',499.1,10.144,35.01
29,28,b'2900229 ',b'Argo INDIA                                                      ',b'M Ravichandran                                                  ',30.0,b'A',2003-08-21 08:37:23.000000000,b'1',-0.022,68.79,b'1',b'ARGOS   ',599.1,9.534,35.044
29,29,b'2900229 ',b'Argo INDIA                                                      ',b'M Ravichandran                                                  ',30.0,b'A',2003-08-21 08:37:23.000000000,b'1',-0.022,68.79,b'1',b'ARGOS   ',698.9,8.929,35.047
29,30,b'2900229 ',b'Argo INDIA                                                      ',b'M Ravichandran                                                  ',30.0,b'A',2003-08-21 08:37:23.000000000,b'1',-0.022,68.79,b'1',b'ARGOS   ',799.0,8.395,35.051
29,31,b'2900229 ',b'Argo INDIA                                                      ',b'M Ravichandran                                                  ',30.0,b'A',2003-08-21 08:37:23.000000000,b'1',-0.022,68.79,b'1',b'ARGOS   ',899.4,7.358,34.973
29,32,b'2900229 ',b'Argo INDIA                                                      ',b'M Ravichandran                                                  ',30.0,b'A',2003-08-21 08:37:23.000000000,b'1',-0.022,68.79,b'1',b'ARGOS   ',999.5,7.055,34.967
29,33,b'2900229 ',b'Argo INDIA                                                      ',b'M Ravichandran                                                  ',30.0,b'A',2003-08-21 08:37:23.000000000,b'1',-0.022,68.79,b'1',b'ARGOS   ',1099.5,6.497,34.962
29,34,b'2900229 ',b'Argo INDIA                                                      ',b'M Ravichandran                                                  ',30.0,b'A',2003-08-21 08:37:23.000000000,b'1',-0.022,68.79,b'1',b'ARGOS   ',1198.9,6.029,34.929
29,35,b'2900229 ',b'Argo INDIA                                                      ',b'M Ravichandran                                                  ',30.0,b'A',2003-08-21 08:37:23.000000000,b'1',-0.022,68.79,b'1',b'ARGOS   ',1299.3,5.406,34.894
29,36,b'2900229 ',b'Argo INDIA                                                      ',b'M Ravichandran                                                  ',30.0,b'A',2003-08-21 08:37:23.000000000,b'1',-0.022,68.79,b'1',b'ARGOS   ',1399.4,4.901,34.864
29,37,b'2900229 ',b'Argo INDIA                                                      ',b'M Ravichandran                                                  ',30.0,b'A',2003-08-21 08:37:23.000000000,b'1',-0.022,68.79,b'1',b'ARGOS   ',1499.1,4.649,34.867
29,38,b'2900229 ',b'Argo INDIA                                                      ',b'M Ravichandran                                                  ',30.0,b'A',2003-08-21 08:37:23.000000000,b'1',-0.022,68.79,b'1',b'ARGOS   ',1599.0,4.012,34.832
29,39,b'2900229 ',b'Argo INDIA                                                      ',b'M Ravichandran                                                  ',30.0,b'A',2003-08-21 08:37:23.000000000,b'1',-0.022,68.79,b'1',b'ARGOS   ',1699.0,3.768,34.814
29,40,b'2900229 ',b'Argo INDIA                                                      ',b'M Ravichandran                                                  ',30.0,b'A',2003-08-21 08:37:23.000000000,b'1',-0.022,68.79,b'1',b'ARGOS   ',1798.9,3.26,34.799
29,41,b'2900229 ',b'Argo INDIA                                                      ',b'M Ravichandran                                                  ',30.0,b'A',2003-08-21 08:37:23.000000000,b'1',-0.022,68.79,b'1',b'ARGOS   ',1899.4,2.971,34.785
29,42,b'2900229 ',b'Argo INDIA                                                      ',b'M Ravichandran                                                  ',30.0,b'A',2003-08-21 08:37:23.000000000,b'1',-0.022,68.79,b'1',b'ARGOS   ',1999.0,2.882,34.781
29,43,b'2900229 ',b'Argo INDIA                                                      ',b'M Ravichandran                                                  ',30.0,b'A',2003-08-21 08:37:23.000000000,b'1',-0.022,68.79,b'1',b'ARGOS   ',,,
29,44,b'2900229 ',b'Argo INDIA                                                      ',b'M Ravichandran                                                  ',30.0,b'A',2003-08-21 08:37:23.000000000,b'1',-0.022,68.79,b'1',b'ARGOS   ',,,
30,0,b'2900229 ',b'Argo INDIA                                                      ',b'M Ravichandran                                                  ',31.0,b'A',2003-08-31 08:40:44.000000000,b'1',0.752,68.125,b'1',b'ARGOS   ',17.7,29.815,35.078
30,1,b'2900229 ',b'Argo INDIA                                                      ',b'M Ravichandran                                                  ',31.0,b'A',2003-08-31 08:40:44.000000000,b'1',0.752,68.125,b'1',b'ARGOS   ',19.3,29.724,35.076
30,2,b'2900229 ',b'Argo INDIA                                                      ',b'M Ravichandran                                                  ',31.0,b'A',2003-08-31 08:40:44.000000000,b'1',0.752,68.125,b'1',b'ARGOS   ',24.2,29.679,35.075
30,3,b'2900229 ',b'Argo INDIA                                                      ',b'M Ravichandran                                                  ',31.0,b'A',2003-08-31 08:40:44.000000000,b'1',0.752,68.125,b'1',b'ARGOS   ',28.9,29.667,35.075
30,4,b'2900229 ',b'Argo INDIA                                                      ',b'M Ravichandran                                                  ',31.0,b'A',2003-08-31 08:40:44.000000000,b'1',0.752,68.125,b'1',b'ARGOS   ',33.9,29.661,35.075
30,5,b'2900229 ',b'Argo INDIA                                                      ',b'M Ravichandran                                                  ',31.0,b'A',2003-08-31 08:40:44.000000000,b'1',0.752,68.125,b'1',b'ARGOS   ',39.0,29.657,35.076
30,6,b'2900229 ',b'Argo INDIA                                                      ',b'M Ravichandran                                                  ',31.0,b'A',2003-08-31 08:40:44.000000000,b'1',0.752,68.125,b'1',b'ARGOS   ',44.1,29.652,35.078
30,7,b'2900229 ',b'Argo INDIA                                                      ',b'M Ravichandran                                                  ',31.0,b'A',2003-08-31 08:40:44.000000000,b'1',0.752,68.125,b'1',b'ARGOS   ',49.1,29.641,35.089
30,8,b'2900229 ',b'Argo INDIA                                                      ',b'M Ravichandran                                                  ',31.0,b'A',2003-08-31 08:40:44.000000000,b'1',0.752,68.125,b'1',b'ARGOS   ',59.4,29.619,35.156
30,9,b'2900229 ',b'Argo INDIA                                                      ',b'M Ravichandran                                                  ',31.0,b'A',2003-08-31 08:40:44.000000000,b'1',0.752,68.125,b'1',b'ARGOS   ',69.4,29.372,35.25
30,10,b'2900229 ',b'Argo INDIA                                                      ',b'M Ravichandran                                                  ',31.0,b'A',2003-08-31 08:40:44.000000000,b'1',0.752,68.125,b'1',b'ARGOS   ',79.6,27.84,35.214
30,11,b'2900229 ',b'Argo INDIA                                                      ',b'M Ravichandran                                                  ',31.0,b'A',2003-08-31 08:40:44.000000000,b'1',0.752,68.125,b'1',b'ARGOS   ',89.6,26.634,35.276
30,12,b'2900229 ',b'Argo INDIA                                                      ',b'M Ravichandran                                                  ',31.0,b'A',2003-08-31 08:40:44.000000000,b'1',0.752,68.125,b'1',b'ARGOS   ',99.6,23.938,35.398
30,13,b'2900229 ',b'Argo INDIA                                                      ',b'M Ravichandran                                                  ',31.0,b'A',2003-08-31 08:40:44.000000000,b'1',0.752,68.125,b'1',b'ARGOS   ',109.0,23.336,35.422
30,14,b'2900229 ',b'Argo INDIA                                                      ',b'M Ravichandran                                                  ',31.0,b'A',2003-08-31 08:40:44.000000000,b'1',0.752,68.125,b'1',b'ARGOS   ',119.4,22.717,35.41
30,15,b'2900229 ',b'Argo INDIA                                                      ',b'M Ravichandran                                                  ',31.0,b'A',2003-08-31 08:40:44.000000000,b'1',0.752,68.125,b'1',b'ARGOS   ',129.7,21.176,35.338
30,16,b'2900229 ',b'Argo INDIA                                                      ',b'M Ravichandran                                                  ',31.0,b'A',2003-08-31 08:40:44.000000000,b'1',0.752,68.125,b'1',b'ARGOS   ',139.1,16.75,35.262
30,17,b'2900229 ',b'Argo INDIA                                                      ',b'M Ravichandran                                                  ',31.0,b'A',2003-08-31 08:40:44.000000000,b'1',0.752,68.125,b'1',b'ARGOS   ',149.3,16.474,35.256
30,18,b'2900229 ',b'Argo INDIA                                                      ',b'M Ravichandran                                                  ',31.0,b'A',2003-08-31 08:40:44.000000000,b'1',0.752,68.125,b'1',b'ARGOS   ',169.3,14.88,35.207
30,19,b'2900229 ',b'Argo INDIA                                                      ',b'M Ravichandran                                                  ',31.0,b'A',2003-08-31 08:40:44.000000000,b'1',0.752,68.125,b'1',b'ARGOS   ',189.4,14.082,35.182
30,20,b'2900229 ',b'Argo INDIA                                                      ',b'M Ravichandran                                                  ',31.0,b'A',2003-08-31 08:40:44.000000000,b'1',0.752,68.125,b'1',b'ARGOS   ',209.3,13.852,35.165
30,21,b'2900229 ',b'Argo INDIA                                                      ',b'M Ravichandran                                                  ',31.0,b'A',2003-08-31 08:40:44.000000000,b'1',0.752,68.125,b'1',b'ARGOS   ',229.0,13.164,35.133
30,22,b'2900229 ',b'Argo INDIA                                                      ',b'M Ravichandran                                                  ',31.0,b'A',2003-08-31 08:40:44.000000000,b'1',0.752,68.125,b'1',b'ARGOS   ',248.8,12.359,35.101
30,23,b'2900229 ',b'Argo INDIA                                                      ',b'M Ravichandran                                                  ',31.0,b'A',2003-08-31 08:40:44.000000000,b'1',0.752,68.125,b'1',b'ARGOS   ',299.6,12.208,35.104
30,24,b'2900229 ',b'Argo INDIA                                                      ',b'M Ravichandran                                                  ',31.0,b'A',2003-08-31 08:40:44.000000000,b'1',0.752,68.125,b'1',b'ARGOS   ',349.4,11.294,35.05
30,25,b'2900229 ',b'Argo INDIA                                                      ',b'M Ravichandran                                                  ',31.0,b'A',2003-08-31 08:40:44.000000000,b'1',0.752,68.125,b'1',b'ARGOS   ',399.0,10.84,35.03
30,26,b'2900229 ',b'Argo INDIA                                                      ',b'M Ravichandran                                                  ',31.0,b'A',2003-08-31 08:40:44.000000000,b'1',0.752,68.125,b'1',b'ARGOS   ',448.9,10.349,34.996
30,27,b'2900229 ',b'Argo INDIA                                                      ',b'M Ravichandran                                                  ',31.0,b'A',2003-08-31 08:40:44.000000000,b'1',0.752,68.125,b'1',b'ARGOS   ',499.4,10.15,35.04
30,28,b'2900229 ',b'Argo INDIA                                                      ',b'M Ravichandran                                                  ',31.0,b'A',2003-08-31 08:40:44.000000000,b'1',0.752,68.125,b'1',b'ARGOS   ',598.9,9.428,35.045
30,29,b'2900229 ',b'Argo INDIA                                                      ',b'M Ravichandran                                                  ',31.0,b'A',2003-08-31 08:40:44.000000000,b'1',0.752,68.125,b'1',b'ARGOS   ',699.4,9.053,35.092
30,30,b'2900229 ',b'Argo INDIA                                                      ',b'M Ravichandran                                                  ',31.0,b'A',2003-08-31 08:40:44.000000000,b'1',0.752,68.125,b'1',b'ARGOS   ',799.3,8.1,35.034
30,31,b'2900229 ',b'Argo INDIA                                                      ',b'M Ravichandran                                                  ',31.0,b'A',2003-08-31 08:40:44.000000000,b'1',0.752,68.125,b'1',b'ARGOS   ',899.0,7.409,34.981
30,32,b'2900229 ',b'Argo INDIA                                                      ',b'M Ravichandran                                                  ',31.0,b'A',2003-08-31 08:40:44.000000000,b'1',0.752,68.125,b'1',b'ARGOS   ',999.1,7.134,34.988
30,33,b'2900229 ',b'Argo INDIA                                                      ',b'M Ravichandran                                                  ',31.0,b'A',2003-08-31 08:40:44.000000000,b'1',0.752,68.125,b'1',b'ARGOS   ',1099.5,6.504,34.968
30,34,b'2900229 ',b'Argo INDIA                                                      ',b'M Ravichandran                                                  ',31.0,b'A',2003-08-31 08:40:44.000000000,b'1',0.752,68.125,b'1',b'ARGOS   ',1199.3,6.102,34.94
30,35,b'2900229 ',b'Argo INDIA                                                      ',b'M Ravichandran                                                  ',31.0,b'A',2003-08-31 08:40:44.000000000,b'1',0.752,68.125,b'1',b'ARGOS   ',1299.5,5.532,34.915
30,36,b'2900229 ',b'Argo INDIA                                                      ',b'M Ravichandran                                                  ',31.0,b'A',2003-08-31 08:40:44.000000000,b'1',0.752,68.125,b'1',b'ARGOS   ',1399.4,5.099,34.886
30,37,b'2900229 ',b'Argo INDIA                                                      ',b'M Ravichandran                                                  ',31.0,b'A',2003-08-31 08:40:44.000000000,b'1',0.752,68.125,b'1',b'ARGOS   ',1499.2,4.798,34.885
30,38,b'2900229 ',b'Argo INDIA                                                      ',b'M Ravichandran                                                  ',31.0,b'A',2003-08-31 08:40:44.000000000,b'1',0.752,68.125,b'1',b'ARGOS   ',1598.9,4.011,34.83
30,39,b'2900229 ',b'Argo INDIA                                                      ',b'M Ravichandran                                                  ',31.0,b'A',2003-08-31 08:40:44.000000000,b'1',0.752,68.125,b'1',b'ARGOS   ',1699.5,3.814,34.818
30,40,b'2900229 ',b'Argo INDIA                                                      ',b'M Ravichandran                                                  ',31.0,b'A',2003-08-31 08:40:44.000000000,b'1',0.752,68.125,b'1',b'ARGOS   ',1799.5,3.279,34.799
30,41,b'2900229 ',b'Argo INDIA                                                      ',b'M Ravichandran                                                  ',31.0,b'A',2003-08-31 08:40:44.000000000,b'1',0.752,68.125,b'1',b'ARGOS   ',1898.9,3.158,34.794
30,42,b'2900229 ',b'Argo INDIA                                                      ',b'M Ravichandran                                                  ',31.0,b'A',2003-08-31 08:40:44.000000000,b'1',0.752,68.125,b'1',b'ARGOS   ',1998.7,2.915,34.782
30,43,b'2900229 ',b'Argo INDIA                                                      ',b'M Ravichandran                                                  ',31.0,b'A',2003-08-31 08:40:44.000000000,b'1',0.752,68.125,b'1',b'ARGOS   ',,,
30,44,b'2900229 ',b'Argo INDIA                                                      ',b'M Ravichandran                                                  ',31.0,b'A',2003-08-31 08:40:44.000000000,b'1',0.752,68.125,b'1',b'ARGOS   ',,,
31,0,b'2900229 ',b'Argo INDIA                                                      ',b'M Ravichandran                                                  ',32.0,b'A',2003-09-10 08:47:23.000000000,b'1',0.76,67.995,b'1',b'ARGOS   ',17.8,29.887,35.093
31,1,b'2900229 ',b'Argo INDIA                                                      ',b'M Ravichandran                                                  ',32.0,b'A',2003-09-10 08:47:23.000000000,b'1',0.76,67.995,b'1',b'ARGOS   ',19.0,29.859,35.094
31,2,b'2900229 ',b'Argo INDIA                                                      ',b'M Ravichandran                                                  ',32.0,b'A',2003-09-10 08:47:23.000000000,b'1',0.76,67.995,b'1',b'ARGOS   ',24.2,29.802,35.093
31,3,b'2900229 ',b'Argo INDIA                                                      ',b'M Ravichandran                                                  ',32.0,b'A',2003-09-10 08:47:23.000000000,b'1',0.76,67.995,b'1',b'ARGOS   ',29.6,29.78,35.096
31,4,b'2900229 ',b'Argo INDIA                                                      ',b'M Ravichandran                                                  ',32.0,b'A',2003-09-10 08:47:23.000000000,b'1',0.76,67.995,b'1',b'ARGOS   ',34.7,29.702,35.118
31,5,b'2900229 ',b'Argo INDIA                                                      ',b'M Ravichandran                                                  ',32.0,b'A',2003-09-10 08:47:23.000000000,b'1',0.76,67.995,b'1',b'ARGOS   ',39.7,29.64,35.159
31,6,b'2900229 ',b'Argo INDIA                                                      ',b'M Ravichandran                                                  ',32.0,b'A',2003-09-10 08:47:23.000000000,b'1',0.76,67.995,b'1',b'ARGOS   ',44.3,29.496,35.211
31,7,b'2900229 ',b'Argo INDIA                                                      ',b'M Ravichandran                                                  ',32.0,b'A',2003-09-10 08:47:23.000000000,b'1',0.76,67.995,b'1',b'ARGOS   ',49.2,29.273,35.32
31,8,b'2900229 ',b'Argo INDIA                                                      ',b'M Ravichandran                                                  ',32.0,b'A',2003-09-10 08:47:23.000000000,b'1',0.76,67.995,b'1',b'ARGOS   ',59.7,28.908,35.38
31,9,b'2900229 ',b'Argo INDIA                                                      ',b'M Ravichandran                                                  ',32.0,b'A',2003-09-10 08:47:23.000000000,b'1',0.76,67.995,b'1',b'ARGOS   ',69.5,24.564,35.419
31,10,b'2900229 ',b'Argo INDIA                                                      ',b'M Ravichandran                                                  ',32.0,b'A',2003-09-10 08:47:23.000000000,b'1',0.76,67.995,b'1',b'ARGOS   ',79.6,23.297,35.417
31,11,b'2900229 ',b'Argo INDIA                                                      ',b'M Ravichandran                                                  ',32.0,b'A',2003-09-10 08:47:23.000000000,b'1',0.76,67.995,b'1',b'ARGOS   ',89.3,22.536,35.413
31,12,b'2900229 ',b'Argo INDIA                                                      ',b'M Ravichandran                                                  ',32.0,b'A',2003-09-10 08:47:23.000000000,b'1',0.76,67.995,b'1',b'ARGOS   ',99.0,22.139,35.404
31,13,b'2900229 ',b'Argo INDIA                                                      ',b'M Ravichandran                                                  ',32.0,b'A',2003-09-10 08:47:23.000000000,b'1',0.76,67.995,b'1',b'ARGOS   ',109.4,21.625,35.396
31,14,b'2900229 ',b'Argo INDIA                                                      ',b'M Ravichandran                                                  ',32.0,b'A',2003-09-10 08:47:23.000000000,b'1',0.76,67.995,b'1',b'ARGOS   ',119.5,20.996,35.367
31,15,b'2900229 ',b'Argo INDIA                                                      ',b'M Ravichandran                                                  ',32.0,b'A',2003-09-10 08:47:23.000000000,b'1',0.76,67.995,b'1',b'ARGOS   ',129.3,18.104,35.296
31,16,b'2900229 ',b'Argo INDIA                                                      ',b'M Ravichandran                                                  ',32.0,b'A',2003-09-10 08:47:23.000000000,b'1',0.76,67.995,b'1',b'ARGOS   ',139.2,16.523,35.258
31,17,b'2900229 ',b'Argo INDIA                                                      ',b'M Ravichandran                                                  ',32.0,b'A',2003-09-10 08:47:23.000000000,b'1',0.76,67.995,b'1',b'ARGOS   ',149.1,16.233,35.248
31,18,b'2900229 ',b'Argo INDIA                                                      ',b'M Ravichandran                                                  ',32.0,b'A',2003-09-10 08:47:23.000000000,b'1',0.76,67.995,b'1',b'ARGOS   ',169.3,15.662,35.231
31,19,b'2900229 ',b'Argo INDIA                                                      ',b'M Ravichandran                                                  ',32.0,b'A',2003-09-10 08:47:23.000000000,b'1',0.76,67.995,b'1',b'ARGOS   ',189.1,14.821,35.211
31,20,b'2900229 ',b'Argo INDIA                                                      ',b'M Ravichandran                                                  ',32.0,b'A',2003-09-10 08:47:23.000000000,b'1',0.76,67.995,b'1',b'ARGOS   ',209.4,13.687,35.161
31,21,b'2900229 ',b'Argo INDIA                                                      ',b'M Ravichandran                                                  ',32.0,b'A',2003-09-10 08:47:23.000000000,b'1',0.76,67.995,b'1',b'ARGOS   ',229.0,12.81,35.111
31,22,b'2900229 ',b'Argo INDIA                                                      ',b'M Ravichandran                                                  ',32.0,b'A',2003-09-10 08:47:23.000000000,b'1',0.76,67.995,b'1',b'ARGOS   ',249.0,12.378,35.107
31,23,b'2900229 ',b'Argo INDIA                                                      ',b'M Ravichandran                                                  ',32.0,b'A',2003-09-10 08:47:23.000000000,b'1',0.76,67.995,b'1',b'ARGOS   ',299.1,11.955,35.096
31,24,b'2900229 ',b'Argo INDIA                                                      ',b'M Ravichandran                                                  ',32.0,b'A',2003-09-10 08:47:23.000000000,b'1',0.76,67.995,b'1',b'ARGOS   ',348.9,11.397,35.062
31,25,b'2900229 ',b'Argo INDIA                                                      ',b'M Ravichandran                                                  ',32.0,b'A',2003-09-10 08:47:23.000000000,b'1',0.76,67.995,b'1',b'ARGOS   ',399.1,10.996,35.029
31,26,b'2900229 ',b'Argo INDIA                                                      ',b'M Ravichandran                                                  ',32.0,b'A',2003-09-10 08:47:23.000000000,b'1',0.76,67.995,b'1',b'ARGOS   ',448.9,10.534,35.025
31,27,b'2900229 ',b'Argo INDIA                                                      ',b'M Ravichandran                                                  ',32.0,b'A',2003-09-10 08:47:23.000000000,b'1',0.76,67.995,b'1',b'ARGOS   ',499.5,10.149,35.034
31,28,b'2900229 ',b'Argo INDIA                                                      ',b'M Ravichandran                                                  ',32.0,b'A',2003-09-10 08:47:23.000000000,b'1',0.76,67.995,b'1',b'ARGOS   ',599.4,9.666,35.054
31,29,b'2900229 ',b'Argo INDIA                                                      ',b'M Ravichandran                                                  ',32.0,b'A',2003-09-10 08:47:23.000000000,b'1',0.76,67.995,b'1',b'ARGOS   ',699.0,9.288,35.116
31,30,b'2900229 ',b'Argo INDIA                                                      ',b'M Ravichandran                                                  ',32.0,b'A',2003-09-10 08:47:23.000000000,b'1',0.76,67.995,b'1',b'ARGOS   ',799.1,8.041,35.037
31,31,b'2900229 ',b'Argo INDIA                                                      ',b'M Ravichandran                                                  ',32.0,b'A',2003-09-10 08:47:23.000000000,b'1',0.76,67.995,b'1',b'ARGOS   ',898.9,7.261,34.972
31,32,b'2900229 ',b'Argo INDIA                                                      ',b'M Ravichandran                                                  ',32.0,b'A',2003-09-10 08:47:23.000000000,b'1',0.76,67.995,b'1',b'ARGOS   ',999.4,6.853,34.974
31,33,b'2900229 ',b'Argo INDIA                                                      ',b'M Ravichandran                                                  ',32.0,b'A',2003-09-10 08:47:23.000000000,b'1',0.76,67.995,b'1',b'ARGOS   ',1099.3,6.243,34.955
31,34,b'2900229 ',b'Argo INDIA                                                      ',b'M Ravichandran                                                  ',32.0,b'A',2003-09-10 08:47:23.000000000,b'1',0.76,67.995,b'1',b'ARGOS   ',1199.6,5.623,34.915
31,35,b'2900229 ',b'Argo INDIA                                                      ',b'M Ravichandran                                                  ',32.0,b'A',2003-09-10 08:47:23.000000000,b'1',0.76,67.995,b'1',b'ARGOS   ',1299.4,5.188,34.881
31,36,b'2900229 ',b'Argo INDIA                                                      ',b'M Ravichandran                                                  ',32.0,b'A',2003-09-10 08:47:23.000000000,b'1',0.76,67.995,b'1',b'ARGOS   ',1399.0,5.035,34.882
31,37,b'2900229 ',b'Argo INDIA                                                      ',b'M Ravichandran                                                  ',32.0,b'A',2003-09-10 08:47:23.000000000,b'1',0.76,67.995,b'1',b'ARGOS   ',1499.2,4.389,34.858
31,38,b'2900229 ',b'Argo INDIA                                                      ',b'M Ravichandran                                                  ',32.0,b'A',2003-09-10 08:47:23.000000000,b'1',0.76,67.995,b'1',b'ARGOS   ',1599.3,3.962,34.827
31,39,b'2900229 ',b'Argo INDIA                                                      ',b'M Ravichandran                                                  ',32.0,b'A',2003-09-10 08:47:23.000000000,b'1',0.76,67.995,b'1',b'ARGOS   ',1699.2,3.875,34.829
31,40,b'2900229 ',b'Argo INDIA                                                      ',b'M Ravichandran                                                  ',32.0,b'A',2003-09-10 08:47:23.000000000,b'1',0.76,67.995,b'1',b'ARGOS   ',1799.4,3.498,34.808
31,41,b'2900229 ',b'Argo INDIA                                                      ',b'M Ravichandran                                                  ',32.0,b'A',2003-09-10 08:47:23.000000000,b'1',0.76,67.995,b'1',b'ARGOS   ',1898.9,3.196,34.795
31,42,b'2900229 ',b'Argo INDIA                                                      ',b'M Ravichandran                                                  ',32.0,b'A',2003-09-10 08:47:23.000000000,b'1',0.76,67.995,b'1',b'ARGOS   ',1998.9,2.815,34.777
31,43,b'2900229 ',b'Argo INDIA                                                      ',b'M Ravichandran                                                  ',32.0,b'A',2003-09-10 08:47:23.000000000,b'1',0.76,67.995,b'1',b'ARGOS   ',,,
31,44,b'2900229 ',b'Argo INDIA                                                      ',b'M Ravichandran                                                  ',32.0,b'A',2003-09-10 08:47:23.000000000,b'1',0.76,67.995,b'1',b'ARGOS   ',,,
32,0,b'2900229 ',b'Argo INDIA                                                      ',b'M Ravichandran                                                  ',33.0,b'A',2003-09-20 08:52:32.000000000,b'1',0.083,67.71,b'1',b'ARGOS   ',18.4,29.171,35.216
32,1,b'2900229 ',b'Argo INDIA                                                      ',b'M Ravichandran                                                  ',33.0,b'A',2003-09-20 08:52:32.000000000,b'1',0.083,67.71,b'1',b'ARGOS   ',19.6,29.148,35.216
32,2,b'2900229 ',b'Argo INDIA                                                      ',b'M Ravichandran                                                  ',33.0,b'A',2003-09-20 08:52:32.000000000,b'1',0.083,67.71,b'1',b'ARGOS   ',24.2,29.113,35.215
32,3,b'2900229 ',b'Argo INDIA                                                      ',b'M Ravichandran                                                  ',33.0,b'A',2003-09-20 08:52:32.000000000,b'1',0.083,67.71,b'1',b'ARGOS   ',29.5,29.082,35.216
32,4,b'2900229 ',b'Argo INDIA                                                      ',b'M Ravichandran                                                  ',33.0,b'A',2003-09-20 08:52:32.000000000,b'1',0.083,67.71,b'1',b'ARGOS   ',34.2,29.067,35.216
32,5,b'2900229 ',b'Argo INDIA                                                      ',b'M Ravichandran                                                  ',33.0,b'A',2003-09-20 08:52:32.000000000,b'1',0.083,67.71,b'1',b'ARGOS   ',39.4,29.049,35.217
32,6,b'2900229 ',b'Argo INDIA                                                      ',b'M Ravichandran                                                  ',33.0,b'A',2003-09-20 08:52:32.000000000,b'1',0.083,67.71,b'1',b'ARGOS   ',44.2,29.032,35.219
32,7,b'2900229 ',b'Argo INDIA                                                      ',b'M Ravichandran                                                  ',33.0,b'A',2003-09-20 08:52:32.000000000,b'1',0.083,67.71,b'1',b'ARGOS   ',49.4,29.0,35.225
32,8,b'2900229 ',b'Argo INDIA                                                      ',b'M Ravichandran                                                  ',33.0,b'A',2003-09-20 08:52:32.000000000,b'1',0.083,67.71,b'1',b'ARGOS   ',59.6,27.762,35.375
32,9,b'2900229 ',b'Argo INDIA                                                      ',b'M Ravichandran                                                  ',33.0,b'A',2003-09-20 08:52:32.000000000,b'1',0.083,67.71,b'1',b'ARGOS   ',69.6,26.208,35.411
32,10,b'2900229 ',b'Argo INDIA                                                      ',b'M Ravichandran                                                  ',33.0,b'A',2003-09-20 08:52:32.000000000,b'1',0.083,67.71,b'1',b'ARGOS   ',79.2,24.978,35.39
32,11,b'2900229 ',b'Argo INDIA                                                      ',b'M Ravichandran                                                  ',33.0,b'A',2003-09-20 08:52:32.000000000,b'1',0.083,67.71,b'1',b'ARGOS   ',89.2,22.971,35.357
32,12,b'2900229 ',b'Argo INDIA                                                      ',b'M Ravichandran                                                  ',33.0,b'A',2003-09-20 08:52:32.000000000,b'1',0.083,67.71,b'1',b'ARGOS   ',99.0,22.363,35.34
32,13,b'2900229 ',b'Argo INDIA                                                      ',b'M Ravichandran                                                  ',33.0,b'A',2003-09-20 08:52:32.000000000,b'1',0.083,67.71,b'1',b'ARGOS   ',109.1,21.181,35.339
32,14,b'2900229 ',b'Argo INDIA                                                      ',b'M Ravichandran                                                  ',33.0,b'A',2003-09-20 08:52:32.000000000,b'1',0.083,67.71,b'1',b'ARGOS   ',119.4,20.562,35.355
32,15,b'2900229 ',b'Argo INDIA                                                      ',b'M Ravichandran                                                  ',33.0,b'A',2003-09-20 08:52:32.000000000,b'1',0.083,67.71,b'1',b'ARGOS   ',129.5,19.985,35.344
32,16,b'2900229 ',b'Argo INDIA                                                      ',b'M Ravichandran                                                  ',33.0,b'A',2003-09-20 08:52:32.000000000,b'1',0.083,67.71,b'1',b'ARGOS   ',139.8,19.734,35.326
32,17,b'2900229 ',b'Argo INDIA                                                      ',b'M Ravichandran                                                  ',33.0,b'A',2003-09-20 08:52:32.000000000,b'1',0.083,67.71,b'1',b'ARGOS   ',149.5,18.121,35.301
32,18,b'2900229 ',b'Argo INDIA                                                      ',b'M Ravichandran                                                  ',33.0,b'A',2003-09-20 08:52:32.000000000,b'1',0.083,67.71,b'1',b'ARGOS   ',169.2,16.89,35.273
32,19,b'2900229 ',b'Argo INDIA                                                      ',b'M Ravichandran                                                  ',33.0,b'A',2003-09-20 08:52:32.000000000,b'1',0.083,67.71,b'1',b'ARGOS   ',189.3,14.324,35.196
32,20,b'2900229 ',b'Argo INDIA                                                      ',b'M Ravichandran                                                  ',33.0,b'A',2003-09-20 08:52:32.000000000,b'1',0.083,67.71,b'1',b'ARGOS   ',209.2,13.442,35.159
32,21,b'2900229 ',b'Argo INDIA                                                      ',b'M Ravichandran                                                  ',33.0,b'A',2003-09-20 08:52:32.000000000,b'1',0.083,67.71,b'1',b'ARGOS   ',229.0,12.518,35.106
32,22,b'2900229 ',b'Argo INDIA                                                      ',b'M Ravichandran                                                  ',33.0,b'A',2003-09-20 08:52:32.000000000,b'1',0.083,67.71,b'1',b'ARGOS   ',249.5,12.4,35.116
32,23,b'2900229 ',b'Argo INDIA                                                      ',b'M Ravichandran                                                  ',33.0,b'A',2003-09-20 08:52:32.000000000,b'1',0.083,67.71,b'1',b'ARGOS   ',299.4,11.71,35.074
32,24,b'2900229 ',b'Argo INDIA                                                      ',b'M Ravichandran                                                  ',33.0,b'A',2003-09-20 08:52:32.000000000,b'1',0.083,67.71,b'1',b'ARGOS   ',349.3,11.107,35.04
32,25,b'2900229 ',b'Argo INDIA                                                      ',b'M Ravichandran                                                  ',33.0,b'A',2003-09-20 08:52:32.000000000,b'1',0.083,67.71,b'1',b'ARGOS   ',399.1,10.741,34.998
32,26,b'2900229 ',b'Argo INDIA                                                      ',b'M Ravichandran                                                  ',33.0,b'A',2003-09-20 08:52:32.000000000,b'1',0.083,67.71,b'1',b'ARGOS   ',449.3,10.758,35.022
32,27,b'2900229 ',b'Argo INDIA                                                      ',b'M Ravichandran                                                  ',33.0,b'A',2003-09-20 08:52:32.000000000,b'1',0.083,67.71,b'1',b'ARGOS   ',499.5,10.539,35.024
32,28,b'2900229 ',b'Argo INDIA                                                      ',b'M Ravichandran                                                  ',33.0,b'A',2003-09-20 08:52:32.000000000,b'1',0.083,67.71,b'1',b'ARGOS   ',599.4,9.67,35.056
32,29,b'2900229 ',b'Argo INDIA                                                      ',b'M Ravichandran                                                  ',33.0,b'A',2003-09-20 08:52:32.000000000,b'1',0.083,67.71,b'1',b'ARGOS   ',699.3,8.949,35.042
32,30,b'2900229 ',b'Argo INDIA                                                      ',b'M Ravichandran                                                  ',33.0,b'A',2003-09-20 08:52:32.000000000,b'1',0.083,67.71,b'1',b'ARGOS   ',799.3,8.479,35.057
32,31,b'2900229 ',b'Argo INDIA                                                      ',b'M Ravichandran                                                  ',33.0,b'A',2003-09-20 08:52:32.000000000,b'1',0.083,67.71,b'1',b'ARGOS   ',899.4,7.514,34.99
32,32,b'2900229 ',b'Argo INDIA                                                      ',b'M Ravichandran                                                  ',33.0,b'A',2003-09-20 08:52:32.000000000,b'1',0.083,67.71,b'1',b'ARGOS   ',999.2,6.73,34.964
32,33,b'2900229 ',b'Argo INDIA                                                      ',b'M Ravichandran                                                  ',33.0,b'A',2003-09-20 08:52:32.000000000,b'1',0.083,67.71,b'1',b'ARGOS   ',1099.3,5.987,34.922
32,34,b'2900229 ',b'Argo INDIA                                                      ',b'M Ravichandran                                                  ',33.0,b'A',2003-09-20 08:52:32.000000000,b'1',0.083,67.71,b'1',b'ARGOS   ',1198.9,5.516,34.896
32,35,b'2900229 ',b'Argo INDIA                                                      ',b'M Ravichandran                                                  ',33.0,b'A',2003-09-20 08:52:32.000000000,b'1',0.083,67.71,b'1',b'ARGOS   ',1299.1,5.466,34.898
32,36,b'2900229 ',b'Argo INDIA                                                      ',b'M Ravichandran                                                  ',33.0,b'A',2003-09-20 08:52:32.000000000,b'1',0.083,67.71,b'1',b'ARGOS   ',1399.3,5.017,34.868
32,37,b'2900229 ',b'Argo INDIA                                                      ',b'M Ravichandran                                                  ',33.0,b'A',2003-09-20 08:52:32.000000000,b'1',0.083,67.71,b'1',b'ARGOS   ',1499.4,4.339,34.848
32,38,b'2900229 ',b'Argo INDIA                                                      ',b'M Ravichandran                                                  ',33.0,b'A',2003-09-20 08:52:32.000000000,b'1',0.083,67.71,b'1',b'ARGOS   ',1599.2,3.95,34.827
32,39,b'2900229 ',b'Argo INDIA                                                      ',b'M Ravichandran                                                  ',33.0,b'A',2003-09-20 08:52:32.000000000,b'1',0.083,67.71,b'1',b'ARGOS   ',1699.2,3.523,34.808
32,40,b'2900229 ',b'Argo INDIA                                                      ',b'M Ravichandran                                                  ',33.0,b'A',2003-09-20 08:52:32.000000000,b'1',0.083,67.71,b'1',b'ARGOS   ',1799.6,3.172,34.793
32,41,b'2900229 ',b'Argo INDIA                                                      ',b'M Ravichandran                                                  ',33.0,b'A',2003-09-20 08:52:32.000000000,b'1',0.083,67.71,b'1',b'ARGOS   ',1899.3,2.855,34.779
32,42,b'2900229 ',b'Argo INDIA                                                      ',b'M Ravichandran                                                  ',33.0,b'A',2003-09-20 08:52:32.000000000,b'1',0.083,67.71,b'1',b'ARGOS   ',1998.9,2.725,34.773
32,43,b'2900229 ',b'Argo INDIA                                                      ',b'M Ravichandran                                                  ',33.0,b'A',2003-09-20 08:52:32.000000000,b'1',0.083,67.71,b'1',b'ARGOS   ',,,
32,44,b'2900229 ',b'Argo INDIA                                                      ',b'M Ravichandran                                                  ',33.0,b'A',2003-09-20 08:52:32.000000000,b'1',0.083,67.71,b'1',b'ARGOS   ',,,
33,0,b'2900229 ',b'Argo INDIA                                                      ',b'M Ravichandran                                                  ',34.0,b'A',2003-09-30 08:40:23.000000000,b'1',0.086,67.844,b'1',b'ARGOS   ',18.3,29.393,35.434
33,1,b'2900229 ',b'Argo INDIA                                                      ',b'M Ravichandran                                                  ',34.0,b'A',2003-09-30 08:40:23.000000000,b'1',0.086,67.844,b'1',b'ARGOS   ',19.7,29.391,35.434
33,2,b'2900229 ',b'Argo INDIA                                                      ',b'M Ravichandran                                                  ',34.0,b'A',2003-09-30 08:40:23.000000000,b'1',0.086,67.844,b'1',b'ARGOS   ',24.1,29.396,35.434
33,3,b'2900229 ',b'Argo INDIA                                                      ',b'M Ravichandran                                                  ',34.0,b'A',2003-09-30 08:40:23.000000000,b'1',0.086,67.844,b'1',b'ARGOS   ',29.6,29.397,35.434
33,4,b'2900229 ',b'Argo INDIA                                                      ',b'M Ravichandran                                                  ',34.0,b'A',2003-09-30 08:40:23.000000000,b'1',0.086,67.844,b'1',b'ARGOS   ',34.5,29.398,35.434
33,5,b'2900229 ',b'Argo INDIA                                                      ',b'M Ravichandran                                                  ',34.0,b'A',2003-09-30 08:40:23.000000000,b'1',0.086,67.844,b'1',b'ARGOS   ',39.1,29.398,35.435
33,6,b'2900229 ',b'Argo INDIA                                                      ',b'M Ravichandran                                                  ',34.0,b'A',2003-09-30 08:40:23.000000000,b'1',0.086,67.844,b'1',b'ARGOS   ',44.1,29.4,35.434
33,7,b'2900229 ',b'Argo INDIA                                                      ',b'M Ravichandran                                                  ',34.0,b'A',2003-09-30 08:40:23.000000000,b'1',0.086,67.844,b'1',b'ARGOS   ',49.3,29.388,35.436
33,8,b'2900229 ',b'Argo INDIA                                                      ',b'M Ravichandran                                                  ',34.0,b'A',2003-09-30 08:40:23.000000000,b'1',0.086,67.844,b'1',b'ARGOS   ',59.0,29.375,35.437
33,9,b'2900229 ',b'Argo INDIA                                                      ',b'M Ravichandran                                                  ',34.0,b'A',2003-09-30 08:40:23.000000000,b'1',0.086,67.844,b'1',b'ARGOS   ',69.9,28.974,35.481
33,10,b'2900229 ',b'Argo INDIA                                                      ',b'M Ravichandran                                                  ',34.0,b'A',2003-09-30 08:40:23.000000000,b'1',0.086,67.844,b'1',b'ARGOS   ',79.6,26.516,35.588
33,11,b'2900229 ',b'Argo INDIA                                                      ',b'M Ravichandran                                                  ',34.0,b'A',2003-09-30 08:40:23.000000000,b'1',0.086,67.844,b'1',b'ARGOS   ',89.3,22.776,35.298
33,12,b'2900229 ',b'Argo INDIA                                                      ',b'M Ravichandran                                                  ',34.0,b'A',2003-09-30 08:40:23.000000000,b'1',0.086,67.844,b'1',b'ARGOS   ',99.1,22.204,35.307
33,13,b'2900229 ',b'Argo INDIA                                                      ',b'M Ravichandran                                                  ',34.0,b'A',2003-09-30 08:40:23.000000000,b'1',0.086,67.844,b'1',b'ARGOS   ',109.6,21.562,35.332
33,14,b'2900229 ',b'Argo INDIA                                                      ',b'M Ravichandran                                                  ',34.0,b'A',2003-09-30 08:40:23.000000000,b'1',0.086,67.844,b'1',b'ARGOS   ',119.4,20.686,35.299
33,15,b'2900229 ',b'Argo INDIA                                                      ',b'M Ravichandran                                                  ',34.0,b'A',2003-09-30 08:40:23.000000000,b'1',0.086,67.844,b'1',b'ARGOS   ',129.7,19.441,35.308
33,16,b'2900229 ',b'Argo INDIA                                                      ',b'M Ravichandran                                                  ',34.0,b'A',2003-09-30 08:40:23.000000000,b'1',0.086,67.844,b'1',b'ARGOS   ',139.6,18.714,35.302
33,17,b'2900229 ',b'Argo INDIA                                                      ',b'M Ravichandran                                                  ',34.0,b'A',2003-09-30 08:40:23.000000000,b'1',0.086,67.844,b'1',b'ARGOS   ',149.3,17.744,35.294
33,18,b'2900229 ',b'Argo INDIA                                                      ',b'M Ravichandran                                                  ',34.0,b'A',2003-09-30 08:40:23.000000000,b'1',0.086,67.844,b'1',b'ARGOS   ',169.3,16.627,35.257
33,19,b'2900229 ',b'Argo INDIA                                                      ',b'M Ravichandran                                                  ',34.0,b'A',2003-09-30 08:40:23.000000000,b'1',0.086,67.844,b'1',b'ARGOS   ',189.2,14.42,35.176
33,20,b'2900229 ',b'Argo INDIA                                                      ',b'M Ravichandran                                                  ',34.0,b'A',2003-09-30 08:40:23.000000000,b'1',0.086,67.844,b'1',b'ARGOS   ',209.3,13.296,35.14
33,21,b'2900229 ',b'Argo INDIA                                                      ',b'M Ravichandran                                                  ',34.0,b'A',2003-09-30 08:40:23.000000000,b'1',0.086,67.844,b'1',b'ARGOS   ',229.1,12.596,35.109
33,22,b'2900229 ',b'Argo INDIA                                                      ',b'M Ravichandran                                                  ',34.0,b'A',2003-09-30 08:40:23.000000000,b'1',0.086,67.844,b'1',b'ARGOS   ',249.4,12.458,35.103
33,23,b'2900229 ',b'Argo INDIA                                                      ',b'M Ravichandran                                                  ',34.0,b'A',2003-09-30 08:40:23.000000000,b'1',0.086,67.844,b'1',b'ARGOS   ',299.2,11.905,35.084
33,24,b'2900229 ',b'Argo INDIA                                                      ',b'M Ravichandran                                                  ',34.0,b'A',2003-09-30 08:40:23.000000000,b'1',0.086,67.844,b'1',b'ARGOS   ',349.5,11.397,35.044
33,25,b'2900229 ',b'Argo INDIA                                                      ',b'M Ravichandran                                                  ',34.0,b'A',2003-09-30 08:40:23.000000000,b'1',0.086,67.844,b'1',b'ARGOS   ',399.1,10.896,35.014
33,26,b'2900229 ',b'Argo INDIA                                                      ',b'M Ravichandran                                                  ',34.0,b'A',2003-09-30 08:40:23.000000000,b'1',0.086,67.844,b'1',b'ARGOS   ',449.2,10.503,35.019
33,27,b'2900229 ',b'Argo INDIA                                                      ',b'M Ravichandran                                                  ',34.0,b'A',2003-09-30 08:40:23.000000000,b'1',0.086,67.844,b'1',b'ARGOS   ',499.4,10.351,35.028
33,28,b'2900229 ',b'Argo INDIA                                                      ',b'M Ravichandran                                                  ',34.0,b'A',2003-09-30 08:40:23.000000000,b'1',0.086,67.844,b'1',b'ARGOS   ',599.4,9.495,35.004
33,29,b'2900229 ',b'Argo INDIA                                                      ',b'M Ravichandran                                                  ',34.0,b'A',2003-09-30 08:40:23.000000000,b'1',0.086,67.844,b'1',b'ARGOS   ',699.4,9.051,35.03
33,30,b'2900229 ',b'Argo INDIA                                                      ',b'M Ravichandran                                                  ',34.0,b'A',2003-09-30 08:40:23.000000000,b'1',0.086,67.844,b'1',b'ARGOS   ',798.9,8.589,35.027
33,31,b'2900229 ',b'Argo INDIA                                                      ',b'M Ravichandran                                                  ',34.0,b'A',2003-09-30 08:40:23.000000000,b'1',0.086,67.844,b'1',b'ARGOS   ',899.4,7.705,34.993
33,32,b'2900229 ',b'Argo INDIA                                                      ',b'M Ravichandran                                                  ',34.0,b'A',2003-09-30 08:40:23.000000000,b'1',0.086,67.844,b'1',b'ARGOS   ',998.9,6.985,34.972
33,33,b'2900229 ',b'Argo INDIA                                                      ',b'M Ravichandran                                                  ',34.0,b'A',2003-09-30 08:40:23.000000000,b'1',0.086,67.844,b'1',b'ARGOS   ',1099.4,6.416,34.955
33,34,b'2900229 ',b'Argo INDIA                                                      ',b'M Ravichandran                                                  ',34.0,b'A',2003-09-30 08:40:23.000000000,b'1',0.086,67.844,b'1',b'ARGOS   ',1199.4,5.552,34.9
33,35,b'2900229 ',b'Argo INDIA                                                      ',b'M Ravichandran                                                  ',34.0,b'A',2003-09-30 08:40:23.000000000,b'1',0.086,67.844,b'1',b'ARGOS   ',1299.4,5.427,34.896
33,36,b'2900229 ',b'Argo INDIA                                                      ',b'M Ravichandran                                                  ',34.0,b'A',2003-09-30 08:40:23.000000000,b'1',0.086,67.844,b'1',b'ARGOS   ',1399.2,5.276,34.885
33,37,b'2900229 ',b'Argo INDIA                                                      ',b'M Ravichandran                                                  ',34.0,b'A',2003-09-30 08:40:23.000000000,b'1',0.086,67.844,b'1',b'ARGOS   ',1499.1,4.638,34.864
33,38,b'2900229 ',b'Argo INDIA                                                      ',b'M Ravichandran                                                  ',34.0,b'A',2003-09-30 08:40:23.000000000,b'1',0.086,67.844,b'1',b'ARGOS   ',1599.0,4.091,34.838
33,39,b'2900229 ',b'Argo INDIA                                                      ',b'M Ravichandran                                                  ',34.0,b'A',2003-09-30 08:40:23.000000000,b'1',0.086,67.844,b'1',b'ARGOS   ',1699.2,3.691,34.811
33,40,b'2900229 ',b'Argo INDIA                                                      ',b'M Ravichandran                                                  ',34.0,b'A',2003-09-30 08:40:23.000000000,b'1',0.086,67.844,b'1',b'ARGOS   ',1799.2,3.199,34.792
33,41,b'2900229 ',b'Argo INDIA                                                      ',b'M Ravichandran                                                  ',34.0,b'A',2003-09-30 08:40:23.000000000,b'1',0.086,67.844,b'1',b'ARGOS   ',1899.1,3.018,34.785
33,42,b'2900229 ',b'Argo INDIA                                                      ',b'M Ravichandran                                                  ',34.0,b'A',2003-09-30 08:40:23.000000000,b'1',0.086,67.844,b'1',b'ARGOS   ',1999.4,2.683,34.772
33,43,b'2900229 ',b'Argo INDIA                                                      ',b'M Ravichandran                                                  ',34.0,b'A',2003-09-30 08:40:23.000000000,b'1',0.086,67.844,b'1',b'ARGOS   ',,,
33,44,b'2900229 ',b'Argo INDIA                                                      ',b'M Ravichandran                                                  ',34.0,b'A',2003-09-30 08:40:23.000000000,b'1',0.086,67.844,b'1',b'ARGOS   ',,,
34,0,b'2900229 ',b'Argo INDIA                                                      ',b'M Ravichandran                                                  ',35.0,b'A',2003-10-10 08:29:53.000000000,b'1',-0.356,68.45,b'1',b'ARGOS   ',17.9,29.28,35.643
34,1,b'2900229 ',b'Argo INDIA                                                      ',b'M Ravichandran                                                  ',35.0,b'A',2003-10-10 08:29:53.000000000,b'1',-0.356,68.45,b'1',b'ARGOS   ',19.0,29.254,35.643
34,2,b'2900229 ',b'Argo INDIA                                                      ',b'M Ravichandran                                                  ',35.0,b'A',2003-10-10 08:29:53.000000000,b'1',-0.356,68.45,b'1',b'ARGOS   ',24.0,29.175,35.639
34,3,b'2900229 ',b'Argo INDIA                                                      ',b'M Ravichandran                                                  ',35.0,b'A',2003-10-10 08:29:53.000000000,b'1',-0.356,68.45,b'1',b'ARGOS   ',28.8,29.112,35.637
34,4,b'2900229 ',b'Argo INDIA                                                      ',b'M Ravichandran                                                  ',35.0,b'A',2003-10-10 08:29:53.000000000,b'1',-0.356,68.45,b'1',b'ARGOS   ',34.4,29.094,35.637
34,5,b'2900229 ',b'Argo INDIA                                                      ',b'M Ravichandran                                                  ',35.0,b'A',2003-10-10 08:29:53.000000000,b'1',-0.356,68.45,b'1',b'ARGOS   ',39.3,29.082,35.639
34,6,b'2900229 ',b'Argo INDIA                                                      ',b'M Ravichandran                                                  ',35.0,b'A',2003-10-10 08:29:53.000000000,b'1',-0.356,68.45,b'1',b'ARGOS   ',44.3,29.068,35.639
34,7,b'2900229 ',b'Argo INDIA                                                      ',b'M Ravichandran                                                  ',35.0,b'A',2003-10-10 08:29:53.000000000,b'1',-0.356,68.45,b'1',b'ARGOS   ',49.0,29.054,35.638
34,8,b'2900229 ',b'Argo INDIA                                                      ',b'M Ravichandran                                                  ',35.0,b'A',2003-10-10 08:29:53.000000000,b'1',-0.356,68.45,b'1',b'ARGOS   ',59.6,28.995,35.639
34,9,b'2900229 ',b'Argo INDIA                                                      ',b'M Ravichandran                                                  ',35.0,b'A',2003-10-10 08:29:53.000000000,b'1',-0.356,68.45,b'1',b'ARGOS   ',69.5,28.598,35.659
34,10,b'2900229 ',b'Argo INDIA                                                      ',b'M Ravichandran                                                  ',35.0,b'A',2003-10-10 08:29:53.000000000,b'1',-0.356,68.45,b'1',b'ARGOS   ',79.7,27.405,35.647
34,11,b'2900229 ',b'Argo INDIA                                                      ',b'M Ravichandran                                                  ',35.0,b'A',2003-10-10 08:29:53.000000000,b'1',-0.356,68.45,b'1',b'ARGOS   ',89.6,24.543,35.407
34,12,b'2900229 ',b'Argo INDIA                                                      ',b'M Ravichandran                                                  ',35.0,b'A',2003-10-10 08:29:53.000000000,b'1',-0.356,68.45,b'1',b'ARGOS   ',99.3,23.522,35.311
34,13,b'2900229 ',b'Argo INDIA                                                      ',b'M Ravichandran                                                  ',35.0,b'A',2003-10-10 08:29:53.000000000,b'1',-0.356,68.45,b'1',b'ARGOS   ',109.5,23.318,35.287
34,14,b'2900229 ',b'Argo INDIA                                                      ',b'M Ravichandran                                                  ',35.0,b'A',2003-10-10 08:29:53.000000000,b'1',-0.356,68.45,b'1',b'ARGOS   ',119.3,22.501,35.26
34,15,b'2900229 ',b'Argo INDIA                                                      ',b'M Ravichandran                                                  ',35.0,b'A',2003-10-10 08:29:53.000000000,b'1',-0.356,68.45,b'1',b'ARGOS   ',129.1,22.165,35.251
34,16,b'2900229 ',b'Argo INDIA                                                      ',b'M Ravichandran                                                  ',35.0,b'A',2003-10-10 08:29:53.000000000,b'1',-0.356,68.45,b'1',b'ARGOS   ',139.5,21.391,35.23
34,17,b'2900229 ',b'Argo INDIA                                                      ',b'M Ravichandran                                                  ',35.0,b'A',2003-10-10 08:29:53.000000000,b'1',-0.356,68.45,b'1',b'ARGOS   ',149.5,19.51,35.278
34,18,b'2900229 ',b'Argo INDIA                                                      ',b'M Ravichandran                                                  ',35.0,b'A',2003-10-10 08:29:53.000000000,b'1',-0.356,68.45,b'1',b'ARGOS   ',169.5,18.207,35.305
34,19,b'2900229 ',b'Argo INDIA                                                      ',b'M Ravichandran                                                  ',35.0,b'A',2003-10-10 08:29:53.000000000,b'1',-0.356,68.45,b'1',b'ARGOS   ',189.5,14.699,35.181
34,20,b'2900229 ',b'Argo INDIA                                                      ',b'M Ravichandran                                                  ',35.0,b'A',2003-10-10 08:29:53.000000000,b'1',-0.356,68.45,b'1',b'ARGOS   ',209.3,13.387,35.126
34,21,b'2900229 ',b'Argo INDIA                                                      ',b'M Ravichandran                                                  ',35.0,b'A',2003-10-10 08:29:53.000000000,b'1',-0.356,68.45,b'1',b'ARGOS   ',228.9,12.201,35.084
34,22,b'2900229 ',b'Argo INDIA                                                      ',b'M Ravichandran                                                  ',35.0,b'A',2003-10-10 08:29:53.000000000,b'1',-0.356,68.45,b'1',b'ARGOS   ',249.3,12.061,35.08
34,23,b'2900229 ',b'Argo INDIA                                                      ',b'M Ravichandran                                                  ',35.0,b'A',2003-10-10 08:29:53.000000000,b'1',-0.356,68.45,b'1',b'ARGOS   ',299.3,11.451,35.05
34,24,b'2900229 ',b'Argo INDIA                                                      ',b'M Ravichandran                                                  ',35.0,b'A',2003-10-10 08:29:53.000000000,b'1',-0.356,68.45,b'1',b'ARGOS   ',349.5,10.77,35.008
34,25,b'2900229 ',b'Argo INDIA                                                      ',b'M Ravichandran                                                  ',35.0,b'A',2003-10-10 08:29:53.000000000,b'1',-0.356,68.45,b'1',b'ARGOS   ',399.3,10.631,35.02
34,26,b'2900229 ',b'Argo INDIA                                                      ',b'M Ravichandran                                                  ',35.0,b'A',2003-10-10 08:29:53.000000000,b'1',-0.356,68.45,b'1',b'ARGOS   ',449.1,10.465,34.99
34,27,b'2900229 ',b'Argo INDIA                                                      ',b'M Ravichandran                                                  ',35.0,b'A',2003-10-10 08:29:53.000000000,b'1',-0.356,68.45,b'1',b'ARGOS   ',499.2,9.831,34.992
34,28,b'2900229 ',b'Argo INDIA                                                      ',b'M Ravichandran                                                  ',35.0,b'A',2003-10-10 08:29:53.000000000,b'1',-0.356,68.45,b'1',b'ARGOS   ',599.5,9.303,35.029
34,29,b'2900229 ',b'Argo INDIA                                                      ',b'M Ravichandran                                                  ',35.0,b'A',2003-10-10 08:29:53.000000000,b'1',-0.356,68.45,b'1',b'ARGOS   ',699.4,8.926,35.042
34,30,b'2900229 ',b'Argo INDIA                                                      ',b'M Ravichandran                                                  ',35.0,b'A',2003-10-10 08:29:53.000000000,b'1',-0.356,68.45,b'1',b'ARGOS   ',799.5,8.694,35.06
34,31,b'2900229 ',b'Argo INDIA                                                      ',b'M Ravichandran                                                  ',35.0,b'A',2003-10-10 08:29:53.000000000,b'1',-0.356,68.45,b'1',b'ARGOS   ',899.4,7.71,34.986
34,32,b'2900229 ',b'Argo INDIA                                                      ',b'M Ravichandran                                                  ',35.0,b'A',2003-10-10 08:29:53.000000000,b'1',-0.356,68.45,b'1',b'ARGOS   ',999.4,6.505,34.936
34,33,b'2900229 ',b'Argo INDIA                                                      ',b'M Ravichandran                                                  ',35.0,b'A',2003-10-10 08:29:53.000000000,b'1',-0.356,68.45,b'1',b'ARGOS   ',1099.1,5.73,34.902
34,34,b'2900229 ',b'Argo INDIA                                                      ',b'M Ravichandran                                                  ',35.0,b'A',2003-10-10 08:29:53.000000000,b'1',-0.356,68.45,b'1',b'ARGOS   ',1199.3,5.494,34.893
34,35,b'2900229 ',b'Argo INDIA                                                      ',b'M Ravichandran                                                  ',35.0,b'A',2003-10-10 08:29:53.000000000,b'1',-0.356,68.45,b'1',b'ARGOS   ',1299.2,5.257,34.885
34,36,b'2900229 ',b'Argo INDIA                                                      ',b'M Ravichandran                                                  ',35.0,b'A',2003-10-10 08:29:53.000000000,b'1',-0.356,68.45,b'1',b'ARGOS   ',1399.1,4.648,34.86
34,37,b'2900229 ',b'Argo INDIA                                                      ',b'M Ravichandran                                                  ',35.0,b'A',2003-10-10 08:29:53.000000000,b'1',-0.356,68.45,b'1',b'ARGOS   ',1499.3,4.075,34.832
34,38,b'2900229 ',b'Argo INDIA                                                      ',b'M Ravichandran                                                  ',35.0,b'A',2003-10-10 08:29:53.000000000,b'1',-0.356,68.45,b'1',b'ARGOS   ',1598.9,3.937,34.825
34,39,b'2900229 ',b'Argo INDIA                                                      ',b'M Ravichandran                                                  ',35.0,b'A',2003-10-10 08:29:53.000000000,b'1',-0.356,68.45,b'1',b'ARGOS   ',1699.3,3.593,34.803
34,40,b'2900229 ',b'Argo INDIA                                                      ',b'M Ravichandran                                                  ',35.0,b'A',2003-10-10 08:29:53.000000000,b'1',-0.356,68.45,b'1',b'ARGOS   ',1799.4,3.184,34.791
34,41,b'2900229 ',b'Argo INDIA                                                      ',b'M Ravichandran                                                  ',35.0,b'A',2003-10-10 08:29:53.000000000,b'1',-0.356,68.45,b'1',b'ARGOS   ',1899.4,2.69,34.772
34,42,b'2900229 ',b'Argo INDIA                                                      ',b'M Ravichandran                                                  ',35.0,b'A',2003-10-10 08:29:53.000000000,b'1',-0.356,68.45,b'1',b'ARGOS   ',,,
34,43,b'2900229 ',b'Argo INDIA                                                      ',b'M Ravichandran                                                  ',35.0,b'A',2003-10-10 08:29:53.000000000,b'1',-0.356,68.45,b'1',b'ARGOS   ',,,
34,44,b'2900229 ',b'Argo INDIA                                                      ',b'M Ravichandran                                                  ',35.0,b'A',2003-10-10 08:29:53.000000000,b'1',-0.356,68.45,b'1',b'ARGOS   ',,,
35,0,b'2900229 ',b'Argo INDIA                                                      ',b'M Ravichandran                                                  ',36.0,b'A',2003-10-20 08:40:07.999999744,b'1',-0.711,70.433,b'1',b'ARGOS   ',18.5,29.051,35.46
35,1,b'2900229 ',b'Argo INDIA                                                      ',b'M Ravichandran                                                  ',36.0,b'A',2003-10-20 08:40:07.999999744,b'1',-0.711,70.433,b'1',b'ARGOS   ',19.5,29.039,35.46
35,2,b'2900229 ',b'Argo INDIA                                                      ',b'M Ravichandran                                                  ',36.0,b'A',2003-10-20 08:40:07.999999744,b'1',-0.711,70.433,b'1',b'ARGOS   ',24.5,28.917,35.465
35,3,b'2900229 ',b'Argo INDIA                                                      ',b'M Ravichandran                                                  ',36.0,b'A',2003-10-20 08:40:07.999999744,b'1',-0.711,70.433,b'1',b'ARGOS   ',29.2,28.907,35.471
35,4,b'2900229 ',b'Argo INDIA                                                      ',b'M Ravichandran                                                  ',36.0,b'A',2003-10-20 08:40:07.999999744,b'1',-0.711,70.433,b'1',b'ARGOS   ',34.0,28.902,35.479
35,5,b'2900229 ',b'Argo INDIA                                                      ',b'M Ravichandran                                                  ',36.0,b'A',2003-10-20 08:40:07.999999744,b'1',-0.711,70.433,b'1',b'ARGOS   ',39.1,28.881,35.485
35,6,b'2900229 ',b'Argo INDIA                                                      ',b'M Ravichandran                                                  ',36.0,b'A',2003-10-20 08:40:07.999999744,b'1',-0.711,70.433,b'1',b'ARGOS   ',44.4,28.861,35.492
35,7,b'2900229 ',b'Argo INDIA                                                      ',b'M Ravichandran                                                  ',36.0,b'A',2003-10-20 08:40:07.999999744,b'1',-0.711,70.433,b'1',b'ARGOS   ',49.5,28.826,35.502
35,8,b'2900229 ',b'Argo INDIA                                                      ',b'M Ravichandran                                                  ',36.0,b'A',2003-10-20 08:40:07.999999744,b'1',-0.711,70.433,b'1',b'ARGOS   ',59.7,28.533,35.535
35,9,b'2900229 ',b'Argo INDIA                                                      ',b'M Ravichandran                                                  ',36.0,b'A',2003-10-20 08:40:07.999999744,b'1',-0.711,70.433,b'1',b'ARGOS   ',69.5,23.923,35.333
35,10,b'2900229 ',b'Argo INDIA                                                      ',b'M Ravichandran                                                  ',36.0,b'A',2003-10-20 08:40:07.999999744,b'1',-0.711,70.433,b'1',b'ARGOS   ',79.4,22.419,35.287
35,11,b'2900229 ',b'Argo INDIA                                                      ',b'M Ravichandran                                                  ',36.0,b'A',2003-10-20 08:40:07.999999744,b'1',-0.711,70.433,b'1',b'ARGOS   ',89.1,22.381,35.287
35,12,b'2900229 ',b'Argo INDIA                                                      ',b'M Ravichandran                                                  ',36.0,b'A',2003-10-20 08:40:07.999999744,b'1',-0.711,70.433,b'1',b'ARGOS   ',99.2,22.26,35.284
35,13,b'2900229 ',b'Argo INDIA                                                      ',b'M Ravichandran                                                  ',36.0,b'A',2003-10-20 08:40:07.999999744,b'1',-0.711,70.433,b'1',b'ARGOS   ',109.4,21.457,35.324
35,14,b'2900229 ',b'Argo INDIA                                                      ',b'M Ravichandran                                                  ',36.0,b'A',2003-10-20 08:40:07.999999744,b'1',-0.711,70.433,b'1',b'ARGOS   ',119.4,20.541,35.322
35,15,b'2900229 ',b'Argo INDIA                                                      ',b'M Ravichandran                                                  ',36.0,b'A',2003-10-20 08:40:07.999999744,b'1',-0.711,70.433,b'1',b'ARGOS   ',129.3,20.123,35.325
35,16,b'2900229 ',b'Argo INDIA                                                      ',b'M Ravichandran                                                  ',36.0,b'A',2003-10-20 08:40:07.999999744,b'1',-0.711,70.433,b'1',b'ARGOS   ',139.9,19.755,35.324
35,17,b'2900229 ',b'Argo INDIA                                                      ',b'M Ravichandran                                                  ',36.0,b'A',2003-10-20 08:40:07.999999744,b'1',-0.711,70.433,b'1',b'ARGOS   ',149.2,17.933,35.28
35,18,b'2900229 ',b'Argo INDIA                                                      ',b'M Ravichandran                                                  ',36.0,b'A',2003-10-20 08:40:07.999999744,b'1',-0.711,70.433,b'1',b'ARGOS   ',169.1,17.449,35.254
35,19,b'2900229 ',b'Argo INDIA                                                      ',b'M Ravichandran                                                  ',36.0,b'A',2003-10-20 08:40:07.999999744,b'1',-0.711,70.433,b'1',b'ARGOS   ',189.3,15.822,35.206
35,20,b'2900229 ',b'Argo INDIA                                                      ',b'M Ravichandran                                                  ',36.0,b'A',2003-10-20 08:40:07.999999744,b'1',-0.711,70.433,b'1',b'ARGOS   ',209.5,15.322,35.157
35,21,b'2900229 ',b'Argo INDIA                                                      ',b'M Ravichandran                                                  ',36.0,b'A',2003-10-20 08:40:07.999999744,b'1',-0.711,70.433,b'1',b'ARGOS   ',228.8,13.294,35.131
35,22,b'2900229 ',b'Argo INDIA                                                      ',b'M Ravichandran                                                  ',36.0,b'A',2003-10-20 08:40:07.999999744,b'1',-0.711,70.433,b'1',b'ARGOS   ',248.9,12.794,35.116
35,23,b'2900229 ',b'Argo INDIA                                                      ',b'M Ravichandran                                                  ',36.0,b'A',2003-10-20 08:40:07.999999744,b'1',-0.711,70.433,b'1',b'ARGOS   ',299.4,11.889,35.067
35,24,b'2900229 ',b'Argo INDIA                                                      ',b'M Ravichandran                                                  ',36.0,b'A',2003-10-20 08:40:07.999999744,b'1',-0.711,70.433,b'1',b'ARGOS   ',349.0,11.156,35.015
35,25,b'2900229 ',b'Argo INDIA                                                      ',b'M Ravichandran                                                  ',36.0,b'A',2003-10-20 08:40:07.999999744,b'1',-0.711,70.433,b'1',b'ARGOS   ',399.4,10.575,34.961
35,26,b'2900229 ',b'Argo INDIA                                                      ',b'M Ravichandran                                                  ',36.0,b'A',2003-10-20 08:40:07.999999744,b'1',-0.711,70.433,b'1',b'ARGOS   ',449.2,9.943,34.937
35,27,b'2900229 ',b'Argo INDIA                                                      ',b'M Ravichandran                                                  ',36.0,b'A',2003-10-20 08:40:07.999999744,b'1',-0.711,70.433,b'1',b'ARGOS   ',499.0,9.95,35.0
35,28,b'2900229 ',b'Argo INDIA                                                      ',b'M Ravichandran                                                  ',36.0,b'A',2003-10-20 08:40:07.999999744,b'1',-0.711,70.433,b'1',b'ARGOS   ',599.2,9.262,35.01
35,29,b'2900229 ',b'Argo INDIA                                                      ',b'M Ravichandran                                                  ',36.0,b'A',2003-10-20 08:40:07.999999744,b'1',-0.711,70.433,b'1',b'ARGOS   ',699.2,8.791,35.008
35,30,b'2900229 ',b'Argo INDIA                                                      ',b'M Ravichandran                                                  ',36.0,b'A',2003-10-20 08:40:07.999999744,b'1',-0.711,70.433,b'1',b'ARGOS   ',799.3,8.186,35.013
35,31,b'2900229 ',b'Argo INDIA                                                      ',b'M Ravichandran                                                  ',36.0,b'A',2003-10-20 08:40:07.999999744,b'1',-0.711,70.433,b'1',b'ARGOS   ',899.1,7.568,34.989
35,32,b'2900229 ',b'Argo INDIA                                                      ',b'M Ravichandran                                                  ',36.0,b'A',2003-10-20 08:40:07.999999744,b'1',-0.711,70.433,b'1',b'ARGOS   ',998.9,6.794,34.953
35,33,b'2900229 ',b'Argo INDIA                                                      ',b'M Ravichandran                                                  ',36.0,b'A',2003-10-20 08:40:07.999999744,b'1',-0.711,70.433,b'1',b'ARGOS   ',1099.3,6.388,34.939
35,34,b'2900229 ',b'Argo INDIA                                                      ',b'M Ravichandran                                                  ',36.0,b'A',2003-10-20 08:40:07.999999744,b'1',-0.711,70.433,b'1',b'ARGOS   ',1199.6,5.605,34.889
35,35,b'2900229 ',b'Argo INDIA                                                      ',b'M Ravichandran                                                  ',36.0,b'A',2003-10-20 08:40:07.999999744,b'1',-0.711,70.433,b'1',b'ARGOS   ',1299.5,5.362,34.877
35,36,b'2900229 ',b'Argo INDIA                                                      ',b'M Ravichandran                                                  ',36.0,b'A',2003-10-20 08:40:07.999999744,b'1',-0.711,70.433,b'1',b'ARGOS   ',1399.4,5.003,34.867
35,37,b'2900229 ',b'Argo INDIA                                                      ',b'M Ravichandran                                                  ',36.0,b'A',2003-10-20 08:40:07.999999744,b'1',-0.711,70.433,b'1',b'ARGOS   ',1499.3,4.621,34.847
35,38,b'2900229 ',b'Argo INDIA                                                      ',b'M Ravichandran                                                  ',36.0,b'A',2003-10-20 08:40:07.999999744,b'1',-0.711,70.433,b'1',b'ARGOS   ',1599.2,4.285,34.832
35,39,b'2900229 ',b'Argo INDIA                                                      ',b'M Ravichandran                                                  ',36.0,b'A',2003-10-20 08:40:07.999999744,b'1',-0.711,70.433,b'1',b'ARGOS   ',1699.4,3.757,34.81
35,40,b'2900229 ',b'Argo INDIA                                                      ',b'M Ravichandran                                                  ',36.0,b'A',2003-10-20 08:40:07.999999744,b'1',-0.711,70.433,b'1',b'ARGOS   ',1799.0,3.242,34.794
35,41,b'2900229 ',b'Argo INDIA                                                      ',b'M Ravichandran                                                  ',36.0,b'A',2003-10-20 08:40:07.999999744,b'1',-0.711,70.433,b'1',b'ARGOS   ',1899.1,3.01,34.781
35,42,b'2900229 ',b'Argo INDIA                                                      ',b'M Ravichandran                                                  ',36.0,b'A',2003-10-20 08:40:07.999999744,b'1',-0.711,70.433,b'1',b'ARGOS   ',1999.5,2.773,34.777
35,43,b'2900229 ',b'Argo INDIA                                                      ',b'M Ravichandran                                                  ',36.0,b'A',2003-10-20 08:40:07.999999744,b'1',-0.711,70.433,b'1',b'ARGOS   ',,,
35,44,b'2900229 ',b'Argo INDIA                                                      ',b'M Ravichandran                                                  ',36.0,b'A',2003-10-20 08:40:07.999999744,b'1',-0.711,70.433,b'1',b'ARGOS   ',,,
36,0,b'2900229 ',b'Argo INDIA                                                      ',b'M Ravichandran                                                  ',37.0,b'A',2003-10-30 08:33:05.000000000,b'1',-0.379,71.042,b'1',b'ARGOS   ',17.6,28.864,35.512
36,1,b'2900229 ',b'Argo INDIA                                                      ',b'M Ravichandran                                                  ',37.0,b'A',2003-10-30 08:33:05.000000000,b'1',-0.379,71.042,b'1',b'ARGOS   ',18.8,28.827,35.512
36,2,b'2900229 ',b'Argo INDIA                                                      ',b'M Ravichandran                                                  ',37.0,b'A',2003-10-30 08:33:05.000000000,b'1',-0.379,71.042,b'1',b'ARGOS   ',24.1,28.765,35.512
36,3,b'2900229 ',b'Argo INDIA                                                      ',b'M Ravichandran                                                  ',37.0,b'A',2003-10-30 08:33:05.000000000,b'1',-0.379,71.042,b'1',b'ARGOS   ',28.9,28.742,35.512
36,4,b'2900229 ',b'Argo INDIA                                                      ',b'M Ravichandran                                                  ',37.0,b'A',2003-10-30 08:33:05.000000000,b'1',-0.379,71.042,b'1',b'ARGOS   ',34.4,28.722,35.511
36,5,b'2900229 ',b'Argo INDIA                                                      ',b'M Ravichandran                                                  ',37.0,b'A',2003-10-30 08:33:05.000000000,b'1',-0.379,71.042,b'1',b'ARGOS   ',39.4,28.686,35.509
36,6,b'2900229 ',b'Argo INDIA                                                      ',b'M Ravichandran                                                  ',37.0,b'A',2003-10-30 08:33:05.000000000,b'1',-0.379,71.042,b'1',b'ARGOS   ',44.4,28.605,35.517
36,7,b'2900229 ',b'Argo INDIA                                                      ',b'M Ravichandran                                                  ',37.0,b'A',2003-10-30 08:33:05.000000000,b'1',-0.379,71.042,b'1',b'ARGOS   ',49.4,28.485,35.572
36,8,b'2900229 ',b'Argo INDIA                                                      ',b'M Ravichandran                                                  ',37.0,b'A',2003-10-30 08:33:05.000000000,b'1',-0.379,71.042,b'1',b'ARGOS   ',59.5,28.194,35.675
36,9,b'2900229 ',b'Argo INDIA                                                      ',b'M Ravichandran                                                  ',37.0,b'A',2003-10-30 08:33:05.000000000,b'1',-0.379,71.042,b'1',b'ARGOS   ',69.6,27.381,35.578
36,10,b'2900229 ',b'Argo INDIA                                                      ',b'M Ravichandran                                                  ',37.0,b'A',2003-10-30 08:33:05.000000000,b'1',-0.379,71.042,b'1',b'ARGOS   ',79.4,25.992,35.463
36,11,b'2900229 ',b'Argo INDIA                                                      ',b'M Ravichandran                                                  ',37.0,b'A',2003-10-30 08:33:05.000000000,b'1',-0.379,71.042,b'1',b'ARGOS   ',89.5,24.583,35.406
36,12,b'2900229 ',b'Argo INDIA                                                      ',b'M Ravichandran                                                  ',37.0,b'A',2003-10-30 08:33:05.000000000,b'1',-0.379,71.042,b'1',b'ARGOS   ',99.0,24.094,35.36
36,13,b'2900229 ',b'Argo INDIA                                                      ',b'M Ravichandran                                                  ',37.0,b'A',2003-10-30 08:33:05.000000000,b'1',-0.379,71.042,b'1',b'ARGOS   ',109.6,23.225,35.3
36,14,b'2900229 ',b'Argo INDIA                                                      ',b'M Ravichandran                                                  ',37.0,b'A',2003-10-30 08:33:05.000000000,b'1',-0.379,71.042,b'1',b'ARGOS   ',119.3,22.925,35.295
36,15,b'2900229 ',b'Argo INDIA                                                      ',b'M Ravichandran                                                  ',37.0,b'A',2003-10-30 08:33:05.000000000,b'1',-0.379,71.042,b'1',b'ARGOS   ',129.5,22.397,35.282
36,16,b'2900229 ',b'Argo INDIA                                                      ',b'M Ravichandran                                                  ',37.0,b'A',2003-10-30 08:33:05.000000000,b'1',-0.379,71.042,b'1',b'ARGOS   ',139.2,20.415,35.3
36,17,b'2900229 ',b'Argo INDIA                                                      ',b'M Ravichandran                                                  ',37.0,b'A',2003-10-30 08:33:05.000000000,b'1',-0.379,71.042,b'1',b'ARGOS   ',149.5,19.669,35.309
36,18,b'2900229 ',b'Argo INDIA                                                      ',b'M Ravichandran                                                  ',37.0,b'A',2003-10-30 08:33:05.000000000,b'1',-0.379,71.042,b'1',b'ARGOS   ',169.4,16.78,35.235
36,19,b'2900229 ',b'Argo INDIA                                                      ',b'M Ravichandran                                                  ',37.0,b'A',2003-10-30 08:33:05.000000000,b'1',-0.379,71.042,b'1',b'ARGOS   ',189.5,14.815,35.175
36,20,b'2900229 ',b'Argo INDIA                                                      ',b'M Ravichandran                                                  ',37.0,b'A',2003-10-30 08:33:05.000000000,b'1',-0.379,71.042,b'1',b'ARGOS   ',209.2,13.646,35.146
36,21,b'2900229 ',b'Argo INDIA                                                      ',b'M Ravichandran                                                  ',37.0,b'A',2003-10-30 08:33:05.000000000,b'1',-0.379,71.042,b'1',b'ARGOS   ',229.1,12.579,35.098
36,22,b'2900229 ',b'Argo INDIA                                                      ',b'M Ravichandran                                                  ',37.0,b'A',2003-10-30 08:33:05.000000000,b'1',-0.379,71.042,b'1',b'ARGOS   ',249.0,12.051,35.072
36,23,b'2900229 ',b'Argo INDIA                                                      ',b'M Ravichandran                                                  ',37.0,b'A',2003-10-30 08:33:05.000000000,b'1',-0.379,71.042,b'1',b'ARGOS   ',299.6,11.719,35.062
36,24,b'2900229 ',b'Argo INDIA                                                      ',b'M Ravichandran                                                  ',37.0,b'A',2003-10-30 08:33:05.000000000,b'1',-0.379,71.042,b'1',b'ARGOS   ',349.1,11.095,35.03
36,25,b'2900229 ',b'Argo INDIA                                                      ',b'M Ravichandran                                                  ',37.0,b'A',2003-10-30 08:33:05.000000000,b'1',-0.379,71.042,b'1',b'ARGOS   ',399.3,10.506,35.008
36,26,b'2900229 ',b'Argo INDIA                                                      ',b'M Ravichandran                                                  ',37.0,b'A',2003-10-30 08:33:05.000000000,b'1',-0.379,71.042,b'1',b'ARGOS   ',449.2,10.195,34.993
36,27,b'2900229 ',b'Argo INDIA                                                      ',b'M Ravichandran                                                  ',37.0,b'A',2003-10-30 08:33:05.000000000,b'1',-0.379,71.042,b'1',b'ARGOS   ',499.5,9.937,35.014
36,28,b'2900229 ',b'Argo INDIA                                                      ',b'M Ravichandran                                                  ',37.0,b'A',2003-10-30 08:33:05.000000000,b'1',-0.379,71.042,b'1',b'ARGOS   ',599.3,8.997,35.02
36,29,b'2900229 ',b'Argo INDIA                                                      ',b'M Ravichandran                                                  ',37.0,b'A',2003-10-30 08:33:05.000000000,b'1',-0.379,71.042,b'1',b'ARGOS   ',699.0,8.802,35.046
36,30,b'2900229 ',b'Argo INDIA                                                      ',b'M Ravichandran                                                  ',37.0,b'A',2003-10-30 08:33:05.000000000,b'1',-0.379,71.042,b'1',b'ARGOS   ',799.1,8.42,35.028
36,31,b'2900229 ',b'Argo INDIA                                                      ',b'M Ravichandran                                                  ',37.0,b'A',2003-10-30 08:33:05.000000000,b'1',-0.379,71.042,b'1',b'ARGOS   ',899.2,7.772,34.993
36,32,b'2900229 ',b'Argo INDIA                                                      ',b'M Ravichandran                                                  ',37.0,b'A',2003-10-30 08:33:05.000000000,b'1',-0.379,71.042,b'1',b'ARGOS   ',998.9,6.827,34.954
36,33,b'2900229 ',b'Argo INDIA                                                      ',b'M Ravichandran                                                  ',37.0,b'A',2003-10-30 08:33:05.000000000,b'1',-0.379,71.042,b'1',b'ARGOS   ',1099.3,6.208,34.931
36,34,b'2900229 ',b'Argo INDIA                                                      ',b'M Ravichandran                                                  ',37.0,b'A',2003-10-30 08:33:05.000000000,b'1',-0.379,71.042,b'1',b'ARGOS   ',1199.0,5.642,34.897
36,35,b'2900229 ',b'Argo INDIA                                                      ',b'M Ravichandran                                                  ',37.0,b'A',2003-10-30 08:33:05.000000000,b'1',-0.379,71.042,b'1',b'ARGOS   ',1299.1,5.369,34.884
36,36,b'2900229 ',b'Argo INDIA                                                      ',b'M Ravichandran                                                  ',37.0,b'A',2003-10-30 08:33:05.000000000,b'1',-0.379,71.042,b'1',b'ARGOS   ',1399.1,5.081,34.862
36,37,b'2900229 ',b'Argo INDIA                                                      ',b'M Ravichandran                                                  ',37.0,b'A',2003-10-30 08:33:05.000000000,b'1',-0.379,71.042,b'1',b'ARGOS   ',1499.4,4.54,34.837
36,38,b'2900229 ',b'Argo INDIA                                                      ',b'M Ravichandran                                                  ',37.0,b'A',2003-10-30 08:33:05.000000000,b'1',-0.379,71.042,b'1',b'ARGOS   ',1599.2,4.256,34.837
36,39,b'2900229 ',b'Argo INDIA                                                      ',b'M Ravichandran                                                  ',37.0,b'A',2003-10-30 08:33:05.000000000,b'1',-0.379,71.042,b'1',b'ARGOS   ',1699.3,3.724,34.811
36,40,b'2900229 ',b'Argo INDIA                                                      ',b'M Ravichandran                                                  ',37.0,b'A',2003-10-30 08:33:05.000000000,b'1',-0.379,71.042,b'1',b'ARGOS   ',1799.2,3.363,34.797
36,41,b'2900229 ',b'Argo INDIA                                                      ',b'M Ravichandran                                                  ',37.0,b'A',2003-10-30 08:33:05.000000000,b'1',-0.379,71.042,b'1',b'ARGOS   ',1899.1,2.746,34.774
36,42,b'2900229 ',b'Argo INDIA                                                      ',b'M Ravichandran                                                  ',37.0,b'A',2003-10-30 08:33:05.000000000,b'1',-0.379,71.042,b'1',b'ARGOS   ',,,
36,43,b'2900229 ',b'Argo INDIA                                                      ',b'M Ravichandran                                                  ',37.0,b'A',2003-10-30 08:33:05.000000000,b'1',-0.379,71.042,b'1',b'ARGOS   ',,,
36,44,b'2900229 ',b'Argo INDIA                                                      ',b'M Ravichandran                                                  ',37.0,b'A',2003-10-30 08:33:05.000000000,b'1',-0.379,71.042,b'1',b'ARGOS   ',,,
37,0,b'2900229 ',b'Argo INDIA                                                      ',b'M Ravichandran                                                  ',38.0,b'A',2003-11-09 08:39:38.000000000,b'1',-1.134,71.381,b'1',b'ARGOS   ',18.1,28.534,35.38
37,1,b'2900229 ',b'Argo INDIA                                                      ',b'M Ravichandran                                                  ',38.0,b'A',2003-11-09 08:39:38.000000000,b'1',-1.134,71.381,b'1',b'ARGOS   ',19.2,28.533,35.381
37,2,b'2900229 ',b'Argo INDIA                                                      ',b'M Ravichandran                                                  ',38.0,b'A',2003-11-09 08:39:38.000000000,b'1',-1.134,71.381,b'1',b'ARGOS   ',24.3,28.533,35.381
37,3,b'2900229 ',b'Argo INDIA                                                      ',b'M Ravichandran                                                  ',38.0,b'A',2003-11-09 08:39:38.000000000,b'1',-1.134,71.381,b'1',b'ARGOS   ',29.5,28.529,35.381
37,4,b'2900229 ',b'Argo INDIA                                                      ',b'M Ravichandran                                                  ',38.0,b'A',2003-11-09 08:39:38.000000000,b'1',-1.134,71.381,b'1',b'ARGOS   ',34.4,28.526,35.381
37,5,b'2900229 ',b'Argo INDIA                                                      ',b'M Ravichandran                                                  ',38.0,b'A',2003-11-09 08:39:38.000000000,b'1',-1.134,71.381,b'1',b'ARGOS   ',39.4,28.522,35.381
37,6,b'2900229 ',b'Argo INDIA                                                      ',b'M Ravichandran                                                  ',38.0,b'A',2003-11-09 08:39:38.000000000,b'1',-1.134,71.381,b'1',b'ARGOS   ',44.3,28.509,35.385
37,7,b'2900229 ',b'Argo INDIA                                                      ',b'M Ravichandran                                                  ',38.0,b'A',2003-11-09 08:39:38.000000000,b'1',-1.134,71.381,b'1',b'ARGOS   ',49.6,28.512,35.418
37,8,b'2900229 ',b'Argo INDIA                                                      ',b'M Ravichandran                                                  ',38.0,b'A',2003-11-09 08:39:38.000000000,b'1',-1.134,71.381,b'1',b'ARGOS   ',59.5,28.434,35.507
37,9,b'2900229 ',b'Argo INDIA                                                      ',b'M Ravichandran                                                  ',38.0,b'A',2003-11-09 08:39:38.000000000,b'1',-1.134,71.381,b'1',b'ARGOS   ',69.3,28.37,35.62
37,10,b'2900229 ',b'Argo INDIA                                                      ',b'M Ravichandran                                                  ',38.0,b'A',2003-11-09 08:39:38.000000000,b'1',-1.134,71.381,b'1',b'ARGOS   ',79.5,26.423,35.519
37,11,b'2900229 ',b'Argo INDIA                                                      ',b'M Ravichandran                                                  ',38.0,b'A',2003-11-09 08:39:38.000000000,b'1',-1.134,71.381,b'1',b'ARGOS   ',89.3,23.441,35.309
37,12,b'2900229 ',b'Argo INDIA                                                      ',b'M Ravichandran                                                  ',38.0,b'A',2003-11-09 08:39:38.000000000,b'1',-1.134,71.381,b'1',b'ARGOS   ',99.0,23.01,35.298
37,13,b'2900229 ',b'Argo INDIA                                                      ',b'M Ravichandran                                                  ',38.0,b'A',2003-11-09 08:39:38.000000000,b'1',-1.134,71.381,b'1',b'ARGOS   ',109.4,22.701,35.31
37,14,b'2900229 ',b'Argo INDIA                                                      ',b'M Ravichandran                                                  ',38.0,b'A',2003-11-09 08:39:38.000000000,b'1',-1.134,71.381,b'1',b'ARGOS   ',119.7,21.835,35.301
37,15,b'2900229 ',b'Argo INDIA                                                      ',b'M Ravichandran                                                  ',38.0,b'A',2003-11-09 08:39:38.000000000,b'1',-1.134,71.381,b'1',b'ARGOS   ',129.0,20.348,35.315
37,16,b'2900229 ',b'Argo INDIA                                                      ',b'M Ravichandran                                                  ',38.0,b'A',2003-11-09 08:39:38.000000000,b'1',-1.134,71.381,b'1',b'ARGOS   ',139.3,19.83,35.318
37,17,b'2900229 ',b'Argo INDIA                                                      ',b'M Ravichandran                                                  ',38.0,b'A',2003-11-09 08:39:38.000000000,b'1',-1.134,71.381,b'1',b'ARGOS   ',149.6,19.046,35.298
37,18,b'2900229 ',b'Argo INDIA                                                      ',b'M Ravichandran                                                  ',38.0,b'A',2003-11-09 08:39:38.000000000,b'1',-1.134,71.381,b'1',b'ARGOS   ',169.5,17.509,35.255
37,19,b'2900229 ',b'Argo INDIA                                                      ',b'M Ravichandran                                                  ',38.0,b'A',2003-11-09 08:39:38.000000000,b'1',-1.134,71.381,b'1',b'ARGOS   ',189.2,17.134,35.248
37,20,b'2900229 ',b'Argo INDIA                                                      ',b'M Ravichandran                                                  ',38.0,b'A',2003-11-09 08:39:38.000000000,b'1',-1.134,71.381,b'1',b'ARGOS   ',209.6,16.001,35.221
37,21,b'2900229 ',b'Argo INDIA                                                      ',b'M Ravichandran                                                  ',38.0,b'A',2003-11-09 08:39:38.000000000,b'1',-1.134,71.381,b'1',b'ARGOS   ',229.2,14.09,35.17
37,22,b'2900229 ',b'Argo INDIA                                                      ',b'M Ravichandran                                                  ',38.0,b'A',2003-11-09 08:39:38.000000000,b'1',-1.134,71.381,b'1',b'ARGOS   ',249.3,13.675,35.155
37,23,b'2900229 ',b'Argo INDIA                                                      ',b'M Ravichandran                                                  ',38.0,b'A',2003-11-09 08:39:38.000000000,b'1',-1.134,71.381,b'1',b'ARGOS   ',299.4,12.849,35.106
37,24,b'2900229 ',b'Argo INDIA                                                      ',b'M Ravichandran                                                  ',38.0,b'A',2003-11-09 08:39:38.000000000,b'1',-1.134,71.381,b'1',b'ARGOS   ',349.3,11.534,35.016
37,25,b'2900229 ',b'Argo INDIA                                                      ',b'M Ravichandran                                                  ',38.0,b'A',2003-11-09 08:39:38.000000000,b'1',-1.134,71.381,b'1',b'ARGOS   ',399.1,10.732,34.948
37,26,b'2900229 ',b'Argo INDIA                                                      ',b'M Ravichandran                                                  ',38.0,b'A',2003-11-09 08:39:38.000000000,b'1',-1.134,71.381,b'1',b'ARGOS   ',449.5,10.113,34.915
37,27,b'2900229 ',b'Argo INDIA                                                      ',b'M Ravichandran                                                  ',38.0,b'A',2003-11-09 08:39:38.000000000,b'1',-1.134,71.381,b'1',b'ARGOS   ',499.3,9.709,34.906
37,28,b'2900229 ',b'Argo INDIA                                                      ',b'M Ravichandran                                                  ',38.0,b'A',2003-11-09 08:39:38.000000000,b'1',-1.134,71.381,b'1',b'ARGOS   ',599.0,9.222,35.004
37,29,b'2900229 ',b'Argo INDIA                                                      ',b'M Ravichandran                                                  ',38.0,b'A',2003-11-09 08:39:38.000000000,b'1',-1.134,71.381,b'1',b'ARGOS   ',699.5,8.684,35.021
37,30,b'2900229 ',b'Argo INDIA                                                      ',b'M Ravichandran                                                  ',38.0,b'A',2003-11-09 08:39:38.000000000,b'1',-1.134,71.381,b'1',b'ARGOS   ',798.8,8.319,35.019
37,31,b'2900229 ',b'Argo INDIA                                                      ',b'M Ravichandran                                                  ',38.0,b'A',2003-11-09 08:39:38.000000000,b'1',-1.134,71.381,b'1',b'ARGOS   ',899.0,7.294,34.97
37,32,b'2900229 ',b'Argo INDIA                                                      ',b'M Ravichandran                                                  ',38.0,b'A',2003-11-09 08:39:38.000000000,b'1',-1.134,71.381,b'1',b'ARGOS   ',999.5,6.834,34.952
37,33,b'2900229 ',b'Argo INDIA                                                      ',b'M Ravichandran                                                  ',38.0,b'A',2003-11-09 08:39:38.000000000,b'1',-1.134,71.381,b'1',b'ARGOS   ',1099.5,6.33,34.929
37,34,b'2900229 ',b'Argo INDIA                                                      ',b'M Ravichandran                                                  ',38.0,b'A',2003-11-09 08:39:38.000000000,b'1',-1.134,71.381,b'1',b'ARGOS   ',1199.3,5.688,34.898
37,35,b'2900229 ',b'Argo INDIA                                                      ',b'M Ravichandran                                                  ',38.0,b'A',2003-11-09 08:39:38.000000000,b'1',-1.134,71.381,b'1',b'ARGOS   ',1299.1,5.333,34.874
37,36,b'2900229 ',b'Argo INDIA                                                      ',b'M Ravichandran                                                  ',38.0,b'A',2003-11-09 08:39:38.000000000,b'1',-1.134,71.381,b'1',b'ARGOS   ',1399.0,4.956,34.864
37,37,b'2900229 ',b'Argo INDIA                                                      ',b'M Ravichandran                                                  ',38.0,b'A',2003-11-09 08:39:38.000000000,b'1',-1.134,71.381,b'1',b'ARGOS   ',1499.5,4.538,34.852
37,38,b'2900229 ',b'Argo INDIA                                                      ',b'M Ravichandran                                                  ',38.0,b'A',2003-11-09 08:39:38.000000000,b'1',-1.134,71.381,b'1',b'ARGOS   ',1599.4,3.933,34.824
37,39,b'2900229 ',b'Argo INDIA                                                      ',b'M Ravichandran                                                  ',38.0,b'A',2003-11-09 08:39:38.000000000,b'1',-1.134,71.381,b'1',b'ARGOS   ',1699.1,3.687,34.811
37,40,b'2900229 ',b'Argo INDIA                                                      ',b'M Ravichandran                                                  ',38.0,b'A',2003-11-09 08:39:38.000000000,b'1',-1.134,71.381,b'1',b'ARGOS   ',1799.1,3.295,34.794
37,41,b'2900229 ',b'Argo INDIA                                                      ',b'M Ravichandran                                                  ',38.0,b'A',2003-11-09 08:39:38.000000000,b'1',-1.134,71.381,b'1',b'ARGOS   ',1899.1,3.038,34.787
37,42,b'2900229 ',b'Argo INDIA                                                      ',b'M Ravichandran                                                  ',38.0,b'A',2003-11-09 08:39:38.000000000,b'1',-1.134,71.381,b'1',b'ARGOS   ',1999.8,2.848,34.78
37,43,b'2900229 ',b'Argo INDIA                                                      ',b'M Ravichandran                                                  ',38.0,b'A',2003-11-09 08:39:38.000000000,b'1',-1.134,71.381,b'1',b'ARGOS   ',,,
37,44,b'2900229 ',b'Argo INDIA                                                      ',b'M Ravichandran                                                  ',38.0,b'A',2003-11-09 08:39:38.000000000,b'1',-1.134,71.381,b'1',b'ARGOS   ',,,
38,0,b'2900229 ',b'Argo INDIA                                                      ',b'M Ravichandran                                                  ',39.0,b'A',2003-11-19 08:35:22.000000000,b'1',-0.721,72.085,b'1',b'ARGOS   ',18.8,28.279,35.478
38,1,b'2900229 ',b'Argo INDIA                                                      ',b'M Ravichandran                                                  ',39.0,b'A',2003-11-19 08:35:22.000000000,b'1',-0.721,72.085,b'1',b'ARGOS   ',19.4,28.275,35.477
38,2,b'2900229 ',b'Argo INDIA                                                      ',b'M Ravichandran                                                  ',39.0,b'A',2003-11-19 08:35:22.000000000,b'1',-0.721,72.085,b'1',b'ARGOS   ',24.3,28.106,35.476
38,3,b'2900229 ',b'Argo INDIA                                                      ',b'M Ravichandran                                                  ',39.0,b'A',2003-11-19 08:35:22.000000000,b'1',-0.721,72.085,b'1',b'ARGOS   ',29.6,28.074,35.477
38,4,b'2900229 ',b'Argo INDIA                                                      ',b'M Ravichandran                                                  ',39.0,b'A',2003-11-19 08:35:22.000000000,b'1',-0.721,72.085,b'1',b'ARGOS   ',34.1,28.073,35.477
38,5,b'2900229 ',b'Argo INDIA                                                      ',b'M Ravichandran                                                  ',39.0,b'A',2003-11-19 08:35:22.000000000,b'1',-0.721,72.085,b'1',b'ARGOS   ',39.5,28.065,35.476
38,6,b'2900229 ',b'Argo INDIA                                                      ',b'M Ravichandran                                                  ',39.0,b'A',2003-11-19 08:35:22.000000000,b'1',-0.721,72.085,b'1',b'ARGOS   ',44.3,28.062,35.477
38,7,b'2900229 ',b'Argo INDIA                                                      ',b'M Ravichandran                                                  ',39.0,b'A',2003-11-19 08:35:22.000000000,b'1',-0.721,72.085,b'1',b'ARGOS   ',49.6,28.055,35.478
38,8,b'2900229 ',b'Argo INDIA                                                      ',b'M Ravichandran                                                  ',39.0,b'A',2003-11-19 08:35:22.000000000,b'1',-0.721,72.085,b'1',b'ARGOS   ',59.6,28.048,35.478
38,9,b'2900229 ',b'Argo INDIA                                                      ',b'M Ravichandran                                                  ',39.0,b'A',2003-11-19 08:35:22.000000000,b'1',-0.721,72.085,b'1',b'ARGOS   ',69.3,28.041,35.479
38,10,b'2900229 ',b'Argo INDIA                                                      ',b'M Ravichandran                                                  ',39.0,b'A',2003-11-19 08:35:22.000000000,b'1',-0.721,72.085,b'1',b'ARGOS   ',79.5,28.024,35.483
38,11,b'2900229 ',b'Argo INDIA                                                      ',b'M Ravichandran                                                  ',39.0,b'A',2003-11-19 08:35:22.000000000,b'1',-0.721,72.085,b'1',b'ARGOS   ',89.4,28.0,35.485
38,12,b'2900229 ',b'Argo INDIA                                                      ',b'M Ravichandran                                                  ',39.0,b'A',2003-11-19 08:35:22.000000000,b'1',-0.721,72.085,b'1',b'ARGOS   ',99.4,27.851,35.487
38,13,b'2900229 ',b'Argo INDIA                                                      ',b'M Ravichandran                                                  ',39.0,b'A',2003-11-19 08:35:22.000000000,b'1',-0.721,72.085,b'1',b'ARGOS   ',109.2,27.554,35.479
38,14,b'2900229 ',b'Argo INDIA                                                      ',b'M Ravichandran                                                  ',39.0,b'A',2003-11-19 08:35:22.000000000,b'1',-0.721,72.085,b'1',b'ARGOS   ',119.8,27.091,35.468
38,15,b'2900229 ',b'Argo INDIA                                                      ',b'M Ravichandran                                                  ',39.0,b'A',2003-11-19 08:35:22.000000000,b'1',-0.721,72.085,b'1',b'ARGOS   ',129.6,26.355,35.439
38,16,b'2900229 ',b'Argo INDIA                                                      ',b'M Ravichandran                                                  ',39.0,b'A',2003-11-19 08:35:22.000000000,b'1',-0.721,72.085,b'1',b'ARGOS   ',139.4,23.361,35.338
38,17,b'2900229 ',b'Argo INDIA                                                      ',b'M Ravichandran                                                  ',39.0,b'A',2003-11-19 08:35:22.000000000,b'1',-0.721,72.085,b'1',b'ARGOS   ',149.2,20.966,35.339
38,18,b'2900229 ',b'Argo INDIA                                                      ',b'M Ravichandran                                                  ',39.0,b'A',2003-11-19 08:35:22.000000000,b'1',-0.721,72.085,b'1',b'ARGOS   ',169.4,18.596,35.301
38,19,b'2900229 ',b'Argo INDIA                                                      ',b'M Ravichandran                                                  ',39.0,b'A',2003-11-19 08:35:22.000000000,b'1',-0.721,72.085,b'1',b'ARGOS   ',189.5,15.86,35.201
38,20,b'2900229 ',b'Argo INDIA                                                      ',b'M Ravichandran                                                  ',39.0,b'A',2003-11-19 08:35:22.000000000,b'1',-0.721,72.085,b'1',b'ARGOS   ',208.9,13.365,35.119
38,21,b'2900229 ',b'Argo INDIA                                                      ',b'M Ravichandran                                                  ',39.0,b'A',2003-11-19 08:35:22.000000000,b'1',-0.721,72.085,b'1',b'ARGOS   ',229.0,12.481,35.096
38,22,b'2900229 ',b'Argo INDIA                                                      ',b'M Ravichandran                                                  ',39.0,b'A',2003-11-19 08:35:22.000000000,b'1',-0.721,72.085,b'1',b'ARGOS   ',249.2,12.369,35.09
38,23,b'2900229 ',b'Argo INDIA                                                      ',b'M Ravichandran                                                  ',39.0,b'A',2003-11-19 08:35:22.000000000,b'1',-0.721,72.085,b'1',b'ARGOS   ',299.4,11.33,35.022
38,24,b'2900229 ',b'Argo INDIA                                                      ',b'M Ravichandran                                                  ',39.0,b'A',2003-11-19 08:35:22.000000000,b'1',-0.721,72.085,b'1',b'ARGOS   ',349.1,10.766,35.019
38,25,b'2900229 ',b'Argo INDIA                                                      ',b'M Ravichandran                                                  ',39.0,b'A',2003-11-19 08:35:22.000000000,b'1',-0.721,72.085,b'1',b'ARGOS   ',399.3,10.244,34.998
38,26,b'2900229 ',b'Argo INDIA                                                      ',b'M Ravichandran                                                  ',39.0,b'A',2003-11-19 08:35:22.000000000,b'1',-0.721,72.085,b'1',b'ARGOS   ',449.4,9.969,35.009
38,27,b'2900229 ',b'Argo INDIA                                                      ',b'M Ravichandran                                                  ',39.0,b'A',2003-11-19 08:35:22.000000000,b'1',-0.721,72.085,b'1',b'ARGOS   ',499.2,9.548,35.009
38,28,b'2900229 ',b'Argo INDIA                                                      ',b'M Ravichandran                                                  ',39.0,b'A',2003-11-19 08:35:22.000000000,b'1',-0.721,72.085,b'1',b'ARGOS   ',599.2,9.165,35.021
38,29,b'2900229 ',b'Argo INDIA                                                      ',b'M Ravichandran                                                  ',39.0,b'A',2003-11-19 08:35:22.000000000,b'1',-0.721,72.085,b'1',b'ARGOS   ',699.5,8.865,35.035
38,30,b'2900229 ',b'Argo INDIA                                                      ',b'M Ravichandran                                                  ',39.0,b'A',2003-11-19 08:35:22.000000000,b'1',-0.721,72.085,b'1',b'ARGOS   ',799.2,8.489,35.024
38,31,b'2900229 ',b'Argo INDIA                                                      ',b'M Ravichandran                                                  ',39.0,b'A',2003-11-19 08:35:22.000000000,b'1',-0.721,72.085,b'1',b'ARGOS   ',899.5,7.552,34.977
38,32,b'2900229 ',b'Argo INDIA                                                      ',b'M Ravichandran                                                  ',39.0,b'A',2003-11-19 08:35:22.000000000,b'1',-0.721,72.085,b'1',b'ARGOS   ',998.9,6.425,34.883
38,33,b'2900229 ',b'Argo INDIA                                                      ',b'M Ravichandran                                                  ',39.0,b'A',2003-11-19 08:35:22.000000000,b'1',-0.721,72.085,b'1',b'ARGOS   ',1099.1,6.015,34.92
38,34,b'2900229 ',b'Argo INDIA                                                      ',b'M Ravichandran                                                  ',39.0,b'A',2003-11-19 08:35:22.000000000,b'1',-0.721,72.085,b'1',b'ARGOS   ',1199.4,5.619,34.897
38,35,b'2900229 ',b'Argo INDIA                                                      ',b'M Ravichandran                                                  ',39.0,b'A',2003-11-19 08:35:22.000000000,b'1',-0.721,72.085,b'1',b'ARGOS   ',1299.4,5.165,34.874
38,36,b'2900229 ',b'Argo INDIA                                                      ',b'M Ravichandran                                                  ',39.0,b'A',2003-11-19 08:35:22.000000000,b'1',-0.721,72.085,b'1',b'ARGOS   ',1399.1,4.799,34.855
38,37,b'2900229 ',b'Argo INDIA                                                      ',b'M Ravichandran                                                  ',39.0,b'A',2003-11-19 08:35:22.000000000,b'1',-0.721,72.085,b'1',b'ARGOS   ',1499.3,4.352,34.839
38,38,b'2900229 ',b'Argo INDIA                                                      ',b'M Ravichandran                                                  ',39.0,b'A',2003-11-19 08:35:22.000000000,b'1',-0.721,72.085,b'1',b'ARGOS   ',1599.1,3.874,34.808
38,39,b'2900229 ',b'Argo INDIA                                                      ',b'M Ravichandran                                                  ',39.0,b'A',2003-11-19 08:35:22.000000000,b'1',-0.721,72.085,b'1',b'ARGOS   ',1699.5,3.474,34.803
38,40,b'2900229 ',b'Argo INDIA                                                      ',b'M Ravichandran                                                  ',39.0,b'A',2003-11-19 08:35:22.000000000,b'1',-0.721,72.085,b'1',b'ARGOS   ',1799.0,3.081,34.787
38,41,b'2900229 ',b'Argo INDIA                                                      ',b'M Ravichandran                                                  ',39.0,b'A',2003-11-19 08:35:22.000000000,b'1',-0.721,72.085,b'1',b'ARGOS   ',1899.2,2.945,34.784
38,42,b'2900229 ',b'Argo INDIA                                                      ',b'M Ravichandran                                                  ',39.0,b'A',2003-11-19 08:35:22.000000000,b'1',-0.721,72.085,b'1',b'ARGOS   ',1999.3,2.789,34.778
38,43,b'2900229 ',b'Argo INDIA                                                      ',b'M Ravichandran                                                  ',39.0,b'A',2003-11-19 08:35:22.000000000,b'1',-0.721,72.085,b'1',b'ARGOS   ',,,
38,44,b'2900229 ',b'Argo INDIA                                                      ',b'M Ravichandran                                                  ',39.0,b'A',2003-11-19 08:35:22.000000000,b'1',-0.721,72.085,b'1',b'ARGOS   ',,,
39,0,b'2900229 ',b'Argo INDIA                                                      ',b'M Ravichandran                                                  ',40.0,b'A',2003-11-29 08:31:37.000000256,b'1',-0.261,72.687,b'1',b'ARGOS   ',18.3,28.976,35.437
39,1,b'2900229 ',b'Argo INDIA                                                      ',b'M Ravichandran                                                  ',40.0,b'A',2003-11-29 08:31:37.000000256,b'1',-0.261,72.687,b'1',b'ARGOS   ',19.3,28.948,35.437
39,2,b'2900229 ',b'Argo INDIA                                                      ',b'M Ravichandran                                                  ',40.0,b'A',2003-11-29 08:31:37.000000256,b'1',-0.261,72.687,b'1',b'ARGOS   ',24.2,28.876,35.437
39,3,b'2900229 ',b'Argo INDIA                                                      ',b'M Ravichandran                                                  ',40.0,b'A',2003-11-29 08:31:37.000000256,b'1',-0.261,72.687,b'1',b'ARGOS   ',29.4,28.848,35.436
39,4,b'2900229 ',b'Argo INDIA                                                      ',b'M Ravichandran                                                  ',40.0,b'A',2003-11-29 08:31:37.000000256,b'1',-0.261,72.687,b'1',b'ARGOS   ',34.0,28.79,35.448
39,5,b'2900229 ',b'Argo INDIA                                                      ',b'M Ravichandran                                                  ',40.0,b'A',2003-11-29 08:31:37.000000256,b'1',-0.261,72.687,b'1',b'ARGOS   ',39.3,28.649,35.455
39,6,b'2900229 ',b'Argo INDIA                                                      ',b'M Ravichandran                                                  ',40.0,b'A',2003-11-29 08:31:37.000000256,b'1',-0.261,72.687,b'1',b'ARGOS   ',44.3,28.499,35.459
39,7,b'2900229 ',b'Argo INDIA                                                      ',b'M Ravichandran                                                  ',40.0,b'A',2003-11-29 08:31:37.000000256,b'1',-0.261,72.687,b'1',b'ARGOS   ',49.1,28.213,35.469
39,8,b'2900229 ',b'Argo INDIA                                                      ',b'M Ravichandran                                                  ',40.0,b'A',2003-11-29 08:31:37.000000256,b'1',-0.261,72.687,b'1',b'ARGOS   ',59.5,28.134,35.464
39,9,b'2900229 ',b'Argo INDIA                                                      ',b'M Ravichandran                                                  ',40.0,b'A',2003-11-29 08:31:37.000000256,b'1',-0.261,72.687,b'1',b'ARGOS   ',69.5,28.067,35.465
39,10,b'2900229 ',b'Argo INDIA                                                      ',b'M Ravichandran                                                  ',40.0,b'A',2003-11-29 08:31:37.000000256,b'1',-0.261,72.687,b'1',b'ARGOS   ',79.3,27.929,35.464
39,11,b'2900229 ',b'Argo INDIA                                                      ',b'M Ravichandran                                                  ',40.0,b'A',2003-11-29 08:31:37.000000256,b'1',-0.261,72.687,b'1',b'ARGOS   ',89.2,27.79,35.475
39,12,b'2900229 ',b'Argo INDIA                                                      ',b'M Ravichandran                                                  ',40.0,b'A',2003-11-29 08:31:37.000000256,b'1',-0.261,72.687,b'1',b'ARGOS   ',99.5,27.738,35.5
39,13,b'2900229 ',b'Argo INDIA                                                      ',b'M Ravichandran                                                  ',40.0,b'A',2003-11-29 08:31:37.000000256,b'1',-0.261,72.687,b'1',b'ARGOS   ',109.9,27.577,35.49
39,14,b'2900229 ',b'Argo INDIA                                                      ',b'M Ravichandran                                                  ',40.0,b'A',2003-11-29 08:31:37.000000256,b'1',-0.261,72.687,b'1',b'ARGOS   ',119.9,22.862,35.346
39,15,b'2900229 ',b'Argo INDIA                                                      ',b'M Ravichandran                                                  ',40.0,b'A',2003-11-29 08:31:37.000000256,b'1',-0.261,72.687,b'1',b'ARGOS   ',129.0,20.177,35.321
39,16,b'2900229 ',b'Argo INDIA                                                      ',b'M Ravichandran                                                  ',40.0,b'A',2003-11-29 08:31:37.000000256,b'1',-0.261,72.687,b'1',b'ARGOS   ',139.3,19.656,35.313
39,17,b'2900229 ',b'Argo INDIA                                                      ',b'M Ravichandran                                                  ',40.0,b'A',2003-11-29 08:31:37.000000256,b'1',-0.261,72.687,b'1',b'ARGOS   ',149.5,18.615,35.261
39,18,b'2900229 ',b'Argo INDIA                                                      ',b'M Ravichandran                                                  ',40.0,b'A',2003-11-29 08:31:37.000000256,b'1',-0.261,72.687,b'1',b'ARGOS   ',169.4,14.379,35.162
39,19,b'2900229 ',b'Argo INDIA                                                      ',b'M Ravichandran                                                  ',40.0,b'A',2003-11-29 08:31:37.000000256,b'1',-0.261,72.687,b'1',b'ARGOS   ',189.3,13.622,35.138
39,20,b'2900229 ',b'Argo INDIA                                                      ',b'M Ravichandran                                                  ',40.0,b'A',2003-11-29 08:31:37.000000256,b'1',-0.261,72.687,b'1',b'ARGOS   ',209.1,12.963,35.117
39,21,b'2900229 ',b'Argo INDIA                                                      ',b'M Ravichandran                                                  ',40.0,b'A',2003-11-29 08:31:37.000000256,b'1',-0.261,72.687,b'1',b'ARGOS   ',229.0,12.474,35.098
39,22,b'2900229 ',b'Argo INDIA                                                      ',b'M Ravichandran                                                  ',40.0,b'A',2003-11-29 08:31:37.000000256,b'1',-0.261,72.687,b'1',b'ARGOS   ',248.7,12.103,35.083
39,23,b'2900229 ',b'Argo INDIA                                                      ',b'M Ravichandran                                                  ',40.0,b'A',2003-11-29 08:31:37.000000256,b'1',-0.261,72.687,b'1',b'ARGOS   ',299.2,11.62,35.055
39,24,b'2900229 ',b'Argo INDIA                                                      ',b'M Ravichandran                                                  ',40.0,b'A',2003-11-29 08:31:37.000000256,b'1',-0.261,72.687,b'1',b'ARGOS   ',349.0,11.119,35.026
39,25,b'2900229 ',b'Argo INDIA                                                      ',b'M Ravichandran                                                  ',40.0,b'A',2003-11-29 08:31:37.000000256,b'1',-0.261,72.687,b'1',b'ARGOS   ',398.9,10.667,34.995
39,26,b'2900229 ',b'Argo INDIA                                                      ',b'M Ravichandran                                                  ',40.0,b'A',2003-11-29 08:31:37.000000256,b'1',-0.261,72.687,b'1',b'ARGOS   ',449.4,10.13,35.001
39,27,b'2900229 ',b'Argo INDIA                                                      ',b'M Ravichandran                                                  ',40.0,b'A',2003-11-29 08:31:37.000000256,b'1',-0.261,72.687,b'1',b'ARGOS   ',499.3,9.718,35.018
39,28,b'2900229 ',b'Argo INDIA                                                      ',b'M Ravichandran                                                  ',40.0,b'A',2003-11-29 08:31:37.000000256,b'1',-0.261,72.687,b'1',b'ARGOS   ',599.2,9.125,35.027
39,29,b'2900229 ',b'Argo INDIA                                                      ',b'M Ravichandran                                                  ',40.0,b'A',2003-11-29 08:31:37.000000256,b'1',-0.261,72.687,b'1',b'ARGOS   ',699.1,8.819,35.035
39,30,b'2900229 ',b'Argo INDIA                                                      ',b'M Ravichandran                                                  ',40.0,b'A',2003-11-29 08:31:37.000000256,b'1',-0.261,72.687,b'1',b'ARGOS   ',799.2,8.509,35.03
39,31,b'2900229 ',b'Argo INDIA                                                      ',b'M Ravichandran                                                  ',40.0,b'A',2003-11-29 08:31:37.000000256,b'1',-0.261,72.687,b'1',b'ARGOS   ',899.3,7.576,34.977
39,32,b'2900229 ',b'Argo INDIA                                                      ',b'M Ravichandran                                                  ',40.0,b'A',2003-11-29 08:31:37.000000256,b'1',-0.261,72.687,b'1',b'ARGOS   ',999.4,6.96,34.956
39,33,b'2900229 ',b'Argo INDIA                                                      ',b'M Ravichandran                                                  ',40.0,b'A',2003-11-29 08:31:37.000000256,b'1',-0.261,72.687,b'1',b'ARGOS   ',1099.1,6.345,34.932
39,34,b'2900229 ',b'Argo INDIA                                                      ',b'M Ravichandran                                                  ',40.0,b'A',2003-11-29 08:31:37.000000256,b'1',-0.261,72.687,b'1',b'ARGOS   ',1199.4,5.543,34.895
39,35,b'2900229 ',b'Argo INDIA                                                      ',b'M Ravichandran                                                  ',40.0,b'A',2003-11-29 08:31:37.000000256,b'1',-0.261,72.687,b'1',b'ARGOS   ',1299.2,5.276,34.88
39,36,b'2900229 ',b'Argo INDIA                                                      ',b'M Ravichandran                                                  ',40.0,b'A',2003-11-29 08:31:37.000000256,b'1',-0.261,72.687,b'1',b'ARGOS   ',1398.9,4.774,34.859
39,37,b'2900229 ',b'Argo INDIA                                                      ',b'M Ravichandran                                                  ',40.0,b'A',2003-11-29 08:31:37.000000256,b'1',-0.261,72.687,b'1',b'ARGOS   ',1499.6,4.271,34.838
39,38,b'2900229 ',b'Argo INDIA                                                      ',b'M Ravichandran                                                  ',40.0,b'A',2003-11-29 08:31:37.000000256,b'1',-0.261,72.687,b'1',b'ARGOS   ',1599.3,3.994,34.824
39,39,b'2900229 ',b'Argo INDIA                                                      ',b'M Ravichandran                                                  ',40.0,b'A',2003-11-29 08:31:37.000000256,b'1',-0.261,72.687,b'1',b'ARGOS   ',1699.2,3.545,34.806
39,40,b'2900229 ',b'Argo INDIA                                                      ',b'M Ravichandran                                                  ',40.0,b'A',2003-11-29 08:31:37.000000256,b'1',-0.261,72.687,b'1',b'ARGOS   ',1799.5,3.299,34.797
39,41,b'2900229 ',b'Argo INDIA                                                      ',b'M Ravichandran                                                  ',40.0,b'A',2003-11-29 08:31:37.000000256,b'1',-0.261,72.687,b'1',b'ARGOS   ',1898.7,3.225,34.797
39,42,b'2900229 ',b'Argo INDIA                                                      ',b'M Ravichandran                                                  ',40.0,b'A',2003-11-29 08:31:37.000000256,b'1',-0.261,72.687,b'1',b'ARGOS   ',,,
39,43,b'2900229 ',b'Argo INDIA                                                      ',b'M Ravichandran                                                  ',40.0,b'A',2003-11-29 08:31:37.000000256,b'1',-0.261,72.687,b'1',b'ARGOS   ',,,
39,44,b'2900229 ',b'Argo INDIA                                                      ',b'M Ravichandran                                                  ',40.0,b'A',2003-11-29 08:31:37.000000256,b'1',-0.261,72.687,b'1',b'ARGOS   ',,,
40,0,b'2900229 ',b'Argo INDIA                                                      ',b'M Ravichandran                                                  ',41.0,b'A',2003-12-09 08:37:44.000000256,b'1',-0.164,73.244,b'1',b'ARGOS   ',18.4,28.825,35.384
40,1,b'2900229 ',b'Argo INDIA                                                      ',b'M Ravichandran                                                  ',41.0,b'A',2003-12-09 08:37:44.000000256,b'1',-0.164,73.244,b'1',b'ARGOS   ',19.3,28.825,35.385
40,2,b'2900229 ',b'Argo INDIA                                                      ',b'M Ravichandran                                                  ',41.0,b'A',2003-12-09 08:37:44.000000256,b'1',-0.164,73.244,b'1',b'ARGOS   ',24.4,28.826,35.384
40,3,b'2900229 ',b'Argo INDIA                                                      ',b'M Ravichandran                                                  ',41.0,b'A',2003-12-09 08:37:44.000000256,b'1',-0.164,73.244,b'1',b'ARGOS   ',29.0,28.822,35.385
40,4,b'2900229 ',b'Argo INDIA                                                      ',b'M Ravichandran                                                  ',41.0,b'A',2003-12-09 08:37:44.000000256,b'1',-0.164,73.244,b'1',b'ARGOS   ',34.6,28.821,35.385
40,5,b'2900229 ',b'Argo INDIA                                                      ',b'M Ravichandran                                                  ',41.0,b'A',2003-12-09 08:37:44.000000256,b'1',-0.164,73.244,b'1',b'ARGOS   ',39.0,28.819,35.386
40,6,b'2900229 ',b'Argo INDIA                                                      ',b'M Ravichandran                                                  ',41.0,b'A',2003-12-09 08:37:44.000000256,b'1',-0.164,73.244,b'1',b'ARGOS   ',44.5,28.816,35.389
40,7,b'2900229 ',b'Argo INDIA                                                      ',b'M Ravichandran                                                  ',41.0,b'A',2003-12-09 08:37:44.000000256,b'1',-0.164,73.244,b'1',b'ARGOS   ',49.5,28.805,35.4
40,8,b'2900229 ',b'Argo INDIA                                                      ',b'M Ravichandran                                                  ',41.0,b'A',2003-12-09 08:37:44.000000256,b'1',-0.164,73.244,b'1',b'ARGOS   ',59.3,28.801,35.426
40,9,b'2900229 ',b'Argo INDIA                                                      ',b'M Ravichandran                                                  ',41.0,b'A',2003-12-09 08:37:44.000000256,b'1',-0.164,73.244,b'1',b'ARGOS   ',69.4,28.748,35.445
40,10,b'2900229 ',b'Argo INDIA                                                      ',b'M Ravichandran                                                  ',41.0,b'A',2003-12-09 08:37:44.000000256,b'1',-0.164,73.244,b'1',b'ARGOS   ',79.4,28.665,35.442
40,11,b'2900229 ',b'Argo INDIA                                                      ',b'M Ravichandran                                                  ',41.0,b'A',2003-12-09 08:37:44.000000256,b'1',-0.164,73.244,b'1',b'ARGOS   ',89.7,28.516,35.431
40,12,b'2900229 ',b'Argo INDIA                                                      ',b'M Ravichandran                                                  ',41.0,b'A',2003-12-09 08:37:44.000000256,b'1',-0.164,73.244,b'1',b'ARGOS   ',99.6,26.366,35.434
40,13,b'2900229 ',b'Argo INDIA                                                      ',b'M Ravichandran                                                  ',41.0,b'A',2003-12-09 08:37:44.000000256,b'1',-0.164,73.244,b'1',b'ARGOS   ',109.8,24.609,35.479
40,14,b'2900229 ',b'Argo INDIA                                                      ',b'M Ravichandran                                                  ',41.0,b'A',2003-12-09 08:37:44.000000256,b'1',-0.164,73.244,b'1',b'ARGOS   ',119.4,22.922,35.396
40,15,b'2900229 ',b'Argo INDIA                                                      ',b'M Ravichandran                                                  ',41.0,b'A',2003-12-09 08:37:44.000000256,b'1',-0.164,73.244,b'1',b'ARGOS   ',129.6,21.7,35.357
40,16,b'2900229 ',b'Argo INDIA                                                      ',b'M Ravichandran                                                  ',41.0,b'A',2003-12-09 08:37:44.000000256,b'1',-0.164,73.244,b'1',b'ARGOS   ',139.5,20.785,35.317
40,17,b'2900229 ',b'Argo INDIA                                                      ',b'M Ravichandran                                                  ',41.0,b'A',2003-12-09 08:37:44.000000256,b'1',-0.164,73.244,b'1',b'ARGOS   ',149.4,18.429,35.258
40,18,b'2900229 ',b'Argo INDIA                                                      ',b'M Ravichandran                                                  ',41.0,b'A',2003-12-09 08:37:44.000000256,b'1',-0.164,73.244,b'1',b'ARGOS   ',169.3,16.577,35.211
40,19,b'2900229 ',b'Argo INDIA                                                      ',b'M Ravichandran                                                  ',41.0,b'A',2003-12-09 08:37:44.000000256,b'1',-0.164,73.244,b'1',b'ARGOS   ',189.2,15.27,35.152
40,20,b'2900229 ',b'Argo INDIA                                                      ',b'M Ravichandran                                                  ',41.0,b'A',2003-12-09 08:37:44.000000256,b'1',-0.164,73.244,b'1',b'ARGOS   ',209.3,13.837,35.144
40,21,b'2900229 ',b'Argo INDIA                                                      ',b'M Ravichandran                                                  ',41.0,b'A',2003-12-09 08:37:44.000000256,b'1',-0.164,73.244,b'1',b'ARGOS   ',229.1,12.758,35.109
40,22,b'2900229 ',b'Argo INDIA                                                      ',b'M Ravichandran                                                  ',41.0,b'A',2003-12-09 08:37:44.000000256,b'1',-0.164,73.244,b'1',b'ARGOS   ',249.1,12.092,35.081
40,23,b'2900229 ',b'Argo INDIA                                                      ',b'M Ravichandran                                                  ',41.0,b'A',2003-12-09 08:37:44.000000256,b'1',-0.164,73.244,b'1',b'ARGOS   ',299.4,11.758,35.067
40,24,b'2900229 ',b'Argo INDIA                                                      ',b'M Ravichandran                                                  ',41.0,b'A',2003-12-09 08:37:44.000000256,b'1',-0.164,73.244,b'1',b'ARGOS   ',349.2,11.042,35.029
40,25,b'2900229 ',b'Argo INDIA                                                      ',b'M Ravichandran                                                  ',41.0,b'A',2003-12-09 08:37:44.000000256,b'1',-0.164,73.244,b'1',b'ARGOS   ',399.1,10.775,35.033
40,26,b'2900229 ',b'Argo INDIA                                                      ',b'M Ravichandran                                                  ',41.0,b'A',2003-12-09 08:37:44.000000256,b'1',-0.164,73.244,b'1',b'ARGOS   ',449.6,10.404,35.011
40,27,b'2900229 ',b'Argo INDIA                                                      ',b'M Ravichandran                                                  ',41.0,b'A',2003-12-09 08:37:44.000000256,b'1',-0.164,73.244,b'1',b'ARGOS   ',499.6,10.246,35.035
40,28,b'2900229 ',b'Argo INDIA                                                      ',b'M Ravichandran                                                  ',41.0,b'A',2003-12-09 08:37:44.000000256,b'1',-0.164,73.244,b'1',b'ARGOS   ',599.2,9.138,35.04
40,29,b'2900229 ',b'Argo INDIA                                                      ',b'M Ravichandran                                                  ',41.0,b'A',2003-12-09 08:37:44.000000256,b'1',-0.164,73.244,b'1',b'ARGOS   ',699.5,8.753,35.042
40,30,b'2900229 ',b'Argo INDIA                                                      ',b'M Ravichandran                                                  ',41.0,b'A',2003-12-09 08:37:44.000000256,b'1',-0.164,73.244,b'1',b'ARGOS   ',799.5,8.072,35.0
40,31,b'2900229 ',b'Argo INDIA                                                      ',b'M Ravichandran                                                  ',41.0,b'A',2003-12-09 08:37:44.000000256,b'1',-0.164,73.244,b'1',b'ARGOS   ',899.5,7.587,34.983
40,32,b'2900229 ',b'Argo INDIA                                                      ',b'M Ravichandran                                                  ',41.0,b'A',2003-12-09 08:37:44.000000256,b'1',-0.164,73.244,b'1',b'ARGOS   ',999.1,7.02,34.96
40,33,b'2900229 ',b'Argo INDIA                                                      ',b'M Ravichandran                                                  ',41.0,b'A',2003-12-09 08:37:44.000000256,b'1',-0.164,73.244,b'1',b'ARGOS   ',1099.2,6.2,34.919
40,34,b'2900229 ',b'Argo INDIA                                                      ',b'M Ravichandran                                                  ',41.0,b'A',2003-12-09 08:37:44.000000256,b'1',-0.164,73.244,b'1',b'ARGOS   ',1199.6,5.615,34.898
40,35,b'2900229 ',b'Argo INDIA                                                      ',b'M Ravichandran                                                  ',41.0,b'A',2003-12-09 08:37:44.000000256,b'1',-0.164,73.244,b'1',b'ARGOS   ',1299.1,5.176,34.877
40,36,b'2900229 ',b'Argo INDIA                                                      ',b'M Ravichandran                                                  ',41.0,b'A',2003-12-09 08:37:44.000000256,b'1',-0.164,73.244,b'1',b'ARGOS   ',1399.1,4.614,34.848
40,37,b'2900229 ',b'Argo INDIA                                                      ',b'M Ravichandran                                                  ',41.0,b'A',2003-12-09 08:37:44.000000256,b'1',-0.164,73.244,b'1',b'ARGOS   ',1499.4,4.199,34.832
40,38,b'2900229 ',b'Argo INDIA                                                      ',b'M Ravichandran                                                  ',41.0,b'A',2003-12-09 08:37:44.000000256,b'1',-0.164,73.244,b'1',b'ARGOS   ',1598.9,4.014,34.822
40,39,b'2900229 ',b'Argo INDIA                                                      ',b'M Ravichandran                                                  ',41.0,b'A',2003-12-09 08:37:44.000000256,b'1',-0.164,73.244,b'1',b'ARGOS   ',1699.3,3.725,34.81
40,40,b'2900229 ',b'Argo INDIA                                                      ',b'M Ravichandran                                                  ',41.0,b'A',2003-12-09 08:37:44.000000256,b'1',-0.164,73.244,b'1',b'ARGOS   ',1799.0,3.325,34.798
40,41,b'2900229 ',b'Argo INDIA                                                      ',b'M Ravichandran                                                  ',41.0,b'A',2003-12-09 08:37:44.000000256,b'1',-0.164,73.244,b'1',b'ARGOS   ',1899.4,3.12,34.79
40,42,b'2900229 ',b'Argo INDIA                                                      ',b'M Ravichandran                                                  ',41.0,b'A',2003-12-09 08:37:44.000000256,b'1',-0.164,73.244,b'1',b'ARGOS   ',,,
40,43,b'2900229 ',b'Argo INDIA                                                      ',b'M Ravichandran                                                  ',41.0,b'A',2003-12-09 08:37:44.000000256,b'1',-0.164,73.244,b'1',b'ARGOS   ',,,
40,44,b'2900229 ',b'Argo INDIA                                                      ',b'M Ravichandran                                                  ',41.0,b'A',2003-12-09 08:37:44.000000256,b'1',-0.164,73.244,b'1',b'ARGOS   ',,,
41,0,b'2900229 ',b'Argo INDIA                                                      ',b'M Ravichandran                                                  ',42.0,b'A',2003-12-19 08:34:15.000000000,b'1',-0.031,73.716,b'1',b'ARGOS   ',18.1,28.897,35.386
41,1,b'2900229 ',b'Argo INDIA                                                      ',b'M Ravichandran                                                  ',42.0,b'A',2003-12-19 08:34:15.000000000,b'1',-0.031,73.716,b'1',b'ARGOS   ',19.1,28.906,35.384
41,2,b'2900229 ',b'Argo INDIA                                                      ',b'M Ravichandran                                                  ',42.0,b'A',2003-12-19 08:34:15.000000000,b'1',-0.031,73.716,b'1',b'ARGOS   ',23.9,28.833,35.382
41,3,b'2900229 ',b'Argo INDIA                                                      ',b'M Ravichandran                                                  ',42.0,b'A',2003-12-19 08:34:15.000000000,b'1',-0.031,73.716,b'1',b'ARGOS   ',29.4,28.812,35.381
41,4,b'2900229 ',b'Argo INDIA                                                      ',b'M Ravichandran                                                  ',42.0,b'A',2003-12-19 08:34:15.000000000,b'1',-0.031,73.716,b'1',b'ARGOS   ',34.2,28.799,35.383
41,5,b'2900229 ',b'Argo INDIA                                                      ',b'M Ravichandran                                                  ',42.0,b'A',2003-12-19 08:34:15.000000000,b'1',-0.031,73.716,b'1',b'ARGOS   ',39.5,28.782,35.382
41,6,b'2900229 ',b'Argo INDIA                                                      ',b'M Ravichandran                                                  ',42.0,b'A',2003-12-19 08:34:15.000000000,b'1',-0.031,73.716,b'1',b'ARGOS   ',44.7,28.665,35.384
41,7,b'2900229 ',b'Argo INDIA                                                      ',b'M Ravichandran                                                  ',42.0,b'A',2003-12-19 08:34:15.000000000,b'1',-0.031,73.716,b'1',b'ARGOS   ',49.7,28.519,35.393
41,8,b'2900229 ',b'Argo INDIA                                                      ',b'M Ravichandran                                                  ',42.0,b'A',2003-12-19 08:34:15.000000000,b'1',-0.031,73.716,b'1',b'ARGOS   ',59.7,27.967,35.414
41,9,b'2900229 ',b'Argo INDIA                                                      ',b'M Ravichandran                                                  ',42.0,b'A',2003-12-19 08:34:15.000000000,b'1',-0.031,73.716,b'1',b'ARGOS   ',69.2,27.427,35.433
41,10,b'2900229 ',b'Argo INDIA                                                      ',b'M Ravichandran                                                  ',42.0,b'A',2003-12-19 08:34:15.000000000,b'1',-0.031,73.716,b'1',b'ARGOS   ',79.3,26.927,35.46
41,11,b'2900229 ',b'Argo INDIA                                                      ',b'M Ravichandran                                                  ',42.0,b'A',2003-12-19 08:34:15.000000000,b'1',-0.031,73.716,b'1',b'ARGOS   ',89.5,26.664,35.472
41,12,b'2900229 ',b'Argo INDIA                                                      ',b'M Ravichandran                                                  ',42.0,b'A',2003-12-19 08:34:15.000000000,b'1',-0.031,73.716,b'1',b'ARGOS   ',99.4,26.097,35.481
41,13,b'2900229 ',b'Argo INDIA                                                      ',b'M Ravichandran                                                  ',42.0,b'A',2003-12-19 08:34:15.000000000,b'1',-0.031,73.716,b'1',b'ARGOS   ',109.8,25.115,35.532
41,14,b'2900229 ',b'Argo INDIA                                                      ',b'M Ravichandran                                                  ',42.0,b'A',2003-12-19 08:34:15.000000000,b'1',-0.031,73.716,b'1',b'ARGOS   ',119.8,23.014,35.367
41,15,b'2900229 ',b'Argo INDIA                                                      ',b'M Ravichandran                                                  ',42.0,b'A',2003-12-19 08:34:15.000000000,b'1',-0.031,73.716,b'1',b'ARGOS   ',129.6,21.435,35.333
41,16,b'2900229 ',b'Argo INDIA                                                      ',b'M Ravichandran                                                  ',42.0,b'A',2003-12-19 08:34:15.000000000,b'1',-0.031,73.716,b'1',b'ARGOS   ',139.4,17.585,35.186
41,17,b'2900229 ',b'Argo INDIA                                                      ',b'M Ravichandran                                                  ',42.0,b'A',2003-12-19 08:34:15.000000000,b'1',-0.031,73.716,b'1',b'ARGOS   ',149.5,16.387,35.21
41,18,b'2900229 ',b'Argo INDIA                                                      ',b'M Ravichandran                                                  ',42.0,b'A',2003-12-19 08:34:15.000000000,b'1',-0.031,73.716,b'1',b'ARGOS   ',169.5,14.886,35.17
41,19,b'2900229 ',b'Argo INDIA                                                      ',b'M Ravichandran                                                  ',42.0,b'A',2003-12-19 08:34:15.000000000,b'1',-0.031,73.716,b'1',b'ARGOS   ',189.1,13.734,35.128
41,20,b'2900229 ',b'Argo INDIA                                                      ',b'M Ravichandran                                                  ',42.0,b'A',2003-12-19 08:34:15.000000000,b'1',-0.031,73.716,b'1',b'ARGOS   ',209.1,12.852,35.105
41,21,b'2900229 ',b'Argo INDIA                                                      ',b'M Ravichandran                                                  ',42.0,b'A',2003-12-19 08:34:15.000000000,b'1',-0.031,73.716,b'1',b'ARGOS   ',229.1,12.796,35.114
41,22,b'2900229 ',b'Argo INDIA                                                      ',b'M Ravichandran                                                  ',42.0,b'A',2003-12-19 08:34:15.000000000,b'1',-0.031,73.716,b'1',b'ARGOS   ',249.5,12.464,35.09
41,23,b'2900229 ',b'Argo INDIA                                                      ',b'M Ravichandran                                                  ',42.0,b'A',2003-12-19 08:34:15.000000000,b'1',-0.031,73.716,b'1',b'ARGOS   ',299.5,11.934,35.074
41,24,b'2900229 ',b'Argo INDIA                                                      ',b'M Ravichandran                                                  ',42.0,b'A',2003-12-19 08:34:15.000000000,b'1',-0.031,73.716,b'1',b'ARGOS   ',348.9,11.497,35.048
41,25,b'2900229 ',b'Argo INDIA                                                      ',b'M Ravichandran                                                  ',42.0,b'A',2003-12-19 08:34:15.000000000,b'1',-0.031,73.716,b'1',b'ARGOS   ',399.5,10.8,35.011
41,26,b'2900229 ',b'Argo INDIA                                                      ',b'M Ravichandran                                                  ',42.0,b'A',2003-12-19 08:34:15.000000000,b'1',-0.031,73.716,b'1',b'ARGOS   ',449.1,10.714,35.035
41,27,b'2900229 ',b'Argo INDIA                                                      ',b'M Ravichandran                                                  ',42.0,b'A',2003-12-19 08:34:15.000000000,b'1',-0.031,73.716,b'1',b'ARGOS   ',499.4,10.231,35.019
41,28,b'2900229 ',b'Argo INDIA                                                      ',b'M Ravichandran                                                  ',42.0,b'A',2003-12-19 08:34:15.000000000,b'1',-0.031,73.716,b'1',b'ARGOS   ',599.5,9.28,35.033
41,29,b'2900229 ',b'Argo INDIA                                                      ',b'M Ravichandran                                                  ',42.0,b'A',2003-12-19 08:34:15.000000000,b'1',-0.031,73.716,b'1',b'ARGOS   ',699.1,8.812,35.044
41,30,b'2900229 ',b'Argo INDIA                                                      ',b'M Ravichandran                                                  ',42.0,b'A',2003-12-19 08:34:15.000000000,b'1',-0.031,73.716,b'1',b'ARGOS   ',799.3,8.166,35.012
41,31,b'2900229 ',b'Argo INDIA                                                      ',b'M Ravichandran                                                  ',42.0,b'A',2003-12-19 08:34:15.000000000,b'1',-0.031,73.716,b'1',b'ARGOS   ',899.1,7.312,34.97
41,32,b'2900229 ',b'Argo INDIA                                                      ',b'M Ravichandran                                                  ',42.0,b'A',2003-12-19 08:34:15.000000000,b'1',-0.031,73.716,b'1',b'ARGOS   ',998.9,6.68,34.948
41,33,b'2900229 ',b'Argo INDIA                                                      ',b'M Ravichandran                                                  ',42.0,b'A',2003-12-19 08:34:15.000000000,b'1',-0.031,73.716,b'1',b'ARGOS   ',1099.2,6.267,34.924
41,34,b'2900229 ',b'Argo INDIA                                                      ',b'M Ravichandran                                                  ',42.0,b'A',2003-12-19 08:34:15.000000000,b'1',-0.031,73.716,b'1',b'ARGOS   ',1199.2,5.535,34.898
41,35,b'2900229 ',b'Argo INDIA                                                      ',b'M Ravichandran                                                  ',42.0,b'A',2003-12-19 08:34:15.000000000,b'1',-0.031,73.716,b'1',b'ARGOS   ',1299.1,5.24,34.88
41,36,b'2900229 ',b'Argo INDIA                                                      ',b'M Ravichandran                                                  ',42.0,b'A',2003-12-19 08:34:15.000000000,b'1',-0.031,73.716,b'1',b'ARGOS   ',1398.9,4.852,34.858
41,37,b'2900229 ',b'Argo INDIA                                                      ',b'M Ravichandran                                                  ',42.0,b'A',2003-12-19 08:34:15.000000000,b'1',-0.031,73.716,b'1',b'ARGOS   ',1499.4,4.385,34.837
41,38,b'2900229 ',b'Argo INDIA                                                      ',b'M Ravichandran                                                  ',42.0,b'A',2003-12-19 08:34:15.000000000,b'1',-0.031,73.716,b'1',b'ARGOS   ',1599.1,4.115,34.826
41,39,b'2900229 ',b'Argo INDIA                                                      ',b'M Ravichandran                                                  ',42.0,b'A',2003-12-19 08:34:15.000000000,b'1',-0.031,73.716,b'1',b'ARGOS   ',1699.3,3.546,34.804
41,40,b'2900229 ',b'Argo INDIA                                                      ',b'M Ravichandran                                                  ',42.0,b'A',2003-12-19 08:34:15.000000000,b'1',-0.031,73.716,b'1',b'ARGOS   ',1799.3,3.236,34.794
41,41,b'2900229 ',b'Argo INDIA                                                      ',b'M Ravichandran                                                  ',42.0,b'A',2003-12-19 08:34:15.000000000,b'1',-0.031,73.716,b'1',b'ARGOS   ',1899.3,2.967,34.783
41,42,b'2900229 ',b'Argo INDIA                                                      ',b'M Ravichandran                                                  ',42.0,b'A',2003-12-19 08:34:15.000000000,b'1',-0.031,73.716,b'1',b'ARGOS   ',1999.3,2.838,34.778
41,43,b'2900229 ',b'Argo INDIA                                                      ',b'M Ravichandran                                                  ',42.0,b'A',2003-12-19 08:34:15.000000000,b'1',-0.031,73.716,b'1',b'ARGOS   ',,,
41,44,b'2900229 ',b'Argo INDIA                                                      ',b'M Ravichandran                                                  ',42.0,b'A',2003-12-19 08:34:15.000000000,b'1',-0.031,73.716,b'1',b'ARGOS   ',,,
42,0,b'2900229 ',b'Argo INDIA                                                      ',b'M Ravichandran                                                  ',44.0,b'A',2004-01-08 08:38:21.000000000,b'1',0.038,76.102,b'1',b'ARGOS   ',18.6,28.766,35.236
42,1,b'2900229 ',b'Argo INDIA                                                      ',b'M Ravichandran                                                  ',44.0,b'A',2004-01-08 08:38:21.000000000,b'1',0.038,76.102,b'1',b'ARGOS   ',19.5,28.769,35.236
42,2,b'2900229 ',b'Argo INDIA                                                      ',b'M Ravichandran                                                  ',44.0,b'A',2004-01-08 08:38:21.000000000,b'1',0.038,76.102,b'1',b'ARGOS   ',24.2,28.709,35.251
42,3,b'2900229 ',b'Argo INDIA                                                      ',b'M Ravichandran                                                  ',44.0,b'A',2004-01-08 08:38:21.000000000,b'1',0.038,76.102,b'1',b'ARGOS   ',29.2,28.661,35.29
42,4,b'2900229 ',b'Argo INDIA                                                      ',b'M Ravichandran                                                  ',44.0,b'A',2004-01-08 08:38:21.000000000,b'1',0.038,76.102,b'1',b'ARGOS   ',34.1,28.654,35.311
42,5,b'2900229 ',b'Argo INDIA                                                      ',b'M Ravichandran                                                  ',44.0,b'A',2004-01-08 08:38:21.000000000,b'1',0.038,76.102,b'1',b'ARGOS   ',39.5,28.666,35.335
42,6,b'2900229 ',b'Argo INDIA                                                      ',b'M Ravichandran                                                  ',44.0,b'A',2004-01-08 08:38:21.000000000,b'1',0.038,76.102,b'1',b'ARGOS   ',44.5,28.681,35.358
42,7,b'2900229 ',b'Argo INDIA                                                      ',b'M Ravichandran                                                  ',44.0,b'A',2004-01-08 08:38:21.000000000,b'1',0.038,76.102,b'1',b'ARGOS   ',49.3,28.675,35.375
42,8,b'2900229 ',b'Argo INDIA                                                      ',b'M Ravichandran                                                  ',44.0,b'A',2004-01-08 08:38:21.000000000,b'1',0.038,76.102,b'1',b'ARGOS   ',59.5,28.554,35.37
42,9,b'2900229 ',b'Argo INDIA                                                      ',b'M Ravichandran                                                  ',44.0,b'A',2004-01-08 08:38:21.000000000,b'1',0.038,76.102,b'1',b'ARGOS   ',69.5,27.377,35.411
42,10,b'2900229 ',b'Argo INDIA                                                      ',b'M Ravichandran                                                  ',44.0,b'A',2004-01-08 08:38:21.000000000,b'1',0.038,76.102,b'1',b'ARGOS   ',79.3,27.339,35.426
42,11,b'2900229 ',b'Argo INDIA                                                      ',b'M Ravichandran                                                  ',44.0,b'A',2004-01-08 08:38:21.000000000,b'1',0.038,76.102,b'1',b'ARGOS   ',89.6,26.857,35.449
42,12,b'2900229 ',b'Argo INDIA                                                      ',b'M Ravichandran                                                  ',44.0,b'A',2004-01-08 08:38:21.000000000,b'1',0.038,76.102,b'1',b'ARGOS   ',99.5,22.871,35.266
42,13,b'2900229 ',b'Argo INDIA                                                      ',b'M Ravichandran                                                  ',44.0,b'A',2004-01-08 08:38:21.000000000,b'1',0.038,76.102,b'1',b'ARGOS   ',109.4,21.866,35.198
42,14,b'2900229 ',b'Argo INDIA                                                      ',b'M Ravichandran                                                  ',44.0,b'A',2004-01-08 08:38:21.000000000,b'1',0.038,76.102,b'1',b'ARGOS   ',119.6,20.158,35.142
42,15,b'2900229 ',b'Argo INDIA                                                      ',b'M Ravichandran                                                  ',44.0,b'A',2004-01-08 08:38:21.000000000,b'1',0.038,76.102,b'1',b'ARGOS   ',129.5,20.022,35.207
42,16,b'2900229 ',b'Argo INDIA                                                      ',b'M Ravichandran                                                  ',44.0,b'A',2004-01-08 08:38:21.000000000,b'1',0.038,76.102,b'1',b'ARGOS   ',139.7,18.381,35.058
42,17,b'2900229 ',b'Argo INDIA                                                      ',b'M Ravichandran                                                  ',44.0,b'A',2004-01-08 08:38:21.000000000,b'1',0.038,76.102,b'1',b'ARGOS   ',149.5,17.617,35.191
42,18,b'2900229 ',b'Argo INDIA                                                      ',b'M Ravichandran                                                  ',44.0,b'A',2004-01-08 08:38:21.000000000,b'1',0.038,76.102,b'1',b'ARGOS   ',169.4,14.323,35.138
42,19,b'2900229 ',b'Argo INDIA                                                      ',b'M Ravichandran                                                  ',44.0,b'A',2004-01-08 08:38:21.000000000,b'1',0.038,76.102,b'1',b'ARGOS   ',189.5,12.815,35.113
42,20,b'2900229 ',b'Argo INDIA                                                      ',b'M Ravichandran                                                  ',44.0,b'A',2004-01-08 08:38:21.000000000,b'1',0.038,76.102,b'1',b'ARGOS   ',209.4,12.77,35.112
42,21,b'2900229 ',b'Argo INDIA                                                      ',b'M Ravichandran                                                  ',44.0,b'A',2004-01-08 08:38:21.000000000,b'1',0.038,76.102,b'1',b'ARGOS   ',229.3,12.121,35.086
42,22,b'2900229 ',b'Argo INDIA                                                      ',b'M Ravichandran                                                  ',44.0,b'A',2004-01-08 08:38:21.000000000,b'1',0.038,76.102,b'1',b'ARGOS   ',249.6,11.734,35.065
42,23,b'2900229 ',b'Argo INDIA                                                      ',b'M Ravichandran                                                  ',44.0,b'A',2004-01-08 08:38:21.000000000,b'1',0.038,76.102,b'1',b'ARGOS   ',299.4,11.495,35.053
42,24,b'2900229 ',b'Argo INDIA                                                      ',b'M Ravichandran                                                  ',44.0,b'A',2004-01-08 08:38:21.000000000,b'1',0.038,76.102,b'1',b'ARGOS   ',349.5,11.016,35.018
42,25,b'2900229 ',b'Argo INDIA                                                      ',b'M Ravichandran                                                  ',44.0,b'A',2004-01-08 08:38:21.000000000,b'1',0.038,76.102,b'1',b'ARGOS   ',399.3,10.663,34.997
42,26,b'2900229 ',b'Argo INDIA                                                      ',b'M Ravichandran                                                  ',44.0,b'A',2004-01-08 08:38:21.000000000,b'1',0.038,76.102,b'1',b'ARGOS   ',449.4,10.442,35.001
42,27,b'2900229 ',b'Argo INDIA                                                      ',b'M Ravichandran                                                  ',44.0,b'A',2004-01-08 08:38:21.000000000,b'1',0.038,76.102,b'1',b'ARGOS   ',499.4,10.012,35.007
42,28,b'2900229 ',b'Argo INDIA                                                      ',b'M Ravichandran                                                  ',44.0,b'A',2004-01-08 08:38:21.000000000,b'1',0.038,76.102,b'1',b'ARGOS   ',598.8,9.142,35.006
42,29,b'2900229 ',b'Argo INDIA                                                      ',b'M Ravichandran                                                  ',44.0,b'A',2004-01-08 08:38:21.000000000,b'1',0.038,76.102,b'1',b'ARGOS   ',699.2,8.927,35.031
42,30,b'2900229 ',b'Argo INDIA                                                      ',b'M Ravichandran                                                  ',44.0,b'A',2004-01-08 08:38:21.000000000,b'1',0.038,76.102,b'1',b'ARGOS   ',799.4,8.28,35.023
42,31,b'2900229 ',b'Argo INDIA                                                      ',b'M Ravichandran                                                  ',44.0,b'A',2004-01-08 08:38:21.000000000,b'1',0.038,76.102,b'1',b'ARGOS   ',899.5,7.509,34.978
42,32,b'2900229 ',b'Argo INDIA                                                      ',b'M Ravichandran                                                  ',44.0,b'A',2004-01-08 08:38:21.000000000,b'1',0.038,76.102,b'1',b'ARGOS   ',999.0,6.901,34.955
42,33,b'2900229 ',b'Argo INDIA                                                      ',b'M Ravichandran                                                  ',44.0,b'A',2004-01-08 08:38:21.000000000,b'1',0.038,76.102,b'1',b'ARGOS   ',1099.2,6.298,34.932
42,34,b'2900229 ',b'Argo INDIA                                                      ',b'M Ravichandran                                                  ',44.0,b'A',2004-01-08 08:38:21.000000000,b'1',0.038,76.102,b'1',b'ARGOS   ',1198.9,5.711,34.9
42,35,b'2900229 ',b'Argo INDIA                                                      ',b'M Ravichandran                                                  ',44.0,b'A',2004-01-08 08:38:21.000000000,b'1',0.038,76.102,b'1',b'ARGOS   ',1299.3,5.393,34.889
42,36,b'2900229 ',b'Argo INDIA                                                      ',b'M Ravichandran                                                  ',44.0,b'A',2004-01-08 08:38:21.000000000,b'1',0.038,76.102,b'1',b'ARGOS   ',1398.9,4.883,34.862
42,37,b'2900229 ',b'Argo INDIA                                                      ',b'M Ravichandran                                                  ',44.0,b'A',2004-01-08 08:38:21.000000000,b'1',0.038,76.102,b'1',b'ARGOS   ',1499.3,4.295,34.838
42,38,b'2900229 ',b'Argo INDIA                                                      ',b'M Ravichandran                                                  ',44.0,b'A',2004-01-08 08:38:21.000000000,b'1',0.038,76.102,b'1',b'ARGOS   ',1599.4,3.999,34.825
42,39,b'2900229 ',b'Argo INDIA                                                      ',b'M Ravichandran                                                  ',44.0,b'A',2004-01-08 08:38:21.000000000,b'1',0.038,76.102,b'1',b'ARGOS   ',1699.2,3.487,34.802
42,40,b'2900229 ',b'Argo INDIA                                                      ',b'M Ravichandran                                                  ',44.0,b'A',2004-01-08 08:38:21.000000000,b'1',0.038,76.102,b'1',b'ARGOS   ',1799.2,3.294,34.793
42,41,b'2900229 ',b'Argo INDIA                                                      ',b'M Ravichandran                                                  ',44.0,b'A',2004-01-08 08:38:21.000000000,b'1',0.038,76.102,b'1',b'ARGOS   ',1899.3,2.986,34.783
42,42,b'2900229 ',b'Argo INDIA                                                      ',b'M Ravichandran                                                  ',44.0,b'A',2004-01-08 08:38:21.000000000,b'1',0.038,76.102,b'1',b'ARGOS   ',1999.0,2.812,34.776
42,43,b'2900229 ',b'Argo INDIA                                                      ',b'M Ravichandran                                                  ',44.0,b'A',2004-01-08 08:38:21.000000000,b'1',0.038,76.102,b'1',b'ARGOS   ',,,
42,44,b'2900229 ',b'Argo INDIA                                                      ',b'M Ravichandran                                                  ',44.0,b'A',2004-01-08 08:38:21.000000000,b'1',0.038,76.102,b'1',b'ARGOS   ',,,
43,0,b'2900229 ',b'Argo INDIA                                                      ',b'M Ravichandran                                                  ',45.0,b'A',2004-01-18 08:43:30.000000000,b'1',1.081,76.221,b'1',b'ARGOS   ',19.4,28.659,34.946
43,1,b'2900229 ',b'Argo INDIA                                                      ',b'M Ravichandran                                                  ',45.0,b'A',2004-01-18 08:43:30.000000000,b'1',1.081,76.221,b'1',b'ARGOS   ',24.3,28.709,35.025
43,2,b'2900229 ',b'Argo INDIA                                                      ',b'M Ravichandran                                                  ',45.0,b'A',2004-01-18 08:43:30.000000000,b'1',1.081,76.221,b'1',b'ARGOS   ',29.4,28.702,35.078
43,3,b'2900229 ',b'Argo INDIA                                                      ',b'M Ravichandran                                                  ',45.0,b'A',2004-01-18 08:43:30.000000000,b'1',1.081,76.221,b'1',b'ARGOS   ',34.5,28.692,35.159
43,4,b'2900229 ',b'Argo INDIA                                                      ',b'M Ravichandran                                                  ',45.0,b'A',2004-01-18 08:43:30.000000000,b'1',1.081,76.221,b'1',b'ARGOS   ',39.4,28.696,35.187
43,5,b'2900229 ',b'Argo INDIA                                                      ',b'M Ravichandran                                                  ',45.0,b'A',2004-01-18 08:43:30.000000000,b'1',1.081,76.221,b'1',b'ARGOS   ',44.3,28.67,35.193
43,6,b'2900229 ',b'Argo INDIA                                                      ',b'M Ravichandran                                                  ',45.0,b'A',2004-01-18 08:43:30.000000000,b'1',1.081,76.221,b'1',b'ARGOS   ',49.5,28.59,35.213
43,7,b'2900229 ',b'Argo INDIA                                                      ',b'M Ravichandran                                                  ',45.0,b'A',2004-01-18 08:43:30.000000000,b'1',1.081,76.221,b'1',b'ARGOS   ',59.5,28.46,35.237
43,8,b'2900229 ',b'Argo INDIA                                                      ',b'M Ravichandran                                                  ',45.0,b'A',2004-01-18 08:43:30.000000000,b'1',1.081,76.221,b'1',b'ARGOS   ',69.6,28.246,35.305
43,9,b'2900229 ',b'Argo INDIA                                                      ',b'M Ravichandran                                                  ',45.0,b'A',2004-01-18 08:43:30.000000000,b'1',1.081,76.221,b'1',b'ARGOS   ',79.2,27.686,35.433
43,10,b'2900229 ',b'Argo INDIA                                                      ',b'M Ravichandran                                                  ',45.0,b'A',2004-01-18 08:43:30.000000000,b'1',1.081,76.221,b'1',b'ARGOS   ',89.6,27.741,35.607
43,11,b'2900229 ',b'Argo INDIA                                                      ',b'M Ravichandran                                                  ',45.0,b'A',2004-01-18 08:43:30.000000000,b'1',1.081,76.221,b'1',b'ARGOS   ',99.8,26.998,35.507
43,12,b'2900229 ',b'Argo INDIA                                                      ',b'M Ravichandran                                                  ',45.0,b'A',2004-01-18 08:43:30.000000000,b'1',1.081,76.221,b'1',b'ARGOS   ',109.4,24.93,35.264
43,13,b'2900229 ',b'Argo INDIA                                                      ',b'M Ravichandran                                                  ',45.0,b'A',2004-01-18 08:43:30.000000000,b'1',1.081,76.221,b'1',b'ARGOS   ',119.5,21.822,35.114
43,14,b'2900229 ',b'Argo INDIA                                                      ',b'M Ravichandran                                                  ',45.0,b'A',2004-01-18 08:43:30.000000000,b'1',1.081,76.221,b'1',b'ARGOS   ',129.6,19.978,35.111
43,15,b'2900229 ',b'Argo INDIA                                                      ',b'M Ravichandran                                                  ',45.0,b'A',2004-01-18 08:43:30.000000000,b'1',1.081,76.221,b'1',b'ARGOS   ',139.4,17.749,35.07
43,16,b'2900229 ',b'Argo INDIA                                                      ',b'M Ravichandran                                                  ',45.0,b'A',2004-01-18 08:43:30.000000000,b'1',1.081,76.221,b'1',b'ARGOS   ',149.3,17.235,35.122
43,17,b'2900229 ',b'Argo INDIA                                                      ',b'M Ravichandran                                                  ',45.0,b'A',2004-01-18 08:43:30.000000000,b'1',1.081,76.221,b'1',b'ARGOS   ',169.6,15.189,35.141
43,18,b'2900229 ',b'Argo INDIA                                                      ',b'M Ravichandran                                                  ',45.0,b'A',2004-01-18 08:43:30.000000000,b'1',1.081,76.221,b'1',b'ARGOS   ',189.5,13.352,35.113
43,19,b'2900229 ',b'Argo INDIA                                                      ',b'M Ravichandran                                                  ',45.0,b'A',2004-01-18 08:43:30.000000000,b'1',1.081,76.221,b'1',b'ARGOS   ',209.5,12.679,35.117
43,20,b'2900229 ',b'Argo INDIA                                                      ',b'M Ravichandran                                                  ',45.0,b'A',2004-01-18 08:43:30.000000000,b'1',1.081,76.221,b'1',b'ARGOS   ',229.2,12.33,35.108
43,21,b'2900229 ',b'Argo INDIA                                                      ',b'M Ravichandran                                                  ',45.0,b'A',2004-01-18 08:43:30.000000000,b'1',1.081,76.221,b'1',b'ARGOS   ',249.0,12.025,35.085
43,22,b'2900229 ',b'Argo INDIA                                                      ',b'M Ravichandran                                                  ',45.0,b'A',2004-01-18 08:43:30.000000000,b'1',1.081,76.221,b'1',b'ARGOS   ',299.2,11.566,35.059
43,23,b'2900229 ',b'Argo INDIA                                                      ',b'M Ravichandran                                                  ',45.0,b'A',2004-01-18 08:43:30.000000000,b'1',1.081,76.221,b'1',b'ARGOS   ',348.9,10.94,35.04
43,24,b'2900229 ',b'Argo INDIA                                                      ',b'M Ravichandran                                                  ',45.0,b'A',2004-01-18 08:43:30.000000000,b'1',1.081,76.221,b'1',b'ARGOS   ',399.2,10.639,35.054
43,25,b'2900229 ',b'Argo INDIA                                                      ',b'M Ravichandran                                                  ',45.0,b'A',2004-01-18 08:43:30.000000000,b'1',1.081,76.221,b'1',b'ARGOS   ',449.5,10.055,35.046
43,26,b'2900229 ',b'Argo INDIA                                                      ',b'M Ravichandran                                                  ',45.0,b'A',2004-01-18 08:43:30.000000000,b'1',1.081,76.221,b'1',b'ARGOS   ',499.4,9.738,35.026
43,27,b'2900229 ',b'Argo INDIA                                                      ',b'M Ravichandran                                                  ',45.0,b'A',2004-01-18 08:43:30.000000000,b'1',1.081,76.221,b'1',b'ARGOS   ',599.6,9.26,35.025
43,28,b'2900229 ',b'Argo INDIA                                                      ',b'M Ravichandran                                                  ',45.0,b'A',2004-01-18 08:43:30.000000000,b'1',1.081,76.221,b'1',b'ARGOS   ',699.2,9.002,35.038
43,29,b'2900229 ',b'Argo INDIA                                                      ',b'M Ravichandran                                                  ',45.0,b'A',2004-01-18 08:43:30.000000000,b'1',1.081,76.221,b'1',b'ARGOS   ',799.3,8.37,35.028
43,30,b'2900229 ',b'Argo INDIA                                                      ',b'M Ravichandran                                                  ',45.0,b'A',2004-01-18 08:43:30.000000000,b'1',1.081,76.221,b'1',b'ARGOS   ',899.5,7.198,34.968
43,31,b'2900229 ',b'Argo INDIA                                                      ',b'M Ravichandran                                                  ',45.0,b'A',2004-01-18 08:43:30.000000000,b'1',1.081,76.221,b'1',b'ARGOS   ',999.2,6.841,34.952
43,32,b'2900229 ',b'Argo INDIA                                                      ',b'M Ravichandran                                                  ',45.0,b'A',2004-01-18 08:43:30.000000000,b'1',1.081,76.221,b'1',b'ARGOS   ',1099.4,6.287,34.929
43,33,b'2900229 ',b'Argo INDIA                                                      ',b'M Ravichandran                                                  ',45.0,b'A',2004-01-18 08:43:30.000000000,b'1',1.081,76.221,b'1',b'ARGOS   ',1198.8,5.652,34.906
43,34,b'2900229 ',b'Argo INDIA                                                      ',b'M Ravichandran                                                  ',45.0,b'A',2004-01-18 08:43:30.000000000,b'1',1.081,76.221,b'1',b'ARGOS   ',1299.1,5.348,34.892
43,35,b'2900229 ',b'Argo INDIA                                                      ',b'M Ravichandran                                                  ',45.0,b'A',2004-01-18 08:43:30.000000000,b'1',1.081,76.221,b'1',b'ARGOS   ',1398.9,5.015,34.875
43,36,b'2900229 ',b'Argo INDIA                                                      ',b'M Ravichandran                                                  ',45.0,b'A',2004-01-18 08:43:30.000000000,b'1',1.081,76.221,b'1',b'ARGOS   ',1499.5,4.187,34.833
43,37,b'2900229 ',b'Argo INDIA                                                      ',b'M Ravichandran                                                  ',45.0,b'A',2004-01-18 08:43:30.000000000,b'1',1.081,76.221,b'1',b'ARGOS   ',1599.2,3.73,34.811
43,38,b'2900229 ',b'Argo INDIA                                                      ',b'M Ravichandran                                                  ',45.0,b'A',2004-01-18 08:43:30.000000000,b'1',1.081,76.221,b'1',b'ARGOS   ',1699.3,3.583,34.806
43,39,b'2900229 ',b'Argo INDIA                                                      ',b'M Ravichandran                                                  ',45.0,b'A',2004-01-18 08:43:30.000000000,b'1',1.081,76.221,b'1',b'ARGOS   ',1799.2,3.165,34.791
43,40,b'2900229 ',b'Argo INDIA                                                      ',b'M Ravichandran                                                  ',45.0,b'A',2004-01-18 08:43:30.000000000,b'1',1.081,76.221,b'1',b'ARGOS   ',1899.2,3.025,34.786
43,41,b'2900229 ',b'Argo INDIA                                                      ',b'M Ravichandran                                                  ',45.0,b'A',2004-01-18 08:43:30.000000000,b'1',1.081,76.221,b'1',b'ARGOS   ',1999.0,2.859,34.779
43,42,b'2900229 ',b'Argo INDIA                                                      ',b'M Ravichandran                                                  ',45.0,b'A',2004-01-18 08:43:30.000000000,b'1',1.081,76.221,b'1',b'ARGOS   ',,,
43,43,b'2900229 ',b'Argo INDIA                                                      ',b'M Ravichandran                                                  ',45.0,b'A',2004-01-18 08:43:30.000000000,b'1',1.081,76.221,b'1',b'ARGOS   ',,,
43,44,b'2900229 ',b'Argo INDIA                                                      ',b'M Ravichandran                                                  ',45.0,b'A',2004-01-18 08:43:30.000000000,b'1',1.081,76.221,b'1',b'ARGOS   ',,,
44,0,b'2900229 ',b'Argo INDIA                                                      ',b'M Ravichandran                                                  ',46.0,b'A',2004-01-28 08:34:27.000000000,b'1',2.301,75.991,b'1',b'ARGOS   ',18.9,29.144,35.198
44,1,b'2900229 ',b'Argo INDIA                                                      ',b'M Ravichandran                                                  ',46.0,b'A',2004-01-28 08:34:27.000000000,b'1',2.301,75.991,b'1',b'ARGOS   ',19.5,29.134,35.196
44,2,b'2900229 ',b'Argo INDIA                                                      ',b'M Ravichandran                                                  ',46.0,b'A',2004-01-28 08:34:27.000000000,b'1',2.301,75.991,b'1',b'ARGOS   ',24.2,28.884,35.195
44,3,b'2900229 ',b'Argo INDIA                                                      ',b'M Ravichandran                                                  ',46.0,b'A',2004-01-28 08:34:27.000000000,b'1',2.301,75.991,b'1',b'ARGOS   ',29.4,28.865,35.196
44,4,b'2900229 ',b'Argo INDIA                                                      ',b'M Ravichandran                                                  ',46.0,b'A',2004-01-28 08:34:27.000000000,b'1',2.301,75.991,b'1',b'ARGOS   ',34.2,28.852,35.197
44,5,b'2900229 ',b'Argo INDIA                                                      ',b'M Ravichandran                                                  ',46.0,b'A',2004-01-28 08:34:27.000000000,b'1',2.301,75.991,b'1',b'ARGOS   ',39.2,28.837,35.196
44,6,b'2900229 ',b'Argo INDIA                                                      ',b'M Ravichandran                                                  ',46.0,b'A',2004-01-28 08:34:27.000000000,b'1',2.301,75.991,b'1',b'ARGOS   ',44.4,28.829,35.197
44,7,b'2900229 ',b'Argo INDIA                                                      ',b'M Ravichandran                                                  ',46.0,b'A',2004-01-28 08:34:27.000000000,b'1',2.301,75.991,b'1',b'ARGOS   ',49.2,28.823,35.197
44,8,b'2900229 ',b'Argo INDIA                                                      ',b'M Ravichandran                                                  ',46.0,b'A',2004-01-28 08:34:27.000000000,b'1',2.301,75.991,b'1',b'ARGOS   ',59.5,28.808,35.196
44,9,b'2900229 ',b'Argo INDIA                                                      ',b'M Ravichandran                                                  ',46.0,b'A',2004-01-28 08:34:27.000000000,b'1',2.301,75.991,b'1',b'ARGOS   ',69.6,27.759,35.386
44,10,b'2900229 ',b'Argo INDIA                                                      ',b'M Ravichandran                                                  ',46.0,b'A',2004-01-28 08:34:27.000000000,b'1',2.301,75.991,b'1',b'ARGOS   ',79.1,27.638,35.452
44,11,b'2900229 ',b'Argo INDIA                                                      ',b'M Ravichandran                                                  ',46.0,b'A',2004-01-28 08:34:27.000000000,b'1',2.301,75.991,b'1',b'ARGOS   ',89.5,25.775,35.213
44,12,b'2900229 ',b'Argo INDIA                                                      ',b'M Ravichandran                                                  ',46.0,b'A',2004-01-28 08:34:27.000000000,b'1',2.301,75.991,b'1',b'ARGOS   ',99.6,24.744,35.126
44,13,b'2900229 ',b'Argo INDIA                                                      ',b'M Ravichandran                                                  ',46.0,b'A',2004-01-28 08:34:27.000000000,b'1',2.301,75.991,b'1',b'ARGOS   ',109.9,24.169,35.195
44,14,b'2900229 ',b'Argo INDIA                                                      ',b'M Ravichandran                                                  ',46.0,b'A',2004-01-28 08:34:27.000000000,b'1',2.301,75.991,b'1',b'ARGOS   ',119.4,21.215,35.093
44,15,b'2900229 ',b'Argo INDIA                                                      ',b'M Ravichandran                                                  ',46.0,b'A',2004-01-28 08:34:27.000000000,b'1',2.301,75.991,b'1',b'ARGOS   ',129.5,20.017,35.136
44,16,b'2900229 ',b'Argo INDIA                                                      ',b'M Ravichandran                                                  ',46.0,b'A',2004-01-28 08:34:27.000000000,b'1',2.301,75.991,b'1',b'ARGOS   ',139.1,19.083,35.105
44,17,b'2900229 ',b'Argo INDIA                                                      ',b'M Ravichandran                                                  ',46.0,b'A',2004-01-28 08:34:27.000000000,b'1',2.301,75.991,b'1',b'ARGOS   ',149.4,17.31,35.008
44,18,b'2900229 ',b'Argo INDIA                                                      ',b'M Ravichandran                                                  ',46.0,b'A',2004-01-28 08:34:27.000000000,b'1',2.301,75.991,b'1',b'ARGOS   ',169.4,15.96,35.061
44,19,b'2900229 ',b'Argo INDIA                                                      ',b'M Ravichandran                                                  ',46.0,b'A',2004-01-28 08:34:27.000000000,b'1',2.301,75.991,b'1',b'ARGOS   ',189.3,14.452,35.113
44,20,b'2900229 ',b'Argo INDIA                                                      ',b'M Ravichandran                                                  ',46.0,b'A',2004-01-28 08:34:27.000000000,b'1',2.301,75.991,b'1',b'ARGOS   ',209.5,13.586,35.103
44,21,b'2900229 ',b'Argo INDIA                                                      ',b'M Ravichandran                                                  ',46.0,b'A',2004-01-28 08:34:27.000000000,b'1',2.301,75.991,b'1',b'ARGOS   ',229.1,13.059,35.104
44,22,b'2900229 ',b'Argo INDIA                                                      ',b'M Ravichandran                                                  ',46.0,b'A',2004-01-28 08:34:27.000000000,b'1',2.301,75.991,b'1',b'ARGOS   ',249.2,12.701,35.095
44,23,b'2900229 ',b'Argo INDIA                                                      ',b'M Ravichandran                                                  ',46.0,b'A',2004-01-28 08:34:27.000000000,b'1',2.301,75.991,b'1',b'ARGOS   ',299.2,11.97,35.085
44,24,b'2900229 ',b'Argo INDIA                                                      ',b'M Ravichandran                                                  ',46.0,b'A',2004-01-28 08:34:27.000000000,b'1',2.301,75.991,b'1',b'ARGOS   ',349.3,11.398,35.067
44,25,b'2900229 ',b'Argo INDIA                                                      ',b'M Ravichandran                                                  ',46.0,b'A',2004-01-28 08:34:27.000000000,b'1',2.301,75.991,b'1',b'ARGOS   ',399.2,10.747,35.05
44,26,b'2900229 ',b'Argo INDIA                                                      ',b'M Ravichandran                                                  ',46.0,b'A',2004-01-28 08:34:27.000000000,b'1',2.301,75.991,b'1',b'ARGOS   ',449.3,10.223,35.061
44,27,b'2900229 ',b'Argo INDIA                                                      ',b'M Ravichandran                                                  ',46.0,b'A',2004-01-28 08:34:27.000000000,b'1',2.301,75.991,b'1',b'ARGOS   ',499.5,9.898,35.055
44,28,b'2900229 ',b'Argo INDIA                                                      ',b'M Ravichandran                                                  ',46.0,b'A',2004-01-28 08:34:27.000000000,b'1',2.301,75.991,b'1',b'ARGOS   ',599.4,9.349,35.064
44,29,b'2900229 ',b'Argo INDIA                                                      ',b'M Ravichandran                                                  ',46.0,b'A',2004-01-28 08:34:27.000000000,b'1',2.301,75.991,b'1',b'ARGOS   ',699.0,8.819,35.059
44,30,b'2900229 ',b'Argo INDIA                                                      ',b'M Ravichandran                                                  ',46.0,b'A',2004-01-28 08:34:27.000000000,b'1',2.301,75.991,b'1',b'ARGOS   ',799.1,7.943,35.013
44,31,b'2900229 ',b'Argo INDIA                                                      ',b'M Ravichandran                                                  ',46.0,b'A',2004-01-28 08:34:27.000000000,b'1',2.301,75.991,b'1',b'ARGOS   ',899.1,7.151,34.962
44,32,b'2900229 ',b'Argo INDIA                                                      ',b'M Ravichandran                                                  ',46.0,b'A',2004-01-28 08:34:27.000000000,b'1',2.301,75.991,b'1',b'ARGOS   ',999.3,6.816,34.959
44,33,b'2900229 ',b'Argo INDIA                                                      ',b'M Ravichandran                                                  ',46.0,b'A',2004-01-28 08:34:27.000000000,b'1',2.301,75.991,b'1',b'ARGOS   ',1099.1,6.378,34.942
44,34,b'2900229 ',b'Argo INDIA                                                      ',b'M Ravichandran                                                  ',46.0,b'A',2004-01-28 08:34:27.000000000,b'1',2.301,75.991,b'1',b'ARGOS   ',1199.2,5.864,34.908
44,35,b'2900229 ',b'Argo INDIA                                                      ',b'M Ravichandran                                                  ',46.0,b'A',2004-01-28 08:34:27.000000000,b'1',2.301,75.991,b'1',b'ARGOS   ',1299.3,5.366,34.886
44,36,b'2900229 ',b'Argo INDIA                                                      ',b'M Ravichandran                                                  ',46.0,b'A',2004-01-28 08:34:27.000000000,b'1',2.301,75.991,b'1',b'ARGOS   ',1399.0,4.992,34.873
44,37,b'2900229 ',b'Argo INDIA                                                      ',b'M Ravichandran                                                  ',46.0,b'A',2004-01-28 08:34:27.000000000,b'1',2.301,75.991,b'1',b'ARGOS   ',1499.3,4.458,34.851
44,38,b'2900229 ',b'Argo INDIA                                                      ',b'M Ravichandran                                                  ',46.0,b'A',2004-01-28 08:34:27.000000000,b'1',2.301,75.991,b'1',b'ARGOS   ',1599.3,3.924,34.829
44,39,b'2900229 ',b'Argo INDIA                                                      ',b'M Ravichandran                                                  ',46.0,b'A',2004-01-28 08:34:27.000000000,b'1',2.301,75.991,b'1',b'ARGOS   ',1699.3,3.504,34.812
44,40,b'2900229 ',b'Argo INDIA                                                      ',b'M Ravichandran                                                  ',46.0,b'A',2004-01-28 08:34:27.000000000,b'1',2.301,75.991,b'1',b'ARGOS   ',1799.3,3.184,34.797
44,41,b'2900229 ',b'Argo INDIA                                                      ',b'M Ravichandran                                                  ',46.0,b'A',2004-01-28 08:34:27.000000000,b'1',2.301,75.991,b'1',b'ARGOS   ',1899.0,2.941,34.785
44,42,b'2900229 ',b'Argo INDIA                                                      ',b'M Ravichandran                                                  ',46.0,b'A',2004-01-28 08:34:27.000000000,b'1',2.301,75.991,b'1',b'ARGOS   ',1999.2,2.842,34.78
44,43,b'2900229 ',b'Argo INDIA                                                      ',b'M Ravichandran                                                  ',46.0,b'A',2004-01-28 08:34:27.000000000,b'1',2.301,75.991,b'1',b'ARGOS   ',,,
44,44,b'2900229 ',b'Argo INDIA                                                      ',b'M Ravichandran                                                  ',46.0,b'A',2004-01-28 08:34:27.000000000,b'1',2.301,75.991,b'1',b'ARGOS   ',,,
45,0,b'2900229 ',b'Argo INDIA                                                      ',b'M Ravichandran                                                  ',47.0,b'A',2004-02-07 08:33:38.000000256,b'1',2.621,76.393,b'1',b'ARGOS   ',18.0,29.455,35.095
45,1,b'2900229 ',b'Argo INDIA                                                      ',b'M Ravichandran                                                  ',47.0,b'A',2004-02-07 08:33:38.000000256,b'1',2.621,76.393,b'1',b'ARGOS   ',19.3,29.427,35.094
45,2,b'2900229 ',b'Argo INDIA                                                      ',b'M Ravichandran                                                  ',47.0,b'A',2004-02-07 08:33:38.000000256,b'1',2.621,76.393,b'1',b'ARGOS   ',23.9,29.376,35.093
45,3,b'2900229 ',b'Argo INDIA                                                      ',b'M Ravichandran                                                  ',47.0,b'A',2004-02-07 08:33:38.000000256,b'1',2.621,76.393,b'1',b'ARGOS   ',28.9,29.361,35.094
45,4,b'2900229 ',b'Argo INDIA                                                      ',b'M Ravichandran                                                  ',47.0,b'A',2004-02-07 08:33:38.000000256,b'1',2.621,76.393,b'1',b'ARGOS   ',34.0,29.353,35.094
45,5,b'2900229 ',b'Argo INDIA                                                      ',b'M Ravichandran                                                  ',47.0,b'A',2004-02-07 08:33:38.000000256,b'1',2.621,76.393,b'1',b'ARGOS   ',39.3,29.341,35.094
45,6,b'2900229 ',b'Argo INDIA                                                      ',b'M Ravichandran                                                  ',47.0,b'A',2004-02-07 08:33:38.000000256,b'1',2.621,76.393,b'1',b'ARGOS   ',44.3,29.331,35.094
45,7,b'2900229 ',b'Argo INDIA                                                      ',b'M Ravichandran                                                  ',47.0,b'A',2004-02-07 08:33:38.000000256,b'1',2.621,76.393,b'1',b'ARGOS   ',49.3,29.314,35.095
45,8,b'2900229 ',b'Argo INDIA                                                      ',b'M Ravichandran                                                  ',47.0,b'A',2004-02-07 08:33:38.000000256,b'1',2.621,76.393,b'1',b'ARGOS   ',59.3,29.229,35.098
45,9,b'2900229 ',b'Argo INDIA                                                      ',b'M Ravichandran                                                  ',47.0,b'A',2004-02-07 08:33:38.000000256,b'1',2.621,76.393,b'1',b'ARGOS   ',69.7,28.783,35.226
45,10,b'2900229 ',b'Argo INDIA                                                      ',b'M Ravichandran                                                  ',47.0,b'A',2004-02-07 08:33:38.000000256,b'1',2.621,76.393,b'1',b'ARGOS   ',79.5,27.124,35.557
45,11,b'2900229 ',b'Argo INDIA                                                      ',b'M Ravichandran                                                  ',47.0,b'A',2004-02-07 08:33:38.000000256,b'1',2.621,76.393,b'1',b'ARGOS   ',89.2,24.992,35.287
45,12,b'2900229 ',b'Argo INDIA                                                      ',b'M Ravichandran                                                  ',47.0,b'A',2004-02-07 08:33:38.000000256,b'1',2.621,76.393,b'1',b'ARGOS   ',99.5,23.691,35.379
45,13,b'2900229 ',b'Argo INDIA                                                      ',b'M Ravichandran                                                  ',47.0,b'A',2004-02-07 08:33:38.000000256,b'1',2.621,76.393,b'1',b'ARGOS   ',109.6,21.443,35.241
45,14,b'2900229 ',b'Argo INDIA                                                      ',b'M Ravichandran                                                  ',47.0,b'A',2004-02-07 08:33:38.000000256,b'1',2.621,76.393,b'1',b'ARGOS   ',119.1,20.817,35.241
45,15,b'2900229 ',b'Argo INDIA                                                      ',b'M Ravichandran                                                  ',47.0,b'A',2004-02-07 08:33:38.000000256,b'1',2.621,76.393,b'1',b'ARGOS   ',129.2,19.899,35.245
45,16,b'2900229 ',b'Argo INDIA                                                      ',b'M Ravichandran                                                  ',47.0,b'A',2004-02-07 08:33:38.000000256,b'1',2.621,76.393,b'1',b'ARGOS   ',139.5,18.872,35.205
45,17,b'2900229 ',b'Argo INDIA                                                      ',b'M Ravichandran                                                  ',47.0,b'A',2004-02-07 08:33:38.000000256,b'1',2.621,76.393,b'1',b'ARGOS   ',149.4,17.744,35.109
45,18,b'2900229 ',b'Argo INDIA                                                      ',b'M Ravichandran                                                  ',47.0,b'A',2004-02-07 08:33:38.000000256,b'1',2.621,76.393,b'1',b'ARGOS   ',169.6,15.28,35.057
45,19,b'2900229 ',b'Argo INDIA                                                      ',b'M Ravichandran                                                  ',47.0,b'A',2004-02-07 08:33:38.000000256,b'1',2.621,76.393,b'1',b'ARGOS   ',189.5,14.031,35.12
45,20,b'2900229 ',b'Argo INDIA                                                      ',b'M Ravichandran                                                  ',47.0,b'A',2004-02-07 08:33:38.000000256,b'1',2.621,76.393,b'1',b'ARGOS   ',209.3,13.458,35.112
45,21,b'2900229 ',b'Argo INDIA                                                      ',b'M Ravichandran                                                  ',47.0,b'A',2004-02-07 08:33:38.000000256,b'1',2.621,76.393,b'1',b'ARGOS   ',229.0,12.935,35.11
45,22,b'2900229 ',b'Argo INDIA                                                      ',b'M Ravichandran                                                  ',47.0,b'A',2004-02-07 08:33:38.000000256,b'1',2.621,76.393,b'1',b'ARGOS   ',249.3,12.58,35.107
45,23,b'2900229 ',b'Argo INDIA                                                      ',b'M Ravichandran                                                  ',47.0,b'A',2004-02-07 08:33:38.000000256,b'1',2.621,76.393,b'1',b'ARGOS   ',299.4,11.864,35.082
45,24,b'2900229 ',b'Argo INDIA                                                      ',b'M Ravichandran                                                  ',47.0,b'A',2004-02-07 08:33:38.000000256,b'1',2.621,76.393,b'1',b'ARGOS   ',349.4,11.337,35.069
45,25,b'2900229 ',b'Argo INDIA                                                      ',b'M Ravichandran                                                  ',47.0,b'A',2004-02-07 08:33:38.000000256,b'1',2.621,76.393,b'1',b'ARGOS   ',399.3,10.649,35.051
45,26,b'2900229 ',b'Argo INDIA                                                      ',b'M Ravichandran                                                  ',47.0,b'A',2004-02-07 08:33:38.000000256,b'1',2.621,76.393,b'1',b'ARGOS   ',449.3,10.277,35.055
45,27,b'2900229 ',b'Argo INDIA                                                      ',b'M Ravichandran                                                  ',47.0,b'A',2004-02-07 08:33:38.000000256,b'1',2.621,76.393,b'1',b'ARGOS   ',499.1,9.971,35.066
45,28,b'2900229 ',b'Argo INDIA                                                      ',b'M Ravichandran                                                  ',47.0,b'A',2004-02-07 08:33:38.000000256,b'1',2.621,76.393,b'1',b'ARGOS   ',599.1,9.293,35.056
45,29,b'2900229 ',b'Argo INDIA                                                      ',b'M Ravichandran                                                  ',47.0,b'A',2004-02-07 08:33:38.000000256,b'1',2.621,76.393,b'1',b'ARGOS   ',699.5,8.828,35.043
45,30,b'2900229 ',b'Argo INDIA                                                      ',b'M Ravichandran                                                  ',47.0,b'A',2004-02-07 08:33:38.000000256,b'1',2.621,76.393,b'1',b'ARGOS   ',799.2,8.037,35.012
45,31,b'2900229 ',b'Argo INDIA                                                      ',b'M Ravichandran                                                  ',47.0,b'A',2004-02-07 08:33:38.000000256,b'1',2.621,76.393,b'1',b'ARGOS   ',899.2,7.515,34.992
45,32,b'2900229 ',b'Argo INDIA                                                      ',b'M Ravichandran                                                  ',47.0,b'A',2004-02-07 08:33:38.000000256,b'1',2.621,76.393,b'1',b'ARGOS   ',999.4,6.845,34.959
45,33,b'2900229 ',b'Argo INDIA                                                      ',b'M Ravichandran                                                  ',47.0,b'A',2004-02-07 08:33:38.000000256,b'1',2.621,76.393,b'1',b'ARGOS   ',1099.3,6.239,34.927
45,34,b'2900229 ',b'Argo INDIA                                                      ',b'M Ravichandran                                                  ',47.0,b'A',2004-02-07 08:33:38.000000256,b'1',2.621,76.393,b'1',b'ARGOS   ',1199.4,5.731,34.897
45,35,b'2900229 ',b'Argo INDIA                                                      ',b'M Ravichandran                                                  ',47.0,b'A',2004-02-07 08:33:38.000000256,b'1',2.621,76.393,b'1',b'ARGOS   ',1299.3,5.371,34.884
45,36,b'2900229 ',b'Argo INDIA                                                      ',b'M Ravichandran                                                  ',47.0,b'A',2004-02-07 08:33:38.000000256,b'1',2.621,76.393,b'1',b'ARGOS   ',1398.9,5.055,34.876
45,37,b'2900229 ',b'Argo INDIA                                                      ',b'M Ravichandran                                                  ',47.0,b'A',2004-02-07 08:33:38.000000256,b'1',2.621,76.393,b'1',b'ARGOS   ',1499.4,4.671,34.861
45,38,b'2900229 ',b'Argo INDIA                                                      ',b'M Ravichandran                                                  ',47.0,b'A',2004-02-07 08:33:38.000000256,b'1',2.621,76.393,b'1',b'ARGOS   ',1599.4,4.19,34.844
45,39,b'2900229 ',b'Argo INDIA                                                      ',b'M Ravichandran                                                  ',47.0,b'A',2004-02-07 08:33:38.000000256,b'1',2.621,76.393,b'1',b'ARGOS   ',1698.9,3.653,34.816
45,40,b'2900229 ',b'Argo INDIA                                                      ',b'M Ravichandran                                                  ',47.0,b'A',2004-02-07 08:33:38.000000256,b'1',2.621,76.393,b'1',b'ARGOS   ',1799.2,3.216,34.798
45,41,b'2900229 ',b'Argo INDIA                                                      ',b'M Ravichandran                                                  ',47.0,b'A',2004-02-07 08:33:38.000000256,b'1',2.621,76.393,b'1',b'ARGOS   ',1898.9,2.91,34.784
45,42,b'2900229 ',b'Argo INDIA                                                      ',b'M Ravichandran                                                  ',47.0,b'A',2004-02-07 08:33:38.000000256,b'1',2.621,76.393,b'1',b'ARGOS   ',1999.4,2.734,34.776
45,43,b'2900229 ',b'Argo INDIA                                                      ',b'M Ravichandran                                                  ',47.0,b'A',2004-02-07 08:33:38.000000256,b'1',2.621,76.393,b'1',b'ARGOS   ',,,
45,44,b'2900229 ',b'Argo INDIA                                                      ',b'M Ravichandran                                                  ',47.0,b'A',2004-02-07 08:33:38.000000256,b'1',2.621,76.393,b'1',b'ARGOS   ',,,
46,0,b'2900229 ',b'Argo INDIA                                                      ',b'M Ravichandran                                                  ',48.0,b'A',2004-02-17 08:46:27.000000000,b'1',2.526,76.448,b'1',b'ARGOS   ',19.0,29.289,34.55
46,1,b'2900229 ',b'Argo INDIA                                                      ',b'M Ravichandran                                                  ',48.0,b'A',2004-02-17 08:46:27.000000000,b'1',2.526,76.448,b'1',b'ARGOS   ',19.6,29.255,34.549
46,2,b'2900229 ',b'Argo INDIA                                                      ',b'M Ravichandran                                                  ',48.0,b'A',2004-02-17 08:46:27.000000000,b'1',2.526,76.448,b'1',b'ARGOS   ',24.2,29.172,34.55
46,3,b'2900229 ',b'Argo INDIA                                                      ',b'M Ravichandran                                                  ',48.0,b'A',2004-02-17 08:46:27.000000000,b'1',2.526,76.448,b'1',b'ARGOS   ',29.4,29.149,34.559
46,4,b'2900229 ',b'Argo INDIA                                                      ',b'M Ravichandran                                                  ',48.0,b'A',2004-02-17 08:46:27.000000000,b'1',2.526,76.448,b'1',b'ARGOS   ',34.6,29.161,34.585
46,5,b'2900229 ',b'Argo INDIA                                                      ',b'M Ravichandran                                                  ',48.0,b'A',2004-02-17 08:46:27.000000000,b'1',2.526,76.448,b'1',b'ARGOS   ',39.2,29.188,34.633
46,6,b'2900229 ',b'Argo INDIA                                                      ',b'M Ravichandran                                                  ',48.0,b'A',2004-02-17 08:46:27.000000000,b'1',2.526,76.448,b'1',b'ARGOS   ',44.8,29.221,34.788
46,7,b'2900229 ',b'Argo INDIA                                                      ',b'M Ravichandran                                                  ',48.0,b'A',2004-02-17 08:46:27.000000000,b'1',2.526,76.448,b'1',b'ARGOS   ',49.4,29.185,35.08
46,8,b'2900229 ',b'Argo INDIA                                                      ',b'M Ravichandran                                                  ',48.0,b'A',2004-02-17 08:46:27.000000000,b'1',2.526,76.448,b'1',b'ARGOS   ',59.6,27.782,35.206
46,9,b'2900229 ',b'Argo INDIA                                                      ',b'M Ravichandran                                                  ',48.0,b'A',2004-02-17 08:46:27.000000000,b'1',2.526,76.448,b'1',b'ARGOS   ',69.3,27.253,35.283
46,10,b'2900229 ',b'Argo INDIA                                                      ',b'M Ravichandran                                                  ',48.0,b'A',2004-02-17 08:46:27.000000000,b'1',2.526,76.448,b'1',b'ARGOS   ',79.7,26.33,35.432
46,11,b'2900229 ',b'Argo INDIA                                                      ',b'M Ravichandran                                                  ',48.0,b'A',2004-02-17 08:46:27.000000000,b'1',2.526,76.448,b'1',b'ARGOS   ',89.6,25.032,35.436
46,12,b'2900229 ',b'Argo INDIA                                                      ',b'M Ravichandran                                                  ',48.0,b'A',2004-02-17 08:46:27.000000000,b'1',2.526,76.448,b'1',b'ARGOS   ',99.5,20.816,35.253
46,13,b'2900229 ',b'Argo INDIA                                                      ',b'M Ravichandran                                                  ',48.0,b'A',2004-02-17 08:46:27.000000000,b'1',2.526,76.448,b'1',b'ARGOS   ',109.5,19.828,35.255
46,14,b'2900229 ',b'Argo INDIA                                                      ',b'M Ravichandran                                                  ',48.0,b'A',2004-02-17 08:46:27.000000000,b'1',2.526,76.448,b'1',b'ARGOS   ',119.6,18.636,35.185
46,15,b'2900229 ',b'Argo INDIA                                                      ',b'M Ravichandran                                                  ',48.0,b'A',2004-02-17 08:46:27.000000000,b'1',2.526,76.448,b'1',b'ARGOS   ',129.5,17.884,35.125
46,16,b'2900229 ',b'Argo INDIA                                                      ',b'M Ravichandran                                                  ',48.0,b'A',2004-02-17 08:46:27.000000000,b'1',2.526,76.448,b'1',b'ARGOS   ',139.3,17.238,35.087
46,17,b'2900229 ',b'Argo INDIA                                                      ',b'M Ravichandran                                                  ',48.0,b'A',2004-02-17 08:46:27.000000000,b'1',2.526,76.448,b'1',b'ARGOS   ',149.3,15.929,35.055
46,18,b'2900229 ',b'Argo INDIA                                                      ',b'M Ravichandran                                                  ',48.0,b'A',2004-02-17 08:46:27.000000000,b'1',2.526,76.448,b'1',b'ARGOS   ',169.3,14.467,35.114
46,19,b'2900229 ',b'Argo INDIA                                                      ',b'M Ravichandran                                                  ',48.0,b'A',2004-02-17 08:46:27.000000000,b'1',2.526,76.448,b'1',b'ARGOS   ',189.3,14.189,35.122
46,20,b'2900229 ',b'Argo INDIA                                                      ',b'M Ravichandran                                                  ',48.0,b'A',2004-02-17 08:46:27.000000000,b'1',2.526,76.448,b'1',b'ARGOS   ',209.5,13.602,35.106
46,21,b'2900229 ',b'Argo INDIA                                                      ',b'M Ravichandran                                                  ',48.0,b'A',2004-02-17 08:46:27.000000000,b'1',2.526,76.448,b'1',b'ARGOS   ',229.0,12.916,35.098
46,22,b'2900229 ',b'Argo INDIA                                                      ',b'M Ravichandran                                                  ',48.0,b'A',2004-02-17 08:46:27.000000000,b'1',2.526,76.448,b'1',b'ARGOS   ',249.1,12.691,35.1
46,23,b'2900229 ',b'Argo INDIA                                                      ',b'M Ravichandran                                                  ',48.0,b'A',2004-02-17 08:46:27.000000000,b'1',2.526,76.448,b'1',b'ARGOS   ',299.2,11.84,35.082
46,24,b'2900229 ',b'Argo INDIA                                                      ',b'M Ravichandran                                                  ',48.0,b'A',2004-02-17 08:46:27.000000000,b'1',2.526,76.448,b'1',b'ARGOS   ',349.0,11.159,35.064
46,25,b'2900229 ',b'Argo INDIA                                                      ',b'M Ravichandran                                                  ',48.0,b'A',2004-02-17 08:46:27.000000000,b'1',2.526,76.448,b'1',b'ARGOS   ',399.5,10.511,35.056
46,26,b'2900229 ',b'Argo INDIA                                                      ',b'M Ravichandran                                                  ',48.0,b'A',2004-02-17 08:46:27.000000000,b'1',2.526,76.448,b'1',b'ARGOS   ',449.5,10.182,35.055
46,27,b'2900229 ',b'Argo INDIA                                                      ',b'M Ravichandran                                                  ',48.0,b'A',2004-02-17 08:46:27.000000000,b'1',2.526,76.448,b'1',b'ARGOS   ',499.1,9.925,35.051
46,28,b'2900229 ',b'Argo INDIA                                                      ',b'M Ravichandran                                                  ',48.0,b'A',2004-02-17 08:46:27.000000000,b'1',2.526,76.448,b'1',b'ARGOS   ',599.2,9.334,35.055
46,29,b'2900229 ',b'Argo INDIA                                                      ',b'M Ravichandran                                                  ',48.0,b'A',2004-02-17 08:46:27.000000000,b'1',2.526,76.448,b'1',b'ARGOS   ',699.1,8.839,35.026
46,30,b'2900229 ',b'Argo INDIA                                                      ',b'M Ravichandran                                                  ',48.0,b'A',2004-02-17 08:46:27.000000000,b'1',2.526,76.448,b'1',b'ARGOS   ',799.4,8.24,35.023
46,31,b'2900229 ',b'Argo INDIA                                                      ',b'M Ravichandran                                                  ',48.0,b'A',2004-02-17 08:46:27.000000000,b'1',2.526,76.448,b'1',b'ARGOS   ',899.4,7.662,34.998
46,32,b'2900229 ',b'Argo INDIA                                                      ',b'M Ravichandran                                                  ',48.0,b'A',2004-02-17 08:46:27.000000000,b'1',2.526,76.448,b'1',b'ARGOS   ',999.4,6.916,34.957
46,33,b'2900229 ',b'Argo INDIA                                                      ',b'M Ravichandran                                                  ',48.0,b'A',2004-02-17 08:46:27.000000000,b'1',2.526,76.448,b'1',b'ARGOS   ',1099.3,6.375,34.936
46,34,b'2900229 ',b'Argo INDIA                                                      ',b'M Ravichandran                                                  ',48.0,b'A',2004-02-17 08:46:27.000000000,b'1',2.526,76.448,b'1',b'ARGOS   ',1199.3,5.799,34.9
46,35,b'2900229 ',b'Argo INDIA                                                      ',b'M Ravichandran                                                  ',48.0,b'A',2004-02-17 08:46:27.000000000,b'1',2.526,76.448,b'1',b'ARGOS   ',1299.6,5.407,34.887
46,36,b'2900229 ',b'Argo INDIA                                                      ',b'M Ravichandran                                                  ',48.0,b'A',2004-02-17 08:46:27.000000000,b'1',2.526,76.448,b'1',b'ARGOS   ',1398.9,4.915,34.871
46,37,b'2900229 ',b'Argo INDIA                                                      ',b'M Ravichandran                                                  ',48.0,b'A',2004-02-17 08:46:27.000000000,b'1',2.526,76.448,b'1',b'ARGOS   ',1499.5,4.565,34.858
46,38,b'2900229 ',b'Argo INDIA                                                      ',b'M Ravichandran                                                  ',48.0,b'A',2004-02-17 08:46:27.000000000,b'1',2.526,76.448,b'1',b'ARGOS   ',1599.5,4.064,34.835
46,39,b'2900229 ',b'Argo INDIA                                                      ',b'M Ravichandran                                                  ',48.0,b'A',2004-02-17 08:46:27.000000000,b'1',2.526,76.448,b'1',b'ARGOS   ',1699.2,3.743,34.82
46,40,b'2900229 ',b'Argo INDIA                                                      ',b'M Ravichandran                                                  ',48.0,b'A',2004-02-17 08:46:27.000000000,b'1',2.526,76.448,b'1',b'ARGOS   ',1799.5,3.298,34.804
46,41,b'2900229 ',b'Argo INDIA                                                      ',b'M Ravichandran                                                  ',48.0,b'A',2004-02-17 08:46:27.000000000,b'1',2.526,76.448,b'1',b'ARGOS   ',1899.2,2.977,34.787
46,42,b'2900229 ',b'Argo INDIA                                                      ',b'M Ravichandran                                                  ',48.0,b'A',2004-02-17 08:46:27.000000000,b'1',2.526,76.448,b'1',b'ARGOS   ',1999.4,2.741,34.778
46,43,b'2900229 ',b'Argo INDIA                                                      ',b'M Ravichandran                                                  ',48.0,b'A',2004-02-17 08:46:27.000000000,b'1',2.526,76.448,b'1',b'ARGOS   ',,,
46,44,b'2900229 ',b'Argo INDIA                                                      ',b'M Ravichandran                                                  ',48.0,b'A',2004-02-17 08:46:27.000000000,b'1',2.526,76.448,b'1',b'ARGOS   ',,,
47,0,b'2900229 ',b'Argo INDIA                                                      ',b'M Ravichandran                                                  ',49.0,b'A',2004-02-27 08:36:09.999999744,b'1',2.144,76.081,b'1',b'ARGOS   ',19.4,29.849,35.159
47,1,b'2900229 ',b'Argo INDIA                                                      ',b'M Ravichandran                                                  ',49.0,b'A',2004-02-27 08:36:09.999999744,b'1',2.144,76.081,b'1',b'ARGOS   ',24.0,29.726,35.157
47,2,b'2900229 ',b'Argo INDIA                                                      ',b'M Ravichandran                                                  ',49.0,b'A',2004-02-27 08:36:09.999999744,b'1',2.144,76.081,b'1',b'ARGOS   ',29.5,29.648,35.148
47,3,b'2900229 ',b'Argo INDIA                                                      ',b'M Ravichandran                                                  ',49.0,b'A',2004-02-27 08:36:09.999999744,b'1',2.144,76.081,b'1',b'ARGOS   ',33.9,29.568,35.131
47,4,b'2900229 ',b'Argo INDIA                                                      ',b'M Ravichandran                                                  ',49.0,b'A',2004-02-27 08:36:09.999999744,b'1',2.144,76.081,b'1',b'ARGOS   ',39.0,29.533,35.125
47,5,b'2900229 ',b'Argo INDIA                                                      ',b'M Ravichandran                                                  ',49.0,b'A',2004-02-27 08:36:09.999999744,b'1',2.144,76.081,b'1',b'ARGOS   ',44.5,29.413,35.102
47,6,b'2900229 ',b'Argo INDIA                                                      ',b'M Ravichandran                                                  ',49.0,b'A',2004-02-27 08:36:09.999999744,b'1',2.144,76.081,b'1',b'ARGOS   ',49.5,29.283,35.104
47,7,b'2900229 ',b'Argo INDIA                                                      ',b'M Ravichandran                                                  ',49.0,b'A',2004-02-27 08:36:09.999999744,b'1',2.144,76.081,b'1',b'ARGOS   ',59.5,29.107,35.124
47,8,b'2900229 ',b'Argo INDIA                                                      ',b'M Ravichandran                                                  ',49.0,b'A',2004-02-27 08:36:09.999999744,b'1',2.144,76.081,b'1',b'ARGOS   ',69.4,28.43,35.261
47,9,b'2900229 ',b'Argo INDIA                                                      ',b'M Ravichandran                                                  ',49.0,b'A',2004-02-27 08:36:09.999999744,b'1',2.144,76.081,b'1',b'ARGOS   ',79.4,28.364,35.428
47,10,b'2900229 ',b'Argo INDIA                                                      ',b'M Ravichandran                                                  ',49.0,b'A',2004-02-27 08:36:09.999999744,b'1',2.144,76.081,b'1',b'ARGOS   ',89.6,26.507,35.461
47,11,b'2900229 ',b'Argo INDIA                                                      ',b'M Ravichandran                                                  ',49.0,b'A',2004-02-27 08:36:09.999999744,b'1',2.144,76.081,b'1',b'ARGOS   ',99.4,25.131,35.433
47,12,b'2900229 ',b'Argo INDIA                                                      ',b'M Ravichandran                                                  ',49.0,b'A',2004-02-27 08:36:09.999999744,b'1',2.144,76.081,b'1',b'ARGOS   ',109.5,21.52,35.061
47,13,b'2900229 ',b'Argo INDIA                                                      ',b'M Ravichandran                                                  ',49.0,b'A',2004-02-27 08:36:09.999999744,b'1',2.144,76.081,b'1',b'ARGOS   ',119.4,20.461,34.945
47,14,b'2900229 ',b'Argo INDIA                                                      ',b'M Ravichandran                                                  ',49.0,b'A',2004-02-27 08:36:09.999999744,b'1',2.144,76.081,b'1',b'ARGOS   ',129.4,19.238,35.176
47,15,b'2900229 ',b'Argo INDIA                                                      ',b'M Ravichandran                                                  ',49.0,b'A',2004-02-27 08:36:09.999999744,b'1',2.144,76.081,b'1',b'ARGOS   ',139.6,18.95,35.172
47,16,b'2900229 ',b'Argo INDIA                                                      ',b'M Ravichandran                                                  ',49.0,b'A',2004-02-27 08:36:09.999999744,b'1',2.144,76.081,b'1',b'ARGOS   ',149.5,18.19,35.087
47,17,b'2900229 ',b'Argo INDIA                                                      ',b'M Ravichandran                                                  ',49.0,b'A',2004-02-27 08:36:09.999999744,b'1',2.144,76.081,b'1',b'ARGOS   ',169.7,15.679,35.06
47,18,b'2900229 ',b'Argo INDIA                                                      ',b'M Ravichandran                                                  ',49.0,b'A',2004-02-27 08:36:09.999999744,b'1',2.144,76.081,b'1',b'ARGOS   ',189.6,14.336,35.104
47,19,b'2900229 ',b'Argo INDIA                                                      ',b'M Ravichandran                                                  ',49.0,b'A',2004-02-27 08:36:09.999999744,b'1',2.144,76.081,b'1',b'ARGOS   ',209.2,13.827,35.115
47,20,b'2900229 ',b'Argo INDIA                                                      ',b'M Ravichandran                                                  ',49.0,b'A',2004-02-27 08:36:09.999999744,b'1',2.144,76.081,b'1',b'ARGOS   ',229.2,13.278,35.118
47,21,b'2900229 ',b'Argo INDIA                                                      ',b'M Ravichandran                                                  ',49.0,b'A',2004-02-27 08:36:09.999999744,b'1',2.144,76.081,b'1',b'ARGOS   ',249.0,12.856,35.097
47,22,b'2900229 ',b'Argo INDIA                                                      ',b'M Ravichandran                                                  ',49.0,b'A',2004-02-27 08:36:09.999999744,b'1',2.144,76.081,b'1',b'ARGOS   ',299.5,11.885,35.083
47,23,b'2900229 ',b'Argo INDIA                                                      ',b'M Ravichandran                                                  ',49.0,b'A',2004-02-27 08:36:09.999999744,b'1',2.144,76.081,b'1',b'ARGOS   ',349.4,11.368,35.077
47,24,b'2900229 ',b'Argo INDIA                                                      ',b'M Ravichandran                                                  ',49.0,b'A',2004-02-27 08:36:09.999999744,b'1',2.144,76.081,b'1',b'ARGOS   ',399.2,10.824,35.06
47,25,b'2900229 ',b'Argo INDIA                                                      ',b'M Ravichandran                                                  ',49.0,b'A',2004-02-27 08:36:09.999999744,b'1',2.144,76.081,b'1',b'ARGOS   ',449.3,10.341,35.055
47,26,b'2900229 ',b'Argo INDIA                                                      ',b'M Ravichandran                                                  ',49.0,b'A',2004-02-27 08:36:09.999999744,b'1',2.144,76.081,b'1',b'ARGOS   ',499.5,10.09,35.06
47,27,b'2900229 ',b'Argo INDIA                                                      ',b'M Ravichandran                                                  ',49.0,b'A',2004-02-27 08:36:09.999999744,b'1',2.144,76.081,b'1',b'ARGOS   ',599.5,9.377,35.057
47,28,b'2900229 ',b'Argo INDIA                                                      ',b'M Ravichandran                                                  ',49.0,b'A',2004-02-27 08:36:09.999999744,b'1',2.144,76.081,b'1',b'ARGOS   ',699.3,8.967,35.048
47,29,b'2900229 ',b'Argo INDIA                                                      ',b'M Ravichandran                                                  ',49.0,b'A',2004-02-27 08:36:09.999999744,b'1',2.144,76.081,b'1',b'ARGOS   ',799.1,8.424,35.033
47,30,b'2900229 ',b'Argo INDIA                                                      ',b'M Ravichandran                                                  ',49.0,b'A',2004-02-27 08:36:09.999999744,b'1',2.144,76.081,b'1',b'ARGOS   ',899.0,7.821,35.001
47,31,b'2900229 ',b'Argo INDIA                                                      ',b'M Ravichandran                                                  ',49.0,b'A',2004-02-27 08:36:09.999999744,b'1',2.144,76.081,b'1',b'ARGOS   ',998.9,7.379,34.982
47,32,b'2900229 ',b'Argo INDIA                                                      ',b'M Ravichandran                                                  ',49.0,b'A',2004-02-27 08:36:09.999999744,b'1',2.144,76.081,b'1',b'ARGOS   ',1099.0,6.636,34.952
47,33,b'2900229 ',b'Argo INDIA                                                      ',b'M Ravichandran                                                  ',49.0,b'A',2004-02-27 08:36:09.999999744,b'1',2.144,76.081,b'1',b'ARGOS   ',1199.2,6.187,34.926
47,34,b'2900229 ',b'Argo INDIA                                                      ',b'M Ravichandran                                                  ',49.0,b'A',2004-02-27 08:36:09.999999744,b'1',2.144,76.081,b'1',b'ARGOS   ',1299.3,5.659,34.897
47,35,b'2900229 ',b'Argo INDIA                                                      ',b'M Ravichandran                                                  ',49.0,b'A',2004-02-27 08:36:09.999999744,b'1',2.144,76.081,b'1',b'ARGOS   ',1399.1,5.315,34.884
47,36,b'2900229 ',b'Argo INDIA                                                      ',b'M Ravichandran                                                  ',49.0,b'A',2004-02-27 08:36:09.999999744,b'1',2.144,76.081,b'1',b'ARGOS   ',1499.4,4.786,34.868
47,37,b'2900229 ',b'Argo INDIA                                                      ',b'M Ravichandran                                                  ',49.0,b'A',2004-02-27 08:36:09.999999744,b'1',2.144,76.081,b'1',b'ARGOS   ',1599.0,4.317,34.851
47,38,b'2900229 ',b'Argo INDIA                                                      ',b'M Ravichandran                                                  ',49.0,b'A',2004-02-27 08:36:09.999999744,b'1',2.144,76.081,b'1',b'ARGOS   ',1699.5,3.706,34.821
47,39,b'2900229 ',b'Argo INDIA                                                      ',b'M Ravichandran                                                  ',49.0,b'A',2004-02-27 08:36:09.999999744,b'1',2.144,76.081,b'1',b'ARGOS   ',1799.1,3.345,34.807
47,40,b'2900229 ',b'Argo INDIA                                                      ',b'M Ravichandran                                                  ',49.0,b'A',2004-02-27 08:36:09.999999744,b'1',2.144,76.081,b'1',b'ARGOS   ',1899.3,3.103,34.792
47,41,b'2900229 ',b'Argo INDIA                                                      ',b'M Ravichandran                                                  ',49.0,b'A',2004-02-27 08:36:09.999999744,b'1',2.144,76.081,b'1',b'ARGOS   ',1998.8,2.876,34.783
47,42,b'2900229 ',b'Argo INDIA                                                      ',b'M Ravichandran                                                  ',49.0,b'A',2004-02-27 08:36:09.999999744,b'1',2.144,76.081,b'1',b'ARGOS   ',,,
47,43,b'2900229 ',b'Argo INDIA                                                      ',b'M Ravichandran                                                  ',49.0,b'A',2004-02-27 08:36:09.999999744,b'1',2.144,76.081,b'1',b'ARGOS   ',,,
47,44,b'2900229 ',b'Argo INDIA                                                      ',b'M Ravichandran                                                  ',49.0,b'A',2004-02-27 08:36:09.999999744,b'1',2.144,76.081,b'1',b'ARGOS   ',,,
48,0,b'2900229 ',b'Argo INDIA                                                      ',b'M Ravichandran                                                  ',50.0,b'A',2004-03-08 08:38:24.000000000,b'1',2.517,75.897,b'1',b'ARGOS   ',19.5,29.636,34.563
48,1,b'2900229 ',b'Argo INDIA                                                      ',b'M Ravichandran                                                  ',50.0,b'A',2004-03-08 08:38:24.000000000,b'1',2.517,75.897,b'1',b'ARGOS   ',24.6,29.578,34.569
48,2,b'2900229 ',b'Argo INDIA                                                      ',b'M Ravichandran                                                  ',50.0,b'A',2004-03-08 08:38:24.000000000,b'1',2.517,75.897,b'1',b'ARGOS   ',29.3,29.511,34.594
48,3,b'2900229 ',b'Argo INDIA                                                      ',b'M Ravichandran                                                  ',50.0,b'A',2004-03-08 08:38:24.000000000,b'1',2.517,75.897,b'1',b'ARGOS   ',34.3,29.519,34.648
48,4,b'2900229 ',b'Argo INDIA                                                      ',b'M Ravichandran                                                  ',50.0,b'A',2004-03-08 08:38:24.000000000,b'1',2.517,75.897,b'1',b'ARGOS   ',39.2,29.527,34.737
48,5,b'2900229 ',b'Argo INDIA                                                      ',b'M Ravichandran                                                  ',50.0,b'A',2004-03-08 08:38:24.000000000,b'1',2.517,75.897,b'1',b'ARGOS   ',44.2,29.567,34.923
48,6,b'2900229 ',b'Argo INDIA                                                      ',b'M Ravichandran                                                  ',50.0,b'A',2004-03-08 08:38:24.000000000,b'1',2.517,75.897,b'1',b'ARGOS   ',49.0,29.558,34.987
48,7,b'2900229 ',b'Argo INDIA                                                      ',b'M Ravichandran                                                  ',50.0,b'A',2004-03-08 08:38:24.000000000,b'1',2.517,75.897,b'1',b'ARGOS   ',59.7,29.054,34.952
48,8,b'2900229 ',b'Argo INDIA                                                      ',b'M Ravichandran                                                  ',50.0,b'A',2004-03-08 08:38:24.000000000,b'1',2.517,75.897,b'1',b'ARGOS   ',69.5,28.348,35.197
48,9,b'2900229 ',b'Argo INDIA                                                      ',b'M Ravichandran                                                  ',50.0,b'A',2004-03-08 08:38:24.000000000,b'1',2.517,75.897,b'1',b'ARGOS   ',79.6,28.486,35.304
48,10,b'2900229 ',b'Argo INDIA                                                      ',b'M Ravichandran                                                  ',50.0,b'A',2004-03-08 08:38:24.000000000,b'1',2.517,75.897,b'1',b'ARGOS   ',89.5,27.538,35.309
48,11,b'2900229 ',b'Argo INDIA                                                      ',b'M Ravichandran                                                  ',50.0,b'A',2004-03-08 08:38:24.000000000,b'1',2.517,75.897,b'1',b'ARGOS   ',99.7,25.856,35.202
48,12,b'2900229 ',b'Argo INDIA                                                      ',b'M Ravichandran                                                  ',50.0,b'A',2004-03-08 08:38:24.000000000,b'1',2.517,75.897,b'1',b'ARGOS   ',109.5,22.666,35.126
48,13,b'2900229 ',b'Argo INDIA                                                      ',b'M Ravichandran                                                  ',50.0,b'A',2004-03-08 08:38:24.000000000,b'1',2.517,75.897,b'1',b'ARGOS   ',119.2,21.507,35.139
48,14,b'2900229 ',b'Argo INDIA                                                      ',b'M Ravichandran                                                  ',50.0,b'A',2004-03-08 08:38:24.000000000,b'1',2.517,75.897,b'1',b'ARGOS   ',129.5,20.135,35.075
48,15,b'2900229 ',b'Argo INDIA                                                      ',b'M Ravichandran                                                  ',50.0,b'A',2004-03-08 08:38:24.000000000,b'1',2.517,75.897,b'1',b'ARGOS   ',139.4,19.627,35.168
48,16,b'2900229 ',b'Argo INDIA                                                      ',b'M Ravichandran                                                  ',50.0,b'A',2004-03-08 08:38:24.000000000,b'1',2.517,75.897,b'1',b'ARGOS   ',149.4,17.961,35.17
48,17,b'2900229 ',b'Argo INDIA                                                      ',b'M Ravichandran                                                  ',50.0,b'A',2004-03-08 08:38:24.000000000,b'1',2.517,75.897,b'1',b'ARGOS   ',169.7,15.876,35.109
48,18,b'2900229 ',b'Argo INDIA                                                      ',b'M Ravichandran                                                  ',50.0,b'A',2004-03-08 08:38:24.000000000,b'1',2.517,75.897,b'1',b'ARGOS   ',189.6,14.893,35.164
48,19,b'2900229 ',b'Argo INDIA                                                      ',b'M Ravichandran                                                  ',50.0,b'A',2004-03-08 08:38:24.000000000,b'1',2.517,75.897,b'1',b'ARGOS   ',209.3,14.335,35.167
48,20,b'2900229 ',b'Argo INDIA                                                      ',b'M Ravichandran                                                  ',50.0,b'A',2004-03-08 08:38:24.000000000,b'1',2.517,75.897,b'1',b'ARGOS   ',229.3,13.121,35.136
48,21,b'2900229 ',b'Argo INDIA                                                      ',b'M Ravichandran                                                  ',50.0,b'A',2004-03-08 08:38:24.000000000,b'1',2.517,75.897,b'1',b'ARGOS   ',248.9,12.604,35.128
48,22,b'2900229 ',b'Argo INDIA                                                      ',b'M Ravichandran                                                  ',50.0,b'A',2004-03-08 08:38:24.000000000,b'1',2.517,75.897,b'1',b'ARGOS   ',299.1,11.896,35.098
48,23,b'2900229 ',b'Argo INDIA                                                      ',b'M Ravichandran                                                  ',50.0,b'A',2004-03-08 08:38:24.000000000,b'1',2.517,75.897,b'1',b'ARGOS   ',349.1,11.549,35.085
48,24,b'2900229 ',b'Argo INDIA                                                      ',b'M Ravichandran                                                  ',50.0,b'A',2004-03-08 08:38:24.000000000,b'1',2.517,75.897,b'1',b'ARGOS   ',399.5,10.964,35.074
48,25,b'2900229 ',b'Argo INDIA                                                      ',b'M Ravichandran                                                  ',50.0,b'A',2004-03-08 08:38:24.000000000,b'1',2.517,75.897,b'1',b'ARGOS   ',449.6,10.541,35.076
48,26,b'2900229 ',b'Argo INDIA                                                      ',b'M Ravichandran                                                  ',50.0,b'A',2004-03-08 08:38:24.000000000,b'1',2.517,75.897,b'1',b'ARGOS   ',499.3,10.084,35.054
48,27,b'2900229 ',b'Argo INDIA                                                      ',b'M Ravichandran                                                  ',50.0,b'A',2004-03-08 08:38:24.000000000,b'1',2.517,75.897,b'1',b'ARGOS   ',599.3,9.449,35.067
48,28,b'2900229 ',b'Argo INDIA                                                      ',b'M Ravichandran                                                  ',50.0,b'A',2004-03-08 08:38:24.000000000,b'1',2.517,75.897,b'1',b'ARGOS   ',699.0,8.647,35.036
48,29,b'2900229 ',b'Argo INDIA                                                      ',b'M Ravichandran                                                  ',50.0,b'A',2004-03-08 08:38:24.000000000,b'1',2.517,75.897,b'1',b'ARGOS   ',798.8,8.077,35.015
48,30,b'2900229 ',b'Argo INDIA                                                      ',b'M Ravichandran                                                  ',50.0,b'A',2004-03-08 08:38:24.000000000,b'1',2.517,75.897,b'1',b'ARGOS   ',899.1,7.159,34.971
48,31,b'2900229 ',b'Argo INDIA                                                      ',b'M Ravichandran                                                  ',50.0,b'A',2004-03-08 08:38:24.000000000,b'1',2.517,75.897,b'1',b'ARGOS   ',999.1,6.383,34.931
48,32,b'2900229 ',b'Argo INDIA                                                      ',b'M Ravichandran                                                  ',50.0,b'A',2004-03-08 08:38:24.000000000,b'1',2.517,75.897,b'1',b'ARGOS   ',1099.5,6.131,34.923
48,33,b'2900229 ',b'Argo INDIA                                                      ',b'M Ravichandran                                                  ',50.0,b'A',2004-03-08 08:38:24.000000000,b'1',2.517,75.897,b'1',b'ARGOS   ',1199.2,5.84,34.91
48,34,b'2900229 ',b'Argo INDIA                                                      ',b'M Ravichandran                                                  ',50.0,b'A',2004-03-08 08:38:24.000000000,b'1',2.517,75.897,b'1',b'ARGOS   ',1299.5,5.628,34.905
48,35,b'2900229 ',b'Argo INDIA                                                      ',b'M Ravichandran                                                  ',50.0,b'A',2004-03-08 08:38:24.000000000,b'1',2.517,75.897,b'1',b'ARGOS   ',1399.1,5.177,34.884
48,36,b'2900229 ',b'Argo INDIA                                                      ',b'M Ravichandran                                                  ',50.0,b'A',2004-03-08 08:38:24.000000000,b'1',2.517,75.897,b'1',b'ARGOS   ',1499.1,4.818,34.868
48,37,b'2900229 ',b'Argo INDIA                                                      ',b'M Ravichandran                                                  ',50.0,b'A',2004-03-08 08:38:24.000000000,b'1',2.517,75.897,b'1',b'ARGOS   ',1599.1,4.417,34.852
48,38,b'2900229 ',b'Argo INDIA                                                      ',b'M Ravichandran                                                  ',50.0,b'A',2004-03-08 08:38:24.000000000,b'1',2.517,75.897,b'1',b'ARGOS   ',1699.4,3.821,34.824
48,39,b'2900229 ',b'Argo INDIA                                                      ',b'M Ravichandran                                                  ',50.0,b'A',2004-03-08 08:38:24.000000000,b'1',2.517,75.897,b'1',b'ARGOS   ',1799.5,3.375,34.804
48,40,b'2900229 ',b'Argo INDIA                                                      ',b'M Ravichandran                                                  ',50.0,b'A',2004-03-08 08:38:24.000000000,b'1',2.517,75.897,b'1',b'ARGOS   ',1899.0,3.087,34.792
48,41,b'2900229 ',b'Argo INDIA                                                      ',b'M Ravichandran                                                  ',50.0,b'A',2004-03-08 08:38:24.000000000,b'1',2.517,75.897,b'1',b'ARGOS   ',,,
48,42,b'2900229 ',b'Argo INDIA                                                      ',b'M Ravichandran                                                  ',50.0,b'A',2004-03-08 08:38:24.000000000,b'1',2.517,75.897,b'1',b'ARGOS   ',,,
48,43,b'2900229 ',b'Argo INDIA                                                      ',b'M Ravichandran                                                  ',50.0,b'A',2004-03-08 08:38:24.000000000,b'1',2.517,75.897,b'1',b'ARGOS   ',,,
48,44,b'2900229 ',b'Argo INDIA                                                      ',b'M Ravichandran                                                  ',50.0,b'A',2004-03-08 08:38:24.000000000,b'1',2.517,75.897,b'1',b'ARGOS   ',,,
49,0,b'2900229 ',b'Argo INDIA                                                      ',b'M Ravichandran                                                  ',51.0,b'A',2004-03-18 08:51:53.000000000,b'1',2.347,76.181,b'1',b'ARGOS   ',19.4,29.644,34.542
49,1,b'2900229 ',b'Argo INDIA                                                      ',b'M Ravichandran                                                  ',51.0,b'A',2004-03-18 08:51:53.000000000,b'1',2.347,76.181,b'1',b'ARGOS   ',24.6,29.62,34.542
49,2,b'2900229 ',b'Argo INDIA                                                      ',b'M Ravichandran                                                  ',51.0,b'A',2004-03-18 08:51:53.000000000,b'1',2.347,76.181,b'1',b'ARGOS   ',29.3,29.605,34.548
49,3,b'2900229 ',b'Argo INDIA                                                      ',b'M Ravichandran                                                  ',51.0,b'A',2004-03-18 08:51:53.000000000,b'1',2.347,76.181,b'1',b'ARGOS   ',34.5,29.594,34.553
49,4,b'2900229 ',b'Argo INDIA                                                      ',b'M Ravichandran                                                  ',51.0,b'A',2004-03-18 08:51:53.000000000,b'1',2.347,76.181,b'1',b'ARGOS   ',39.4,29.632,34.598
49,5,b'2900229 ',b'Argo INDIA                                                      ',b'M Ravichandran                                                  ',51.0,b'A',2004-03-18 08:51:53.000000000,b'1',2.347,76.181,b'1',b'ARGOS   ',44.6,29.693,34.686
49,6,b'2900229 ',b'Argo INDIA                                                      ',b'M Ravichandran                                                  ',51.0,b'A',2004-03-18 08:51:53.000000000,b'1',2.347,76.181,b'1',b'ARGOS   ',49.1,29.728,34.76
49,7,b'2900229 ',b'Argo INDIA                                                      ',b'M Ravichandran                                                  ',51.0,b'A',2004-03-18 08:51:53.000000000,b'1',2.347,76.181,b'1',b'ARGOS   ',59.4,29.556,34.891
49,8,b'2900229 ',b'Argo INDIA                                                      ',b'M Ravichandran                                                  ',51.0,b'A',2004-03-18 08:51:53.000000000,b'1',2.347,76.181,b'1',b'ARGOS   ',69.4,29.206,34.876
49,9,b'2900229 ',b'Argo INDIA                                                      ',b'M Ravichandran                                                  ',51.0,b'A',2004-03-18 08:51:53.000000000,b'1',2.347,76.181,b'1',b'ARGOS   ',79.5,27.32,34.974
49,10,b'2900229 ',b'Argo INDIA                                                      ',b'M Ravichandran                                                  ',51.0,b'A',2004-03-18 08:51:53.000000000,b'1',2.347,76.181,b'1',b'ARGOS   ',89.7,22.72,35.081
49,11,b'2900229 ',b'Argo INDIA                                                      ',b'M Ravichandran                                                  ',51.0,b'A',2004-03-18 08:51:53.000000000,b'1',2.347,76.181,b'1',b'ARGOS   ',99.3,21.969,35.203
49,12,b'2900229 ',b'Argo INDIA                                                      ',b'M Ravichandran                                                  ',51.0,b'A',2004-03-18 08:51:53.000000000,b'1',2.347,76.181,b'1',b'ARGOS   ',109.7,20.644,35.119
49,13,b'2900229 ',b'Argo INDIA                                                      ',b'M Ravichandran                                                  ',51.0,b'A',2004-03-18 08:51:53.000000000,b'1',2.347,76.181,b'1',b'ARGOS   ',119.6,19.091,35.094
49,14,b'2900229 ',b'Argo INDIA                                                      ',b'M Ravichandran                                                  ',51.0,b'A',2004-03-18 08:51:53.000000000,b'1',2.347,76.181,b'1',b'ARGOS   ',129.4,17.6,35.203
49,15,b'2900229 ',b'Argo INDIA                                                      ',b'M Ravichandran                                                  ',51.0,b'A',2004-03-18 08:51:53.000000000,b'1',2.347,76.181,b'1',b'ARGOS   ',139.4,17.439,35.198
49,16,b'2900229 ',b'Argo INDIA                                                      ',b'M Ravichandran                                                  ',51.0,b'A',2004-03-18 08:51:53.000000000,b'1',2.347,76.181,b'1',b'ARGOS   ',149.3,16.635,35.176
49,17,b'2900229 ',b'Argo INDIA                                                      ',b'M Ravichandran                                                  ',51.0,b'A',2004-03-18 08:51:53.000000000,b'1',2.347,76.181,b'1',b'ARGOS   ',169.5,15.505,35.183
49,18,b'2900229 ',b'Argo INDIA                                                      ',b'M Ravichandran                                                  ',51.0,b'A',2004-03-18 08:51:53.000000000,b'1',2.347,76.181,b'1',b'ARGOS   ',189.4,14.141,35.175
49,19,b'2900229 ',b'Argo INDIA                                                      ',b'M Ravichandran                                                  ',51.0,b'A',2004-03-18 08:51:53.000000000,b'1',2.347,76.181,b'1',b'ARGOS   ',209.0,13.847,35.172
49,20,b'2900229 ',b'Argo INDIA                                                      ',b'M Ravichandran                                                  ',51.0,b'A',2004-03-18 08:51:53.000000000,b'1',2.347,76.181,b'1',b'ARGOS   ',229.4,13.316,35.164
49,21,b'2900229 ',b'Argo INDIA                                                      ',b'M Ravichandran                                                  ',51.0,b'A',2004-03-18 08:51:53.000000000,b'1',2.347,76.181,b'1',b'ARGOS   ',249.1,12.723,35.12
49,22,b'2900229 ',b'Argo INDIA                                                      ',b'M Ravichandran                                                  ',51.0,b'A',2004-03-18 08:51:53.000000000,b'1',2.347,76.181,b'1',b'ARGOS   ',299.2,12.088,35.106
49,23,b'2900229 ',b'Argo INDIA                                                      ',b'M Ravichandran                                                  ',51.0,b'A',2004-03-18 08:51:53.000000000,b'1',2.347,76.181,b'1',b'ARGOS   ',349.3,11.393,35.084
49,24,b'2900229 ',b'Argo INDIA                                                      ',b'M Ravichandran                                                  ',51.0,b'A',2004-03-18 08:51:53.000000000,b'1',2.347,76.181,b'1',b'ARGOS   ',399.4,10.571,35.068
49,25,b'2900229 ',b'Argo INDIA                                                      ',b'M Ravichandran                                                  ',51.0,b'A',2004-03-18 08:51:53.000000000,b'1',2.347,76.181,b'1',b'ARGOS   ',449.5,10.252,35.068
49,26,b'2900229 ',b'Argo INDIA                                                      ',b'M Ravichandran                                                  ',51.0,b'A',2004-03-18 08:51:53.000000000,b'1',2.347,76.181,b'1',b'ARGOS   ',499.5,9.893,35.045
49,27,b'2900229 ',b'Argo INDIA                                                      ',b'M Ravichandran                                                  ',51.0,b'A',2004-03-18 08:51:53.000000000,b'1',2.347,76.181,b'1',b'ARGOS   ',599.4,9.483,35.072
49,28,b'2900229 ',b'Argo INDIA                                                      ',b'M Ravichandran                                                  ',51.0,b'A',2004-03-18 08:51:53.000000000,b'1',2.347,76.181,b'1',b'ARGOS   ',699.5,9.121,35.072
49,29,b'2900229 ',b'Argo INDIA                                                      ',b'M Ravichandran                                                  ',51.0,b'A',2004-03-18 08:51:53.000000000,b'1',2.347,76.181,b'1',b'ARGOS   ',799.3,8.342,35.036
49,30,b'2900229 ',b'Argo INDIA                                                      ',b'M Ravichandran                                                  ',51.0,b'A',2004-03-18 08:51:53.000000000,b'1',2.347,76.181,b'1',b'ARGOS   ',899.2,7.148,34.972
49,31,b'2900229 ',b'Argo INDIA                                                      ',b'M Ravichandran                                                  ',51.0,b'A',2004-03-18 08:51:53.000000000,b'1',2.347,76.181,b'1',b'ARGOS   ',999.1,6.53,34.938
49,32,b'2900229 ',b'Argo INDIA                                                      ',b'M Ravichandran                                                  ',51.0,b'A',2004-03-18 08:51:53.000000000,b'1',2.347,76.181,b'1',b'ARGOS   ',1099.5,6.242,34.928
49,33,b'2900229 ',b'Argo INDIA                                                      ',b'M Ravichandran                                                  ',51.0,b'A',2004-03-18 08:51:53.000000000,b'1',2.347,76.181,b'1',b'ARGOS   ',1199.0,6.017,34.919
49,34,b'2900229 ',b'Argo INDIA                                                      ',b'M Ravichandran                                                  ',51.0,b'A',2004-03-18 08:51:53.000000000,b'1',2.347,76.181,b'1',b'ARGOS   ',1299.3,5.633,34.905
49,35,b'2900229 ',b'Argo INDIA                                                      ',b'M Ravichandran                                                  ',51.0,b'A',2004-03-18 08:51:53.000000000,b'1',2.347,76.181,b'1',b'ARGOS   ',1398.9,5.236,34.889
49,36,b'2900229 ',b'Argo INDIA                                                      ',b'M Ravichandran                                                  ',51.0,b'A',2004-03-18 08:51:53.000000000,b'1',2.347,76.181,b'1',b'ARGOS   ',1499.1,4.749,34.859
49,37,b'2900229 ',b'Argo INDIA                                                      ',b'M Ravichandran                                                  ',51.0,b'A',2004-03-18 08:51:53.000000000,b'1',2.347,76.181,b'1',b'ARGOS   ',1599.0,4.364,34.848
49,38,b'2900229 ',b'Argo INDIA                                                      ',b'M Ravichandran                                                  ',51.0,b'A',2004-03-18 08:51:53.000000000,b'1',2.347,76.181,b'1',b'ARGOS   ',1699.5,3.93,34.827
49,39,b'2900229 ',b'Argo INDIA                                                      ',b'M Ravichandran                                                  ',51.0,b'A',2004-03-18 08:51:53.000000000,b'1',2.347,76.181,b'1',b'ARGOS   ',1799.1,3.452,34.808
49,40,b'2900229 ',b'Argo INDIA                                                      ',b'M Ravichandran                                                  ',51.0,b'A',2004-03-18 08:51:53.000000000,b'1',2.347,76.181,b'1',b'ARGOS   ',1899.0,3.173,34.795
49,41,b'2900229 ',b'Argo INDIA                                                      ',b'M Ravichandran                                                  ',51.0,b'A',2004-03-18 08:51:53.000000000,b'1',2.347,76.181,b'1',b'ARGOS   ',1999.3,2.889,34.784
49,42,b'2900229 ',b'Argo INDIA                                                      ',b'M Ravichandran                                                  ',51.0,b'A',2004-03-18 08:51:53.000000000,b'1',2.347,76.181,b'1',b'ARGOS   ',,,
49,43,b'2900229 ',b'Argo INDIA                                                      ',b'M Ravichandran                                                  ',51.0,b'A',2004-03-18 08:51:53.000000000,b'1',2.347,76.181,b'1',b'ARGOS   ',,,
49,44,b'2900229 ',b'Argo INDIA                                                      ',b'M Ravichandran                                                  ',51.0,b'A',2004-03-18 08:51:53.000000000,b'1',2.347,76.181,b'1',b'ARGOS   ',,,
50,0,b'2900229 ',b'Argo INDIA                                                      ',b'M Ravichandran                                                  ',52.0,b'A',2004-03-28 08:49:04.000000000,b'1',1.958,76.359,b'1',b'ARGOS   ',19.2,29.777,34.328
50,1,b'2900229 ',b'Argo INDIA                                                      ',b'M Ravichandran                                                  ',52.0,b'A',2004-03-28 08:49:04.000000000,b'1',1.958,76.359,b'1',b'ARGOS   ',24.0,29.712,34.33
50,2,b'2900229 ',b'Argo INDIA                                                      ',b'M Ravichandran                                                  ',52.0,b'A',2004-03-28 08:49:04.000000000,b'1',1.958,76.359,b'1',b'ARGOS   ',29.6,29.683,34.333
50,3,b'2900229 ',b'Argo INDIA                                                      ',b'M Ravichandran                                                  ',52.0,b'A',2004-03-28 08:49:04.000000000,b'1',1.958,76.359,b'1',b'ARGOS   ',34.6,29.67,34.378
50,4,b'2900229 ',b'Argo INDIA                                                      ',b'M Ravichandran                                                  ',52.0,b'A',2004-03-28 08:49:04.000000000,b'1',1.958,76.359,b'1',b'ARGOS   ',39.5,29.769,34.507
50,5,b'2900229 ',b'Argo INDIA                                                      ',b'M Ravichandran                                                  ',52.0,b'A',2004-03-28 08:49:04.000000000,b'1',1.958,76.359,b'1',b'ARGOS   ',44.3,29.831,34.745
50,6,b'2900229 ',b'Argo INDIA                                                      ',b'M Ravichandran                                                  ',52.0,b'A',2004-03-28 08:49:04.000000000,b'1',1.958,76.359,b'1',b'ARGOS   ',49.7,29.795,34.882
50,7,b'2900229 ',b'Argo INDIA                                                      ',b'M Ravichandran                                                  ',52.0,b'A',2004-03-28 08:49:04.000000000,b'1',1.958,76.359,b'1',b'ARGOS   ',59.7,29.101,34.973
50,8,b'2900229 ',b'Argo INDIA                                                      ',b'M Ravichandran                                                  ',52.0,b'A',2004-03-28 08:49:04.000000000,b'1',1.958,76.359,b'1',b'ARGOS   ',69.6,28.491,35.129
50,9,b'2900229 ',b'Argo INDIA                                                      ',b'M Ravichandran                                                  ',52.0,b'A',2004-03-28 08:49:04.000000000,b'1',1.958,76.359,b'1',b'ARGOS   ',79.7,26.136,35.061
50,10,b'2900229 ',b'Argo INDIA                                                      ',b'M Ravichandran                                                  ',52.0,b'A',2004-03-28 08:49:04.000000000,b'1',1.958,76.359,b'1',b'ARGOS   ',89.5,23.284,34.987
50,11,b'2900229 ',b'Argo INDIA                                                      ',b'M Ravichandran                                                  ',52.0,b'A',2004-03-28 08:49:04.000000000,b'1',1.958,76.359,b'1',b'ARGOS   ',99.5,21.899,35.052
50,12,b'2900229 ',b'Argo INDIA                                                      ',b'M Ravichandran                                                  ',52.0,b'A',2004-03-28 08:49:04.000000000,b'1',1.958,76.359,b'1',b'ARGOS   ',109.3,21.188,35.201
50,13,b'2900229 ',b'Argo INDIA                                                      ',b'M Ravichandran                                                  ',52.0,b'A',2004-03-28 08:49:04.000000000,b'1',1.958,76.359,b'1',b'ARGOS   ',119.7,20.159,35.036
50,14,b'2900229 ',b'Argo INDIA                                                      ',b'M Ravichandran                                                  ',52.0,b'A',2004-03-28 08:49:04.000000000,b'1',1.958,76.359,b'1',b'ARGOS   ',129.3,19.562,35.137
50,15,b'2900229 ',b'Argo INDIA                                                      ',b'M Ravichandran                                                  ',52.0,b'A',2004-03-28 08:49:04.000000000,b'1',1.958,76.359,b'1',b'ARGOS   ',139.8,18.342,35.15
50,16,b'2900229 ',b'Argo INDIA                                                      ',b'M Ravichandran                                                  ',52.0,b'A',2004-03-28 08:49:04.000000000,b'1',1.958,76.359,b'1',b'ARGOS   ',149.1,16.59,35.208
50,17,b'2900229 ',b'Argo INDIA                                                      ',b'M Ravichandran                                                  ',52.0,b'A',2004-03-28 08:49:04.000000000,b'1',1.958,76.359,b'1',b'ARGOS   ',169.3,14.929,35.143
50,18,b'2900229 ',b'Argo INDIA                                                      ',b'M Ravichandran                                                  ',52.0,b'A',2004-03-28 08:49:04.000000000,b'1',1.958,76.359,b'1',b'ARGOS   ',189.4,14.41,35.163
50,19,b'2900229 ',b'Argo INDIA                                                      ',b'M Ravichandran                                                  ',52.0,b'A',2004-03-28 08:49:04.000000000,b'1',1.958,76.359,b'1',b'ARGOS   ',209.0,13.564,35.161
50,20,b'2900229 ',b'Argo INDIA                                                      ',b'M Ravichandran                                                  ',52.0,b'A',2004-03-28 08:49:04.000000000,b'1',1.958,76.359,b'1',b'ARGOS   ',229.0,12.575,35.116
50,21,b'2900229 ',b'Argo INDIA                                                      ',b'M Ravichandran                                                  ',52.0,b'A',2004-03-28 08:49:04.000000000,b'1',1.958,76.359,b'1',b'ARGOS   ',249.0,12.419,35.108
50,22,b'2900229 ',b'Argo INDIA                                                      ',b'M Ravichandran                                                  ',52.0,b'A',2004-03-28 08:49:04.000000000,b'1',1.958,76.359,b'1',b'ARGOS   ',299.3,11.945,35.095
50,23,b'2900229 ',b'Argo INDIA                                                      ',b'M Ravichandran                                                  ',52.0,b'A',2004-03-28 08:49:04.000000000,b'1',1.958,76.359,b'1',b'ARGOS   ',349.0,11.217,35.077
50,24,b'2900229 ',b'Argo INDIA                                                      ',b'M Ravichandran                                                  ',52.0,b'A',2004-03-28 08:49:04.000000000,b'1',1.958,76.359,b'1',b'ARGOS   ',399.4,10.483,35.041
50,25,b'2900229 ',b'Argo INDIA                                                      ',b'M Ravichandran                                                  ',52.0,b'A',2004-03-28 08:49:04.000000000,b'1',1.958,76.359,b'1',b'ARGOS   ',449.2,10.324,35.032
50,26,b'2900229 ',b'Argo INDIA                                                      ',b'M Ravichandran                                                  ',52.0,b'A',2004-03-28 08:49:04.000000000,b'1',1.958,76.359,b'1',b'ARGOS   ',499.3,9.775,35.008
50,27,b'2900229 ',b'Argo INDIA                                                      ',b'M Ravichandran                                                  ',52.0,b'A',2004-03-28 08:49:04.000000000,b'1',1.958,76.359,b'1',b'ARGOS   ',599.6,9.262,35.018
50,28,b'2900229 ',b'Argo INDIA                                                      ',b'M Ravichandran                                                  ',52.0,b'A',2004-03-28 08:49:04.000000000,b'1',1.958,76.359,b'1',b'ARGOS   ',699.5,8.981,35.03
50,29,b'2900229 ',b'Argo INDIA                                                      ',b'M Ravichandran                                                  ',52.0,b'A',2004-03-28 08:49:04.000000000,b'1',1.958,76.359,b'1',b'ARGOS   ',799.4,8.4,35.032
50,30,b'2900229 ',b'Argo INDIA                                                      ',b'M Ravichandran                                                  ',52.0,b'A',2004-03-28 08:49:04.000000000,b'1',1.958,76.359,b'1',b'ARGOS   ',899.2,7.602,34.989
50,31,b'2900229 ',b'Argo INDIA                                                      ',b'M Ravichandran                                                  ',52.0,b'A',2004-03-28 08:49:04.000000000,b'1',1.958,76.359,b'1',b'ARGOS   ',999.4,6.954,34.966
50,32,b'2900229 ',b'Argo INDIA                                                      ',b'M Ravichandran                                                  ',52.0,b'A',2004-03-28 08:49:04.000000000,b'1',1.958,76.359,b'1',b'ARGOS   ',1099.1,6.382,34.933
50,33,b'2900229 ',b'Argo INDIA                                                      ',b'M Ravichandran                                                  ',52.0,b'A',2004-03-28 08:49:04.000000000,b'1',1.958,76.359,b'1',b'ARGOS   ',1199.4,6.11,34.922
50,34,b'2900229 ',b'Argo INDIA                                                      ',b'M Ravichandran                                                  ',52.0,b'A',2004-03-28 08:49:04.000000000,b'1',1.958,76.359,b'1',b'ARGOS   ',1299.5,5.805,34.912
50,35,b'2900229 ',b'Argo INDIA                                                      ',b'M Ravichandran                                                  ',52.0,b'A',2004-03-28 08:49:04.000000000,b'1',1.958,76.359,b'1',b'ARGOS   ',1399.2,5.207,34.882
50,36,b'2900229 ',b'Argo INDIA                                                      ',b'M Ravichandran                                                  ',52.0,b'A',2004-03-28 08:49:04.000000000,b'1',1.958,76.359,b'1',b'ARGOS   ',1499.1,4.746,34.865
50,37,b'2900229 ',b'Argo INDIA                                                      ',b'M Ravichandran                                                  ',52.0,b'A',2004-03-28 08:49:04.000000000,b'1',1.958,76.359,b'1',b'ARGOS   ',1599.4,4.185,34.842
50,38,b'2900229 ',b'Argo INDIA                                                      ',b'M Ravichandran                                                  ',52.0,b'A',2004-03-28 08:49:04.000000000,b'1',1.958,76.359,b'1',b'ARGOS   ',1699.3,3.765,34.821
50,39,b'2900229 ',b'Argo INDIA                                                      ',b'M Ravichandran                                                  ',52.0,b'A',2004-03-28 08:49:04.000000000,b'1',1.958,76.359,b'1',b'ARGOS   ',1799.3,3.454,34.808
50,40,b'2900229 ',b'Argo INDIA                                                      ',b'M Ravichandran                                                  ',52.0,b'A',2004-03-28 08:49:04.000000000,b'1',1.958,76.359,b'1',b'ARGOS   ',1899.4,3.139,34.794
50,41,b'2900229 ',b'Argo INDIA                                                      ',b'M Ravichandran                                                  ',52.0,b'A',2004-03-28 08:49:04.000000000,b'1',1.958,76.359,b'1',b'ARGOS   ',,,
50,42,b'2900229 ',b'Argo INDIA                                                      ',b'M Ravichandran                                                  ',52.0,b'A',2004-03-28 08:49:04.000000000,b'1',1.958,76.359,b'1',b'ARGOS   ',,,
50,43,b'2900229 ',b'Argo INDIA                                                      ',b'M Ravichandran                                                  ',52.0,b'A',2004-03-28 08:49:04.000000000,b'1',1.958,76.359,b'1',b'ARGOS   ',,,
50,44,b'2900229 ',b'Argo INDIA                                                      ',b'M Ravichandran                                                  ',52.0,b'A',2004-03-28 08:49:04.000000000,b'1',1.958,76.359,b'1',b'ARGOS   ',,,
51,0,b'2900229 ',b'Argo INDIA                                                      ',b'M Ravichandran                                                  ',53.0,b'A',2004-04-07 08:44:03.000000000,b'1',1.917,76.589,b'1',b'ARGOS   ',19.3,30.304,34.35
51,1,b'2900229 ',b'Argo INDIA                                                      ',b'M Ravichandran                                                  ',53.0,b'A',2004-04-07 08:44:03.000000000,b'1',1.917,76.589,b'1',b'ARGOS   ',24.2,30.258,34.349
51,2,b'2900229 ',b'Argo INDIA                                                      ',b'M Ravichandran                                                  ',53.0,b'A',2004-04-07 08:44:03.000000000,b'1',1.917,76.589,b'1',b'ARGOS   ',29.6,30.2,34.346
51,3,b'2900229 ',b'Argo INDIA                                                      ',b'M Ravichandran                                                  ',53.0,b'A',2004-04-07 08:44:03.000000000,b'1',1.917,76.589,b'1',b'ARGOS   ',34.8,29.904,34.27
51,4,b'2900229 ',b'Argo INDIA                                                      ',b'M Ravichandran                                                  ',53.0,b'A',2004-04-07 08:44:03.000000000,b'1',1.917,76.589,b'1',b'ARGOS   ',39.4,29.268,34.657
51,5,b'2900229 ',b'Argo INDIA                                                      ',b'M Ravichandran                                                  ',53.0,b'A',2004-04-07 08:44:03.000000000,b'1',1.917,76.589,b'1',b'ARGOS   ',44.6,29.115,34.732
51,6,b'2900229 ',b'Argo INDIA                                                      ',b'M Ravichandran                                                  ',53.0,b'A',2004-04-07 08:44:03.000000000,b'1',1.917,76.589,b'1',b'ARGOS   ',49.7,29.094,34.789
51,7,b'2900229 ',b'Argo INDIA                                                      ',b'M Ravichandran                                                  ',53.0,b'A',2004-04-07 08:44:03.000000000,b'1',1.917,76.589,b'1',b'ARGOS   ',59.7,28.442,35.037
51,8,b'2900229 ',b'Argo INDIA                                                      ',b'M Ravichandran                                                  ',53.0,b'A',2004-04-07 08:44:03.000000000,b'1',1.917,76.589,b'1',b'ARGOS   ',69.5,27.883,35.219
51,9,b'2900229 ',b'Argo INDIA                                                      ',b'M Ravichandran                                                  ',53.0,b'A',2004-04-07 08:44:03.000000000,b'1',1.917,76.589,b'1',b'ARGOS   ',79.6,24.985,35.286
51,10,b'2900229 ',b'Argo INDIA                                                      ',b'M Ravichandran                                                  ',53.0,b'A',2004-04-07 08:44:03.000000000,b'1',1.917,76.589,b'1',b'ARGOS   ',89.3,23.9,35.345
51,11,b'2900229 ',b'Argo INDIA                                                      ',b'M Ravichandran                                                  ',53.0,b'A',2004-04-07 08:44:03.000000000,b'1',1.917,76.589,b'1',b'ARGOS   ',99.6,22.921,35.307
51,12,b'2900229 ',b'Argo INDIA                                                      ',b'M Ravichandran                                                  ',53.0,b'A',2004-04-07 08:44:03.000000000,b'1',1.917,76.589,b'1',b'ARGOS   ',109.5,21.022,35.292
51,13,b'2900229 ',b'Argo INDIA                                                      ',b'M Ravichandran                                                  ',53.0,b'A',2004-04-07 08:44:03.000000000,b'1',1.917,76.589,b'1',b'ARGOS   ',119.4,20.04,35.241
51,14,b'2900229 ',b'Argo INDIA                                                      ',b'M Ravichandran                                                  ',53.0,b'A',2004-04-07 08:44:03.000000000,b'1',1.917,76.589,b'1',b'ARGOS   ',129.1,18.722,35.187
51,15,b'2900229 ',b'Argo INDIA                                                      ',b'M Ravichandran                                                  ',53.0,b'A',2004-04-07 08:44:03.000000000,b'1',1.917,76.589,b'1',b'ARGOS   ',139.8,18.514,35.134
51,16,b'2900229 ',b'Argo INDIA                                                      ',b'M Ravichandran                                                  ',53.0,b'A',2004-04-07 08:44:03.000000000,b'1',1.917,76.589,b'1',b'ARGOS   ',149.6,16.062,35.193
51,17,b'2900229 ',b'Argo INDIA                                                      ',b'M Ravichandran                                                  ',53.0,b'A',2004-04-07 08:44:03.000000000,b'1',1.917,76.589,b'1',b'ARGOS   ',169.2,14.873,35.189
51,18,b'2900229 ',b'Argo INDIA                                                      ',b'M Ravichandran                                                  ',53.0,b'A',2004-04-07 08:44:03.000000000,b'1',1.917,76.589,b'1',b'ARGOS   ',189.3,14.371,35.187
51,19,b'2900229 ',b'Argo INDIA                                                      ',b'M Ravichandran                                                  ',53.0,b'A',2004-04-07 08:44:03.000000000,b'1',1.917,76.589,b'1',b'ARGOS   ',209.4,13.72,35.172
51,20,b'2900229 ',b'Argo INDIA                                                      ',b'M Ravichandran                                                  ',53.0,b'A',2004-04-07 08:44:03.000000000,b'1',1.917,76.589,b'1',b'ARGOS   ',228.8,12.893,35.146
51,21,b'2900229 ',b'Argo INDIA                                                      ',b'M Ravichandran                                                  ',53.0,b'A',2004-04-07 08:44:03.000000000,b'1',1.917,76.589,b'1',b'ARGOS   ',248.8,12.573,35.116
51,22,b'2900229 ',b'Argo INDIA                                                      ',b'M Ravichandran                                                  ',53.0,b'A',2004-04-07 08:44:03.000000000,b'1',1.917,76.589,b'1',b'ARGOS   ',299.5,12.257,35.106
51,23,b'2900229 ',b'Argo INDIA                                                      ',b'M Ravichandran                                                  ',53.0,b'A',2004-04-07 08:44:03.000000000,b'1',1.917,76.589,b'1',b'ARGOS   ',349.2,11.856,35.096
51,24,b'2900229 ',b'Argo INDIA                                                      ',b'M Ravichandran                                                  ',53.0,b'A',2004-04-07 08:44:03.000000000,b'1',1.917,76.589,b'1',b'ARGOS   ',399.4,10.715,35.021
51,25,b'2900229 ',b'Argo INDIA                                                      ',b'M Ravichandran                                                  ',53.0,b'A',2004-04-07 08:44:03.000000000,b'1',1.917,76.589,b'1',b'ARGOS   ',449.1,10.398,35.042
51,26,b'2900229 ',b'Argo INDIA                                                      ',b'M Ravichandran                                                  ',53.0,b'A',2004-04-07 08:44:03.000000000,b'1',1.917,76.589,b'1',b'ARGOS   ',499.1,10.031,35.033
51,27,b'2900229 ',b'Argo INDIA                                                      ',b'M Ravichandran                                                  ',53.0,b'A',2004-04-07 08:44:03.000000000,b'1',1.917,76.589,b'1',b'ARGOS   ',599.1,9.435,35.03
51,28,b'2900229 ',b'Argo INDIA                                                      ',b'M Ravichandran                                                  ',53.0,b'A',2004-04-07 08:44:03.000000000,b'1',1.917,76.589,b'1',b'ARGOS   ',699.1,9.201,35.045
51,29,b'2900229 ',b'Argo INDIA                                                      ',b'M Ravichandran                                                  ',53.0,b'A',2004-04-07 08:44:03.000000000,b'1',1.917,76.589,b'1',b'ARGOS   ',799.1,8.527,35.038
51,30,b'2900229 ',b'Argo INDIA                                                      ',b'M Ravichandran                                                  ',53.0,b'A',2004-04-07 08:44:03.000000000,b'1',1.917,76.589,b'1',b'ARGOS   ',899.4,7.598,34.993
51,31,b'2900229 ',b'Argo INDIA                                                      ',b'M Ravichandran                                                  ',53.0,b'A',2004-04-07 08:44:03.000000000,b'1',1.917,76.589,b'1',b'ARGOS   ',999.4,6.864,34.961
51,32,b'2900229 ',b'Argo INDIA                                                      ',b'M Ravichandran                                                  ',53.0,b'A',2004-04-07 08:44:03.000000000,b'1',1.917,76.589,b'1',b'ARGOS   ',1099.3,6.419,34.932
51,33,b'2900229 ',b'Argo INDIA                                                      ',b'M Ravichandran                                                  ',53.0,b'A',2004-04-07 08:44:03.000000000,b'1',1.917,76.589,b'1',b'ARGOS   ',1198.9,6.156,34.927
51,34,b'2900229 ',b'Argo INDIA                                                      ',b'M Ravichandran                                                  ',53.0,b'A',2004-04-07 08:44:03.000000000,b'1',1.917,76.589,b'1',b'ARGOS   ',1299.0,5.658,34.901
51,35,b'2900229 ',b'Argo INDIA                                                      ',b'M Ravichandran                                                  ',53.0,b'A',2004-04-07 08:44:03.000000000,b'1',1.917,76.589,b'1',b'ARGOS   ',1399.0,4.948,34.873
51,36,b'2900229 ',b'Argo INDIA                                                      ',b'M Ravichandran                                                  ',53.0,b'A',2004-04-07 08:44:03.000000000,b'1',1.917,76.589,b'1',b'ARGOS   ',1499.4,4.514,34.857
51,37,b'2900229 ',b'Argo INDIA                                                      ',b'M Ravichandran                                                  ',53.0,b'A',2004-04-07 08:44:03.000000000,b'1',1.917,76.589,b'1',b'ARGOS   ',1599.4,4.056,34.837
51,38,b'2900229 ',b'Argo INDIA                                                      ',b'M Ravichandran                                                  ',53.0,b'A',2004-04-07 08:44:03.000000000,b'1',1.917,76.589,b'1',b'ARGOS   ',1699.3,3.712,34.819
51,39,b'2900229 ',b'Argo INDIA                                                      ',b'M Ravichandran                                                  ',53.0,b'A',2004-04-07 08:44:03.000000000,b'1',1.917,76.589,b'1',b'ARGOS   ',1799.3,3.401,34.807
51,40,b'2900229 ',b'Argo INDIA                                                      ',b'M Ravichandran                                                  ',53.0,b'A',2004-04-07 08:44:03.000000000,b'1',1.917,76.589,b'1',b'ARGOS   ',1899.1,3.125,34.793
51,41,b'2900229 ',b'Argo INDIA                                                      ',b'M Ravichandran                                                  ',53.0,b'A',2004-04-07 08:44:03.000000000,b'1',1.917,76.589,b'1',b'ARGOS   ',,,
51,42,b'2900229 ',b'Argo INDIA                                                      ',b'M Ravichandran                                                  ',53.0,b'A',2004-04-07 08:44:03.000000000,b'1',1.917,76.589,b'1',b'ARGOS   ',,,
51,43,b'2900229 ',b'Argo INDIA                                                      ',b'M Ravichandran                                                  ',53.0,b'A',2004-04-07 08:44:03.000000000,b'1',1.917,76.589,b'1',b'ARGOS   ',,,
51,44,b'2900229 ',b'Argo INDIA                                                      ',b'M Ravichandran                                                  ',53.0,b'A',2004-04-07 08:44:03.000000000,b'1',1.917,76.589,b'1',b'ARGOS   ',,,
52,0,b'2900229 ',b'Argo INDIA                                                      ',b'M Ravichandran                                                  ',54.0,b'A',2004-04-17 08:48:18.000000000,b'1',2.119,76.783,b'1',b'ARGOS   ',19.3,30.205,34.367
52,1,b'2900229 ',b'Argo INDIA                                                      ',b'M Ravichandran                                                  ',54.0,b'A',2004-04-17 08:48:18.000000000,b'1',2.119,76.783,b'1',b'ARGOS   ',24.5,30.144,34.37
52,2,b'2900229 ',b'Argo INDIA                                                      ',b'M Ravichandran                                                  ',54.0,b'A',2004-04-17 08:48:18.000000000,b'1',2.119,76.783,b'1',b'ARGOS   ',29.7,30.079,34.412
52,3,b'2900229 ',b'Argo INDIA                                                      ',b'M Ravichandran                                                  ',54.0,b'A',2004-04-17 08:48:18.000000000,b'1',2.119,76.783,b'1',b'ARGOS   ',34.6,30.028,34.649
52,4,b'2900229 ',b'Argo INDIA                                                      ',b'M Ravichandran                                                  ',54.0,b'A',2004-04-17 08:48:18.000000000,b'1',2.119,76.783,b'1',b'ARGOS   ',39.1,29.951,34.94
52,5,b'2900229 ',b'Argo INDIA                                                      ',b'M Ravichandran                                                  ',54.0,b'A',2004-04-17 08:48:18.000000000,b'1',2.119,76.783,b'1',b'ARGOS   ',44.2,29.921,34.973
52,6,b'2900229 ',b'Argo INDIA                                                      ',b'M Ravichandran                                                  ',54.0,b'A',2004-04-17 08:48:18.000000000,b'1',2.119,76.783,b'1',b'ARGOS   ',49.5,29.888,35.002
52,7,b'2900229 ',b'Argo INDIA                                                      ',b'M Ravichandran                                                  ',54.0,b'A',2004-04-17 08:48:18.000000000,b'1',2.119,76.783,b'1',b'ARGOS   ',59.6,29.809,35.019
52,8,b'2900229 ',b'Argo INDIA                                                      ',b'M Ravichandran                                                  ',54.0,b'A',2004-04-17 08:48:18.000000000,b'1',2.119,76.783,b'1',b'ARGOS   ',69.5,28.006,35.15
52,9,b'2900229 ',b'Argo INDIA                                                      ',b'M Ravichandran                                                  ',54.0,b'A',2004-04-17 08:48:18.000000000,b'1',2.119,76.783,b'1',b'ARGOS   ',79.3,27.169,35.215
52,10,b'2900229 ',b'Argo INDIA                                                      ',b'M Ravichandran                                                  ',54.0,b'A',2004-04-17 08:48:18.000000000,b'1',2.119,76.783,b'1',b'ARGOS   ',89.7,26.714,35.235
52,11,b'2900229 ',b'Argo INDIA                                                      ',b'M Ravichandran                                                  ',54.0,b'A',2004-04-17 08:48:18.000000000,b'1',2.119,76.783,b'1',b'ARGOS   ',99.5,25.634,35.284
52,12,b'2900229 ',b'Argo INDIA                                                      ',b'M Ravichandran                                                  ',54.0,b'A',2004-04-17 08:48:18.000000000,b'1',2.119,76.783,b'1',b'ARGOS   ',109.7,24.096,35.325
52,13,b'2900229 ',b'Argo INDIA                                                      ',b'M Ravichandran                                                  ',54.0,b'A',2004-04-17 08:48:18.000000000,b'1',2.119,76.783,b'1',b'ARGOS   ',119.7,22.207,35.347
52,14,b'2900229 ',b'Argo INDIA                                                      ',b'M Ravichandran                                                  ',54.0,b'A',2004-04-17 08:48:18.000000000,b'1',2.119,76.783,b'1',b'ARGOS   ',129.3,20.734,35.349
52,15,b'2900229 ',b'Argo INDIA                                                      ',b'M Ravichandran                                                  ',54.0,b'A',2004-04-17 08:48:18.000000000,b'1',2.119,76.783,b'1',b'ARGOS   ',139.5,19.501,35.323
52,16,b'2900229 ',b'Argo INDIA                                                      ',b'M Ravichandran                                                  ',54.0,b'A',2004-04-17 08:48:18.000000000,b'1',2.119,76.783,b'1',b'ARGOS   ',149.5,17.784,35.12
52,17,b'2900229 ',b'Argo INDIA                                                      ',b'M Ravichandran                                                  ',54.0,b'A',2004-04-17 08:48:18.000000000,b'1',2.119,76.783,b'1',b'ARGOS   ',169.7,16.496,35.149
52,18,b'2900229 ',b'Argo INDIA                                                      ',b'M Ravichandran                                                  ',54.0,b'A',2004-04-17 08:48:18.000000000,b'1',2.119,76.783,b'1',b'ARGOS   ',189.2,14.334,35.185
52,19,b'2900229 ',b'Argo INDIA                                                      ',b'M Ravichandran                                                  ',54.0,b'A',2004-04-17 08:48:18.000000000,b'1',2.119,76.783,b'1',b'ARGOS   ',209.4,14.056,35.177
52,20,b'2900229 ',b'Argo INDIA                                                      ',b'M Ravichandran                                                  ',54.0,b'A',2004-04-17 08:48:18.000000000,b'1',2.119,76.783,b'1',b'ARGOS   ',228.9,13.436,35.158
52,21,b'2900229 ',b'Argo INDIA                                                      ',b'M Ravichandran                                                  ',54.0,b'A',2004-04-17 08:48:18.000000000,b'1',2.119,76.783,b'1',b'ARGOS   ',249.3,12.993,35.139
52,22,b'2900229 ',b'Argo INDIA                                                      ',b'M Ravichandran                                                  ',54.0,b'A',2004-04-17 08:48:18.000000000,b'1',2.119,76.783,b'1',b'ARGOS   ',299.6,12.224,35.114
52,23,b'2900229 ',b'Argo INDIA                                                      ',b'M Ravichandran                                                  ',54.0,b'A',2004-04-17 08:48:18.000000000,b'1',2.119,76.783,b'1',b'ARGOS   ',349.4,11.671,35.09
52,24,b'2900229 ',b'Argo INDIA                                                      ',b'M Ravichandran                                                  ',54.0,b'A',2004-04-17 08:48:18.000000000,b'1',2.119,76.783,b'1',b'ARGOS   ',399.4,11.05,35.087
52,25,b'2900229 ',b'Argo INDIA                                                      ',b'M Ravichandran                                                  ',54.0,b'A',2004-04-17 08:48:18.000000000,b'1',2.119,76.783,b'1',b'ARGOS   ',449.4,10.714,35.061
52,26,b'2900229 ',b'Argo INDIA                                                      ',b'M Ravichandran                                                  ',54.0,b'A',2004-04-17 08:48:18.000000000,b'1',2.119,76.783,b'1',b'ARGOS   ',499.2,10.405,35.068
52,27,b'2900229 ',b'Argo INDIA                                                      ',b'M Ravichandran                                                  ',54.0,b'A',2004-04-17 08:48:18.000000000,b'1',2.119,76.783,b'1',b'ARGOS   ',599.1,9.47,35.017
52,28,b'2900229 ',b'Argo INDIA                                                      ',b'M Ravichandran                                                  ',54.0,b'A',2004-04-17 08:48:18.000000000,b'1',2.119,76.783,b'1',b'ARGOS   ',699.1,9.161,35.031
52,29,b'2900229 ',b'Argo INDIA                                                      ',b'M Ravichandran                                                  ',54.0,b'A',2004-04-17 08:48:18.000000000,b'1',2.119,76.783,b'1',b'ARGOS   ',799.0,8.777,35.045
52,30,b'2900229 ',b'Argo INDIA                                                      ',b'M Ravichandran                                                  ',54.0,b'A',2004-04-17 08:48:18.000000000,b'1',2.119,76.783,b'1',b'ARGOS   ',899.1,7.671,34.993
52,31,b'2900229 ',b'Argo INDIA                                                      ',b'M Ravichandran                                                  ',54.0,b'A',2004-04-17 08:48:18.000000000,b'1',2.119,76.783,b'1',b'ARGOS   ',999.2,7.079,34.961
52,32,b'2900229 ',b'Argo INDIA                                                      ',b'M Ravichandran                                                  ',54.0,b'A',2004-04-17 08:48:18.000000000,b'1',2.119,76.783,b'1',b'ARGOS   ',1099.5,6.497,34.936
52,33,b'2900229 ',b'Argo INDIA                                                      ',b'M Ravichandran                                                  ',54.0,b'A',2004-04-17 08:48:18.000000000,b'1',2.119,76.783,b'1',b'ARGOS   ',1199.3,6.021,34.918
52,34,b'2900229 ',b'Argo INDIA                                                      ',b'M Ravichandran                                                  ',54.0,b'A',2004-04-17 08:48:18.000000000,b'1',2.119,76.783,b'1',b'ARGOS   ',1299.4,5.423,34.887
52,35,b'2900229 ',b'Argo INDIA                                                      ',b'M Ravichandran                                                  ',54.0,b'A',2004-04-17 08:48:18.000000000,b'1',2.119,76.783,b'1',b'ARGOS   ',1399.4,4.878,34.874
52,36,b'2900229 ',b'Argo INDIA                                                      ',b'M Ravichandran                                                  ',54.0,b'A',2004-04-17 08:48:18.000000000,b'1',2.119,76.783,b'1',b'ARGOS   ',1499.4,4.579,34.858
52,37,b'2900229 ',b'Argo INDIA                                                      ',b'M Ravichandran                                                  ',54.0,b'A',2004-04-17 08:48:18.000000000,b'1',2.119,76.783,b'1',b'ARGOS   ',1599.0,4.13,34.838
52,38,b'2900229 ',b'Argo INDIA                                                      ',b'M Ravichandran                                                  ',54.0,b'A',2004-04-17 08:48:18.000000000,b'1',2.119,76.783,b'1',b'ARGOS   ',1699.5,3.748,34.821
52,39,b'2900229 ',b'Argo INDIA                                                      ',b'M Ravichandran                                                  ',54.0,b'A',2004-04-17 08:48:18.000000000,b'1',2.119,76.783,b'1',b'ARGOS   ',1799.3,3.531,34.812
52,40,b'2900229 ',b'Argo INDIA                                                      ',b'M Ravichandran                                                  ',54.0,b'A',2004-04-17 08:48:18.000000000,b'1',2.119,76.783,b'1',b'ARGOS   ',1899.0,3.185,34.797
52,41,b'2900229 ',b'Argo INDIA                                                      ',b'M Ravichandran                                                  ',54.0,b'A',2004-04-17 08:48:18.000000000,b'1',2.119,76.783,b'1',b'ARGOS   ',1999.6,2.896,34.785
52,42,b'2900229 ',b'Argo INDIA                                                      ',b'M Ravichandran                                                  ',54.0,b'A',2004-04-17 08:48:18.000000000,b'1',2.119,76.783,b'1',b'ARGOS   ',,,
52,43,b'2900229 ',b'Argo INDIA                                                      ',b'M Ravichandran                                                  ',54.0,b'A',2004-04-17 08:48:18.000000000,b'1',2.119,76.783,b'1',b'ARGOS   ',,,
52,44,b'2900229 ',b'Argo INDIA                                                      ',b'M Ravichandran                                                  ',54.0,b'A',2004-04-17 08:48:18.000000000,b'1',2.119,76.783,b'1',b'ARGOS   ',,,
53,0,b'2900229 ',b'Argo INDIA                                                      ',b'M Ravichandran                                                  ',55.0,b'A',2004-04-27 08:34:07.000000000,b'1',2.34,76.598,b'1',b'ARGOS   ',19.8,30.172,34.394
53,1,b'2900229 ',b'Argo INDIA                                                      ',b'M Ravichandran                                                  ',55.0,b'A',2004-04-27 08:34:07.000000000,b'1',2.34,76.598,b'1',b'ARGOS   ',24.6,30.078,34.397
53,2,b'2900229 ',b'Argo INDIA                                                      ',b'M Ravichandran                                                  ',55.0,b'A',2004-04-27 08:34:07.000000000,b'1',2.34,76.598,b'1',b'ARGOS   ',29.7,30.022,34.407
53,3,b'2900229 ',b'Argo INDIA                                                      ',b'M Ravichandran                                                  ',55.0,b'A',2004-04-27 08:34:07.000000000,b'1',2.34,76.598,b'1',b'ARGOS   ',34.5,29.985,34.433
53,4,b'2900229 ',b'Argo INDIA                                                      ',b'M Ravichandran                                                  ',55.0,b'A',2004-04-27 08:34:07.000000000,b'1',2.34,76.598,b'1',b'ARGOS   ',39.4,29.781,34.61
53,5,b'2900229 ',b'Argo INDIA                                                      ',b'M Ravichandran                                                  ',55.0,b'A',2004-04-27 08:34:07.000000000,b'1',2.34,76.598,b'1',b'ARGOS   ',44.4,29.752,34.729
53,6,b'2900229 ',b'Argo INDIA                                                      ',b'M Ravichandran                                                  ',55.0,b'A',2004-04-27 08:34:07.000000000,b'1',2.34,76.598,b'1',b'ARGOS   ',49.6,29.658,34.924
53,7,b'2900229 ',b'Argo INDIA                                                      ',b'M Ravichandran                                                  ',55.0,b'A',2004-04-27 08:34:07.000000000,b'1',2.34,76.598,b'1',b'ARGOS   ',59.6,29.633,35.041
53,8,b'2900229 ',b'Argo INDIA                                                      ',b'M Ravichandran                                                  ',55.0,b'A',2004-04-27 08:34:07.000000000,b'1',2.34,76.598,b'1',b'ARGOS   ',69.6,27.404,35.198
53,9,b'2900229 ',b'Argo INDIA                                                      ',b'M Ravichandran                                                  ',55.0,b'A',2004-04-27 08:34:07.000000000,b'1',2.34,76.598,b'1',b'ARGOS   ',79.6,26.476,35.258
53,10,b'2900229 ',b'Argo INDIA                                                      ',b'M Ravichandran                                                  ',55.0,b'A',2004-04-27 08:34:07.000000000,b'1',2.34,76.598,b'1',b'ARGOS   ',89.6,26.221,35.273
53,11,b'2900229 ',b'Argo INDIA                                                      ',b'M Ravichandran                                                  ',55.0,b'A',2004-04-27 08:34:07.000000000,b'1',2.34,76.598,b'1',b'ARGOS   ',99.4,24.314,35.332
53,12,b'2900229 ',b'Argo INDIA                                                      ',b'M Ravichandran                                                  ',55.0,b'A',2004-04-27 08:34:07.000000000,b'1',2.34,76.598,b'1',b'ARGOS   ',109.5,23.691,35.384
53,13,b'2900229 ',b'Argo INDIA                                                      ',b'M Ravichandran                                                  ',55.0,b'A',2004-04-27 08:34:07.000000000,b'1',2.34,76.598,b'1',b'ARGOS   ',119.5,21.434,35.284
53,14,b'2900229 ',b'Argo INDIA                                                      ',b'M Ravichandran                                                  ',55.0,b'A',2004-04-27 08:34:07.000000000,b'1',2.34,76.598,b'1',b'ARGOS   ',129.4,20.841,35.309
53,15,b'2900229 ',b'Argo INDIA                                                      ',b'M Ravichandran                                                  ',55.0,b'A',2004-04-27 08:34:07.000000000,b'1',2.34,76.598,b'1',b'ARGOS   ',139.6,20.146,35.261
53,16,b'2900229 ',b'Argo INDIA                                                      ',b'M Ravichandran                                                  ',55.0,b'A',2004-04-27 08:34:07.000000000,b'1',2.34,76.598,b'1',b'ARGOS   ',149.8,18.526,35.283
53,17,b'2900229 ',b'Argo INDIA                                                      ',b'M Ravichandran                                                  ',55.0,b'A',2004-04-27 08:34:07.000000000,b'1',2.34,76.598,b'1',b'ARGOS   ',168.9,15.861,35.192
53,18,b'2900229 ',b'Argo INDIA                                                      ',b'M Ravichandran                                                  ',55.0,b'A',2004-04-27 08:34:07.000000000,b'1',2.34,76.598,b'1',b'ARGOS   ',189.5,14.768,35.203
53,19,b'2900229 ',b'Argo INDIA                                                      ',b'M Ravichandran                                                  ',55.0,b'A',2004-04-27 08:34:07.000000000,b'1',2.34,76.598,b'1',b'ARGOS   ',209.1,14.062,35.174
53,20,b'2900229 ',b'Argo INDIA                                                      ',b'M Ravichandran                                                  ',55.0,b'A',2004-04-27 08:34:07.000000000,b'1',2.34,76.598,b'1',b'ARGOS   ',229.3,13.616,35.167
53,21,b'2900229 ',b'Argo INDIA                                                      ',b'M Ravichandran                                                  ',55.0,b'A',2004-04-27 08:34:07.000000000,b'1',2.34,76.598,b'1',b'ARGOS   ',249.4,13.443,35.165
53,22,b'2900229 ',b'Argo INDIA                                                      ',b'M Ravichandran                                                  ',55.0,b'A',2004-04-27 08:34:07.000000000,b'1',2.34,76.598,b'1',b'ARGOS   ',299.4,12.337,35.116
53,23,b'2900229 ',b'Argo INDIA                                                      ',b'M Ravichandran                                                  ',55.0,b'A',2004-04-27 08:34:07.000000000,b'1',2.34,76.598,b'1',b'ARGOS   ',349.1,11.565,35.077
53,24,b'2900229 ',b'Argo INDIA                                                      ',b'M Ravichandran                                                  ',55.0,b'A',2004-04-27 08:34:07.000000000,b'1',2.34,76.598,b'1',b'ARGOS   ',399.4,11.244,35.074
53,25,b'2900229 ',b'Argo INDIA                                                      ',b'M Ravichandran                                                  ',55.0,b'A',2004-04-27 08:34:07.000000000,b'1',2.34,76.598,b'1',b'ARGOS   ',449.2,10.686,35.067
53,26,b'2900229 ',b'Argo INDIA                                                      ',b'M Ravichandran                                                  ',55.0,b'A',2004-04-27 08:34:07.000000000,b'1',2.34,76.598,b'1',b'ARGOS   ',499.0,10.384,35.059
53,27,b'2900229 ',b'Argo INDIA                                                      ',b'M Ravichandran                                                  ',55.0,b'A',2004-04-27 08:34:07.000000000,b'1',2.34,76.598,b'1',b'ARGOS   ',598.8,9.671,35.015
53,28,b'2900229 ',b'Argo INDIA                                                      ',b'M Ravichandran                                                  ',55.0,b'A',2004-04-27 08:34:07.000000000,b'1',2.34,76.598,b'1',b'ARGOS   ',699.4,9.139,35.024
53,29,b'2900229 ',b'Argo INDIA                                                      ',b'M Ravichandran                                                  ',55.0,b'A',2004-04-27 08:34:07.000000000,b'1',2.34,76.598,b'1',b'ARGOS   ',799.3,8.511,35.039
53,30,b'2900229 ',b'Argo INDIA                                                      ',b'M Ravichandran                                                  ',55.0,b'A',2004-04-27 08:34:07.000000000,b'1',2.34,76.598,b'1',b'ARGOS   ',899.3,7.61,34.99
53,31,b'2900229 ',b'Argo INDIA                                                      ',b'M Ravichandran                                                  ',55.0,b'A',2004-04-27 08:34:07.000000000,b'1',2.34,76.598,b'1',b'ARGOS   ',999.5,6.985,34.96
53,32,b'2900229 ',b'Argo INDIA                                                      ',b'M Ravichandran                                                  ',55.0,b'A',2004-04-27 08:34:07.000000000,b'1',2.34,76.598,b'1',b'ARGOS   ',1099.4,6.474,34.936
53,33,b'2900229 ',b'Argo INDIA                                                      ',b'M Ravichandran                                                  ',55.0,b'A',2004-04-27 08:34:07.000000000,b'1',2.34,76.598,b'1',b'ARGOS   ',1199.0,6.021,34.917
53,34,b'2900229 ',b'Argo INDIA                                                      ',b'M Ravichandran                                                  ',55.0,b'A',2004-04-27 08:34:07.000000000,b'1',2.34,76.598,b'1',b'ARGOS   ',1299.3,5.487,34.89
53,35,b'2900229 ',b'Argo INDIA                                                      ',b'M Ravichandran                                                  ',55.0,b'A',2004-04-27 08:34:07.000000000,b'1',2.34,76.598,b'1',b'ARGOS   ',1399.2,5.131,34.88
53,36,b'2900229 ',b'Argo INDIA                                                      ',b'M Ravichandran                                                  ',55.0,b'A',2004-04-27 08:34:07.000000000,b'1',2.34,76.598,b'1',b'ARGOS   ',1499.2,4.679,34.864
53,37,b'2900229 ',b'Argo INDIA                                                      ',b'M Ravichandran                                                  ',55.0,b'A',2004-04-27 08:34:07.000000000,b'1',2.34,76.598,b'1',b'ARGOS   ',1599.1,4.296,34.846
53,38,b'2900229 ',b'Argo INDIA                                                      ',b'M Ravichandran                                                  ',55.0,b'A',2004-04-27 08:34:07.000000000,b'1',2.34,76.598,b'1',b'ARGOS   ',1699.4,3.879,34.827
53,39,b'2900229 ',b'Argo INDIA                                                      ',b'M Ravichandran                                                  ',55.0,b'A',2004-04-27 08:34:07.000000000,b'1',2.34,76.598,b'1',b'ARGOS   ',1799.2,3.532,34.812
53,40,b'2900229 ',b'Argo INDIA                                                      ',b'M Ravichandran                                                  ',55.0,b'A',2004-04-27 08:34:07.000000000,b'1',2.34,76.598,b'1',b'ARGOS   ',1899.1,3.154,34.796
53,41,b'2900229 ',b'Argo INDIA                                                      ',b'M Ravichandran                                                  ',55.0,b'A',2004-04-27 08:34:07.000000000,b'1',2.34,76.598,b'1',b'ARGOS   ',1999.8,2.886,34.784
53,42,b'2900229 ',b'Argo INDIA                                                      ',b'M Ravichandran                                                  ',55.0,b'A',2004-04-27 08:34:07.000000000,b'1',2.34,76.598,b'1',b'ARGOS   ',,,
53,43,b'2900229 ',b'Argo INDIA                                                      ',b'M Ravichandran                                                  ',55.0,b'A',2004-04-27 08:34:07.000000000,b'1',2.34,76.598,b'1',b'ARGOS   ',,,
53,44,b'2900229 ',b'Argo INDIA                                                      ',b'M Ravichandran                                                  ',55.0,b'A',2004-04-27 08:34:07.000000000,b'1',2.34,76.598,b'1',b'ARGOS   ',,,
54,0,b'2900229 ',b'Argo INDIA                                                      ',b'M Ravichandran                                                  ',56.0,b'A',2004-05-07 08:43:06.000000000,b'1',2.297,76.286,b'1',b'ARGOS   ',19.7,29.416,34.125
54,1,b'2900229 ',b'Argo INDIA                                                      ',b'M Ravichandran                                                  ',56.0,b'A',2004-05-07 08:43:06.000000000,b'1',2.297,76.286,b'1',b'ARGOS   ',24.6,29.402,34.126
54,2,b'2900229 ',b'Argo INDIA                                                      ',b'M Ravichandran                                                  ',56.0,b'A',2004-05-07 08:43:06.000000000,b'1',2.297,76.286,b'1',b'ARGOS   ',29.6,29.374,34.13
54,3,b'2900229 ',b'Argo INDIA                                                      ',b'M Ravichandran                                                  ',56.0,b'A',2004-05-07 08:43:06.000000000,b'1',2.297,76.286,b'1',b'ARGOS   ',34.4,29.356,34.134
54,4,b'2900229 ',b'Argo INDIA                                                      ',b'M Ravichandran                                                  ',56.0,b'A',2004-05-07 08:43:06.000000000,b'1',2.297,76.286,b'1',b'ARGOS   ',39.5,29.34,34.139
54,5,b'2900229 ',b'Argo INDIA                                                      ',b'M Ravichandran                                                  ',56.0,b'A',2004-05-07 08:43:06.000000000,b'1',2.297,76.286,b'1',b'ARGOS   ',44.5,29.279,34.17
54,6,b'2900229 ',b'Argo INDIA                                                      ',b'M Ravichandran                                                  ',56.0,b'A',2004-05-07 08:43:06.000000000,b'1',2.297,76.286,b'1',b'ARGOS   ',49.7,29.157,34.237
54,7,b'2900229 ',b'Argo INDIA                                                      ',b'M Ravichandran                                                  ',56.0,b'A',2004-05-07 08:43:06.000000000,b'1',2.297,76.286,b'1',b'ARGOS   ',59.7,28.57,34.689
54,8,b'2900229 ',b'Argo INDIA                                                      ',b'M Ravichandran                                                  ',56.0,b'A',2004-05-07 08:43:06.000000000,b'1',2.297,76.286,b'1',b'ARGOS   ',69.4,26.989,35.26
54,9,b'2900229 ',b'Argo INDIA                                                      ',b'M Ravichandran                                                  ',56.0,b'A',2004-05-07 08:43:06.000000000,b'1',2.297,76.286,b'1',b'ARGOS   ',79.2,26.193,35.299
54,10,b'2900229 ',b'Argo INDIA                                                      ',b'M Ravichandran                                                  ',56.0,b'A',2004-05-07 08:43:06.000000000,b'1',2.297,76.286,b'1',b'ARGOS   ',89.4,25.124,35.354
54,11,b'2900229 ',b'Argo INDIA                                                      ',b'M Ravichandran                                                  ',56.0,b'A',2004-05-07 08:43:06.000000000,b'1',2.297,76.286,b'1',b'ARGOS   ',99.1,24.745,35.357
54,12,b'2900229 ',b'Argo INDIA                                                      ',b'M Ravichandran                                                  ',56.0,b'A',2004-05-07 08:43:06.000000000,b'1',2.297,76.286,b'1',b'ARGOS   ',109.8,24.191,35.372
54,13,b'2900229 ',b'Argo INDIA                                                      ',b'M Ravichandran                                                  ',56.0,b'A',2004-05-07 08:43:06.000000000,b'1',2.297,76.286,b'1',b'ARGOS   ',119.3,23.721,35.384
54,14,b'2900229 ',b'Argo INDIA                                                      ',b'M Ravichandran                                                  ',56.0,b'A',2004-05-07 08:43:06.000000000,b'1',2.297,76.286,b'1',b'ARGOS   ',129.6,22.18,35.412
54,15,b'2900229 ',b'Argo INDIA                                                      ',b'M Ravichandran                                                  ',56.0,b'A',2004-05-07 08:43:06.000000000,b'1',2.297,76.286,b'1',b'ARGOS   ',139.4,21.239,35.347
54,16,b'2900229 ',b'Argo INDIA                                                      ',b'M Ravichandran                                                  ',56.0,b'A',2004-05-07 08:43:06.000000000,b'1',2.297,76.286,b'1',b'ARGOS   ',149.4,19.325,35.314
54,17,b'2900229 ',b'Argo INDIA                                                      ',b'M Ravichandran                                                  ',56.0,b'A',2004-05-07 08:43:06.000000000,b'1',2.297,76.286,b'1',b'ARGOS   ',169.1,16.617,35.237
54,18,b'2900229 ',b'Argo INDIA                                                      ',b'M Ravichandran                                                  ',56.0,b'A',2004-05-07 08:43:06.000000000,b'1',2.297,76.286,b'1',b'ARGOS   ',189.5,14.909,35.207
54,19,b'2900229 ',b'Argo INDIA                                                      ',b'M Ravichandran                                                  ',56.0,b'A',2004-05-07 08:43:06.000000000,b'1',2.297,76.286,b'1',b'ARGOS   ',209.5,13.959,35.187
54,20,b'2900229 ',b'Argo INDIA                                                      ',b'M Ravichandran                                                  ',56.0,b'A',2004-05-07 08:43:06.000000000,b'1',2.297,76.286,b'1',b'ARGOS   ',229.6,13.486,35.162
54,21,b'2900229 ',b'Argo INDIA                                                      ',b'M Ravichandran                                                  ',56.0,b'A',2004-05-07 08:43:06.000000000,b'1',2.297,76.286,b'1',b'ARGOS   ',249.4,13.071,35.147
54,22,b'2900229 ',b'Argo INDIA                                                      ',b'M Ravichandran                                                  ',56.0,b'A',2004-05-07 08:43:06.000000000,b'1',2.297,76.286,b'1',b'ARGOS   ',299.5,12.377,35.119
54,23,b'2900229 ',b'Argo INDIA                                                      ',b'M Ravichandran                                                  ',56.0,b'A',2004-05-07 08:43:06.000000000,b'1',2.297,76.286,b'1',b'ARGOS   ',349.2,12.025,35.097
54,24,b'2900229 ',b'Argo INDIA                                                      ',b'M Ravichandran                                                  ',56.0,b'A',2004-05-07 08:43:06.000000000,b'1',2.297,76.286,b'1',b'ARGOS   ',399.3,11.24,35.048
54,25,b'2900229 ',b'Argo INDIA                                                      ',b'M Ravichandran                                                  ',56.0,b'A',2004-05-07 08:43:06.000000000,b'1',2.297,76.286,b'1',b'ARGOS   ',449.5,11.159,35.089
54,26,b'2900229 ',b'Argo INDIA                                                      ',b'M Ravichandran                                                  ',56.0,b'A',2004-05-07 08:43:06.000000000,b'1',2.297,76.286,b'1',b'ARGOS   ',499.4,10.719,35.082
54,27,b'2900229 ',b'Argo INDIA                                                      ',b'M Ravichandran                                                  ',56.0,b'A',2004-05-07 08:43:06.000000000,b'1',2.297,76.286,b'1',b'ARGOS   ',599.4,10.142,35.133
54,28,b'2900229 ',b'Argo INDIA                                                      ',b'M Ravichandran                                                  ',56.0,b'A',2004-05-07 08:43:06.000000000,b'1',2.297,76.286,b'1',b'ARGOS   ',699.5,9.168,35.075
54,29,b'2900229 ',b'Argo INDIA                                                      ',b'M Ravichandran                                                  ',56.0,b'A',2004-05-07 08:43:06.000000000,b'1',2.297,76.286,b'1',b'ARGOS   ',798.8,8.186,35.023
54,30,b'2900229 ',b'Argo INDIA                                                      ',b'M Ravichandran                                                  ',56.0,b'A',2004-05-07 08:43:06.000000000,b'1',2.297,76.286,b'1',b'ARGOS   ',899.3,7.515,34.988
54,31,b'2900229 ',b'Argo INDIA                                                      ',b'M Ravichandran                                                  ',56.0,b'A',2004-05-07 08:43:06.000000000,b'1',2.297,76.286,b'1',b'ARGOS   ',998.9,6.808,34.96
54,32,b'2900229 ',b'Argo INDIA                                                      ',b'M Ravichandran                                                  ',56.0,b'A',2004-05-07 08:43:06.000000000,b'1',2.297,76.286,b'1',b'ARGOS   ',1099.4,6.455,34.934
54,33,b'2900229 ',b'Argo INDIA                                                      ',b'M Ravichandran                                                  ',56.0,b'A',2004-05-07 08:43:06.000000000,b'1',2.297,76.286,b'1',b'ARGOS   ',1199.1,6.057,34.921
54,34,b'2900229 ',b'Argo INDIA                                                      ',b'M Ravichandran                                                  ',56.0,b'A',2004-05-07 08:43:06.000000000,b'1',2.297,76.286,b'1',b'ARGOS   ',1299.3,5.539,34.895
54,35,b'2900229 ',b'Argo INDIA                                                      ',b'M Ravichandran                                                  ',56.0,b'A',2004-05-07 08:43:06.000000000,b'1',2.297,76.286,b'1',b'ARGOS   ',1399.1,4.935,34.873
54,36,b'2900229 ',b'Argo INDIA                                                      ',b'M Ravichandran                                                  ',56.0,b'A',2004-05-07 08:43:06.000000000,b'1',2.297,76.286,b'1',b'ARGOS   ',1499.1,4.376,34.847
54,37,b'2900229 ',b'Argo INDIA                                                      ',b'M Ravichandran                                                  ',56.0,b'A',2004-05-07 08:43:06.000000000,b'1',2.297,76.286,b'1',b'ARGOS   ',1599.5,3.934,34.83
54,38,b'2900229 ',b'Argo INDIA                                                      ',b'M Ravichandran                                                  ',56.0,b'A',2004-05-07 08:43:06.000000000,b'1',2.297,76.286,b'1',b'ARGOS   ',1699.4,3.666,34.82
54,39,b'2900229 ',b'Argo INDIA                                                      ',b'M Ravichandran                                                  ',56.0,b'A',2004-05-07 08:43:06.000000000,b'1',2.297,76.286,b'1',b'ARGOS   ',1799.2,3.371,34.805
54,40,b'2900229 ',b'Argo INDIA                                                      ',b'M Ravichandran                                                  ',56.0,b'A',2004-05-07 08:43:06.000000000,b'1',2.297,76.286,b'1',b'ARGOS   ',1899.3,3.082,34.792
54,41,b'2900229 ',b'Argo INDIA                                                      ',b'M Ravichandran                                                  ',56.0,b'A',2004-05-07 08:43:06.000000000,b'1',2.297,76.286,b'1',b'ARGOS   ',1999.5,2.772,34.779
54,42,b'2900229 ',b'Argo INDIA                                                      ',b'M Ravichandran                                                  ',56.0,b'A',2004-05-07 08:43:06.000000000,b'1',2.297,76.286,b'1',b'ARGOS   ',,,
54,43,b'2900229 ',b'Argo INDIA                                                      ',b'M Ravichandran                                                  ',56.0,b'A',2004-05-07 08:43:06.000000000,b'1',2.297,76.286,b'1',b'ARGOS   ',,,
54,44,b'2900229 ',b'Argo INDIA                                                      ',b'M Ravichandran                                                  ',56.0,b'A',2004-05-07 08:43:06.000000000,b'1',2.297,76.286,b'1',b'ARGOS   ',,,
55,0,b'2900229 ',b'Argo INDIA                                                      ',b'M Ravichandran                                                  ',57.0,b'A',2004-05-17 08:40:07.000000000,b'1',2.053,76.311,b'1',b'ARGOS   ',20.0,29.439,34.595
55,1,b'2900229 ',b'Argo INDIA                                                      ',b'M Ravichandran                                                  ',57.0,b'A',2004-05-17 08:40:07.000000000,b'1',2.053,76.311,b'1',b'ARGOS   ',24.7,29.223,34.723
55,2,b'2900229 ',b'Argo INDIA                                                      ',b'M Ravichandran                                                  ',57.0,b'A',2004-05-17 08:40:07.000000000,b'1',2.053,76.311,b'1',b'ARGOS   ',29.7,29.179,34.763
55,3,b'2900229 ',b'Argo INDIA                                                      ',b'M Ravichandran                                                  ',57.0,b'A',2004-05-17 08:40:07.000000000,b'1',2.053,76.311,b'1',b'ARGOS   ',34.5,29.201,34.809
55,4,b'2900229 ',b'Argo INDIA                                                      ',b'M Ravichandran                                                  ',57.0,b'A',2004-05-17 08:40:07.000000000,b'1',2.053,76.311,b'1',b'ARGOS   ',39.4,29.323,34.942
55,5,b'2900229 ',b'Argo INDIA                                                      ',b'M Ravichandran                                                  ',57.0,b'A',2004-05-17 08:40:07.000000000,b'1',2.053,76.311,b'1',b'ARGOS   ',44.4,29.26,34.985
55,6,b'2900229 ',b'Argo INDIA                                                      ',b'M Ravichandran                                                  ',57.0,b'A',2004-05-17 08:40:07.000000000,b'1',2.053,76.311,b'1',b'ARGOS   ',49.2,29.116,34.994
55,7,b'2900229 ',b'Argo INDIA                                                      ',b'M Ravichandran                                                  ',57.0,b'A',2004-05-17 08:40:07.000000000,b'1',2.053,76.311,b'1',b'ARGOS   ',59.2,28.794,34.972
55,8,b'2900229 ',b'Argo INDIA                                                      ',b'M Ravichandran                                                  ',57.0,b'A',2004-05-17 08:40:07.000000000,b'1',2.053,76.311,b'1',b'ARGOS   ',69.7,27.757,35.131
55,9,b'2900229 ',b'Argo INDIA                                                      ',b'M Ravichandran                                                  ',57.0,b'A',2004-05-17 08:40:07.000000000,b'1',2.053,76.311,b'1',b'ARGOS   ',79.8,26.542,35.197
55,10,b'2900229 ',b'Argo INDIA                                                      ',b'M Ravichandran                                                  ',57.0,b'A',2004-05-17 08:40:07.000000000,b'1',2.053,76.311,b'1',b'ARGOS   ',89.0,24.539,35.252
55,11,b'2900229 ',b'Argo INDIA                                                      ',b'M Ravichandran                                                  ',57.0,b'A',2004-05-17 08:40:07.000000000,b'1',2.053,76.311,b'1',b'ARGOS   ',99.3,24.23,35.322
55,12,b'2900229 ',b'Argo INDIA                                                      ',b'M Ravichandran                                                  ',57.0,b'A',2004-05-17 08:40:07.000000000,b'1',2.053,76.311,b'1',b'ARGOS   ',109.5,23.403,35.308
55,13,b'2900229 ',b'Argo INDIA                                                      ',b'M Ravichandran                                                  ',57.0,b'A',2004-05-17 08:40:07.000000000,b'1',2.053,76.311,b'1',b'ARGOS   ',119.3,23.058,35.347
55,14,b'2900229 ',b'Argo INDIA                                                      ',b'M Ravichandran                                                  ',57.0,b'A',2004-05-17 08:40:07.000000000,b'1',2.053,76.311,b'1',b'ARGOS   ',129.7,21.679,35.378
55,15,b'2900229 ',b'Argo INDIA                                                      ',b'M Ravichandran                                                  ',57.0,b'A',2004-05-17 08:40:07.000000000,b'1',2.053,76.311,b'1',b'ARGOS   ',139.4,20.848,35.366
55,16,b'2900229 ',b'Argo INDIA                                                      ',b'M Ravichandran                                                  ',57.0,b'A',2004-05-17 08:40:07.000000000,b'1',2.053,76.311,b'1',b'ARGOS   ',149.7,19.388,35.28
55,17,b'2900229 ',b'Argo INDIA                                                      ',b'M Ravichandran                                                  ',57.0,b'A',2004-05-17 08:40:07.000000000,b'1',2.053,76.311,b'1',b'ARGOS   ',169.1,15.077,35.203
55,18,b'2900229 ',b'Argo INDIA                                                      ',b'M Ravichandran                                                  ',57.0,b'A',2004-05-17 08:40:07.000000000,b'1',2.053,76.311,b'1',b'ARGOS   ',189.5,14.151,35.193
55,19,b'2900229 ',b'Argo INDIA                                                      ',b'M Ravichandran                                                  ',57.0,b'A',2004-05-17 08:40:07.000000000,b'1',2.053,76.311,b'1',b'ARGOS   ',209.3,13.5,35.169
55,20,b'2900229 ',b'Argo INDIA                                                      ',b'M Ravichandran                                                  ',57.0,b'A',2004-05-17 08:40:07.000000000,b'1',2.053,76.311,b'1',b'ARGOS   ',229.3,12.83,35.137
55,21,b'2900229 ',b'Argo INDIA                                                      ',b'M Ravichandran                                                  ',57.0,b'A',2004-05-17 08:40:07.000000000,b'1',2.053,76.311,b'1',b'ARGOS   ',249.4,12.349,35.11
55,22,b'2900229 ',b'Argo INDIA                                                      ',b'M Ravichandran                                                  ',57.0,b'A',2004-05-17 08:40:07.000000000,b'1',2.053,76.311,b'1',b'ARGOS   ',299.3,11.936,35.094
55,23,b'2900229 ',b'Argo INDIA                                                      ',b'M Ravichandran                                                  ',57.0,b'A',2004-05-17 08:40:07.000000000,b'1',2.053,76.311,b'1',b'ARGOS   ',349.2,11.672,35.066
55,24,b'2900229 ',b'Argo INDIA                                                      ',b'M Ravichandran                                                  ',57.0,b'A',2004-05-17 08:40:07.000000000,b'1',2.053,76.311,b'1',b'ARGOS   ',399.2,11.252,35.051
55,25,b'2900229 ',b'Argo INDIA                                                      ',b'M Ravichandran                                                  ',57.0,b'A',2004-05-17 08:40:07.000000000,b'1',2.053,76.311,b'1',b'ARGOS   ',449.4,10.823,35.039
55,26,b'2900229 ',b'Argo INDIA                                                      ',b'M Ravichandran                                                  ',57.0,b'A',2004-05-17 08:40:07.000000000,b'1',2.053,76.311,b'1',b'ARGOS   ',499.5,10.457,35.049
55,27,b'2900229 ',b'Argo INDIA                                                      ',b'M Ravichandran                                                  ',57.0,b'A',2004-05-17 08:40:07.000000000,b'1',2.053,76.311,b'1',b'ARGOS   ',599.1,9.795,35.05
55,28,b'2900229 ',b'Argo INDIA                                                      ',b'M Ravichandran                                                  ',57.0,b'A',2004-05-17 08:40:07.000000000,b'1',2.053,76.311,b'1',b'ARGOS   ',699.3,9.143,35.047
55,29,b'2900229 ',b'Argo INDIA                                                      ',b'M Ravichandran                                                  ',57.0,b'A',2004-05-17 08:40:07.000000000,b'1',2.053,76.311,b'1',b'ARGOS   ',799.3,8.29,35.025
55,30,b'2900229 ',b'Argo INDIA                                                      ',b'M Ravichandran                                                  ',57.0,b'A',2004-05-17 08:40:07.000000000,b'1',2.053,76.311,b'1',b'ARGOS   ',899.5,7.432,34.987
55,31,b'2900229 ',b'Argo INDIA                                                      ',b'M Ravichandran                                                  ',57.0,b'A',2004-05-17 08:40:07.000000000,b'1',2.053,76.311,b'1',b'ARGOS   ',999.3,6.782,34.956
55,32,b'2900229 ',b'Argo INDIA                                                      ',b'M Ravichandran                                                  ',57.0,b'A',2004-05-17 08:40:07.000000000,b'1',2.053,76.311,b'1',b'ARGOS   ',1099.3,6.331,34.935
55,33,b'2900229 ',b'Argo INDIA                                                      ',b'M Ravichandran                                                  ',57.0,b'A',2004-05-17 08:40:07.000000000,b'1',2.053,76.311,b'1',b'ARGOS   ',1198.9,5.7,34.904
55,34,b'2900229 ',b'Argo INDIA                                                      ',b'M Ravichandran                                                  ',57.0,b'A',2004-05-17 08:40:07.000000000,b'1',2.053,76.311,b'1',b'ARGOS   ',1299.2,5.305,34.887
55,35,b'2900229 ',b'Argo INDIA                                                      ',b'M Ravichandran                                                  ',57.0,b'A',2004-05-17 08:40:07.000000000,b'1',2.053,76.311,b'1',b'ARGOS   ',1399.2,4.917,34.873
55,36,b'2900229 ',b'Argo INDIA                                                      ',b'M Ravichandran                                                  ',57.0,b'A',2004-05-17 08:40:07.000000000,b'1',2.053,76.311,b'1',b'ARGOS   ',1499.5,4.496,34.859
55,37,b'2900229 ',b'Argo INDIA                                                      ',b'M Ravichandran                                                  ',57.0,b'A',2004-05-17 08:40:07.000000000,b'1',2.053,76.311,b'1',b'ARGOS   ',1599.0,4.02,34.836
55,38,b'2900229 ',b'Argo INDIA                                                      ',b'M Ravichandran                                                  ',57.0,b'A',2004-05-17 08:40:07.000000000,b'1',2.053,76.311,b'1',b'ARGOS   ',1699.4,3.699,34.82
55,39,b'2900229 ',b'Argo INDIA                                                      ',b'M Ravichandran                                                  ',57.0,b'A',2004-05-17 08:40:07.000000000,b'1',2.053,76.311,b'1',b'ARGOS   ',1799.5,3.592,34.815
55,40,b'2900229 ',b'Argo INDIA                                                      ',b'M Ravichandran                                                  ',57.0,b'A',2004-05-17 08:40:07.000000000,b'1',2.053,76.311,b'1',b'ARGOS   ',1899.4,3.173,34.796
55,41,b'2900229 ',b'Argo INDIA                                                      ',b'M Ravichandran                                                  ',57.0,b'A',2004-05-17 08:40:07.000000000,b'1',2.053,76.311,b'1',b'ARGOS   ',1999.3,2.905,34.782
55,42,b'2900229 ',b'Argo INDIA                                                      ',b'M Ravichandran                                                  ',57.0,b'A',2004-05-17 08:40:07.000000000,b'1',2.053,76.311,b'1',b'ARGOS   ',,,
55,43,b'2900229 ',b'Argo INDIA                                                      ',b'M Ravichandran                                                  ',57.0,b'A',2004-05-17 08:40:07.000000000,b'1',2.053,76.311,b'1',b'ARGOS   ',,,
55,44,b'2900229 ',b'Argo INDIA                                                      ',b'M Ravichandran                                                  ',57.0,b'A',2004-05-17 08:40:07.000000000,b'1',2.053,76.311,b'1',b'ARGOS   ',,,
56,0,b'2900229 ',b'Argo INDIA                                                      ',b'M Ravichandran                                                  ',58.0,b'A',2004-05-27 08:51:18.000000000,b'1',2.164,76.667,b'1',b'ARGOS   ',19.9,29.18,34.871
56,1,b'2900229 ',b'Argo INDIA                                                      ',b'M Ravichandran                                                  ',58.0,b'A',2004-05-27 08:51:18.000000000,b'1',2.164,76.667,b'1',b'ARGOS   ',24.1,29.148,34.87
56,2,b'2900229 ',b'Argo INDIA                                                      ',b'M Ravichandran                                                  ',58.0,b'A',2004-05-27 08:51:18.000000000,b'1',2.164,76.667,b'1',b'ARGOS   ',29.6,29.104,34.871
56,3,b'2900229 ',b'Argo INDIA                                                      ',b'M Ravichandran                                                  ',58.0,b'A',2004-05-27 08:51:18.000000000,b'1',2.164,76.667,b'1',b'ARGOS   ',34.6,29.009,35.052
56,4,b'2900229 ',b'Argo INDIA                                                      ',b'M Ravichandran                                                  ',58.0,b'A',2004-05-27 08:51:18.000000000,b'1',2.164,76.667,b'1',b'ARGOS   ',39.3,28.972,35.132
56,5,b'2900229 ',b'Argo INDIA                                                      ',b'M Ravichandran                                                  ',58.0,b'A',2004-05-27 08:51:18.000000000,b'1',2.164,76.667,b'1',b'ARGOS   ',44.6,28.913,35.186
56,6,b'2900229 ',b'Argo INDIA                                                      ',b'M Ravichandran                                                  ',58.0,b'A',2004-05-27 08:51:18.000000000,b'1',2.164,76.667,b'1',b'ARGOS   ',49.5,28.889,35.203
56,7,b'2900229 ',b'Argo INDIA                                                      ',b'M Ravichandran                                                  ',58.0,b'A',2004-05-27 08:51:18.000000000,b'1',2.164,76.667,b'1',b'ARGOS   ',59.2,28.843,35.202
56,8,b'2900229 ',b'Argo INDIA                                                      ',b'M Ravichandran                                                  ',58.0,b'A',2004-05-27 08:51:18.000000000,b'1',2.164,76.667,b'1',b'ARGOS   ',69.5,27.858,35.269
56,9,b'2900229 ',b'Argo INDIA                                                      ',b'M Ravichandran                                                  ',58.0,b'A',2004-05-27 08:51:18.000000000,b'1',2.164,76.667,b'1',b'ARGOS   ',79.2,27.647,35.271
56,10,b'2900229 ',b'Argo INDIA                                                      ',b'M Ravichandran                                                  ',58.0,b'A',2004-05-27 08:51:18.000000000,b'1',2.164,76.667,b'1',b'ARGOS   ',89.3,27.045,35.312
56,11,b'2900229 ',b'Argo INDIA                                                      ',b'M Ravichandran                                                  ',58.0,b'A',2004-05-27 08:51:18.000000000,b'1',2.164,76.667,b'1',b'ARGOS   ',99.5,26.999,35.321
56,12,b'2900229 ',b'Argo INDIA                                                      ',b'M Ravichandran                                                  ',58.0,b'A',2004-05-27 08:51:18.000000000,b'1',2.164,76.667,b'1',b'ARGOS   ',109.7,24.204,35.323
56,13,b'2900229 ',b'Argo INDIA                                                      ',b'M Ravichandran                                                  ',58.0,b'A',2004-05-27 08:51:18.000000000,b'1',2.164,76.667,b'1',b'ARGOS   ',119.1,22.759,35.364
56,14,b'2900229 ',b'Argo INDIA                                                      ',b'M Ravichandran                                                  ',58.0,b'A',2004-05-27 08:51:18.000000000,b'1',2.164,76.667,b'1',b'ARGOS   ',129.7,21.993,35.339
56,15,b'2900229 ',b'Argo INDIA                                                      ',b'M Ravichandran                                                  ',58.0,b'A',2004-05-27 08:51:18.000000000,b'1',2.164,76.667,b'1',b'ARGOS   ',139.8,17.734,35.143
56,16,b'2900229 ',b'Argo INDIA                                                      ',b'M Ravichandran                                                  ',58.0,b'A',2004-05-27 08:51:18.000000000,b'1',2.164,76.667,b'1',b'ARGOS   ',149.0,16.301,35.157
56,17,b'2900229 ',b'Argo INDIA                                                      ',b'M Ravichandran                                                  ',58.0,b'A',2004-05-27 08:51:18.000000000,b'1',2.164,76.667,b'1',b'ARGOS   ',169.7,15.555,35.169
56,18,b'2900229 ',b'Argo INDIA                                                      ',b'M Ravichandran                                                  ',58.0,b'A',2004-05-27 08:51:18.000000000,b'1',2.164,76.667,b'1',b'ARGOS   ',189.0,13.789,35.174
56,19,b'2900229 ',b'Argo INDIA                                                      ',b'M Ravichandran                                                  ',58.0,b'A',2004-05-27 08:51:18.000000000,b'1',2.164,76.667,b'1',b'ARGOS   ',209.4,13.282,35.158
56,20,b'2900229 ',b'Argo INDIA                                                      ',b'M Ravichandran                                                  ',58.0,b'A',2004-05-27 08:51:18.000000000,b'1',2.164,76.667,b'1',b'ARGOS   ',229.1,12.77,35.133
56,21,b'2900229 ',b'Argo INDIA                                                      ',b'M Ravichandran                                                  ',58.0,b'A',2004-05-27 08:51:18.000000000,b'1',2.164,76.667,b'1',b'ARGOS   ',249.3,12.409,35.117
56,22,b'2900229 ',b'Argo INDIA                                                      ',b'M Ravichandran                                                  ',58.0,b'A',2004-05-27 08:51:18.000000000,b'1',2.164,76.667,b'1',b'ARGOS   ',299.5,12.056,35.123
56,23,b'2900229 ',b'Argo INDIA                                                      ',b'M Ravichandran                                                  ',58.0,b'A',2004-05-27 08:51:18.000000000,b'1',2.164,76.667,b'1',b'ARGOS   ',349.2,11.249,35.053
56,24,b'2900229 ',b'Argo INDIA                                                      ',b'M Ravichandran                                                  ',58.0,b'A',2004-05-27 08:51:18.000000000,b'1',2.164,76.667,b'1',b'ARGOS   ',399.3,11.07,35.045
56,25,b'2900229 ',b'Argo INDIA                                                      ',b'M Ravichandran                                                  ',58.0,b'A',2004-05-27 08:51:18.000000000,b'1',2.164,76.667,b'1',b'ARGOS   ',449.5,10.46,35.011
56,26,b'2900229 ',b'Argo INDIA                                                      ',b'M Ravichandran                                                  ',58.0,b'A',2004-05-27 08:51:18.000000000,b'1',2.164,76.667,b'1',b'ARGOS   ',499.6,10.09,35.005
56,27,b'2900229 ',b'Argo INDIA                                                      ',b'M Ravichandran                                                  ',58.0,b'A',2004-05-27 08:51:18.000000000,b'1',2.164,76.667,b'1',b'ARGOS   ',599.0,9.752,35.025
56,28,b'2900229 ',b'Argo INDIA                                                      ',b'M Ravichandran                                                  ',58.0,b'A',2004-05-27 08:51:18.000000000,b'1',2.164,76.667,b'1',b'ARGOS   ',699.6,9.294,35.042
56,29,b'2900229 ',b'Argo INDIA                                                      ',b'M Ravichandran                                                  ',58.0,b'A',2004-05-27 08:51:18.000000000,b'1',2.164,76.667,b'1',b'ARGOS   ',799.5,8.314,35.027
56,30,b'2900229 ',b'Argo INDIA                                                      ',b'M Ravichandran                                                  ',58.0,b'A',2004-05-27 08:51:18.000000000,b'1',2.164,76.667,b'1',b'ARGOS   ',899.4,7.789,35.0
56,31,b'2900229 ',b'Argo INDIA                                                      ',b'M Ravichandran                                                  ',58.0,b'A',2004-05-27 08:51:18.000000000,b'1',2.164,76.667,b'1',b'ARGOS   ',998.9,7.164,34.976
56,32,b'2900229 ',b'Argo INDIA                                                      ',b'M Ravichandran                                                  ',58.0,b'A',2004-05-27 08:51:18.000000000,b'1',2.164,76.667,b'1',b'ARGOS   ',1099.4,6.501,34.946
56,33,b'2900229 ',b'Argo INDIA                                                      ',b'M Ravichandran                                                  ',58.0,b'A',2004-05-27 08:51:18.000000000,b'1',2.164,76.667,b'1',b'ARGOS   ',1199.3,5.755,34.908
56,34,b'2900229 ',b'Argo INDIA                                                      ',b'M Ravichandran                                                  ',58.0,b'A',2004-05-27 08:51:18.000000000,b'1',2.164,76.667,b'1',b'ARGOS   ',1299.6,5.39,34.894
56,35,b'2900229 ',b'Argo INDIA                                                      ',b'M Ravichandran                                                  ',58.0,b'A',2004-05-27 08:51:18.000000000,b'1',2.164,76.667,b'1',b'ARGOS   ',1399.3,4.961,34.874
56,36,b'2900229 ',b'Argo INDIA                                                      ',b'M Ravichandran                                                  ',58.0,b'A',2004-05-27 08:51:18.000000000,b'1',2.164,76.667,b'1',b'ARGOS   ',1499.4,4.556,34.86
56,37,b'2900229 ',b'Argo INDIA                                                      ',b'M Ravichandran                                                  ',58.0,b'A',2004-05-27 08:51:18.000000000,b'1',2.164,76.667,b'1',b'ARGOS   ',1599.0,3.957,34.833
56,38,b'2900229 ',b'Argo INDIA                                                      ',b'M Ravichandran                                                  ',58.0,b'A',2004-05-27 08:51:18.000000000,b'1',2.164,76.667,b'1',b'ARGOS   ',1699.4,3.645,34.821
56,39,b'2900229 ',b'Argo INDIA                                                      ',b'M Ravichandran                                                  ',58.0,b'A',2004-05-27 08:51:18.000000000,b'1',2.164,76.667,b'1',b'ARGOS   ',1799.3,3.226,34.799
56,40,b'2900229 ',b'Argo INDIA                                                      ',b'M Ravichandran                                                  ',58.0,b'A',2004-05-27 08:51:18.000000000,b'1',2.164,76.667,b'1',b'ARGOS   ',1899.1,2.934,34.786
56,41,b'2900229 ',b'Argo INDIA                                                      ',b'M Ravichandran                                                  ',58.0,b'A',2004-05-27 08:51:18.000000000,b'1',2.164,76.667,b'1',b'ARGOS   ',1999.3,2.688,34.775
56,42,b'2900229 ',b'Argo INDIA                                                      ',b'M Ravichandran                                                  ',58.0,b'A',2004-05-27 08:51:18.000000000,b'1',2.164,76.667,b'1',b'ARGOS   ',,,
56,43,b'2900229 ',b'Argo INDIA                                                      ',b'M Ravichandran                                                  ',58.0,b'A',2004-05-27 08:51:18.000000000,b'1',2.164,76.667,b'1',b'ARGOS   ',,,
56,44,b'2900229 ',b'Argo INDIA                                                      ',b'M Ravichandran                                                  ',58.0,b'A',2004-05-27 08:51:18.000000000,b'1',2.164,76.667,b'1',b'ARGOS   ',,,
57,0,b'2900229 ',b'Argo INDIA                                                      ',b'M Ravichandran                                                  ',59.0,b'A',2004-06-06 08:32:36.000000000,b'1',2.753,77.12,b'1',b'ARGOS   ',20.0,28.747,34.807
57,1,b'2900229 ',b'Argo INDIA                                                      ',b'M Ravichandran                                                  ',59.0,b'A',2004-06-06 08:32:36.000000000,b'1',2.753,77.12,b'1',b'ARGOS   ',24.2,28.73,34.808
57,2,b'2900229 ',b'Argo INDIA                                                      ',b'M Ravichandran                                                  ',59.0,b'A',2004-06-06 08:32:36.000000000,b'1',2.753,77.12,b'1',b'ARGOS   ',29.2,28.7,34.809
57,3,b'2900229 ',b'Argo INDIA                                                      ',b'M Ravichandran                                                  ',59.0,b'A',2004-06-06 08:32:36.000000000,b'1',2.753,77.12,b'1',b'ARGOS   ',34.5,28.594,34.827
57,4,b'2900229 ',b'Argo INDIA                                                      ',b'M Ravichandran                                                  ',59.0,b'A',2004-06-06 08:32:36.000000000,b'1',2.753,77.12,b'1',b'ARGOS   ',39.6,28.482,34.872
57,5,b'2900229 ',b'Argo INDIA                                                      ',b'M Ravichandran                                                  ',59.0,b'A',2004-06-06 08:32:36.000000000,b'1',2.753,77.12,b'1',b'ARGOS   ',44.6,28.418,34.898
57,6,b'2900229 ',b'Argo INDIA                                                      ',b'M Ravichandran                                                  ',59.0,b'A',2004-06-06 08:32:36.000000000,b'1',2.753,77.12,b'1',b'ARGOS   ',49.3,28.298,34.964
57,7,b'2900229 ',b'Argo INDIA                                                      ',b'M Ravichandran                                                  ',59.0,b'A',2004-06-06 08:32:36.000000000,b'1',2.753,77.12,b'1',b'ARGOS   ',59.4,27.913,35.152
57,8,b'2900229 ',b'Argo INDIA                                                      ',b'M Ravichandran                                                  ',59.0,b'A',2004-06-06 08:32:36.000000000,b'1',2.753,77.12,b'1',b'ARGOS   ',69.5,27.594,35.266
57,9,b'2900229 ',b'Argo INDIA                                                      ',b'M Ravichandran                                                  ',59.0,b'A',2004-06-06 08:32:36.000000000,b'1',2.753,77.12,b'1',b'ARGOS   ',79.6,27.351,35.249
57,10,b'2900229 ',b'Argo INDIA                                                      ',b'M Ravichandran                                                  ',59.0,b'A',2004-06-06 08:32:36.000000000,b'1',2.753,77.12,b'1',b'ARGOS   ',89.4,26.355,35.274
57,11,b'2900229 ',b'Argo INDIA                                                      ',b'M Ravichandran                                                  ',59.0,b'A',2004-06-06 08:32:36.000000000,b'1',2.753,77.12,b'1',b'ARGOS   ',99.4,25.745,35.31
57,12,b'2900229 ',b'Argo INDIA                                                      ',b'M Ravichandran                                                  ',59.0,b'A',2004-06-06 08:32:36.000000000,b'1',2.753,77.12,b'1',b'ARGOS   ',109.7,25.149,35.302
57,13,b'2900229 ',b'Argo INDIA                                                      ',b'M Ravichandran                                                  ',59.0,b'A',2004-06-06 08:32:36.000000000,b'1',2.753,77.12,b'1',b'ARGOS   ',119.6,23.028,35.315
57,14,b'2900229 ',b'Argo INDIA                                                      ',b'M Ravichandran                                                  ',59.0,b'A',2004-06-06 08:32:36.000000000,b'1',2.753,77.12,b'1',b'ARGOS   ',129.8,21.656,35.26
57,15,b'2900229 ',b'Argo INDIA                                                      ',b'M Ravichandran                                                  ',59.0,b'A',2004-06-06 08:32:36.000000000,b'1',2.753,77.12,b'1',b'ARGOS   ',139.3,18.941,35.26
57,16,b'2900229 ',b'Argo INDIA                                                      ',b'M Ravichandran                                                  ',59.0,b'A',2004-06-06 08:32:36.000000000,b'1',2.753,77.12,b'1',b'ARGOS   ',149.2,18.368,35.242
57,17,b'2900229 ',b'Argo INDIA                                                      ',b'M Ravichandran                                                  ',59.0,b'A',2004-06-06 08:32:36.000000000,b'1',2.753,77.12,b'1',b'ARGOS   ',169.2,15.893,35.103
57,18,b'2900229 ',b'Argo INDIA                                                      ',b'M Ravichandran                                                  ',59.0,b'A',2004-06-06 08:32:36.000000000,b'1',2.753,77.12,b'1',b'ARGOS   ',189.4,14.868,35.11
57,19,b'2900229 ',b'Argo INDIA                                                      ',b'M Ravichandran                                                  ',59.0,b'A',2004-06-06 08:32:36.000000000,b'1',2.753,77.12,b'1',b'ARGOS   ',209.4,13.798,35.096
57,20,b'2900229 ',b'Argo INDIA                                                      ',b'M Ravichandran                                                  ',59.0,b'A',2004-06-06 08:32:36.000000000,b'1',2.753,77.12,b'1',b'ARGOS   ',229.0,13.399,35.137
57,21,b'2900229 ',b'Argo INDIA                                                      ',b'M Ravichandran                                                  ',59.0,b'A',2004-06-06 08:32:36.000000000,b'1',2.753,77.12,b'1',b'ARGOS   ',249.4,12.981,35.146
57,22,b'2900229 ',b'Argo INDIA                                                      ',b'M Ravichandran                                                  ',59.0,b'A',2004-06-06 08:32:36.000000000,b'1',2.753,77.12,b'1',b'ARGOS   ',299.3,11.988,35.102
57,23,b'2900229 ',b'Argo INDIA                                                      ',b'M Ravichandran                                                  ',59.0,b'A',2004-06-06 08:32:36.000000000,b'1',2.753,77.12,b'1',b'ARGOS   ',349.2,11.458,35.064
57,24,b'2900229 ',b'Argo INDIA                                                      ',b'M Ravichandran                                                  ',59.0,b'A',2004-06-06 08:32:36.000000000,b'1',2.753,77.12,b'1',b'ARGOS   ',399.3,11.093,35.066
57,25,b'2900229 ',b'Argo INDIA                                                      ',b'M Ravichandran                                                  ',59.0,b'A',2004-06-06 08:32:36.000000000,b'1',2.753,77.12,b'1',b'ARGOS   ',449.5,10.678,35.073
57,26,b'2900229 ',b'Argo INDIA                                                      ',b'M Ravichandran                                                  ',59.0,b'A',2004-06-06 08:32:36.000000000,b'1',2.753,77.12,b'1',b'ARGOS   ',499.2,10.309,35.058
57,27,b'2900229 ',b'Argo INDIA                                                      ',b'M Ravichandran                                                  ',59.0,b'A',2004-06-06 08:32:36.000000000,b'1',2.753,77.12,b'1',b'ARGOS   ',599.1,9.642,35.032
57,28,b'2900229 ',b'Argo INDIA                                                      ',b'M Ravichandran                                                  ',59.0,b'A',2004-06-06 08:32:36.000000000,b'1',2.753,77.12,b'1',b'ARGOS   ',699.3,8.968,35.03
57,29,b'2900229 ',b'Argo INDIA                                                      ',b'M Ravichandran                                                  ',59.0,b'A',2004-06-06 08:32:36.000000000,b'1',2.753,77.12,b'1',b'ARGOS   ',799.3,8.061,34.991
57,30,b'2900229 ',b'Argo INDIA                                                      ',b'M Ravichandran                                                  ',59.0,b'A',2004-06-06 08:32:36.000000000,b'1',2.753,77.12,b'1',b'ARGOS   ',899.4,7.585,34.994
57,31,b'2900229 ',b'Argo INDIA                                                      ',b'M Ravichandran                                                  ',59.0,b'A',2004-06-06 08:32:36.000000000,b'1',2.753,77.12,b'1',b'ARGOS   ',999.4,6.918,34.958
57,32,b'2900229 ',b'Argo INDIA                                                      ',b'M Ravichandran                                                  ',59.0,b'A',2004-06-06 08:32:36.000000000,b'1',2.753,77.12,b'1',b'ARGOS   ',1099.1,6.216,34.919
57,33,b'2900229 ',b'Argo INDIA                                                      ',b'M Ravichandran                                                  ',59.0,b'A',2004-06-06 08:32:36.000000000,b'1',2.753,77.12,b'1',b'ARGOS   ',1198.8,5.884,34.907
57,34,b'2900229 ',b'Argo INDIA                                                      ',b'M Ravichandran                                                  ',59.0,b'A',2004-06-06 08:32:36.000000000,b'1',2.753,77.12,b'1',b'ARGOS   ',1299.5,5.397,34.896
57,35,b'2900229 ',b'Argo INDIA                                                      ',b'M Ravichandran                                                  ',59.0,b'A',2004-06-06 08:32:36.000000000,b'1',2.753,77.12,b'1',b'ARGOS   ',1399.5,4.913,34.874
57,36,b'2900229 ',b'Argo INDIA                                                      ',b'M Ravichandran                                                  ',59.0,b'A',2004-06-06 08:32:36.000000000,b'1',2.753,77.12,b'1',b'ARGOS   ',1499.2,4.569,34.861
57,37,b'2900229 ',b'Argo INDIA                                                      ',b'M Ravichandran                                                  ',59.0,b'A',2004-06-06 08:32:36.000000000,b'1',2.753,77.12,b'1',b'ARGOS   ',1599.2,3.97,34.835
57,38,b'2900229 ',b'Argo INDIA                                                      ',b'M Ravichandran                                                  ',59.0,b'A',2004-06-06 08:32:36.000000000,b'1',2.753,77.12,b'1',b'ARGOS   ',1699.3,3.585,34.817
57,39,b'2900229 ',b'Argo INDIA                                                      ',b'M Ravichandran                                                  ',59.0,b'A',2004-06-06 08:32:36.000000000,b'1',2.753,77.12,b'1',b'ARGOS   ',1799.5,3.099,34.794
57,40,b'2900229 ',b'Argo INDIA                                                      ',b'M Ravichandran                                                  ',59.0,b'A',2004-06-06 08:32:36.000000000,b'1',2.753,77.12,b'1',b'ARGOS   ',1899.3,2.899,34.785
57,41,b'2900229 ',b'Argo INDIA                                                      ',b'M Ravichandran                                                  ',59.0,b'A',2004-06-06 08:32:36.000000000,b'1',2.753,77.12,b'1',b'ARGOS   ',1999.3,2.667,34.774
57,42,b'2900229 ',b'Argo INDIA                                                      ',b'M Ravichandran                                                  ',59.0,b'A',2004-06-06 08:32:36.000000000,b'1',2.753,77.12,b'1',b'ARGOS   ',,,
57,43,b'2900229 ',b'Argo INDIA                                                      ',b'M Ravichandran                                                  ',59.0,b'A',2004-06-06 08:32:36.000000000,b'1',2.753,77.12,b'1',b'ARGOS   ',,,
57,44,b'2900229 ',b'Argo INDIA                                                      ',b'M Ravichandran                                                  ',59.0,b'A',2004-06-06 08:32:36.000000000,b'1',2.753,77.12,b'1',b'ARGOS   ',,,
58,0,b'2900229 ',b'Argo INDIA                                                      ',b'M Ravichandran                                                  ',60.0,b'A',2004-06-16 08:41:35.000000000,b'1',3.215,77.647,b'1',b'ARGOS   ',20.1,28.855,34.214
58,1,b'2900229 ',b'Argo INDIA                                                      ',b'M Ravichandran                                                  ',60.0,b'A',2004-06-16 08:41:35.000000000,b'1',3.215,77.647,b'1',b'ARGOS   ',24.5,28.563,34.212
58,2,b'2900229 ',b'Argo INDIA                                                      ',b'M Ravichandran                                                  ',60.0,b'A',2004-06-16 08:41:35.000000000,b'1',3.215,77.647,b'1',b'ARGOS   ',29.2,28.515,34.217
58,3,b'2900229 ',b'Argo INDIA                                                      ',b'M Ravichandran                                                  ',60.0,b'A',2004-06-16 08:41:35.000000000,b'1',3.215,77.647,b'1',b'ARGOS   ',34.3,28.493,34.233
58,4,b'2900229 ',b'Argo INDIA                                                      ',b'M Ravichandran                                                  ',60.0,b'A',2004-06-16 08:41:35.000000000,b'1',3.215,77.647,b'1',b'ARGOS   ',39.3,28.49,34.253
58,5,b'2900229 ',b'Argo INDIA                                                      ',b'M Ravichandran                                                  ',60.0,b'A',2004-06-16 08:41:35.000000000,b'1',3.215,77.647,b'1',b'ARGOS   ',44.6,28.518,34.305
58,6,b'2900229 ',b'Argo INDIA                                                      ',b'M Ravichandran                                                  ',60.0,b'A',2004-06-16 08:41:35.000000000,b'1',3.215,77.647,b'1',b'ARGOS   ',49.4,28.52,34.369
58,7,b'2900229 ',b'Argo INDIA                                                      ',b'M Ravichandran                                                  ',60.0,b'A',2004-06-16 08:41:35.000000000,b'1',3.215,77.647,b'1',b'ARGOS   ',59.3,28.349,34.426
58,8,b'2900229 ',b'Argo INDIA                                                      ',b'M Ravichandran                                                  ',60.0,b'A',2004-06-16 08:41:35.000000000,b'1',3.215,77.647,b'1',b'ARGOS   ',69.0,28.191,34.388
58,9,b'2900229 ',b'Argo INDIA                                                      ',b'M Ravichandran                                                  ',60.0,b'A',2004-06-16 08:41:35.000000000,b'1',3.215,77.647,b'1',b'ARGOS   ',79.2,28.107,34.381
58,10,b'2900229 ',b'Argo INDIA                                                      ',b'M Ravichandran                                                  ',60.0,b'A',2004-06-16 08:41:35.000000000,b'1',3.215,77.647,b'1',b'ARGOS   ',89.7,27.596,34.318
58,11,b'2900229 ',b'Argo INDIA                                                      ',b'M Ravichandran                                                  ',60.0,b'A',2004-06-16 08:41:35.000000000,b'1',3.215,77.647,b'1',b'ARGOS   ',99.6,25.15,34.928
58,12,b'2900229 ',b'Argo INDIA                                                      ',b'M Ravichandran                                                  ',60.0,b'A',2004-06-16 08:41:35.000000000,b'1',3.215,77.647,b'1',b'ARGOS   ',109.7,22.609,34.832
58,13,b'2900229 ',b'Argo INDIA                                                      ',b'M Ravichandran                                                  ',60.0,b'A',2004-06-16 08:41:35.000000000,b'1',3.215,77.647,b'1',b'ARGOS   ',119.1,22.372,35.266
58,14,b'2900229 ',b'Argo INDIA                                                      ',b'M Ravichandran                                                  ',60.0,b'A',2004-06-16 08:41:35.000000000,b'1',3.215,77.647,b'1',b'ARGOS   ',129.6,20.976,35.018
58,15,b'2900229 ',b'Argo INDIA                                                      ',b'M Ravichandran                                                  ',60.0,b'A',2004-06-16 08:41:35.000000000,b'1',3.215,77.647,b'1',b'ARGOS   ',139.6,18.405,34.859
58,16,b'2900229 ',b'Argo INDIA                                                      ',b'M Ravichandran                                                  ',60.0,b'A',2004-06-16 08:41:35.000000000,b'1',3.215,77.647,b'1',b'ARGOS   ',149.7,16.675,34.907
58,17,b'2900229 ',b'Argo INDIA                                                      ',b'M Ravichandran                                                  ',60.0,b'A',2004-06-16 08:41:35.000000000,b'1',3.215,77.647,b'1',b'ARGOS   ',169.5,15.014,34.976
58,18,b'2900229 ',b'Argo INDIA                                                      ',b'M Ravichandran                                                  ',60.0,b'A',2004-06-16 08:41:35.000000000,b'1',3.215,77.647,b'1',b'ARGOS   ',189.6,14.454,35.093
58,19,b'2900229 ',b'Argo INDIA                                                      ',b'M Ravichandran                                                  ',60.0,b'A',2004-06-16 08:41:35.000000000,b'1',3.215,77.647,b'1',b'ARGOS   ',208.9,13.899,35.096
58,20,b'2900229 ',b'Argo INDIA                                                      ',b'M Ravichandran                                                  ',60.0,b'A',2004-06-16 08:41:35.000000000,b'1',3.215,77.647,b'1',b'ARGOS   ',229.3,13.485,35.083
58,21,b'2900229 ',b'Argo INDIA                                                      ',b'M Ravichandran                                                  ',60.0,b'A',2004-06-16 08:41:35.000000000,b'1',3.215,77.647,b'1',b'ARGOS   ',249.4,13.163,35.087
58,22,b'2900229 ',b'Argo INDIA                                                      ',b'M Ravichandran                                                  ',60.0,b'A',2004-06-16 08:41:35.000000000,b'1',3.215,77.647,b'1',b'ARGOS   ',299.4,12.44,35.108
58,23,b'2900229 ',b'Argo INDIA                                                      ',b'M Ravichandran                                                  ',60.0,b'A',2004-06-16 08:41:35.000000000,b'1',3.215,77.647,b'1',b'ARGOS   ',349.5,11.747,35.084
58,24,b'2900229 ',b'Argo INDIA                                                      ',b'M Ravichandran                                                  ',60.0,b'A',2004-06-16 08:41:35.000000000,b'1',3.215,77.647,b'1',b'ARGOS   ',399.3,11.263,35.063
58,25,b'2900229 ',b'Argo INDIA                                                      ',b'M Ravichandran                                                  ',60.0,b'A',2004-06-16 08:41:35.000000000,b'1',3.215,77.647,b'1',b'ARGOS   ',449.3,10.803,35.065
58,26,b'2900229 ',b'Argo INDIA                                                      ',b'M Ravichandran                                                  ',60.0,b'A',2004-06-16 08:41:35.000000000,b'1',3.215,77.647,b'1',b'ARGOS   ',499.2,10.267,35.045
58,27,b'2900229 ',b'Argo INDIA                                                      ',b'M Ravichandran                                                  ',60.0,b'A',2004-06-16 08:41:35.000000000,b'1',3.215,77.647,b'1',b'ARGOS   ',599.2,9.598,35.036
58,28,b'2900229 ',b'Argo INDIA                                                      ',b'M Ravichandran                                                  ',60.0,b'A',2004-06-16 08:41:35.000000000,b'1',3.215,77.647,b'1',b'ARGOS   ',699.5,8.708,35.017
58,29,b'2900229 ',b'Argo INDIA                                                      ',b'M Ravichandran                                                  ',60.0,b'A',2004-06-16 08:41:35.000000000,b'1',3.215,77.647,b'1',b'ARGOS   ',799.3,8.095,35.013
58,30,b'2900229 ',b'Argo INDIA                                                      ',b'M Ravichandran                                                  ',60.0,b'A',2004-06-16 08:41:35.000000000,b'1',3.215,77.647,b'1',b'ARGOS   ',899.1,7.451,34.985
58,31,b'2900229 ',b'Argo INDIA                                                      ',b'M Ravichandran                                                  ',60.0,b'A',2004-06-16 08:41:35.000000000,b'1',3.215,77.647,b'1',b'ARGOS   ',999.3,6.921,34.963
58,32,b'2900229 ',b'Argo INDIA                                                      ',b'M Ravichandran                                                  ',60.0,b'A',2004-06-16 08:41:35.000000000,b'1',3.215,77.647,b'1',b'ARGOS   ',1099.3,6.47,34.94
58,33,b'2900229 ',b'Argo INDIA                                                      ',b'M Ravichandran                                                  ',60.0,b'A',2004-06-16 08:41:35.000000000,b'1',3.215,77.647,b'1',b'ARGOS   ',1199.1,5.871,34.906
58,34,b'2900229 ',b'Argo INDIA                                                      ',b'M Ravichandran                                                  ',60.0,b'A',2004-06-16 08:41:35.000000000,b'1',3.215,77.647,b'1',b'ARGOS   ',1299.2,5.342,34.887
58,35,b'2900229 ',b'Argo INDIA                                                      ',b'M Ravichandran                                                  ',60.0,b'A',2004-06-16 08:41:35.000000000,b'1',3.215,77.647,b'1',b'ARGOS   ',1399.1,5.062,34.88
58,36,b'2900229 ',b'Argo INDIA                                                      ',b'M Ravichandran                                                  ',60.0,b'A',2004-06-16 08:41:35.000000000,b'1',3.215,77.647,b'1',b'ARGOS   ',1499.4,4.572,34.861
58,37,b'2900229 ',b'Argo INDIA                                                      ',b'M Ravichandran                                                  ',60.0,b'A',2004-06-16 08:41:35.000000000,b'1',3.215,77.647,b'1',b'ARGOS   ',1599.5,3.88,34.831
58,38,b'2900229 ',b'Argo INDIA                                                      ',b'M Ravichandran                                                  ',60.0,b'A',2004-06-16 08:41:35.000000000,b'1',3.215,77.647,b'1',b'ARGOS   ',1699.2,3.427,34.808
58,39,b'2900229 ',b'Argo INDIA                                                      ',b'M Ravichandran                                                  ',60.0,b'A',2004-06-16 08:41:35.000000000,b'1',3.215,77.647,b'1',b'ARGOS   ',1799.2,3.23,34.8
58,40,b'2900229 ',b'Argo INDIA                                                      ',b'M Ravichandran                                                  ',60.0,b'A',2004-06-16 08:41:35.000000000,b'1',3.215,77.647,b'1',b'ARGOS   ',1899.1,3.041,34.791
58,41,b'2900229 ',b'Argo INDIA                                                      ',b'M Ravichandran                                                  ',60.0,b'A',2004-06-16 08:41:35.000000000,b'1',3.215,77.647,b'1',b'ARGOS   ',1999.2,2.782,34.78
58,42,b'2900229 ',b'Argo INDIA                                                      ',b'M Ravichandran                                                  ',60.0,b'A',2004-06-16 08:41:35.000000000,b'1',3.215,77.647,b'1',b'ARGOS   ',,,
58,43,b'2900229 ',b'Argo INDIA                                                      ',b'M Ravichandran                                                  ',60.0,b'A',2004-06-16 08:41:35.000000000,b'1',3.215,77.647,b'1',b'ARGOS   ',,,
58,44,b'2900229 ',b'Argo INDIA                                                      ',b'M Ravichandran                                                  ',60.0,b'A',2004-06-16 08:41:35.000000000,b'1',3.215,77.647,b'1',b'ARGOS   ',,,
59,0,b'2900229 ',b'Argo INDIA                                                      ',b'M Ravichandran                                                  ',61.0,b'A',2004-06-26 08:41:32.000000000,b'1',3.425,77.743,b'1',b'ARGOS   ',20.0,29.215,34.885
59,1,b'2900229 ',b'Argo INDIA                                                      ',b'M Ravichandran                                                  ',61.0,b'A',2004-06-26 08:41:32.000000000,b'1',3.425,77.743,b'1',b'ARGOS   ',24.5,29.109,34.893
59,2,b'2900229 ',b'Argo INDIA                                                      ',b'M Ravichandran                                                  ',61.0,b'A',2004-06-26 08:41:32.000000000,b'1',3.425,77.743,b'1',b'ARGOS   ',29.1,29.079,34.892
59,3,b'2900229 ',b'Argo INDIA                                                      ',b'M Ravichandran                                                  ',61.0,b'A',2004-06-26 08:41:32.000000000,b'1',3.425,77.743,b'1',b'ARGOS   ',34.1,29.066,34.891
59,4,b'2900229 ',b'Argo INDIA                                                      ',b'M Ravichandran                                                  ',61.0,b'A',2004-06-26 08:41:32.000000000,b'1',3.425,77.743,b'1',b'ARGOS   ',39.3,29.067,34.895
59,5,b'2900229 ',b'Argo INDIA                                                      ',b'M Ravichandran                                                  ',61.0,b'A',2004-06-26 08:41:32.000000000,b'1',3.425,77.743,b'1',b'ARGOS   ',43.9,29.07,34.899
59,6,b'2900229 ',b'Argo INDIA                                                      ',b'M Ravichandran                                                  ',61.0,b'A',2004-06-26 08:41:32.000000000,b'1',3.425,77.743,b'1',b'ARGOS   ',49.1,29.061,34.9
59,7,b'2900229 ',b'Argo INDIA                                                      ',b'M Ravichandran                                                  ',61.0,b'A',2004-06-26 08:41:32.000000000,b'1',3.425,77.743,b'1',b'ARGOS   ',59.0,29.077,34.916
59,8,b'2900229 ',b'Argo INDIA                                                      ',b'M Ravichandran                                                  ',61.0,b'A',2004-06-26 08:41:32.000000000,b'1',3.425,77.743,b'1',b'ARGOS   ',69.3,29.108,34.942
59,9,b'2900229 ',b'Argo INDIA                                                      ',b'M Ravichandran                                                  ',61.0,b'A',2004-06-26 08:41:32.000000000,b'1',3.425,77.743,b'1',b'ARGOS   ',79.1,29.132,34.988
59,10,b'2900229 ',b'Argo INDIA                                                      ',b'M Ravichandran                                                  ',61.0,b'A',2004-06-26 08:41:32.000000000,b'1',3.425,77.743,b'1',b'ARGOS   ',89.4,28.945,35.08
59,11,b'2900229 ',b'Argo INDIA                                                      ',b'M Ravichandran                                                  ',61.0,b'A',2004-06-26 08:41:32.000000000,b'1',3.425,77.743,b'1',b'ARGOS   ',99.4,28.836,35.091
59,12,b'2900229 ',b'Argo INDIA                                                      ',b'M Ravichandran                                                  ',61.0,b'A',2004-06-26 08:41:32.000000000,b'1',3.425,77.743,b'1',b'ARGOS   ',109.2,28.767,35.087
59,13,b'2900229 ',b'Argo INDIA                                                      ',b'M Ravichandran                                                  ',61.0,b'A',2004-06-26 08:41:32.000000000,b'1',3.425,77.743,b'1',b'ARGOS   ',119.4,28.692,35.124
59,14,b'2900229 ',b'Argo INDIA                                                      ',b'M Ravichandran                                                  ',61.0,b'A',2004-06-26 08:41:32.000000000,b'1',3.425,77.743,b'1',b'ARGOS   ',129.6,27.407,35.192
59,15,b'2900229 ',b'Argo INDIA                                                      ',b'M Ravichandran                                                  ',61.0,b'A',2004-06-26 08:41:32.000000000,b'1',3.425,77.743,b'1',b'ARGOS   ',139.5,25.192,35.204
59,16,b'2900229 ',b'Argo INDIA                                                      ',b'M Ravichandran                                                  ',61.0,b'A',2004-06-26 08:41:32.000000000,b'1',3.425,77.743,b'1',b'ARGOS   ',149.9,21.918,35.225
59,17,b'2900229 ',b'Argo INDIA                                                      ',b'M Ravichandran                                                  ',61.0,b'A',2004-06-26 08:41:32.000000000,b'1',3.425,77.743,b'1',b'ARGOS   ',169.6,17.841,35.174
59,18,b'2900229 ',b'Argo INDIA                                                      ',b'M Ravichandran                                                  ',61.0,b'A',2004-06-26 08:41:32.000000000,b'1',3.425,77.743,b'1',b'ARGOS   ',189.4,16.726,35.145
59,19,b'2900229 ',b'Argo INDIA                                                      ',b'M Ravichandran                                                  ',61.0,b'A',2004-06-26 08:41:32.000000000,b'1',3.425,77.743,b'1',b'ARGOS   ',209.5,15.738,35.105
59,20,b'2900229 ',b'Argo INDIA                                                      ',b'M Ravichandran                                                  ',61.0,b'A',2004-06-26 08:41:32.000000000,b'1',3.425,77.743,b'1',b'ARGOS   ',229.1,14.164,35.113
59,21,b'2900229 ',b'Argo INDIA                                                      ',b'M Ravichandran                                                  ',61.0,b'A',2004-06-26 08:41:32.000000000,b'1',3.425,77.743,b'1',b'ARGOS   ',249.3,13.729,35.09
59,22,b'2900229 ',b'Argo INDIA                                                      ',b'M Ravichandran                                                  ',61.0,b'A',2004-06-26 08:41:32.000000000,b'1',3.425,77.743,b'1',b'ARGOS   ',299.7,12.486,35.117
59,23,b'2900229 ',b'Argo INDIA                                                      ',b'M Ravichandran                                                  ',61.0,b'A',2004-06-26 08:41:32.000000000,b'1',3.425,77.743,b'1',b'ARGOS   ',349.3,11.578,35.079
59,24,b'2900229 ',b'Argo INDIA                                                      ',b'M Ravichandran                                                  ',61.0,b'A',2004-06-26 08:41:32.000000000,b'1',3.425,77.743,b'1',b'ARGOS   ',399.4,10.968,35.058
59,25,b'2900229 ',b'Argo INDIA                                                      ',b'M Ravichandran                                                  ',61.0,b'A',2004-06-26 08:41:32.000000000,b'1',3.425,77.743,b'1',b'ARGOS   ',449.5,10.572,35.067
59,26,b'2900229 ',b'Argo INDIA                                                      ',b'M Ravichandran                                                  ',61.0,b'A',2004-06-26 08:41:32.000000000,b'1',3.425,77.743,b'1',b'ARGOS   ',499.1,10.26,35.056
59,27,b'2900229 ',b'Argo INDIA                                                      ',b'M Ravichandran                                                  ',61.0,b'A',2004-06-26 08:41:32.000000000,b'1',3.425,77.743,b'1',b'ARGOS   ',598.9,9.376,35.026
59,28,b'2900229 ',b'Argo INDIA                                                      ',b'M Ravichandran                                                  ',61.0,b'A',2004-06-26 08:41:32.000000000,b'1',3.425,77.743,b'1',b'ARGOS   ',699.2,8.797,35.01
59,29,b'2900229 ',b'Argo INDIA                                                      ',b'M Ravichandran                                                  ',61.0,b'A',2004-06-26 08:41:32.000000000,b'1',3.425,77.743,b'1',b'ARGOS   ',799.0,8.197,34.998
59,30,b'2900229 ',b'Argo INDIA                                                      ',b'M Ravichandran                                                  ',61.0,b'A',2004-06-26 08:41:32.000000000,b'1',3.425,77.743,b'1',b'ARGOS   ',899.2,7.636,34.973
59,31,b'2900229 ',b'Argo INDIA                                                      ',b'M Ravichandran                                                  ',61.0,b'A',2004-06-26 08:41:32.000000000,b'1',3.425,77.743,b'1',b'ARGOS   ',999.0,7.078,34.97
59,32,b'2900229 ',b'Argo INDIA                                                      ',b'M Ravichandran                                                  ',61.0,b'A',2004-06-26 08:41:32.000000000,b'1',3.425,77.743,b'1',b'ARGOS   ',1099.3,6.316,34.928
59,33,b'2900229 ',b'Argo INDIA                                                      ',b'M Ravichandran                                                  ',61.0,b'A',2004-06-26 08:41:32.000000000,b'1',3.425,77.743,b'1',b'ARGOS   ',1198.9,5.865,34.906
59,34,b'2900229 ',b'Argo INDIA                                                      ',b'M Ravichandran                                                  ',61.0,b'A',2004-06-26 08:41:32.000000000,b'1',3.425,77.743,b'1',b'ARGOS   ',1299.4,5.279,34.886
59,35,b'2900229 ',b'Argo INDIA                                                      ',b'M Ravichandran                                                  ',61.0,b'A',2004-06-26 08:41:32.000000000,b'1',3.425,77.743,b'1',b'ARGOS   ',1399.0,4.831,34.872
59,36,b'2900229 ',b'Argo INDIA                                                      ',b'M Ravichandran                                                  ',61.0,b'A',2004-06-26 08:41:32.000000000,b'1',3.425,77.743,b'1',b'ARGOS   ',1499.4,4.237,34.848
59,37,b'2900229 ',b'Argo INDIA                                                      ',b'M Ravichandran                                                  ',61.0,b'A',2004-06-26 08:41:32.000000000,b'1',3.425,77.743,b'1',b'ARGOS   ',1599.5,3.868,34.83
59,38,b'2900229 ',b'Argo INDIA                                                      ',b'M Ravichandran                                                  ',61.0,b'A',2004-06-26 08:41:32.000000000,b'1',3.425,77.743,b'1',b'ARGOS   ',1699.2,3.505,34.811
59,39,b'2900229 ',b'Argo INDIA                                                      ',b'M Ravichandran                                                  ',61.0,b'A',2004-06-26 08:41:32.000000000,b'1',3.425,77.743,b'1',b'ARGOS   ',1799.3,3.166,34.797
59,40,b'2900229 ',b'Argo INDIA                                                      ',b'M Ravichandran                                                  ',61.0,b'A',2004-06-26 08:41:32.000000000,b'1',3.425,77.743,b'1',b'ARGOS   ',1899.4,2.898,34.785
59,41,b'2900229 ',b'Argo INDIA                                                      ',b'M Ravichandran                                                  ',61.0,b'A',2004-06-26 08:41:32.000000000,b'1',3.425,77.743,b'1',b'ARGOS   ',1998.9,2.734,34.778
59,42,b'2900229 ',b'Argo INDIA                                                      ',b'M Ravichandran                                                  ',61.0,b'A',2004-06-26 08:41:32.000000000,b'1',3.425,77.743,b'1',b'ARGOS   ',,,
59,43,b'2900229 ',b'Argo INDIA                                                      ',b'M Ravichandran                                                  ',61.0,b'A',2004-06-26 08:41:32.000000000,b'1',3.425,77.743,b'1',b'ARGOS   ',,,
59,44,b'2900229 ',b'Argo INDIA                                                      ',b'M Ravichandran                                                  ',61.0,b'A',2004-06-26 08:41:32.000000000,b'1',3.425,77.743,b'1',b'ARGOS   ',,,
60,0,b'2900229 ',b'Argo INDIA                                                      ',b'M Ravichandran                                                  ',62.0,b'A',2004-07-06 08:46:39.000000000,b'1',3.495,77.699,b'1',b'ARGOS   ',20.1,28.584,34.965
60,1,b'2900229 ',b'Argo INDIA                                                      ',b'M Ravichandran                                                  ',62.0,b'A',2004-07-06 08:46:39.000000000,b'1',3.495,77.699,b'1',b'ARGOS   ',24.4,28.586,34.967
60,2,b'2900229 ',b'Argo INDIA                                                      ',b'M Ravichandran                                                  ',62.0,b'A',2004-07-06 08:46:39.000000000,b'1',3.495,77.699,b'1',b'ARGOS   ',29.1,28.592,34.964
60,3,b'2900229 ',b'Argo INDIA                                                      ',b'M Ravichandran                                                  ',62.0,b'A',2004-07-06 08:46:39.000000000,b'1',3.495,77.699,b'1',b'ARGOS   ',34.3,28.595,34.965
60,4,b'2900229 ',b'Argo INDIA                                                      ',b'M Ravichandran                                                  ',62.0,b'A',2004-07-06 08:46:39.000000000,b'1',3.495,77.699,b'1',b'ARGOS   ',39.4,28.59,34.964
60,5,b'2900229 ',b'Argo INDIA                                                      ',b'M Ravichandran                                                  ',62.0,b'A',2004-07-06 08:46:39.000000000,b'1',3.495,77.699,b'1',b'ARGOS   ',44.2,28.605,34.968
60,6,b'2900229 ',b'Argo INDIA                                                      ',b'M Ravichandran                                                  ',62.0,b'A',2004-07-06 08:46:39.000000000,b'1',3.495,77.699,b'1',b'ARGOS   ',49.4,28.601,34.964
60,7,b'2900229 ',b'Argo INDIA                                                      ',b'M Ravichandran                                                  ',62.0,b'A',2004-07-06 08:46:39.000000000,b'1',3.495,77.699,b'1',b'ARGOS   ',59.3,28.612,34.972
60,8,b'2900229 ',b'Argo INDIA                                                      ',b'M Ravichandran                                                  ',62.0,b'A',2004-07-06 08:46:39.000000000,b'1',3.495,77.699,b'1',b'ARGOS   ',69.3,28.625,34.991
60,9,b'2900229 ',b'Argo INDIA                                                      ',b'M Ravichandran                                                  ',62.0,b'A',2004-07-06 08:46:39.000000000,b'1',3.495,77.699,b'1',b'ARGOS   ',79.2,28.243,34.968
60,10,b'2900229 ',b'Argo INDIA                                                      ',b'M Ravichandran                                                  ',62.0,b'A',2004-07-06 08:46:39.000000000,b'1',3.495,77.699,b'1',b'ARGOS   ',89.6,27.596,35.189
60,11,b'2900229 ',b'Argo INDIA                                                      ',b'M Ravichandran                                                  ',62.0,b'A',2004-07-06 08:46:39.000000000,b'1',3.495,77.699,b'1',b'ARGOS   ',99.3,24.878,35.196
60,12,b'2900229 ',b'Argo INDIA                                                      ',b'M Ravichandran                                                  ',62.0,b'A',2004-07-06 08:46:39.000000000,b'1',3.495,77.699,b'1',b'ARGOS   ',109.6,23.634,35.171
60,13,b'2900229 ',b'Argo INDIA                                                      ',b'M Ravichandran                                                  ',62.0,b'A',2004-07-06 08:46:39.000000000,b'1',3.495,77.699,b'1',b'ARGOS   ',119.5,22.242,35.204
60,14,b'2900229 ',b'Argo INDIA                                                      ',b'M Ravichandran                                                  ',62.0,b'A',2004-07-06 08:46:39.000000000,b'1',3.495,77.699,b'1',b'ARGOS   ',129.2,21.007,35.227
60,15,b'2900229 ',b'Argo INDIA                                                      ',b'M Ravichandran                                                  ',62.0,b'A',2004-07-06 08:46:39.000000000,b'1',3.495,77.699,b'1',b'ARGOS   ',139.2,20.512,35.222
60,16,b'2900229 ',b'Argo INDIA                                                      ',b'M Ravichandran                                                  ',62.0,b'A',2004-07-06 08:46:39.000000000,b'1',3.495,77.699,b'1',b'ARGOS   ',149.3,19.918,35.234
60,17,b'2900229 ',b'Argo INDIA                                                      ',b'M Ravichandran                                                  ',62.0,b'A',2004-07-06 08:46:39.000000000,b'1',3.495,77.699,b'1',b'ARGOS   ',169.4,18.528,35.245
60,18,b'2900229 ',b'Argo INDIA                                                      ',b'M Ravichandran                                                  ',62.0,b'A',2004-07-06 08:46:39.000000000,b'1',3.495,77.699,b'1',b'ARGOS   ',189.5,17.411,35.197
60,19,b'2900229 ',b'Argo INDIA                                                      ',b'M Ravichandran                                                  ',62.0,b'A',2004-07-06 08:46:39.000000000,b'1',3.495,77.699,b'1',b'ARGOS   ',209.5,15.572,35.153
60,20,b'2900229 ',b'Argo INDIA                                                      ',b'M Ravichandran                                                  ',62.0,b'A',2004-07-06 08:46:39.000000000,b'1',3.495,77.699,b'1',b'ARGOS   ',229.2,14.856,35.144
60,21,b'2900229 ',b'Argo INDIA                                                      ',b'M Ravichandran                                                  ',62.0,b'A',2004-07-06 08:46:39.000000000,b'1',3.495,77.699,b'1',b'ARGOS   ',249.4,13.564,35.106
60,22,b'2900229 ',b'Argo INDIA                                                      ',b'M Ravichandran                                                  ',62.0,b'A',2004-07-06 08:46:39.000000000,b'1',3.495,77.699,b'1',b'ARGOS   ',299.2,12.746,35.118
60,23,b'2900229 ',b'Argo INDIA                                                      ',b'M Ravichandran                                                  ',62.0,b'A',2004-07-06 08:46:39.000000000,b'1',3.495,77.699,b'1',b'ARGOS   ',349.5,11.722,35.082
60,24,b'2900229 ',b'Argo INDIA                                                      ',b'M Ravichandran                                                  ',62.0,b'A',2004-07-06 08:46:39.000000000,b'1',3.495,77.699,b'1',b'ARGOS   ',399.4,11.086,35.061
60,25,b'2900229 ',b'Argo INDIA                                                      ',b'M Ravichandran                                                  ',62.0,b'A',2004-07-06 08:46:39.000000000,b'1',3.495,77.699,b'1',b'ARGOS   ',449.6,10.694,35.061
60,26,b'2900229 ',b'Argo INDIA                                                      ',b'M Ravichandran                                                  ',62.0,b'A',2004-07-06 08:46:39.000000000,b'1',3.495,77.699,b'1',b'ARGOS   ',499.3,10.309,35.06
60,27,b'2900229 ',b'Argo INDIA                                                      ',b'M Ravichandran                                                  ',62.0,b'A',2004-07-06 08:46:39.000000000,b'1',3.495,77.699,b'1',b'ARGOS   ',599.2,9.354,35.026
60,28,b'2900229 ',b'Argo INDIA                                                      ',b'M Ravichandran                                                  ',62.0,b'A',2004-07-06 08:46:39.000000000,b'1',3.495,77.699,b'1',b'ARGOS   ',699.5,8.686,35.007
60,29,b'2900229 ',b'Argo INDIA                                                      ',b'M Ravichandran                                                  ',62.0,b'A',2004-07-06 08:46:39.000000000,b'1',3.495,77.699,b'1',b'ARGOS   ',799.2,7.943,35.007
60,30,b'2900229 ',b'Argo INDIA                                                      ',b'M Ravichandran                                                  ',62.0,b'A',2004-07-06 08:46:39.000000000,b'1',3.495,77.699,b'1',b'ARGOS   ',899.3,7.382,34.967
60,31,b'2900229 ',b'Argo INDIA                                                      ',b'M Ravichandran                                                  ',62.0,b'A',2004-07-06 08:46:39.000000000,b'1',3.495,77.699,b'1',b'ARGOS   ',999.4,6.654,34.938
60,32,b'2900229 ',b'Argo INDIA                                                      ',b'M Ravichandran                                                  ',62.0,b'A',2004-07-06 08:46:39.000000000,b'1',3.495,77.699,b'1',b'ARGOS   ',1099.1,6.129,34.922
60,33,b'2900229 ',b'Argo INDIA                                                      ',b'M Ravichandran                                                  ',62.0,b'A',2004-07-06 08:46:39.000000000,b'1',3.495,77.699,b'1',b'ARGOS   ',1199.5,5.51,34.889
60,34,b'2900229 ',b'Argo INDIA                                                      ',b'M Ravichandran                                                  ',62.0,b'A',2004-07-06 08:46:39.000000000,b'1',3.495,77.699,b'1',b'ARGOS   ',1299.2,4.976,34.878
60,35,b'2900229 ',b'Argo INDIA                                                      ',b'M Ravichandran                                                  ',62.0,b'A',2004-07-06 08:46:39.000000000,b'1',3.495,77.699,b'1',b'ARGOS   ',1399.0,4.614,34.864
60,36,b'2900229 ',b'Argo INDIA                                                      ',b'M Ravichandran                                                  ',62.0,b'A',2004-07-06 08:46:39.000000000,b'1',3.495,77.699,b'1',b'ARGOS   ',1499.6,4.193,34.843
60,37,b'2900229 ',b'Argo INDIA                                                      ',b'M Ravichandran                                                  ',62.0,b'A',2004-07-06 08:46:39.000000000,b'1',3.495,77.699,b'1',b'ARGOS   ',1599.5,3.707,34.822
60,38,b'2900229 ',b'Argo INDIA                                                      ',b'M Ravichandran                                                  ',62.0,b'A',2004-07-06 08:46:39.000000000,b'1',3.495,77.699,b'1',b'ARGOS   ',1699.3,3.341,34.805
60,39,b'2900229 ',b'Argo INDIA                                                      ',b'M Ravichandran                                                  ',62.0,b'A',2004-07-06 08:46:39.000000000,b'1',3.495,77.699,b'1',b'ARGOS   ',1799.4,3.089,34.794
60,40,b'2900229 ',b'Argo INDIA                                                      ',b'M Ravichandran                                                  ',62.0,b'A',2004-07-06 08:46:39.000000000,b'1',3.495,77.699,b'1',b'ARGOS   ',1899.2,2.865,34.783
60,41,b'2900229 ',b'Argo INDIA                                                      ',b'M Ravichandran                                                  ',62.0,b'A',2004-07-06 08:46:39.000000000,b'1',3.495,77.699,b'1',b'ARGOS   ',1999.5,2.674,34.775
60,42,b'2900229 ',b'Argo INDIA                                                      ',b'M Ravichandran                                                  ',62.0,b'A',2004-07-06 08:46:39.000000000,b'1',3.495,77.699,b'1',b'ARGOS   ',,,
60,43,b'2900229 ',b'Argo INDIA                                                      ',b'M Ravichandran                                                  ',62.0,b'A',2004-07-06 08:46:39.000000000,b'1',3.495,77.699,b'1',b'ARGOS   ',,,
60,44,b'2900229 ',b'Argo INDIA                                                      ',b'M Ravichandran                                                  ',62.0,b'A',2004-07-06 08:46:39.000000000,b'1',3.495,77.699,b'1',b'ARGOS   ',,,
61,0,b'2900229 ',b'Argo INDIA                                                      ',b'M Ravichandran                                                  ',63.0,b'A',2004-07-16 08:46:16.000000000,b'1',3.386,77.477,b'1',b'ARGOS   ',20.4,28.653,35.037
61,1,b'2900229 ',b'Argo INDIA                                                      ',b'M Ravichandran                                                  ',63.0,b'A',2004-07-16 08:46:16.000000000,b'1',3.386,77.477,b'1',b'ARGOS   ',24.3,28.641,35.037
61,2,b'2900229 ',b'Argo INDIA                                                      ',b'M Ravichandran                                                  ',63.0,b'A',2004-07-16 08:46:16.000000000,b'1',3.386,77.477,b'1',b'ARGOS   ',29.3,28.565,35.037
61,3,b'2900229 ',b'Argo INDIA                                                      ',b'M Ravichandran                                                  ',63.0,b'A',2004-07-16 08:46:16.000000000,b'1',3.386,77.477,b'1',b'ARGOS   ',34.3,28.539,35.038
61,4,b'2900229 ',b'Argo INDIA                                                      ',b'M Ravichandran                                                  ',63.0,b'A',2004-07-16 08:46:16.000000000,b'1',3.386,77.477,b'1',b'ARGOS   ',39.6,28.536,35.038
61,5,b'2900229 ',b'Argo INDIA                                                      ',b'M Ravichandran                                                  ',63.0,b'A',2004-07-16 08:46:16.000000000,b'1',3.386,77.477,b'1',b'ARGOS   ',44.2,28.53,35.039
61,6,b'2900229 ',b'Argo INDIA                                                      ',b'M Ravichandran                                                  ',63.0,b'A',2004-07-16 08:46:16.000000000,b'1',3.386,77.477,b'1',b'ARGOS   ',49.4,28.53,35.039
61,7,b'2900229 ',b'Argo INDIA                                                      ',b'M Ravichandran                                                  ',63.0,b'A',2004-07-16 08:46:16.000000000,b'1',3.386,77.477,b'1',b'ARGOS   ',59.5,28.527,35.042
61,8,b'2900229 ',b'Argo INDIA                                                      ',b'M Ravichandran                                                  ',63.0,b'A',2004-07-16 08:46:16.000000000,b'1',3.386,77.477,b'1',b'ARGOS   ',69.3,28.53,35.045
61,9,b'2900229 ',b'Argo INDIA                                                      ',b'M Ravichandran                                                  ',63.0,b'A',2004-07-16 08:46:16.000000000,b'1',3.386,77.477,b'1',b'ARGOS   ',79.5,28.528,35.048
61,10,b'2900229 ',b'Argo INDIA                                                      ',b'M Ravichandran                                                  ',63.0,b'A',2004-07-16 08:46:16.000000000,b'1',3.386,77.477,b'1',b'ARGOS   ',89.5,28.521,35.055
61,11,b'2900229 ',b'Argo INDIA                                                      ',b'M Ravichandran                                                  ',63.0,b'A',2004-07-16 08:46:16.000000000,b'1',3.386,77.477,b'1',b'ARGOS   ',99.5,28.462,35.067
61,12,b'2900229 ',b'Argo INDIA                                                      ',b'M Ravichandran                                                  ',63.0,b'A',2004-07-16 08:46:16.000000000,b'1',3.386,77.477,b'1',b'ARGOS   ',109.5,25.495,35.144
61,13,b'2900229 ',b'Argo INDIA                                                      ',b'M Ravichandran                                                  ',63.0,b'A',2004-07-16 08:46:16.000000000,b'1',3.386,77.477,b'1',b'ARGOS   ',119.7,22.964,35.114
61,14,b'2900229 ',b'Argo INDIA                                                      ',b'M Ravichandran                                                  ',63.0,b'A',2004-07-16 08:46:16.000000000,b'1',3.386,77.477,b'1',b'ARGOS   ',129.3,21.778,35.165
61,15,b'2900229 ',b'Argo INDIA                                                      ',b'M Ravichandran                                                  ',63.0,b'A',2004-07-16 08:46:16.000000000,b'1',3.386,77.477,b'1',b'ARGOS   ',139.6,20.389,35.225
61,16,b'2900229 ',b'Argo INDIA                                                      ',b'M Ravichandran                                                  ',63.0,b'A',2004-07-16 08:46:16.000000000,b'1',3.386,77.477,b'1',b'ARGOS   ',149.3,19.105,35.025
61,17,b'2900229 ',b'Argo INDIA                                                      ',b'M Ravichandran                                                  ',63.0,b'A',2004-07-16 08:46:16.000000000,b'1',3.386,77.477,b'1',b'ARGOS   ',169.5,17.655,35.168
61,18,b'2900229 ',b'Argo INDIA                                                      ',b'M Ravichandran                                                  ',63.0,b'A',2004-07-16 08:46:16.000000000,b'1',3.386,77.477,b'1',b'ARGOS   ',189.6,15.743,35.161
61,19,b'2900229 ',b'Argo INDIA                                                      ',b'M Ravichandran                                                  ',63.0,b'A',2004-07-16 08:46:16.000000000,b'1',3.386,77.477,b'1',b'ARGOS   ',209.4,14.593,35.134
61,20,b'2900229 ',b'Argo INDIA                                                      ',b'M Ravichandran                                                  ',63.0,b'A',2004-07-16 08:46:16.000000000,b'1',3.386,77.477,b'1',b'ARGOS   ',229.0,14.214,35.138
61,21,b'2900229 ',b'Argo INDIA                                                      ',b'M Ravichandran                                                  ',63.0,b'A',2004-07-16 08:46:16.000000000,b'1',3.386,77.477,b'1',b'ARGOS   ',249.0,13.797,35.132
61,22,b'2900229 ',b'Argo INDIA                                                      ',b'M Ravichandran                                                  ',63.0,b'A',2004-07-16 08:46:16.000000000,b'1',3.386,77.477,b'1',b'ARGOS   ',299.3,12.499,35.102
61,23,b'2900229 ',b'Argo INDIA                                                      ',b'M Ravichandran                                                  ',63.0,b'A',2004-07-16 08:46:16.000000000,b'1',3.386,77.477,b'1',b'ARGOS   ',349.6,11.684,35.078
61,24,b'2900229 ',b'Argo INDIA                                                      ',b'M Ravichandran                                                  ',63.0,b'A',2004-07-16 08:46:16.000000000,b'1',3.386,77.477,b'1',b'ARGOS   ',398.9,11.104,35.061
61,25,b'2900229 ',b'Argo INDIA                                                      ',b'M Ravichandran                                                  ',63.0,b'A',2004-07-16 08:46:16.000000000,b'1',3.386,77.477,b'1',b'ARGOS   ',449.6,10.629,35.056
61,26,b'2900229 ',b'Argo INDIA                                                      ',b'M Ravichandran                                                  ',63.0,b'A',2004-07-16 08:46:16.000000000,b'1',3.386,77.477,b'1',b'ARGOS   ',499.2,10.323,35.067
61,27,b'2900229 ',b'Argo INDIA                                                      ',b'M Ravichandran                                                  ',63.0,b'A',2004-07-16 08:46:16.000000000,b'1',3.386,77.477,b'1',b'ARGOS   ',599.3,9.413,35.03
61,28,b'2900229 ',b'Argo INDIA                                                      ',b'M Ravichandran                                                  ',63.0,b'A',2004-07-16 08:46:16.000000000,b'1',3.386,77.477,b'1',b'ARGOS   ',699.3,8.758,35.009
61,29,b'2900229 ',b'Argo INDIA                                                      ',b'M Ravichandran                                                  ',63.0,b'A',2004-07-16 08:46:16.000000000,b'1',3.386,77.477,b'1',b'ARGOS   ',799.3,7.948,35.0
61,30,b'2900229 ',b'Argo INDIA                                                      ',b'M Ravichandran                                                  ',63.0,b'A',2004-07-16 08:46:16.000000000,b'1',3.386,77.477,b'1',b'ARGOS   ',899.1,7.414,34.987
61,31,b'2900229 ',b'Argo INDIA                                                      ',b'M Ravichandran                                                  ',63.0,b'A',2004-07-16 08:46:16.000000000,b'1',3.386,77.477,b'1',b'ARGOS   ',999.1,6.687,34.952
61,32,b'2900229 ',b'Argo INDIA                                                      ',b'M Ravichandran                                                  ',63.0,b'A',2004-07-16 08:46:16.000000000,b'1',3.386,77.477,b'1',b'ARGOS   ',1099.1,6.12,34.918
61,33,b'2900229 ',b'Argo INDIA                                                      ',b'M Ravichandran                                                  ',63.0,b'A',2004-07-16 08:46:16.000000000,b'1',3.386,77.477,b'1',b'ARGOS   ',1199.1,5.544,34.892
61,34,b'2900229 ',b'Argo INDIA                                                      ',b'M Ravichandran                                                  ',63.0,b'A',2004-07-16 08:46:16.000000000,b'1',3.386,77.477,b'1',b'ARGOS   ',1299.3,5.155,34.885
61,35,b'2900229 ',b'Argo INDIA                                                      ',b'M Ravichandran                                                  ',63.0,b'A',2004-07-16 08:46:16.000000000,b'1',3.386,77.477,b'1',b'ARGOS   ',1399.3,4.696,34.868
61,36,b'2900229 ',b'Argo INDIA                                                      ',b'M Ravichandran                                                  ',63.0,b'A',2004-07-16 08:46:16.000000000,b'1',3.386,77.477,b'1',b'ARGOS   ',1499.5,4.245,34.846
61,37,b'2900229 ',b'Argo INDIA                                                      ',b'M Ravichandran                                                  ',63.0,b'A',2004-07-16 08:46:16.000000000,b'1',3.386,77.477,b'1',b'ARGOS   ',1599.1,3.863,34.829
61,38,b'2900229 ',b'Argo INDIA                                                      ',b'M Ravichandran                                                  ',63.0,b'A',2004-07-16 08:46:16.000000000,b'1',3.386,77.477,b'1',b'ARGOS   ',1699.7,3.501,34.813
61,39,b'2900229 ',b'Argo INDIA                                                      ',b'M Ravichandran                                                  ',63.0,b'A',2004-07-16 08:46:16.000000000,b'1',3.386,77.477,b'1',b'ARGOS   ',1799.5,3.159,34.797
61,40,b'2900229 ',b'Argo INDIA                                                      ',b'M Ravichandran                                                  ',63.0,b'A',2004-07-16 08:46:16.000000000,b'1',3.386,77.477,b'1',b'ARGOS   ',1899.2,2.914,34.786
61,41,b'2900229 ',b'Argo INDIA                                                      ',b'M Ravichandran                                                  ',63.0,b'A',2004-07-16 08:46:16.000000000,b'1',3.386,77.477,b'1',b'ARGOS   ',1999.5,2.73,34.778
61,42,b'2900229 ',b'Argo INDIA                                                      ',b'M Ravichandran                                                  ',63.0,b'A',2004-07-16 08:46:16.000000000,b'1',3.386,77.477,b'1',b'ARGOS   ',,,
61,43,b'2900229 ',b'Argo INDIA                                                      ',b'M Ravichandran                                                  ',63.0,b'A',2004-07-16 08:46:16.000000000,b'1',3.386,77.477,b'1',b'ARGOS   ',,,
61,44,b'2900229 ',b'Argo INDIA                                                      ',b'M Ravichandran                                                  ',63.0,b'A',2004-07-16 08:46:16.000000000,b'1',3.386,77.477,b'1',b'ARGOS   ',,,
62,0,b'2900229 ',b'Argo INDIA                                                      ',b'M Ravichandran                                                  ',64.0,b'A',2004-07-26 08:34:00.000000000,b'1',3.486,77.199,b'1',b'ARGOS   ',20.4,28.517,35.195
62,1,b'2900229 ',b'Argo INDIA                                                      ',b'M Ravichandran                                                  ',64.0,b'A',2004-07-26 08:34:00.000000000,b'1',3.486,77.199,b'1',b'ARGOS   ',24.6,28.454,35.194
62,2,b'2900229 ',b'Argo INDIA                                                      ',b'M Ravichandran                                                  ',64.0,b'A',2004-07-26 08:34:00.000000000,b'1',3.486,77.199,b'1',b'ARGOS   ',29.4,28.332,35.198
62,3,b'2900229 ',b'Argo INDIA                                                      ',b'M Ravichandran                                                  ',64.0,b'A',2004-07-26 08:34:00.000000000,b'1',3.486,77.199,b'1',b'ARGOS   ',34.0,28.32,35.201
62,4,b'2900229 ',b'Argo INDIA                                                      ',b'M Ravichandran                                                  ',64.0,b'A',2004-07-26 08:34:00.000000000,b'1',3.486,77.199,b'1',b'ARGOS   ',39.4,28.302,35.201
62,5,b'2900229 ',b'Argo INDIA                                                      ',b'M Ravichandran                                                  ',64.0,b'A',2004-07-26 08:34:00.000000000,b'1',3.486,77.199,b'1',b'ARGOS   ',44.2,28.291,35.202
62,6,b'2900229 ',b'Argo INDIA                                                      ',b'M Ravichandran                                                  ',64.0,b'A',2004-07-26 08:34:00.000000000,b'1',3.486,77.199,b'1',b'ARGOS   ',49.0,28.285,35.204
62,7,b'2900229 ',b'Argo INDIA                                                      ',b'M Ravichandran                                                  ',64.0,b'A',2004-07-26 08:34:00.000000000,b'1',3.486,77.199,b'1',b'ARGOS   ',58.9,28.277,35.208
62,8,b'2900229 ',b'Argo INDIA                                                      ',b'M Ravichandran                                                  ',64.0,b'A',2004-07-26 08:34:00.000000000,b'1',3.486,77.199,b'1',b'ARGOS   ',69.0,28.267,35.214
62,9,b'2900229 ',b'Argo INDIA                                                      ',b'M Ravichandran                                                  ',64.0,b'A',2004-07-26 08:34:00.000000000,b'1',3.486,77.199,b'1',b'ARGOS   ',79.1,28.262,35.224
62,10,b'2900229 ',b'Argo INDIA                                                      ',b'M Ravichandran                                                  ',64.0,b'A',2004-07-26 08:34:00.000000000,b'1',3.486,77.199,b'1',b'ARGOS   ',89.2,28.26,35.246
62,11,b'2900229 ',b'Argo INDIA                                                      ',b'M Ravichandran                                                  ',64.0,b'A',2004-07-26 08:34:00.000000000,b'1',3.486,77.199,b'1',b'ARGOS   ',99.6,28.261,35.274
62,12,b'2900229 ',b'Argo INDIA                                                      ',b'M Ravichandran                                                  ',64.0,b'A',2004-07-26 08:34:00.000000000,b'1',3.486,77.199,b'1',b'ARGOS   ',109.6,28.234,35.27
62,13,b'2900229 ',b'Argo INDIA                                                      ',b'M Ravichandran                                                  ',64.0,b'A',2004-07-26 08:34:00.000000000,b'1',3.486,77.199,b'1',b'ARGOS   ',119.5,24.895,35.145
62,14,b'2900229 ',b'Argo INDIA                                                      ',b'M Ravichandran                                                  ',64.0,b'A',2004-07-26 08:34:00.000000000,b'1',3.486,77.199,b'1',b'ARGOS   ',129.6,23.487,35.229
62,15,b'2900229 ',b'Argo INDIA                                                      ',b'M Ravichandran                                                  ',64.0,b'A',2004-07-26 08:34:00.000000000,b'1',3.486,77.199,b'1',b'ARGOS   ',139.5,20.979,35.165
62,16,b'2900229 ',b'Argo INDIA                                                      ',b'M Ravichandran                                                  ',64.0,b'A',2004-07-26 08:34:00.000000000,b'1',3.486,77.199,b'1',b'ARGOS   ',149.3,18.692,35.047
62,17,b'2900229 ',b'Argo INDIA                                                      ',b'M Ravichandran                                                  ',64.0,b'A',2004-07-26 08:34:00.000000000,b'1',3.486,77.199,b'1',b'ARGOS   ',169.3,16.695,34.977
62,18,b'2900229 ',b'Argo INDIA                                                      ',b'M Ravichandran                                                  ',64.0,b'A',2004-07-26 08:34:00.000000000,b'1',3.486,77.199,b'1',b'ARGOS   ',189.5,15.265,35.05
62,19,b'2900229 ',b'Argo INDIA                                                      ',b'M Ravichandran                                                  ',64.0,b'A',2004-07-26 08:34:00.000000000,b'1',3.486,77.199,b'1',b'ARGOS   ',209.3,14.433,35.081
62,20,b'2900229 ',b'Argo INDIA                                                      ',b'M Ravichandran                                                  ',64.0,b'A',2004-07-26 08:34:00.000000000,b'1',3.486,77.199,b'1',b'ARGOS   ',229.6,13.571,35.079
62,21,b'2900229 ',b'Argo INDIA                                                      ',b'M Ravichandran                                                  ',64.0,b'A',2004-07-26 08:34:00.000000000,b'1',3.486,77.199,b'1',b'ARGOS   ',249.5,13.012,35.086
62,22,b'2900229 ',b'Argo INDIA                                                      ',b'M Ravichandran                                                  ',64.0,b'A',2004-07-26 08:34:00.000000000,b'1',3.486,77.199,b'1',b'ARGOS   ',299.6,12.215,35.089
62,23,b'2900229 ',b'Argo INDIA                                                      ',b'M Ravichandran                                                  ',64.0,b'A',2004-07-26 08:34:00.000000000,b'1',3.486,77.199,b'1',b'ARGOS   ',349.0,11.458,35.077
62,24,b'2900229 ',b'Argo INDIA                                                      ',b'M Ravichandran                                                  ',64.0,b'A',2004-07-26 08:34:00.000000000,b'1',3.486,77.199,b'1',b'ARGOS   ',399.3,10.889,35.056
62,25,b'2900229 ',b'Argo INDIA                                                      ',b'M Ravichandran                                                  ',64.0,b'A',2004-07-26 08:34:00.000000000,b'1',3.486,77.199,b'1',b'ARGOS   ',449.5,10.415,35.055
62,26,b'2900229 ',b'Argo INDIA                                                      ',b'M Ravichandran                                                  ',64.0,b'A',2004-07-26 08:34:00.000000000,b'1',3.486,77.199,b'1',b'ARGOS   ',499.4,10.061,35.051
62,27,b'2900229 ',b'Argo INDIA                                                      ',b'M Ravichandran                                                  ',64.0,b'A',2004-07-26 08:34:00.000000000,b'1',3.486,77.199,b'1',b'ARGOS   ',599.3,9.36,35.038
62,28,b'2900229 ',b'Argo INDIA                                                      ',b'M Ravichandran                                                  ',64.0,b'A',2004-07-26 08:34:00.000000000,b'1',3.486,77.199,b'1',b'ARGOS   ',699.3,8.584,35.012
62,29,b'2900229 ',b'Argo INDIA                                                      ',b'M Ravichandran                                                  ',64.0,b'A',2004-07-26 08:34:00.000000000,b'1',3.486,77.199,b'1',b'ARGOS   ',799.2,8.026,35.006
62,30,b'2900229 ',b'Argo INDIA                                                      ',b'M Ravichandran                                                  ',64.0,b'A',2004-07-26 08:34:00.000000000,b'1',3.486,77.199,b'1',b'ARGOS   ',899.2,7.271,34.961
62,31,b'2900229 ',b'Argo INDIA                                                      ',b'M Ravichandran                                                  ',64.0,b'A',2004-07-26 08:34:00.000000000,b'1',3.486,77.199,b'1',b'ARGOS   ',999.0,6.55,34.935
62,32,b'2900229 ',b'Argo INDIA                                                      ',b'M Ravichandran                                                  ',64.0,b'A',2004-07-26 08:34:00.000000000,b'1',3.486,77.199,b'1',b'ARGOS   ',1099.0,5.949,34.913
62,33,b'2900229 ',b'Argo INDIA                                                      ',b'M Ravichandran                                                  ',64.0,b'A',2004-07-26 08:34:00.000000000,b'1',3.486,77.199,b'1',b'ARGOS   ',1199.3,5.508,34.891
62,34,b'2900229 ',b'Argo INDIA                                                      ',b'M Ravichandran                                                  ',64.0,b'A',2004-07-26 08:34:00.000000000,b'1',3.486,77.199,b'1',b'ARGOS   ',1299.2,5.068,34.882
62,35,b'2900229 ',b'Argo INDIA                                                      ',b'M Ravichandran                                                  ',64.0,b'A',2004-07-26 08:34:00.000000000,b'1',3.486,77.199,b'1',b'ARGOS   ',1399.3,4.555,34.861
62,36,b'2900229 ',b'Argo INDIA                                                      ',b'M Ravichandran                                                  ',64.0,b'A',2004-07-26 08:34:00.000000000,b'1',3.486,77.199,b'1',b'ARGOS   ',1499.4,4.06,34.842
62,37,b'2900229 ',b'Argo INDIA                                                      ',b'M Ravichandran                                                  ',64.0,b'A',2004-07-26 08:34:00.000000000,b'1',3.486,77.199,b'1',b'ARGOS   ',1599.5,3.7,34.822
62,38,b'2900229 ',b'Argo INDIA                                                      ',b'M Ravichandran                                                  ',64.0,b'A',2004-07-26 08:34:00.000000000,b'1',3.486,77.199,b'1',b'ARGOS   ',1699.2,3.409,34.809
62,39,b'2900229 ',b'Argo INDIA                                                      ',b'M Ravichandran                                                  ',64.0,b'A',2004-07-26 08:34:00.000000000,b'1',3.486,77.199,b'1',b'ARGOS   ',1798.9,3.171,34.797
62,40,b'2900229 ',b'Argo INDIA                                                      ',b'M Ravichandran                                                  ',64.0,b'A',2004-07-26 08:34:00.000000000,b'1',3.486,77.199,b'1',b'ARGOS   ',1899.0,2.951,34.788
62,41,b'2900229 ',b'Argo INDIA                                                      ',b'M Ravichandran                                                  ',64.0,b'A',2004-07-26 08:34:00.000000000,b'1',3.486,77.199,b'1',b'ARGOS   ',1999.0,2.773,34.78
62,42,b'2900229 ',b'Argo INDIA                                                      ',b'M Ravichandran                                                  ',64.0,b'A',2004-07-26 08:34:00.000000000,b'1',3.486,77.199,b'1',b'ARGOS   ',,,
62,43,b'2900229 ',b'Argo INDIA                                                      ',b'M Ravichandran                                                  ',64.0,b'A',2004-07-26 08:34:00.000000000,b'1',3.486,77.199,b'1',b'ARGOS   ',,,
62,44,b'2900229 ',b'Argo INDIA                                                      ',b'M Ravichandran                                                  ',64.0,b'A',2004-07-26 08:34:00.000000000,b'1',3.486,77.199,b'1',b'ARGOS   ',,,
63,0,b'2900229 ',b'Argo INDIA                                                      ',b'M Ravichandran                                                  ',65.0,b'A',2004-08-05 08:41:03.000000256,b'1',3.426,77.128,b'1',b'ARGOS   ',20.6,28.433,35.233
63,1,b'2900229 ',b'Argo INDIA                                                      ',b'M Ravichandran                                                  ',65.0,b'A',2004-08-05 08:41:03.000000256,b'1',3.426,77.128,b'1',b'ARGOS   ',24.5,28.335,35.235
63,2,b'2900229 ',b'Argo INDIA                                                      ',b'M Ravichandran                                                  ',65.0,b'A',2004-08-05 08:41:03.000000256,b'1',3.426,77.128,b'1',b'ARGOS   ',29.6,28.255,35.239
63,3,b'2900229 ',b'Argo INDIA                                                      ',b'M Ravichandran                                                  ',65.0,b'A',2004-08-05 08:41:03.000000256,b'1',3.426,77.128,b'1',b'ARGOS   ',34.5,28.232,35.243
63,4,b'2900229 ',b'Argo INDIA                                                      ',b'M Ravichandran                                                  ',65.0,b'A',2004-08-05 08:41:03.000000256,b'1',3.426,77.128,b'1',b'ARGOS   ',39.0,28.224,35.245
63,5,b'2900229 ',b'Argo INDIA                                                      ',b'M Ravichandran                                                  ',65.0,b'A',2004-08-05 08:41:03.000000256,b'1',3.426,77.128,b'1',b'ARGOS   ',44.1,28.217,35.246
63,6,b'2900229 ',b'Argo INDIA                                                      ',b'M Ravichandran                                                  ',65.0,b'A',2004-08-05 08:41:03.000000256,b'1',3.426,77.128,b'1',b'ARGOS   ',49.2,28.215,35.251
63,7,b'2900229 ',b'Argo INDIA                                                      ',b'M Ravichandran                                                  ',65.0,b'A',2004-08-05 08:41:03.000000256,b'1',3.426,77.128,b'1',b'ARGOS   ',59.4,28.139,35.273
63,8,b'2900229 ',b'Argo INDIA                                                      ',b'M Ravichandran                                                  ',65.0,b'A',2004-08-05 08:41:03.000000256,b'1',3.426,77.128,b'1',b'ARGOS   ',69.0,27.972,35.299
63,9,b'2900229 ',b'Argo INDIA                                                      ',b'M Ravichandran                                                  ',65.0,b'A',2004-08-05 08:41:03.000000256,b'1',3.426,77.128,b'1',b'ARGOS   ',79.5,27.857,35.304
63,10,b'2900229 ',b'Argo INDIA                                                      ',b'M Ravichandran                                                  ',65.0,b'A',2004-08-05 08:41:03.000000256,b'1',3.426,77.128,b'1',b'ARGOS   ',89.6,27.594,35.266
63,11,b'2900229 ',b'Argo INDIA                                                      ',b'M Ravichandran                                                  ',65.0,b'A',2004-08-05 08:41:03.000000256,b'1',3.426,77.128,b'1',b'ARGOS   ',99.7,26.479,35.068
63,12,b'2900229 ',b'Argo INDIA                                                      ',b'M Ravichandran                                                  ',65.0,b'A',2004-08-05 08:41:03.000000256,b'1',3.426,77.128,b'1',b'ARGOS   ',109.3,24.476,35.137
63,13,b'2900229 ',b'Argo INDIA                                                      ',b'M Ravichandran                                                  ',65.0,b'A',2004-08-05 08:41:03.000000256,b'1',3.426,77.128,b'1',b'ARGOS   ',119.5,22.617,35.017
63,14,b'2900229 ',b'Argo INDIA                                                      ',b'M Ravichandran                                                  ',65.0,b'A',2004-08-05 08:41:03.000000256,b'1',3.426,77.128,b'1',b'ARGOS   ',129.7,22.255,34.97
63,15,b'2900229 ',b'Argo INDIA                                                      ',b'M Ravichandran                                                  ',65.0,b'A',2004-08-05 08:41:03.000000256,b'1',3.426,77.128,b'1',b'ARGOS   ',139.6,20.753,35.068
63,16,b'2900229 ',b'Argo INDIA                                                      ',b'M Ravichandran                                                  ',65.0,b'A',2004-08-05 08:41:03.000000256,b'1',3.426,77.128,b'1',b'ARGOS   ',149.7,20.117,35.021
63,17,b'2900229 ',b'Argo INDIA                                                      ',b'M Ravichandran                                                  ',65.0,b'A',2004-08-05 08:41:03.000000256,b'1',3.426,77.128,b'1',b'ARGOS   ',169.2,15.894,34.968
63,18,b'2900229 ',b'Argo INDIA                                                      ',b'M Ravichandran                                                  ',65.0,b'A',2004-08-05 08:41:03.000000256,b'1',3.426,77.128,b'1',b'ARGOS   ',189.3,14.916,35.048
63,19,b'2900229 ',b'Argo INDIA                                                      ',b'M Ravichandran                                                  ',65.0,b'A',2004-08-05 08:41:03.000000256,b'1',3.426,77.128,b'1',b'ARGOS   ',209.3,13.875,35.062
63,20,b'2900229 ',b'Argo INDIA                                                      ',b'M Ravichandran                                                  ',65.0,b'A',2004-08-05 08:41:03.000000256,b'1',3.426,77.128,b'1',b'ARGOS   ',229.1,13.559,35.043
63,21,b'2900229 ',b'Argo INDIA                                                      ',b'M Ravichandran                                                  ',65.0,b'A',2004-08-05 08:41:03.000000256,b'1',3.426,77.128,b'1',b'ARGOS   ',249.6,12.947,35.076
63,22,b'2900229 ',b'Argo INDIA                                                      ',b'M Ravichandran                                                  ',65.0,b'A',2004-08-05 08:41:03.000000256,b'1',3.426,77.128,b'1',b'ARGOS   ',299.5,11.88,35.092
63,23,b'2900229 ',b'Argo INDIA                                                      ',b'M Ravichandran                                                  ',65.0,b'A',2004-08-05 08:41:03.000000256,b'1',3.426,77.128,b'1',b'ARGOS   ',349.4,11.219,35.067
63,24,b'2900229 ',b'Argo INDIA                                                      ',b'M Ravichandran                                                  ',65.0,b'A',2004-08-05 08:41:03.000000256,b'1',3.426,77.128,b'1',b'ARGOS   ',399.0,10.918,35.06
63,25,b'2900229 ',b'Argo INDIA                                                      ',b'M Ravichandran                                                  ',65.0,b'A',2004-08-05 08:41:03.000000256,b'1',3.426,77.128,b'1',b'ARGOS   ',449.1,10.502,35.055
63,26,b'2900229 ',b'Argo INDIA                                                      ',b'M Ravichandran                                                  ',65.0,b'A',2004-08-05 08:41:03.000000256,b'1',3.426,77.128,b'1',b'ARGOS   ',499.2,10.131,35.049
63,27,b'2900229 ',b'Argo INDIA                                                      ',b'M Ravichandran                                                  ',65.0,b'A',2004-08-05 08:41:03.000000256,b'1',3.426,77.128,b'1',b'ARGOS   ',599.3,9.431,35.044
63,28,b'2900229 ',b'Argo INDIA                                                      ',b'M Ravichandran                                                  ',65.0,b'A',2004-08-05 08:41:03.000000256,b'1',3.426,77.128,b'1',b'ARGOS   ',699.4,8.474,35.013
63,29,b'2900229 ',b'Argo INDIA                                                      ',b'M Ravichandran                                                  ',65.0,b'A',2004-08-05 08:41:03.000000256,b'1',3.426,77.128,b'1',b'ARGOS   ',799.5,8.036,35.011
63,30,b'2900229 ',b'Argo INDIA                                                      ',b'M Ravichandran                                                  ',65.0,b'A',2004-08-05 08:41:03.000000256,b'1',3.426,77.128,b'1',b'ARGOS   ',899.5,7.571,34.991
63,31,b'2900229 ',b'Argo INDIA                                                      ',b'M Ravichandran                                                  ',65.0,b'A',2004-08-05 08:41:03.000000256,b'1',3.426,77.128,b'1',b'ARGOS   ',998.8,7.032,34.968
63,32,b'2900229 ',b'Argo INDIA                                                      ',b'M Ravichandran                                                  ',65.0,b'A',2004-08-05 08:41:03.000000256,b'1',3.426,77.128,b'1',b'ARGOS   ',1099.4,6.248,34.929
63,33,b'2900229 ',b'Argo INDIA                                                      ',b'M Ravichandran                                                  ',65.0,b'A',2004-08-05 08:41:03.000000256,b'1',3.426,77.128,b'1',b'ARGOS   ',1198.9,5.661,34.898
63,34,b'2900229 ',b'Argo INDIA                                                      ',b'M Ravichandran                                                  ',65.0,b'A',2004-08-05 08:41:03.000000256,b'1',3.426,77.128,b'1',b'ARGOS   ',1299.2,5.201,34.883
63,35,b'2900229 ',b'Argo INDIA                                                      ',b'M Ravichandran                                                  ',65.0,b'A',2004-08-05 08:41:03.000000256,b'1',3.426,77.128,b'1',b'ARGOS   ',1399.5,4.834,34.872
63,36,b'2900229 ',b'Argo INDIA                                                      ',b'M Ravichandran                                                  ',65.0,b'A',2004-08-05 08:41:03.000000256,b'1',3.426,77.128,b'1',b'ARGOS   ',1499.5,4.276,34.848
63,37,b'2900229 ',b'Argo INDIA                                                      ',b'M Ravichandran                                                  ',65.0,b'A',2004-08-05 08:41:03.000000256,b'1',3.426,77.128,b'1',b'ARGOS   ',1599.3,3.809,34.828
63,38,b'2900229 ',b'Argo INDIA                                                      ',b'M Ravichandran                                                  ',65.0,b'A',2004-08-05 08:41:03.000000256,b'1',3.426,77.128,b'1',b'ARGOS   ',1699.6,3.506,34.812
63,39,b'2900229 ',b'Argo INDIA                                                      ',b'M Ravichandran                                                  ',65.0,b'A',2004-08-05 08:41:03.000000256,b'1',3.426,77.128,b'1',b'ARGOS   ',1799.4,3.334,34.805
63,40,b'2900229 ',b'Argo INDIA                                                      ',b'M Ravichandran                                                  ',65.0,b'A',2004-08-05 08:41:03.000000256,b'1',3.426,77.128,b'1',b'ARGOS   ',1898.8,3.083,34.793
63,41,b'2900229 ',b'Argo INDIA                                                      ',b'M Ravichandran                                                  ',65.0,b'A',2004-08-05 08:41:03.000000256,b'1',3.426,77.128,b'1',b'ARGOS   ',1999.4,2.833,34.782
63,42,b'2900229 ',b'Argo INDIA                                                      ',b'M Ravichandran                                                  ',65.0,b'A',2004-08-05 08:41:03.000000256,b'1',3.426,77.128,b'1',b'ARGOS   ',,,
63,43,b'2900229 ',b'Argo INDIA                                                      ',b'M Ravichandran                                                  ',65.0,b'A',2004-08-05 08:41:03.000000256,b'1',3.426,77.128,b'1',b'ARGOS   ',,,
63,44,b'2900229 ',b'Argo INDIA                                                      ',b'M Ravichandran                                                  ',65.0,b'A',2004-08-05 08:41:03.000000256,b'1',3.426,77.128,b'1',b'ARGOS   ',,,
64,0,b'2900229 ',b'Argo INDIA                                                      ',b'M Ravichandran                                                  ',66.0,b'A',2004-08-15 08:42:58.000000000,b'1',3.417,76.998,b'1',b'ARGOS   ',20.6,28.434,35.12
64,1,b'2900229 ',b'Argo INDIA                                                      ',b'M Ravichandran                                                  ',66.0,b'A',2004-08-15 08:42:58.000000000,b'1',3.417,76.998,b'1',b'ARGOS   ',24.2,28.396,35.121
64,2,b'2900229 ',b'Argo INDIA                                                      ',b'M Ravichandran                                                  ',66.0,b'A',2004-08-15 08:42:58.000000000,b'1',3.417,76.998,b'1',b'ARGOS   ',29.0,28.376,35.123
64,3,b'2900229 ',b'Argo INDIA                                                      ',b'M Ravichandran                                                  ',66.0,b'A',2004-08-15 08:42:58.000000000,b'1',3.417,76.998,b'1',b'ARGOS   ',34.2,28.37,35.125
64,4,b'2900229 ',b'Argo INDIA                                                      ',b'M Ravichandran                                                  ',66.0,b'A',2004-08-15 08:42:58.000000000,b'1',3.417,76.998,b'1',b'ARGOS   ',39.4,28.365,35.13
64,5,b'2900229 ',b'Argo INDIA                                                      ',b'M Ravichandran                                                  ',66.0,b'A',2004-08-15 08:42:58.000000000,b'1',3.417,76.998,b'1',b'ARGOS   ',44.1,28.36,35.141
64,6,b'2900229 ',b'Argo INDIA                                                      ',b'M Ravichandran                                                  ',66.0,b'A',2004-08-15 08:42:58.000000000,b'1',3.417,76.998,b'1',b'ARGOS   ',49.4,28.359,35.164
64,7,b'2900229 ',b'Argo INDIA                                                      ',b'M Ravichandran                                                  ',66.0,b'A',2004-08-15 08:42:58.000000000,b'1',3.417,76.998,b'1',b'ARGOS   ',59.3,28.346,35.288
64,8,b'2900229 ',b'Argo INDIA                                                      ',b'M Ravichandran                                                  ',66.0,b'A',2004-08-15 08:42:58.000000000,b'1',3.417,76.998,b'1',b'ARGOS   ',69.1,28.387,35.357
64,9,b'2900229 ',b'Argo INDIA                                                      ',b'M Ravichandran                                                  ',66.0,b'A',2004-08-15 08:42:58.000000000,b'1',3.417,76.998,b'1',b'ARGOS   ',78.8,28.341,35.396
64,10,b'2900229 ',b'Argo INDIA                                                      ',b'M Ravichandran                                                  ',66.0,b'A',2004-08-15 08:42:58.000000000,b'1',3.417,76.998,b'1',b'ARGOS   ',88.7,28.286,35.395
64,11,b'2900229 ',b'Argo INDIA                                                      ',b'M Ravichandran                                                  ',66.0,b'A',2004-08-15 08:42:58.000000000,b'1',3.417,76.998,b'1',b'ARGOS   ',99.4,28.253,35.39
64,12,b'2900229 ',b'Argo INDIA                                                      ',b'M Ravichandran                                                  ',66.0,b'A',2004-08-15 08:42:58.000000000,b'1',3.417,76.998,b'1',b'ARGOS   ',109.6,28.222,35.385
64,13,b'2900229 ',b'Argo INDIA                                                      ',b'M Ravichandran                                                  ',66.0,b'A',2004-08-15 08:42:58.000000000,b'1',3.417,76.998,b'1',b'ARGOS   ',119.9,26.4,35.178
64,14,b'2900229 ',b'Argo INDIA                                                      ',b'M Ravichandran                                                  ',66.0,b'A',2004-08-15 08:42:58.000000000,b'1',3.417,76.998,b'1',b'ARGOS   ',129.7,23.434,35.022
64,15,b'2900229 ',b'Argo INDIA                                                      ',b'M Ravichandran                                                  ',66.0,b'A',2004-08-15 08:42:58.000000000,b'1',3.417,76.998,b'1',b'ARGOS   ',139.5,19.967,34.958
64,16,b'2900229 ',b'Argo INDIA                                                      ',b'M Ravichandran                                                  ',66.0,b'A',2004-08-15 08:42:58.000000000,b'1',3.417,76.998,b'1',b'ARGOS   ',149.5,19.038,35.041
64,17,b'2900229 ',b'Argo INDIA                                                      ',b'M Ravichandran                                                  ',66.0,b'A',2004-08-15 08:42:58.000000000,b'1',3.417,76.998,b'1',b'ARGOS   ',169.2,16.476,34.967
64,18,b'2900229 ',b'Argo INDIA                                                      ',b'M Ravichandran                                                  ',66.0,b'A',2004-08-15 08:42:58.000000000,b'1',3.417,76.998,b'1',b'ARGOS   ',189.1,15.714,35.051
64,19,b'2900229 ',b'Argo INDIA                                                      ',b'M Ravichandran                                                  ',66.0,b'A',2004-08-15 08:42:58.000000000,b'1',3.417,76.998,b'1',b'ARGOS   ',209.2,14.738,35.061
64,20,b'2900229 ',b'Argo INDIA                                                      ',b'M Ravichandran                                                  ',66.0,b'A',2004-08-15 08:42:58.000000000,b'1',3.417,76.998,b'1',b'ARGOS   ',229.5,14.187,35.093
64,21,b'2900229 ',b'Argo INDIA                                                      ',b'M Ravichandran                                                  ',66.0,b'A',2004-08-15 08:42:58.000000000,b'1',3.417,76.998,b'1',b'ARGOS   ',249.4,13.341,35.113
64,22,b'2900229 ',b'Argo INDIA                                                      ',b'M Ravichandran                                                  ',66.0,b'A',2004-08-15 08:42:58.000000000,b'1',3.417,76.998,b'1',b'ARGOS   ',299.2,12.285,35.088
64,23,b'2900229 ',b'Argo INDIA                                                      ',b'M Ravichandran                                                  ',66.0,b'A',2004-08-15 08:42:58.000000000,b'1',3.417,76.998,b'1',b'ARGOS   ',349.2,11.58,35.075
64,24,b'2900229 ',b'Argo INDIA                                                      ',b'M Ravichandran                                                  ',66.0,b'A',2004-08-15 08:42:58.000000000,b'1',3.417,76.998,b'1',b'ARGOS   ',399.1,11.076,35.06
64,25,b'2900229 ',b'Argo INDIA                                                      ',b'M Ravichandran                                                  ',66.0,b'A',2004-08-15 08:42:58.000000000,b'1',3.417,76.998,b'1',b'ARGOS   ',449.1,10.6,35.053
64,26,b'2900229 ',b'Argo INDIA                                                      ',b'M Ravichandran                                                  ',66.0,b'A',2004-08-15 08:42:58.000000000,b'1',3.417,76.998,b'1',b'ARGOS   ',499.4,10.287,35.052
64,27,b'2900229 ',b'Argo INDIA                                                      ',b'M Ravichandran                                                  ',66.0,b'A',2004-08-15 08:42:58.000000000,b'1',3.417,76.998,b'1',b'ARGOS   ',598.9,9.532,35.042
64,28,b'2900229 ',b'Argo INDIA                                                      ',b'M Ravichandran                                                  ',66.0,b'A',2004-08-15 08:42:58.000000000,b'1',3.417,76.998,b'1',b'ARGOS   ',699.1,8.708,35.02
64,29,b'2900229 ',b'Argo INDIA                                                      ',b'M Ravichandran                                                  ',66.0,b'A',2004-08-15 08:42:58.000000000,b'1',3.417,76.998,b'1',b'ARGOS   ',798.7,7.991,35.005
64,30,b'2900229 ',b'Argo INDIA                                                      ',b'M Ravichandran                                                  ',66.0,b'A',2004-08-15 08:42:58.000000000,b'1',3.417,76.998,b'1',b'ARGOS   ',899.2,7.208,34.967
64,31,b'2900229 ',b'Argo INDIA                                                      ',b'M Ravichandran                                                  ',66.0,b'A',2004-08-15 08:42:58.000000000,b'1',3.417,76.998,b'1',b'ARGOS   ',999.6,6.558,34.947
64,32,b'2900229 ',b'Argo INDIA                                                      ',b'M Ravichandran                                                  ',66.0,b'A',2004-08-15 08:42:58.000000000,b'1',3.417,76.998,b'1',b'ARGOS   ',1099.5,6.02,34.914
64,33,b'2900229 ',b'Argo INDIA                                                      ',b'M Ravichandran                                                  ',66.0,b'A',2004-08-15 08:42:58.000000000,b'1',3.417,76.998,b'1',b'ARGOS   ',1198.8,5.588,34.895
64,34,b'2900229 ',b'Argo INDIA                                                      ',b'M Ravichandran                                                  ',66.0,b'A',2004-08-15 08:42:58.000000000,b'1',3.417,76.998,b'1',b'ARGOS   ',1299.1,5.246,34.884
64,35,b'2900229 ',b'Argo INDIA                                                      ',b'M Ravichandran                                                  ',66.0,b'A',2004-08-15 08:42:58.000000000,b'1',3.417,76.998,b'1',b'ARGOS   ',1399.1,4.893,34.874
64,36,b'2900229 ',b'Argo INDIA                                                      ',b'M Ravichandran                                                  ',66.0,b'A',2004-08-15 08:42:58.000000000,b'1',3.417,76.998,b'1',b'ARGOS   ',1499.3,4.427,34.855
64,37,b'2900229 ',b'Argo INDIA                                                      ',b'M Ravichandran                                                  ',66.0,b'A',2004-08-15 08:42:58.000000000,b'1',3.417,76.998,b'1',b'ARGOS   ',1599.5,3.957,34.833
64,38,b'2900229 ',b'Argo INDIA                                                      ',b'M Ravichandran                                                  ',66.0,b'A',2004-08-15 08:42:58.000000000,b'1',3.417,76.998,b'1',b'ARGOS   ',1699.3,3.754,34.822
64,39,b'2900229 ',b'Argo INDIA                                                      ',b'M Ravichandran                                                  ',66.0,b'A',2004-08-15 08:42:58.000000000,b'1',3.417,76.998,b'1',b'ARGOS   ',1799.5,3.464,34.809
64,40,b'2900229 ',b'Argo INDIA                                                      ',b'M Ravichandran                                                  ',66.0,b'A',2004-08-15 08:42:58.000000000,b'1',3.417,76.998,b'1',b'ARGOS   ',1898.9,3.24,34.8
64,41,b'2900229 ',b'Argo INDIA                                                      ',b'M Ravichandran                                                  ',66.0,b'A',2004-08-15 08:42:58.000000000,b'1',3.417,76.998,b'1',b'ARGOS   ',1999.3,2.995,34.789
64,42,b'2900229 ',b'Argo INDIA                                                      ',b'M Ravichandran                                                  ',66.0,b'A',2004-08-15 08:42:58.000000000,b'1',3.417,76.998,b'1',b'ARGOS   ',,,
64,43,b'2900229 ',b'Argo INDIA                                                      ',b'M Ravichandran                                                  ',66.0,b'A',2004-08-15 08:42:58.000000000,b'1',3.417,76.998,b'1',b'ARGOS   ',,,
64,44,b'2900229 ',b'Argo INDIA                                                      ',b'M Ravichandran                                                  ',66.0,b'A',2004-08-15 08:42:58.000000000,b'1',3.417,76.998,b'1',b'ARGOS   ',,,
65,0,b'2900229 ',b'Argo INDIA                                                      ',b'M Ravichandran                                                  ',67.0,b'A',2004-08-25 08:40:33.000000000,b'1',3.412,77.079,b'1',b'ARGOS   ',20.7,28.54,35.282
65,1,b'2900229 ',b'Argo INDIA                                                      ',b'M Ravichandran                                                  ',67.0,b'A',2004-08-25 08:40:33.000000000,b'1',3.412,77.079,b'1',b'ARGOS   ',24.5,28.483,35.293
65,2,b'2900229 ',b'Argo INDIA                                                      ',b'M Ravichandran                                                  ',67.0,b'A',2004-08-25 08:40:33.000000000,b'1',3.412,77.079,b'1',b'ARGOS   ',29.2,28.47,35.309
65,3,b'2900229 ',b'Argo INDIA                                                      ',b'M Ravichandran                                                  ',67.0,b'A',2004-08-25 08:40:33.000000000,b'1',3.412,77.079,b'1',b'ARGOS   ',34.3,28.438,35.335
65,4,b'2900229 ',b'Argo INDIA                                                      ',b'M Ravichandran                                                  ',67.0,b'A',2004-08-25 08:40:33.000000000,b'1',3.412,77.079,b'1',b'ARGOS   ',39.2,28.428,35.354
65,5,b'2900229 ',b'Argo INDIA                                                      ',b'M Ravichandran                                                  ',67.0,b'A',2004-08-25 08:40:33.000000000,b'1',3.412,77.079,b'1',b'ARGOS   ',44.2,28.426,35.364
65,6,b'2900229 ',b'Argo INDIA                                                      ',b'M Ravichandran                                                  ',67.0,b'A',2004-08-25 08:40:33.000000000,b'1',3.412,77.079,b'1',b'ARGOS   ',49.4,28.427,35.374
65,7,b'2900229 ',b'Argo INDIA                                                      ',b'M Ravichandran                                                  ',67.0,b'A',2004-08-25 08:40:33.000000000,b'1',3.412,77.079,b'1',b'ARGOS   ',59.4,28.428,35.382
65,8,b'2900229 ',b'Argo INDIA                                                      ',b'M Ravichandran                                                  ',67.0,b'A',2004-08-25 08:40:33.000000000,b'1',3.412,77.079,b'1',b'ARGOS   ',69.4,28.428,35.39
65,9,b'2900229 ',b'Argo INDIA                                                      ',b'M Ravichandran                                                  ',67.0,b'A',2004-08-25 08:40:33.000000000,b'1',3.412,77.079,b'1',b'ARGOS   ',79.6,28.397,35.427
65,10,b'2900229 ',b'Argo INDIA                                                      ',b'M Ravichandran                                                  ',67.0,b'A',2004-08-25 08:40:33.000000000,b'1',3.412,77.079,b'1',b'ARGOS   ',89.4,28.292,35.446
65,11,b'2900229 ',b'Argo INDIA                                                      ',b'M Ravichandran                                                  ',67.0,b'A',2004-08-25 08:40:33.000000000,b'1',3.412,77.079,b'1',b'ARGOS   ',99.2,23.265,34.995
65,12,b'2900229 ',b'Argo INDIA                                                      ',b'M Ravichandran                                                  ',67.0,b'A',2004-08-25 08:40:33.000000000,b'1',3.412,77.079,b'1',b'ARGOS   ',109.3,22.255,34.956
65,13,b'2900229 ',b'Argo INDIA                                                      ',b'M Ravichandran                                                  ',67.0,b'A',2004-08-25 08:40:33.000000000,b'1',3.412,77.079,b'1',b'ARGOS   ',119.3,21.749,34.95
65,14,b'2900229 ',b'Argo INDIA                                                      ',b'M Ravichandran                                                  ',67.0,b'A',2004-08-25 08:40:33.000000000,b'1',3.412,77.079,b'1',b'ARGOS   ',129.5,20.046,35.079
65,15,b'2900229 ',b'Argo INDIA                                                      ',b'M Ravichandran                                                  ',67.0,b'A',2004-08-25 08:40:33.000000000,b'1',3.412,77.079,b'1',b'ARGOS   ',139.2,19.456,35.117
65,16,b'2900229 ',b'Argo INDIA                                                      ',b'M Ravichandran                                                  ',67.0,b'A',2004-08-25 08:40:33.000000000,b'1',3.412,77.079,b'1',b'ARGOS   ',149.4,18.826,35.074
65,17,b'2900229 ',b'Argo INDIA                                                      ',b'M Ravichandran                                                  ',67.0,b'A',2004-08-25 08:40:33.000000000,b'1',3.412,77.079,b'1',b'ARGOS   ',169.4,16.975,34.944
65,18,b'2900229 ',b'Argo INDIA                                                      ',b'M Ravichandran                                                  ',67.0,b'A',2004-08-25 08:40:33.000000000,b'1',3.412,77.079,b'1',b'ARGOS   ',189.1,15.949,35.026
65,19,b'2900229 ',b'Argo INDIA                                                      ',b'M Ravichandran                                                  ',67.0,b'A',2004-08-25 08:40:33.000000000,b'1',3.412,77.079,b'1',b'ARGOS   ',209.2,14.116,35.027
65,20,b'2900229 ',b'Argo INDIA                                                      ',b'M Ravichandran                                                  ',67.0,b'A',2004-08-25 08:40:33.000000000,b'1',3.412,77.079,b'1',b'ARGOS   ',229.3,13.383,35.114
65,21,b'2900229 ',b'Argo INDIA                                                      ',b'M Ravichandran                                                  ',67.0,b'A',2004-08-25 08:40:33.000000000,b'1',3.412,77.079,b'1',b'ARGOS   ',248.9,12.894,35.132
65,22,b'2900229 ',b'Argo INDIA                                                      ',b'M Ravichandran                                                  ',67.0,b'A',2004-08-25 08:40:33.000000000,b'1',3.412,77.079,b'1',b'ARGOS   ',299.1,12.074,35.1
65,23,b'2900229 ',b'Argo INDIA                                                      ',b'M Ravichandran                                                  ',67.0,b'A',2004-08-25 08:40:33.000000000,b'1',3.412,77.079,b'1',b'ARGOS   ',349.1,11.289,35.064
65,24,b'2900229 ',b'Argo INDIA                                                      ',b'M Ravichandran                                                  ',67.0,b'A',2004-08-25 08:40:33.000000000,b'1',3.412,77.079,b'1',b'ARGOS   ',398.9,10.87,35.052
65,25,b'2900229 ',b'Argo INDIA                                                      ',b'M Ravichandran                                                  ',67.0,b'A',2004-08-25 08:40:33.000000000,b'1',3.412,77.079,b'1',b'ARGOS   ',449.4,10.514,35.055
65,26,b'2900229 ',b'Argo INDIA                                                      ',b'M Ravichandran                                                  ',67.0,b'A',2004-08-25 08:40:33.000000000,b'1',3.412,77.079,b'1',b'ARGOS   ',499.3,10.17,35.047
65,27,b'2900229 ',b'Argo INDIA                                                      ',b'M Ravichandran                                                  ',67.0,b'A',2004-08-25 08:40:33.000000000,b'1',3.412,77.079,b'1',b'ARGOS   ',599.1,9.544,35.043
65,28,b'2900229 ',b'Argo INDIA                                                      ',b'M Ravichandran                                                  ',67.0,b'A',2004-08-25 08:40:33.000000000,b'1',3.412,77.079,b'1',b'ARGOS   ',699.0,8.737,35.022
65,29,b'2900229 ',b'Argo INDIA                                                      ',b'M Ravichandran                                                  ',67.0,b'A',2004-08-25 08:40:33.000000000,b'1',3.412,77.079,b'1',b'ARGOS   ',799.4,8.129,35.014
65,30,b'2900229 ',b'Argo INDIA                                                      ',b'M Ravichandran                                                  ',67.0,b'A',2004-08-25 08:40:33.000000000,b'1',3.412,77.079,b'1',b'ARGOS   ',899.4,7.259,34.972
65,31,b'2900229 ',b'Argo INDIA                                                      ',b'M Ravichandran                                                  ',67.0,b'A',2004-08-25 08:40:33.000000000,b'1',3.412,77.079,b'1',b'ARGOS   ',999.1,6.643,34.944
65,32,b'2900229 ',b'Argo INDIA                                                      ',b'M Ravichandran                                                  ',67.0,b'A',2004-08-25 08:40:33.000000000,b'1',3.412,77.079,b'1',b'ARGOS   ',1099.1,6.133,34.92
65,33,b'2900229 ',b'Argo INDIA                                                      ',b'M Ravichandran                                                  ',67.0,b'A',2004-08-25 08:40:33.000000000,b'1',3.412,77.079,b'1',b'ARGOS   ',1199.2,5.608,34.897
65,34,b'2900229 ',b'Argo INDIA                                                      ',b'M Ravichandran                                                  ',67.0,b'A',2004-08-25 08:40:33.000000000,b'1',3.412,77.079,b'1',b'ARGOS   ',1299.5,5.278,34.891
65,35,b'2900229 ',b'Argo INDIA                                                      ',b'M Ravichandran                                                  ',67.0,b'A',2004-08-25 08:40:33.000000000,b'1',3.412,77.079,b'1',b'ARGOS   ',1399.4,4.876,34.875
65,36,b'2900229 ',b'Argo INDIA                                                      ',b'M Ravichandran                                                  ',67.0,b'A',2004-08-25 08:40:33.000000000,b'1',3.412,77.079,b'1',b'ARGOS   ',1499.3,4.412,34.855
65,37,b'2900229 ',b'Argo INDIA                                                      ',b'M Ravichandran                                                  ',67.0,b'A',2004-08-25 08:40:33.000000000,b'1',3.412,77.079,b'1',b'ARGOS   ',1599.3,3.981,34.834
65,38,b'2900229 ',b'Argo INDIA                                                      ',b'M Ravichandran                                                  ',67.0,b'A',2004-08-25 08:40:33.000000000,b'1',3.412,77.079,b'1',b'ARGOS   ',1699.2,3.706,34.822
65,39,b'2900229 ',b'Argo INDIA                                                      ',b'M Ravichandran                                                  ',67.0,b'A',2004-08-25 08:40:33.000000000,b'1',3.412,77.079,b'1',b'ARGOS   ',1799.4,3.472,34.811
65,40,b'2900229 ',b'Argo INDIA                                                      ',b'M Ravichandran                                                  ',67.0,b'A',2004-08-25 08:40:33.000000000,b'1',3.412,77.079,b'1',b'ARGOS   ',1899.3,3.135,34.796
65,41,b'2900229 ',b'Argo INDIA                                                      ',b'M Ravichandran                                                  ',67.0,b'A',2004-08-25 08:40:33.000000000,b'1',3.412,77.079,b'1',b'ARGOS   ',1999.2,2.886,34.785
65,42,b'2900229 ',b'Argo INDIA                                                      ',b'M Ravichandran                                                  ',67.0,b'A',2004-08-25 08:40:33.000000000,b'1',3.412,77.079,b'1',b'ARGOS   ',,,
65,43,b'2900229 ',b'Argo INDIA                                                      ',b'M Ravichandran                                                  ',67.0,b'A',2004-08-25 08:40:33.000000000,b'1',3.412,77.079,b'1',b'ARGOS   ',,,
65,44,b'2900229 ',b'Argo INDIA                                                      ',b'M Ravichandran                                                  ',67.0,b'A',2004-08-25 08:40:33.000000000,b'1',3.412,77.079,b'1',b'ARGOS   ',,,
66,0,b'2900229 ',b'Argo INDIA                                                      ',b'M Ravichandran                                                  ',68.0,b'A',2004-09-04 08:38:02.000000000,b'1',3.178,76.943,b'1',b'ARGOS   ',20.7,28.297,35.403
66,1,b'2900229 ',b'Argo INDIA                                                      ',b'M Ravichandran                                                  ',68.0,b'A',2004-09-04 08:38:02.000000000,b'1',3.178,76.943,b'1',b'ARGOS   ',24.4,28.235,35.401
66,2,b'2900229 ',b'Argo INDIA                                                      ',b'M Ravichandran                                                  ',68.0,b'A',2004-09-04 08:38:02.000000000,b'1',3.178,76.943,b'1',b'ARGOS   ',29.4,28.137,35.4
66,3,b'2900229 ',b'Argo INDIA                                                      ',b'M Ravichandran                                                  ',68.0,b'A',2004-09-04 08:38:02.000000000,b'1',3.178,76.943,b'1',b'ARGOS   ',34.1,28.119,35.401
66,4,b'2900229 ',b'Argo INDIA                                                      ',b'M Ravichandran                                                  ',68.0,b'A',2004-09-04 08:38:02.000000000,b'1',3.178,76.943,b'1',b'ARGOS   ',39.1,28.117,35.402
66,5,b'2900229 ',b'Argo INDIA                                                      ',b'M Ravichandran                                                  ',68.0,b'A',2004-09-04 08:38:02.000000000,b'1',3.178,76.943,b'1',b'ARGOS   ',44.0,28.11,35.404
66,6,b'2900229 ',b'Argo INDIA                                                      ',b'M Ravichandran                                                  ',68.0,b'A',2004-09-04 08:38:02.000000000,b'1',3.178,76.943,b'1',b'ARGOS   ',49.0,28.109,35.404
66,7,b'2900229 ',b'Argo INDIA                                                      ',b'M Ravichandran                                                  ',68.0,b'A',2004-09-04 08:38:02.000000000,b'1',3.178,76.943,b'1',b'ARGOS   ',59.7,28.103,35.405
66,8,b'2900229 ',b'Argo INDIA                                                      ',b'M Ravichandran                                                  ',68.0,b'A',2004-09-04 08:38:02.000000000,b'1',3.178,76.943,b'1',b'ARGOS   ',69.4,28.098,35.396
66,9,b'2900229 ',b'Argo INDIA                                                      ',b'M Ravichandran                                                  ',68.0,b'A',2004-09-04 08:38:02.000000000,b'1',3.178,76.943,b'1',b'ARGOS   ',79.6,25.982,35.25
66,10,b'2900229 ',b'Argo INDIA                                                      ',b'M Ravichandran                                                  ',68.0,b'A',2004-09-04 08:38:02.000000000,b'1',3.178,76.943,b'1',b'ARGOS   ',89.1,24.648,35.18
66,11,b'2900229 ',b'Argo INDIA                                                      ',b'M Ravichandran                                                  ',68.0,b'A',2004-09-04 08:38:02.000000000,b'1',3.178,76.943,b'1',b'ARGOS   ',99.7,21.819,34.912
66,12,b'2900229 ',b'Argo INDIA                                                      ',b'M Ravichandran                                                  ',68.0,b'A',2004-09-04 08:38:02.000000000,b'1',3.178,76.943,b'1',b'ARGOS   ',109.5,21.386,35.035
66,13,b'2900229 ',b'Argo INDIA                                                      ',b'M Ravichandran                                                  ',68.0,b'A',2004-09-04 08:38:02.000000000,b'1',3.178,76.943,b'1',b'ARGOS   ',119.5,20.066,35.088
66,14,b'2900229 ',b'Argo INDIA                                                      ',b'M Ravichandran                                                  ',68.0,b'A',2004-09-04 08:38:02.000000000,b'1',3.178,76.943,b'1',b'ARGOS   ',129.3,19.208,35.113
66,15,b'2900229 ',b'Argo INDIA                                                      ',b'M Ravichandran                                                  ',68.0,b'A',2004-09-04 08:38:02.000000000,b'1',3.178,76.943,b'1',b'ARGOS   ',139.7,17.797,34.987
66,16,b'2900229 ',b'Argo INDIA                                                      ',b'M Ravichandran                                                  ',68.0,b'A',2004-09-04 08:38:02.000000000,b'1',3.178,76.943,b'1',b'ARGOS   ',149.4,16.897,35.08
66,17,b'2900229 ',b'Argo INDIA                                                      ',b'M Ravichandran                                                  ',68.0,b'A',2004-09-04 08:38:02.000000000,b'1',3.178,76.943,b'1',b'ARGOS   ',169.2,15.12,35.031
66,18,b'2900229 ',b'Argo INDIA                                                      ',b'M Ravichandran                                                  ',68.0,b'A',2004-09-04 08:38:02.000000000,b'1',3.178,76.943,b'1',b'ARGOS   ',189.2,14.122,35.068
66,19,b'2900229 ',b'Argo INDIA                                                      ',b'M Ravichandran                                                  ',68.0,b'A',2004-09-04 08:38:02.000000000,b'1',3.178,76.943,b'1',b'ARGOS   ',209.4,13.208,35.11
66,20,b'2900229 ',b'Argo INDIA                                                      ',b'M Ravichandran                                                  ',68.0,b'A',2004-09-04 08:38:02.000000000,b'1',3.178,76.943,b'1',b'ARGOS   ',229.2,12.689,35.106
66,21,b'2900229 ',b'Argo INDIA                                                      ',b'M Ravichandran                                                  ',68.0,b'A',2004-09-04 08:38:02.000000000,b'1',3.178,76.943,b'1',b'ARGOS   ',248.9,12.468,35.096
66,22,b'2900229 ',b'Argo INDIA                                                      ',b'M Ravichandran                                                  ',68.0,b'A',2004-09-04 08:38:02.000000000,b'1',3.178,76.943,b'1',b'ARGOS   ',299.1,11.836,35.08
66,23,b'2900229 ',b'Argo INDIA                                                      ',b'M Ravichandran                                                  ',68.0,b'A',2004-09-04 08:38:02.000000000,b'1',3.178,76.943,b'1',b'ARGOS   ',349.1,11.312,35.07
66,24,b'2900229 ',b'Argo INDIA                                                      ',b'M Ravichandran                                                  ',68.0,b'A',2004-09-04 08:38:02.000000000,b'1',3.178,76.943,b'1',b'ARGOS   ',399.1,10.965,35.061
66,25,b'2900229 ',b'Argo INDIA                                                      ',b'M Ravichandran                                                  ',68.0,b'A',2004-09-04 08:38:02.000000000,b'1',3.178,76.943,b'1',b'ARGOS   ',449.4,10.713,35.068
66,26,b'2900229 ',b'Argo INDIA                                                      ',b'M Ravichandran                                                  ',68.0,b'A',2004-09-04 08:38:02.000000000,b'1',3.178,76.943,b'1',b'ARGOS   ',499.5,10.378,35.062
66,27,b'2900229 ',b'Argo INDIA                                                      ',b'M Ravichandran                                                  ',68.0,b'A',2004-09-04 08:38:02.000000000,b'1',3.178,76.943,b'1',b'ARGOS   ',599.2,9.498,35.045
66,28,b'2900229 ',b'Argo INDIA                                                      ',b'M Ravichandran                                                  ',68.0,b'A',2004-09-04 08:38:02.000000000,b'1',3.178,76.943,b'1',b'ARGOS   ',699.5,8.627,35.02
66,29,b'2900229 ',b'Argo INDIA                                                      ',b'M Ravichandran                                                  ',68.0,b'A',2004-09-04 08:38:02.000000000,b'1',3.178,76.943,b'1',b'ARGOS   ',799.3,8.047,35.007
66,30,b'2900229 ',b'Argo INDIA                                                      ',b'M Ravichandran                                                  ',68.0,b'A',2004-09-04 08:38:02.000000000,b'1',3.178,76.943,b'1',b'ARGOS   ',899.3,7.131,34.973
66,31,b'2900229 ',b'Argo INDIA                                                      ',b'M Ravichandran                                                  ',68.0,b'A',2004-09-04 08:38:02.000000000,b'1',3.178,76.943,b'1',b'ARGOS   ',999.3,6.626,34.946
66,32,b'2900229 ',b'Argo INDIA                                                      ',b'M Ravichandran                                                  ',68.0,b'A',2004-09-04 08:38:02.000000000,b'1',3.178,76.943,b'1',b'ARGOS   ',1099.6,6.064,34.918
66,33,b'2900229 ',b'Argo INDIA                                                      ',b'M Ravichandran                                                  ',68.0,b'A',2004-09-04 08:38:02.000000000,b'1',3.178,76.943,b'1',b'ARGOS   ',1199.2,5.604,34.897
66,34,b'2900229 ',b'Argo INDIA                                                      ',b'M Ravichandran                                                  ',68.0,b'A',2004-09-04 08:38:02.000000000,b'1',3.178,76.943,b'1',b'ARGOS   ',1299.5,5.165,34.885
66,35,b'2900229 ',b'Argo INDIA                                                      ',b'M Ravichandran                                                  ',68.0,b'A',2004-09-04 08:38:02.000000000,b'1',3.178,76.943,b'1',b'ARGOS   ',1399.0,4.792,34.872
66,36,b'2900229 ',b'Argo INDIA                                                      ',b'M Ravichandran                                                  ',68.0,b'A',2004-09-04 08:38:02.000000000,b'1',3.178,76.943,b'1',b'ARGOS   ',1499.6,4.385,34.853
66,37,b'2900229 ',b'Argo INDIA                                                      ',b'M Ravichandran                                                  ',68.0,b'A',2004-09-04 08:38:02.000000000,b'1',3.178,76.943,b'1',b'ARGOS   ',1598.9,4.016,34.836
66,38,b'2900229 ',b'Argo INDIA                                                      ',b'M Ravichandran                                                  ',68.0,b'A',2004-09-04 08:38:02.000000000,b'1',3.178,76.943,b'1',b'ARGOS   ',1699.5,3.662,34.82
66,39,b'2900229 ',b'Argo INDIA                                                      ',b'M Ravichandran                                                  ',68.0,b'A',2004-09-04 08:38:02.000000000,b'1',3.178,76.943,b'1',b'ARGOS   ',1799.0,3.354,34.808
66,40,b'2900229 ',b'Argo INDIA                                                      ',b'M Ravichandran                                                  ',68.0,b'A',2004-09-04 08:38:02.000000000,b'1',3.178,76.943,b'1',b'ARGOS   ',1899.4,3.088,34.794
66,41,b'2900229 ',b'Argo INDIA                                                      ',b'M Ravichandran                                                  ',68.0,b'A',2004-09-04 08:38:02.000000000,b'1',3.178,76.943,b'1',b'ARGOS   ',1999.3,2.814,34.782
66,42,b'2900229 ',b'Argo INDIA                                                      ',b'M Ravichandran                                                  ',68.0,b'A',2004-09-04 08:38:02.000000000,b'1',3.178,76.943,b'1',b'ARGOS   ',,,
66,43,b'2900229 ',b'Argo INDIA                                                      ',b'M Ravichandran                                                  ',68.0,b'A',2004-09-04 08:38:02.000000000,b'1',3.178,76.943,b'1',b'ARGOS   ',,,
66,44,b'2900229 ',b'Argo INDIA                                                      ',b'M Ravichandran                                                  ',68.0,b'A',2004-09-04 08:38:02.000000000,b'1',3.178,76.943,b'1',b'ARGOS   ',,,
67,0,b'2900229 ',b'Argo INDIA                                                      ',b'M Ravichandran                                                  ',69.0,b'A',2004-09-14 08:47:23.000000000,b'1',3.41,76.777,b'1',b'ARGOS   ',20.8,28.788,35.343
67,1,b'2900229 ',b'Argo INDIA                                                      ',b'M Ravichandran                                                  ',69.0,b'A',2004-09-14 08:47:23.000000000,b'1',3.41,76.777,b'1',b'ARGOS   ',24.5,28.516,35.34
67,2,b'2900229 ',b'Argo INDIA                                                      ',b'M Ravichandran                                                  ',69.0,b'A',2004-09-14 08:47:23.000000000,b'1',3.41,76.777,b'1',b'ARGOS   ',29.5,28.485,35.354
67,3,b'2900229 ',b'Argo INDIA                                                      ',b'M Ravichandran                                                  ',69.0,b'A',2004-09-14 08:47:23.000000000,b'1',3.41,76.777,b'1',b'ARGOS   ',34.2,28.493,35.411
67,4,b'2900229 ',b'Argo INDIA                                                      ',b'M Ravichandran                                                  ',69.0,b'A',2004-09-14 08:47:23.000000000,b'1',3.41,76.777,b'1',b'ARGOS   ',39.3,28.478,35.476
67,5,b'2900229 ',b'Argo INDIA                                                      ',b'M Ravichandran                                                  ',69.0,b'A',2004-09-14 08:47:23.000000000,b'1',3.41,76.777,b'1',b'ARGOS   ',43.9,28.461,35.508
67,6,b'2900229 ',b'Argo INDIA                                                      ',b'M Ravichandran                                                  ',69.0,b'A',2004-09-14 08:47:23.000000000,b'1',3.41,76.777,b'1',b'ARGOS   ',49.3,28.458,35.527
67,7,b'2900229 ',b'Argo INDIA                                                      ',b'M Ravichandran                                                  ',69.0,b'A',2004-09-14 08:47:23.000000000,b'1',3.41,76.777,b'1',b'ARGOS   ',59.4,28.279,35.488
67,8,b'2900229 ',b'Argo INDIA                                                      ',b'M Ravichandran                                                  ',69.0,b'A',2004-09-14 08:47:23.000000000,b'1',3.41,76.777,b'1',b'ARGOS   ',69.6,28.054,35.435
67,9,b'2900229 ',b'Argo INDIA                                                      ',b'M Ravichandran                                                  ',69.0,b'A',2004-09-14 08:47:23.000000000,b'1',3.41,76.777,b'1',b'ARGOS   ',79.7,26.847,35.3
67,10,b'2900229 ',b'Argo INDIA                                                      ',b'M Ravichandran                                                  ',69.0,b'A',2004-09-14 08:47:23.000000000,b'1',3.41,76.777,b'1',b'ARGOS   ',89.0,21.939,35.072
67,11,b'2900229 ',b'Argo INDIA                                                      ',b'M Ravichandran                                                  ',69.0,b'A',2004-09-14 08:47:23.000000000,b'1',3.41,76.777,b'1',b'ARGOS   ',99.5,20.679,35.117
67,12,b'2900229 ',b'Argo INDIA                                                      ',b'M Ravichandran                                                  ',69.0,b'A',2004-09-14 08:47:23.000000000,b'1',3.41,76.777,b'1',b'ARGOS   ',109.2,20.045,35.092
67,13,b'2900229 ',b'Argo INDIA                                                      ',b'M Ravichandran                                                  ',69.0,b'A',2004-09-14 08:47:23.000000000,b'1',3.41,76.777,b'1',b'ARGOS   ',119.2,19.085,35.068
67,14,b'2900229 ',b'Argo INDIA                                                      ',b'M Ravichandran                                                  ',69.0,b'A',2004-09-14 08:47:23.000000000,b'1',3.41,76.777,b'1',b'ARGOS   ',129.5,18.894,35.037
67,15,b'2900229 ',b'Argo INDIA                                                      ',b'M Ravichandran                                                  ',69.0,b'A',2004-09-14 08:47:23.000000000,b'1',3.41,76.777,b'1',b'ARGOS   ',139.4,18.184,35.158
67,16,b'2900229 ',b'Argo INDIA                                                      ',b'M Ravichandran                                                  ',69.0,b'A',2004-09-14 08:47:23.000000000,b'1',3.41,76.777,b'1',b'ARGOS   ',149.6,17.728,35.147
67,17,b'2900229 ',b'Argo INDIA                                                      ',b'M Ravichandran                                                  ',69.0,b'A',2004-09-14 08:47:23.000000000,b'1',3.41,76.777,b'1',b'ARGOS   ',169.3,14.782,35.141
67,18,b'2900229 ',b'Argo INDIA                                                      ',b'M Ravichandran                                                  ',69.0,b'A',2004-09-14 08:47:23.000000000,b'1',3.41,76.777,b'1',b'ARGOS   ',189.1,14.111,35.168
67,19,b'2900229 ',b'Argo INDIA                                                      ',b'M Ravichandran                                                  ',69.0,b'A',2004-09-14 08:47:23.000000000,b'1',3.41,76.777,b'1',b'ARGOS   ',208.9,13.188,35.134
67,20,b'2900229 ',b'Argo INDIA                                                      ',b'M Ravichandran                                                  ',69.0,b'A',2004-09-14 08:47:23.000000000,b'1',3.41,76.777,b'1',b'ARGOS   ',229.0,12.817,35.137
67,21,b'2900229 ',b'Argo INDIA                                                      ',b'M Ravichandran                                                  ',69.0,b'A',2004-09-14 08:47:23.000000000,b'1',3.41,76.777,b'1',b'ARGOS   ',249.0,12.401,35.125
67,22,b'2900229 ',b'Argo INDIA                                                      ',b'M Ravichandran                                                  ',69.0,b'A',2004-09-14 08:47:23.000000000,b'1',3.41,76.777,b'1',b'ARGOS   ',299.5,11.555,35.076
67,23,b'2900229 ',b'Argo INDIA                                                      ',b'M Ravichandran                                                  ',69.0,b'A',2004-09-14 08:47:23.000000000,b'1',3.41,76.777,b'1',b'ARGOS   ',349.2,10.973,35.062
67,24,b'2900229 ',b'Argo INDIA                                                      ',b'M Ravichandran                                                  ',69.0,b'A',2004-09-14 08:47:23.000000000,b'1',3.41,76.777,b'1',b'ARGOS   ',399.4,10.693,35.063
67,25,b'2900229 ',b'Argo INDIA                                                      ',b'M Ravichandran                                                  ',69.0,b'A',2004-09-14 08:47:23.000000000,b'1',3.41,76.777,b'1',b'ARGOS   ',449.2,10.442,35.065
67,26,b'2900229 ',b'Argo INDIA                                                      ',b'M Ravichandran                                                  ',69.0,b'A',2004-09-14 08:47:23.000000000,b'1',3.41,76.777,b'1',b'ARGOS   ',499.5,10.015,35.049
67,27,b'2900229 ',b'Argo INDIA                                                      ',b'M Ravichandran                                                  ',69.0,b'A',2004-09-14 08:47:23.000000000,b'1',3.41,76.777,b'1',b'ARGOS   ',599.3,9.263,35.037
67,28,b'2900229 ',b'Argo INDIA                                                      ',b'M Ravichandran                                                  ',69.0,b'A',2004-09-14 08:47:23.000000000,b'1',3.41,76.777,b'1',b'ARGOS   ',699.1,8.588,35.031
67,29,b'2900229 ',b'Argo INDIA                                                      ',b'M Ravichandran                                                  ',69.0,b'A',2004-09-14 08:47:23.000000000,b'1',3.41,76.777,b'1',b'ARGOS   ',799.0,8.123,35.042
67,30,b'2900229 ',b'Argo INDIA                                                      ',b'M Ravichandran                                                  ',69.0,b'A',2004-09-14 08:47:23.000000000,b'1',3.41,76.777,b'1',b'ARGOS   ',899.3,7.269,34.975
67,31,b'2900229 ',b'Argo INDIA                                                      ',b'M Ravichandran                                                  ',69.0,b'A',2004-09-14 08:47:23.000000000,b'1',3.41,76.777,b'1',b'ARGOS   ',999.5,6.642,34.953
67,32,b'2900229 ',b'Argo INDIA                                                      ',b'M Ravichandran                                                  ',69.0,b'A',2004-09-14 08:47:23.000000000,b'1',3.41,76.777,b'1',b'ARGOS   ',1099.2,6.153,34.931
67,33,b'2900229 ',b'Argo INDIA                                                      ',b'M Ravichandran                                                  ',69.0,b'A',2004-09-14 08:47:23.000000000,b'1',3.41,76.777,b'1',b'ARGOS   ',1198.9,5.626,34.905
67,34,b'2900229 ',b'Argo INDIA                                                      ',b'M Ravichandran                                                  ',69.0,b'A',2004-09-14 08:47:23.000000000,b'1',3.41,76.777,b'1',b'ARGOS   ',1299.5,5.119,34.883
67,35,b'2900229 ',b'Argo INDIA                                                      ',b'M Ravichandran                                                  ',69.0,b'A',2004-09-14 08:47:23.000000000,b'1',3.41,76.777,b'1',b'ARGOS   ',1399.5,4.726,34.869
67,36,b'2900229 ',b'Argo INDIA                                                      ',b'M Ravichandran                                                  ',69.0,b'A',2004-09-14 08:47:23.000000000,b'1',3.41,76.777,b'1',b'ARGOS   ',1499.1,4.352,34.857
67,37,b'2900229 ',b'Argo INDIA                                                      ',b'M Ravichandran                                                  ',69.0,b'A',2004-09-14 08:47:23.000000000,b'1',3.41,76.777,b'1',b'ARGOS   ',1599.1,3.967,34.834
67,38,b'2900229 ',b'Argo INDIA                                                      ',b'M Ravichandran                                                  ',69.0,b'A',2004-09-14 08:47:23.000000000,b'1',3.41,76.777,b'1',b'ARGOS   ',1699.1,3.496,34.813
67,39,b'2900229 ',b'Argo INDIA                                                      ',b'M Ravichandran                                                  ',69.0,b'A',2004-09-14 08:47:23.000000000,b'1',3.41,76.777,b'1',b'ARGOS   ',1799.3,3.192,34.8
67,40,b'2900229 ',b'Argo INDIA                                                      ',b'M Ravichandran                                                  ',69.0,b'A',2004-09-14 08:47:23.000000000,b'1',3.41,76.777,b'1',b'ARGOS   ',1898.9,2.851,34.785
67,41,b'2900229 ',b'Argo INDIA                                                      ',b'M Ravichandran                                                  ',69.0,b'A',2004-09-14 08:47:23.000000000,b'1',3.41,76.777,b'1',b'ARGOS   ',1999.5,2.656,34.776
67,42,b'2900229 ',b'Argo INDIA                                                      ',b'M Ravichandran                                                  ',69.0,b'A',2004-09-14 08:47:23.000000000,b'1',3.41,76.777,b'1',b'ARGOS   ',,,
67,43,b'2900229 ',b'Argo INDIA                                                      ',b'M Ravichandran                                                  ',69.0,b'A',2004-09-14 08:47:23.000000000,b'1',3.41,76.777,b'1',b'ARGOS   ',,,
67,44,b'2900229 ',b'Argo INDIA                                                      ',b'M Ravichandran                                                  ',69.0,b'A',2004-09-14 08:47:23.000000000,b'1',3.41,76.777,b'1',b'ARGOS   ',,,
68,0,b'2900229 ',b'Argo INDIA                                                      ',b'M Ravichandran                                                  ',70.0,b'A',2004-09-24 08:37:58.000000000,b'1',3.546,76.774,b'1',b'ARGOS   ',20.6,28.313,35.44
68,1,b'2900229 ',b'Argo INDIA                                                      ',b'M Ravichandran                                                  ',70.0,b'A',2004-09-24 08:37:58.000000000,b'1',3.546,76.774,b'1',b'ARGOS   ',23.9,28.312,35.44
68,2,b'2900229 ',b'Argo INDIA                                                      ',b'M Ravichandran                                                  ',70.0,b'A',2004-09-24 08:37:58.000000000,b'1',3.546,76.774,b'1',b'ARGOS   ',29.5,28.308,35.441
68,3,b'2900229 ',b'Argo INDIA                                                      ',b'M Ravichandran                                                  ',70.0,b'A',2004-09-24 08:37:58.000000000,b'1',3.546,76.774,b'1',b'ARGOS   ',34.3,28.294,35.44
68,4,b'2900229 ',b'Argo INDIA                                                      ',b'M Ravichandran                                                  ',70.0,b'A',2004-09-24 08:37:58.000000000,b'1',3.546,76.774,b'1',b'ARGOS   ',39.1,28.287,35.44
68,5,b'2900229 ',b'Argo INDIA                                                      ',b'M Ravichandran                                                  ',70.0,b'A',2004-09-24 08:37:58.000000000,b'1',3.546,76.774,b'1',b'ARGOS   ',44.4,28.252,35.436
68,6,b'2900229 ',b'Argo INDIA                                                      ',b'M Ravichandran                                                  ',70.0,b'A',2004-09-24 08:37:58.000000000,b'1',3.546,76.774,b'1',b'ARGOS   ',49.1,28.218,35.434
68,7,b'2900229 ',b'Argo INDIA                                                      ',b'M Ravichandran                                                  ',70.0,b'A',2004-09-24 08:37:58.000000000,b'1',3.546,76.774,b'1',b'ARGOS   ',59.4,28.124,35.427
68,8,b'2900229 ',b'Argo INDIA                                                      ',b'M Ravichandran                                                  ',70.0,b'A',2004-09-24 08:37:58.000000000,b'1',3.546,76.774,b'1',b'ARGOS   ',69.7,26.203,35.248
68,9,b'2900229 ',b'Argo INDIA                                                      ',b'M Ravichandran                                                  ',70.0,b'A',2004-09-24 08:37:58.000000000,b'1',3.546,76.774,b'1',b'ARGOS   ',79.5,24.675,35.056
68,10,b'2900229 ',b'Argo INDIA                                                      ',b'M Ravichandran                                                  ',70.0,b'A',2004-09-24 08:37:58.000000000,b'1',3.546,76.774,b'1',b'ARGOS   ',89.8,23.206,35.078
68,11,b'2900229 ',b'Argo INDIA                                                      ',b'M Ravichandran                                                  ',70.0,b'A',2004-09-24 08:37:58.000000000,b'1',3.546,76.774,b'1',b'ARGOS   ',99.5,22.232,35.076
68,12,b'2900229 ',b'Argo INDIA                                                      ',b'M Ravichandran                                                  ',70.0,b'A',2004-09-24 08:37:58.000000000,b'1',3.546,76.774,b'1',b'ARGOS   ',109.3,21.318,35.032
68,13,b'2900229 ',b'Argo INDIA                                                      ',b'M Ravichandran                                                  ',70.0,b'A',2004-09-24 08:37:58.000000000,b'1',3.546,76.774,b'1',b'ARGOS   ',119.6,20.309,35.114
68,14,b'2900229 ',b'Argo INDIA                                                      ',b'M Ravichandran                                                  ',70.0,b'A',2004-09-24 08:37:58.000000000,b'1',3.546,76.774,b'1',b'ARGOS   ',129.4,19.47,35.076
68,15,b'2900229 ',b'Argo INDIA                                                      ',b'M Ravichandran                                                  ',70.0,b'A',2004-09-24 08:37:58.000000000,b'1',3.546,76.774,b'1',b'ARGOS   ',139.5,18.147,35.117
68,16,b'2900229 ',b'Argo INDIA                                                      ',b'M Ravichandran                                                  ',70.0,b'A',2004-09-24 08:37:58.000000000,b'1',3.546,76.774,b'1',b'ARGOS   ',149.2,17.453,35.155
68,17,b'2900229 ',b'Argo INDIA                                                      ',b'M Ravichandran                                                  ',70.0,b'A',2004-09-24 08:37:58.000000000,b'1',3.546,76.774,b'1',b'ARGOS   ',168.9,15.519,35.153
68,18,b'2900229 ',b'Argo INDIA                                                      ',b'M Ravichandran                                                  ',70.0,b'A',2004-09-24 08:37:58.000000000,b'1',3.546,76.774,b'1',b'ARGOS   ',189.4,14.683,35.155
68,19,b'2900229 ',b'Argo INDIA                                                      ',b'M Ravichandran                                                  ',70.0,b'A',2004-09-24 08:37:58.000000000,b'1',3.546,76.774,b'1',b'ARGOS   ',209.3,13.252,35.124
68,20,b'2900229 ',b'Argo INDIA                                                      ',b'M Ravichandran                                                  ',70.0,b'A',2004-09-24 08:37:58.000000000,b'1',3.546,76.774,b'1',b'ARGOS   ',229.3,12.7,35.107
68,21,b'2900229 ',b'Argo INDIA                                                      ',b'M Ravichandran                                                  ',70.0,b'A',2004-09-24 08:37:58.000000000,b'1',3.546,76.774,b'1',b'ARGOS   ',249.4,12.328,35.103
68,22,b'2900229 ',b'Argo INDIA                                                      ',b'M Ravichandran                                                  ',70.0,b'A',2004-09-24 08:37:58.000000000,b'1',3.546,76.774,b'1',b'ARGOS   ',299.5,11.667,35.085
68,23,b'2900229 ',b'Argo INDIA                                                      ',b'M Ravichandran                                                  ',70.0,b'A',2004-09-24 08:37:58.000000000,b'1',3.546,76.774,b'1',b'ARGOS   ',349.5,11.311,35.073
68,24,b'2900229 ',b'Argo INDIA                                                      ',b'M Ravichandran                                                  ',70.0,b'A',2004-09-24 08:37:58.000000000,b'1',3.546,76.774,b'1',b'ARGOS   ',399.1,10.926,35.063
68,25,b'2900229 ',b'Argo INDIA                                                      ',b'M Ravichandran                                                  ',70.0,b'A',2004-09-24 08:37:58.000000000,b'1',3.546,76.774,b'1',b'ARGOS   ',449.3,10.45,35.059
68,26,b'2900229 ',b'Argo INDIA                                                      ',b'M Ravichandran                                                  ',70.0,b'A',2004-09-24 08:37:58.000000000,b'1',3.546,76.774,b'1',b'ARGOS   ',499.5,10.066,35.075
68,27,b'2900229 ',b'Argo INDIA                                                      ',b'M Ravichandran                                                  ',70.0,b'A',2004-09-24 08:37:58.000000000,b'1',3.546,76.774,b'1',b'ARGOS   ',599.1,9.281,35.05
68,28,b'2900229 ',b'Argo INDIA                                                      ',b'M Ravichandran                                                  ',70.0,b'A',2004-09-24 08:37:58.000000000,b'1',3.546,76.774,b'1',b'ARGOS   ',699.2,8.609,35.016
68,29,b'2900229 ',b'Argo INDIA                                                      ',b'M Ravichandran                                                  ',70.0,b'A',2004-09-24 08:37:58.000000000,b'1',3.546,76.774,b'1',b'ARGOS   ',798.8,8.066,35.01
68,30,b'2900229 ',b'Argo INDIA                                                      ',b'M Ravichandran                                                  ',70.0,b'A',2004-09-24 08:37:58.000000000,b'1',3.546,76.774,b'1',b'ARGOS   ',899.5,7.512,34.992
68,31,b'2900229 ',b'Argo INDIA                                                      ',b'M Ravichandran                                                  ',70.0,b'A',2004-09-24 08:37:58.000000000,b'1',3.546,76.774,b'1',b'ARGOS   ',999.3,6.916,34.96
68,32,b'2900229 ',b'Argo INDIA                                                      ',b'M Ravichandran                                                  ',70.0,b'A',2004-09-24 08:37:58.000000000,b'1',3.546,76.774,b'1',b'ARGOS   ',1099.6,6.325,34.929
68,33,b'2900229 ',b'Argo INDIA                                                      ',b'M Ravichandran                                                  ',70.0,b'A',2004-09-24 08:37:58.000000000,b'1',3.546,76.774,b'1',b'ARGOS   ',1199.4,5.792,34.902
68,34,b'2900229 ',b'Argo INDIA                                                      ',b'M Ravichandran                                                  ',70.0,b'A',2004-09-24 08:37:58.000000000,b'1',3.546,76.774,b'1',b'ARGOS   ',1299.1,5.406,34.895
68,35,b'2900229 ',b'Argo INDIA                                                      ',b'M Ravichandran                                                  ',70.0,b'A',2004-09-24 08:37:58.000000000,b'1',3.546,76.774,b'1',b'ARGOS   ',1399.4,4.956,34.877
68,36,b'2900229 ',b'Argo INDIA                                                      ',b'M Ravichandran                                                  ',70.0,b'A',2004-09-24 08:37:58.000000000,b'1',3.546,76.774,b'1',b'ARGOS   ',1499.5,4.643,34.865
68,37,b'2900229 ',b'Argo INDIA                                                      ',b'M Ravichandran                                                  ',70.0,b'A',2004-09-24 08:37:58.000000000,b'1',3.546,76.774,b'1',b'ARGOS   ',1599.4,4.237,34.848
68,38,b'2900229 ',b'Argo INDIA                                                      ',b'M Ravichandran                                                  ',70.0,b'A',2004-09-24 08:37:58.000000000,b'1',3.546,76.774,b'1',b'ARGOS   ',1699.3,3.8,34.826
68,39,b'2900229 ',b'Argo INDIA                                                      ',b'M Ravichandran                                                  ',70.0,b'A',2004-09-24 08:37:58.000000000,b'1',3.546,76.774,b'1',b'ARGOS   ',1799.2,3.481,34.813
68,40,b'2900229 ',b'Argo INDIA                                                      ',b'M Ravichandran                                                  ',70.0,b'A',2004-09-24 08:37:58.000000000,b'1',3.546,76.774,b'1',b'ARGOS   ',1899.3,3.163,34.798
68,41,b'2900229 ',b'Argo INDIA                                                      ',b'M Ravichandran                                                  ',70.0,b'A',2004-09-24 08:37:58.000000000,b'1',3.546,76.774,b'1',b'ARGOS   ',1999.5,2.813,34.783
68,42,b'2900229 ',b'Argo INDIA                                                      ',b'M Ravichandran                                                  ',70.0,b'A',2004-09-24 08:37:58.000000000,b'1',3.546,76.774,b'1',b'ARGOS   ',,,
68,43,b'2900229 ',b'Argo INDIA                                                      ',b'M Ravichandran                                                  ',70.0,b'A',2004-09-24 08:37:58.000000000,b'1',3.546,76.774,b'1',b'ARGOS   ',,,
68,44,b'2900229 ',b'Argo INDIA                                                      ',b'M Ravichandran                                                  ',70.0,b'A',2004-09-24 08:37:58.000000000,b'1',3.546,76.774,b'1',b'ARGOS   ',,,
69,0,b'2900229 ',b'Argo INDIA                                                      ',b'M Ravichandran                                                  ',71.0,b'A',2004-10-04 08:36:13.000000000,b'1',3.423,76.725,b'1',b'ARGOS   ',20.8,28.644,35.433
69,1,b'2900229 ',b'Argo INDIA                                                      ',b'M Ravichandran                                                  ',71.0,b'A',2004-10-04 08:36:13.000000000,b'1',3.423,76.725,b'1',b'ARGOS   ',24.1,28.608,35.432
69,2,b'2900229 ',b'Argo INDIA                                                      ',b'M Ravichandran                                                  ',71.0,b'A',2004-10-04 08:36:13.000000000,b'1',3.423,76.725,b'1',b'ARGOS   ',29.1,28.586,35.431
69,3,b'2900229 ',b'Argo INDIA                                                      ',b'M Ravichandran                                                  ',71.0,b'A',2004-10-04 08:36:13.000000000,b'1',3.423,76.725,b'1',b'ARGOS   ',33.9,28.53,35.43
69,4,b'2900229 ',b'Argo INDIA                                                      ',b'M Ravichandran                                                  ',71.0,b'A',2004-10-04 08:36:13.000000000,b'1',3.423,76.725,b'1',b'ARGOS   ',39.3,28.503,35.426
69,5,b'2900229 ',b'Argo INDIA                                                      ',b'M Ravichandran                                                  ',71.0,b'A',2004-10-04 08:36:13.000000000,b'1',3.423,76.725,b'1',b'ARGOS   ',44.3,28.483,35.427
69,6,b'2900229 ',b'Argo INDIA                                                      ',b'M Ravichandran                                                  ',71.0,b'A',2004-10-04 08:36:13.000000000,b'1',3.423,76.725,b'1',b'ARGOS   ',49.2,28.473,35.425
69,7,b'2900229 ',b'Argo INDIA                                                      ',b'M Ravichandran                                                  ',71.0,b'A',2004-10-04 08:36:13.000000000,b'1',3.423,76.725,b'1',b'ARGOS   ',58.9,28.411,35.411
69,8,b'2900229 ',b'Argo INDIA                                                      ',b'M Ravichandran                                                  ',71.0,b'A',2004-10-04 08:36:13.000000000,b'1',3.423,76.725,b'1',b'ARGOS   ',69.1,28.145,35.397
69,9,b'2900229 ',b'Argo INDIA                                                      ',b'M Ravichandran                                                  ',71.0,b'A',2004-10-04 08:36:13.000000000,b'1',3.423,76.725,b'1',b'ARGOS   ',79.3,28.109,35.464
69,10,b'2900229 ',b'Argo INDIA                                                      ',b'M Ravichandran                                                  ',71.0,b'A',2004-10-04 08:36:13.000000000,b'1',3.423,76.725,b'1',b'ARGOS   ',89.4,27.973,35.471
69,11,b'2900229 ',b'Argo INDIA                                                      ',b'M Ravichandran                                                  ',71.0,b'A',2004-10-04 08:36:13.000000000,b'1',3.423,76.725,b'1',b'ARGOS   ',99.4,24.491,35.094
69,12,b'2900229 ',b'Argo INDIA                                                      ',b'M Ravichandran                                                  ',71.0,b'A',2004-10-04 08:36:13.000000000,b'1',3.423,76.725,b'1',b'ARGOS   ',109.4,22.241,35.024
69,13,b'2900229 ',b'Argo INDIA                                                      ',b'M Ravichandran                                                  ',71.0,b'A',2004-10-04 08:36:13.000000000,b'1',3.423,76.725,b'1',b'ARGOS   ',119.4,20.585,35.071
69,14,b'2900229 ',b'Argo INDIA                                                      ',b'M Ravichandran                                                  ',71.0,b'A',2004-10-04 08:36:13.000000000,b'1',3.423,76.725,b'1',b'ARGOS   ',129.1,19.548,35.122
69,15,b'2900229 ',b'Argo INDIA                                                      ',b'M Ravichandran                                                  ',71.0,b'A',2004-10-04 08:36:13.000000000,b'1',3.423,76.725,b'1',b'ARGOS   ',139.2,18.793,35.118
69,16,b'2900229 ',b'Argo INDIA                                                      ',b'M Ravichandran                                                  ',71.0,b'A',2004-10-04 08:36:13.000000000,b'1',3.423,76.725,b'1',b'ARGOS   ',149.4,18.158,35.143
69,17,b'2900229 ',b'Argo INDIA                                                      ',b'M Ravichandran                                                  ',71.0,b'A',2004-10-04 08:36:13.000000000,b'1',3.423,76.725,b'1',b'ARGOS   ',169.3,16.184,35.101
69,18,b'2900229 ',b'Argo INDIA                                                      ',b'M Ravichandran                                                  ',71.0,b'A',2004-10-04 08:36:13.000000000,b'1',3.423,76.725,b'1',b'ARGOS   ',189.5,14.576,35.144
69,19,b'2900229 ',b'Argo INDIA                                                      ',b'M Ravichandran                                                  ',71.0,b'A',2004-10-04 08:36:13.000000000,b'1',3.423,76.725,b'1',b'ARGOS   ',209.2,13.825,35.137
69,20,b'2900229 ',b'Argo INDIA                                                      ',b'M Ravichandran                                                  ',71.0,b'A',2004-10-04 08:36:13.000000000,b'1',3.423,76.725,b'1',b'ARGOS   ',228.8,12.879,35.122
69,21,b'2900229 ',b'Argo INDIA                                                      ',b'M Ravichandran                                                  ',71.0,b'A',2004-10-04 08:36:13.000000000,b'1',3.423,76.725,b'1',b'ARGOS   ',249.2,12.713,35.12
69,22,b'2900229 ',b'Argo INDIA                                                      ',b'M Ravichandran                                                  ',71.0,b'A',2004-10-04 08:36:13.000000000,b'1',3.423,76.725,b'1',b'ARGOS   ',299.0,11.861,35.092
69,23,b'2900229 ',b'Argo INDIA                                                      ',b'M Ravichandran                                                  ',71.0,b'A',2004-10-04 08:36:13.000000000,b'1',3.423,76.725,b'1',b'ARGOS   ',349.1,11.321,35.076
69,24,b'2900229 ',b'Argo INDIA                                                      ',b'M Ravichandran                                                  ',71.0,b'A',2004-10-04 08:36:13.000000000,b'1',3.423,76.725,b'1',b'ARGOS   ',399.2,10.958,35.072
69,25,b'2900229 ',b'Argo INDIA                                                      ',b'M Ravichandran                                                  ',71.0,b'A',2004-10-04 08:36:13.000000000,b'1',3.423,76.725,b'1',b'ARGOS   ',449.1,10.573,35.058
69,26,b'2900229 ',b'Argo INDIA                                                      ',b'M Ravichandran                                                  ',71.0,b'A',2004-10-04 08:36:13.000000000,b'1',3.423,76.725,b'1',b'ARGOS   ',499.1,10.17,35.061
69,27,b'2900229 ',b'Argo INDIA                                                      ',b'M Ravichandran                                                  ',71.0,b'A',2004-10-04 08:36:13.000000000,b'1',3.423,76.725,b'1',b'ARGOS   ',599.2,9.482,35.043
69,28,b'2900229 ',b'Argo INDIA                                                      ',b'M Ravichandran                                                  ',71.0,b'A',2004-10-04 08:36:13.000000000,b'1',3.423,76.725,b'1',b'ARGOS   ',699.1,8.773,35.021
69,29,b'2900229 ',b'Argo INDIA                                                      ',b'M Ravichandran                                                  ',71.0,b'A',2004-10-04 08:36:13.000000000,b'1',3.423,76.725,b'1',b'ARGOS   ',799.4,7.987,35.002
69,30,b'2900229 ',b'Argo INDIA                                                      ',b'M Ravichandran                                                  ',71.0,b'A',2004-10-04 08:36:13.000000000,b'1',3.423,76.725,b'1',b'ARGOS   ',899.3,7.491,34.984
69,31,b'2900229 ',b'Argo INDIA                                                      ',b'M Ravichandran                                                  ',71.0,b'A',2004-10-04 08:36:13.000000000,b'1',3.423,76.725,b'1',b'ARGOS   ',998.9,6.981,34.969
69,32,b'2900229 ',b'Argo INDIA                                                      ',b'M Ravichandran                                                  ',71.0,b'A',2004-10-04 08:36:13.000000000,b'1',3.423,76.725,b'1',b'ARGOS   ',1099.4,6.437,34.935
69,33,b'2900229 ',b'Argo INDIA                                                      ',b'M Ravichandran                                                  ',71.0,b'A',2004-10-04 08:36:13.000000000,b'1',3.423,76.725,b'1',b'ARGOS   ',1199.2,5.921,34.908
69,34,b'2900229 ',b'Argo INDIA                                                      ',b'M Ravichandran                                                  ',71.0,b'A',2004-10-04 08:36:13.000000000,b'1',3.423,76.725,b'1',b'ARGOS   ',1299.3,5.624,34.902
69,35,b'2900229 ',b'Argo INDIA                                                      ',b'M Ravichandran                                                  ',71.0,b'A',2004-10-04 08:36:13.000000000,b'1',3.423,76.725,b'1',b'ARGOS   ',1399.4,5.225,34.888
69,36,b'2900229 ',b'Argo INDIA                                                      ',b'M Ravichandran                                                  ',71.0,b'A',2004-10-04 08:36:13.000000000,b'1',3.423,76.725,b'1',b'ARGOS   ',1499.1,4.729,34.869
69,37,b'2900229 ',b'Argo INDIA                                                      ',b'M Ravichandran                                                  ',71.0,b'A',2004-10-04 08:36:13.000000000,b'1',3.423,76.725,b'1',b'ARGOS   ',1599.0,4.41,34.857
69,38,b'2900229 ',b'Argo INDIA                                                      ',b'M Ravichandran                                                  ',71.0,b'A',2004-10-04 08:36:13.000000000,b'1',3.423,76.725,b'1',b'ARGOS   ',1699.4,3.823,34.827
69,39,b'2900229 ',b'Argo INDIA                                                      ',b'M Ravichandran                                                  ',71.0,b'A',2004-10-04 08:36:13.000000000,b'1',3.423,76.725,b'1',b'ARGOS   ',1799.5,3.427,34.81
69,40,b'2900229 ',b'Argo INDIA                                                      ',b'M Ravichandran                                                  ',71.0,b'A',2004-10-04 08:36:13.000000000,b'1',3.423,76.725,b'1',b'ARGOS   ',1899.4,3.151,34.799
69,41,b'2900229 ',b'Argo INDIA                                                      ',b'M Ravichandran                                                  ',71.0,b'A',2004-10-04 08:36:13.000000000,b'1',3.423,76.725,b'1',b'ARGOS   ',1999.1,2.839,34.784
69,42,b'2900229 ',b'Argo INDIA                                                      ',b'M Ravichandran                                                  ',71.0,b'A',2004-10-04 08:36:13.000000000,b'1',3.423,76.725,b'1',b'ARGOS   ',,,
69,43,b'2900229 ',b'Argo INDIA                                                      ',b'M Ravichandran                                                  ',71.0,b'A',2004-10-04 08:36:13.000000000,b'1',3.423,76.725,b'1',b'ARGOS   ',,,
69,44,b'2900229 ',b'Argo INDIA                                                      ',b'M Ravichandran                                                  ',71.0,b'A',2004-10-04 08:36:13.000000000,b'1',3.423,76.725,b'1',b'ARGOS   ',,,
70,0,b'2900229 ',b'Argo INDIA                                                      ',b'M Ravichandran                                                  ',72.0,b'A',2004-10-14 08:44:10.000000256,b'1',3.177,76.799,b'1',b'ARGOS   ',20.9,29.023,35.715
70,1,b'2900229 ',b'Argo INDIA                                                      ',b'M Ravichandran                                                  ',72.0,b'A',2004-10-14 08:44:10.000000256,b'1',3.177,76.799,b'1',b'ARGOS   ',24.5,29.024,35.714
70,2,b'2900229 ',b'Argo INDIA                                                      ',b'M Ravichandran                                                  ',72.0,b'A',2004-10-14 08:44:10.000000256,b'1',3.177,76.799,b'1',b'ARGOS   ',29.5,28.887,35.706
70,3,b'2900229 ',b'Argo INDIA                                                      ',b'M Ravichandran                                                  ',72.0,b'A',2004-10-14 08:44:10.000000256,b'1',3.177,76.799,b'1',b'ARGOS   ',34.3,28.831,35.704
70,4,b'2900229 ',b'Argo INDIA                                                      ',b'M Ravichandran                                                  ',72.0,b'A',2004-10-14 08:44:10.000000256,b'1',3.177,76.799,b'1',b'ARGOS   ',39.5,28.819,35.707
70,5,b'2900229 ',b'Argo INDIA                                                      ',b'M Ravichandran                                                  ',72.0,b'A',2004-10-14 08:44:10.000000256,b'1',3.177,76.799,b'1',b'ARGOS   ',44.3,28.809,35.71
70,6,b'2900229 ',b'Argo INDIA                                                      ',b'M Ravichandran                                                  ',72.0,b'A',2004-10-14 08:44:10.000000256,b'1',3.177,76.799,b'1',b'ARGOS   ',49.6,28.748,35.733
70,7,b'2900229 ',b'Argo INDIA                                                      ',b'M Ravichandran                                                  ',72.0,b'A',2004-10-14 08:44:10.000000256,b'1',3.177,76.799,b'1',b'ARGOS   ',59.5,28.545,35.784
70,8,b'2900229 ',b'Argo INDIA                                                      ',b'M Ravichandran                                                  ',72.0,b'A',2004-10-14 08:44:10.000000256,b'1',3.177,76.799,b'1',b'ARGOS   ',69.2,28.274,35.762
70,9,b'2900229 ',b'Argo INDIA                                                      ',b'M Ravichandran                                                  ',72.0,b'A',2004-10-14 08:44:10.000000256,b'1',3.177,76.799,b'1',b'ARGOS   ',79.6,27.577,35.647
70,10,b'2900229 ',b'Argo INDIA                                                      ',b'M Ravichandran                                                  ',72.0,b'A',2004-10-14 08:44:10.000000256,b'1',3.177,76.799,b'1',b'ARGOS   ',89.3,25.054,35.249
70,11,b'2900229 ',b'Argo INDIA                                                      ',b'M Ravichandran                                                  ',72.0,b'A',2004-10-14 08:44:10.000000256,b'1',3.177,76.799,b'1',b'ARGOS   ',99.7,23.368,35.089
70,12,b'2900229 ',b'Argo INDIA                                                      ',b'M Ravichandran                                                  ',72.0,b'A',2004-10-14 08:44:10.000000256,b'1',3.177,76.799,b'1',b'ARGOS   ',109.5,22.262,35.213
70,13,b'2900229 ',b'Argo INDIA                                                      ',b'M Ravichandran                                                  ',72.0,b'A',2004-10-14 08:44:10.000000256,b'1',3.177,76.799,b'1',b'ARGOS   ',119.6,20.739,35.172
70,14,b'2900229 ',b'Argo INDIA                                                      ',b'M Ravichandran                                                  ',72.0,b'A',2004-10-14 08:44:10.000000256,b'1',3.177,76.799,b'1',b'ARGOS   ',129.3,19.244,35.1
70,15,b'2900229 ',b'Argo INDIA                                                      ',b'M Ravichandran                                                  ',72.0,b'A',2004-10-14 08:44:10.000000256,b'1',3.177,76.799,b'1',b'ARGOS   ',139.1,17.991,34.947
70,16,b'2900229 ',b'Argo INDIA                                                      ',b'M Ravichandran                                                  ',72.0,b'A',2004-10-14 08:44:10.000000256,b'1',3.177,76.799,b'1',b'ARGOS   ',149.5,17.406,34.952
70,17,b'2900229 ',b'Argo INDIA                                                      ',b'M Ravichandran                                                  ',72.0,b'A',2004-10-14 08:44:10.000000256,b'1',3.177,76.799,b'1',b'ARGOS   ',169.1,15.956,35.027
70,18,b'2900229 ',b'Argo INDIA                                                      ',b'M Ravichandran                                                  ',72.0,b'A',2004-10-14 08:44:10.000000256,b'1',3.177,76.799,b'1',b'ARGOS   ',189.5,14.442,35.08
70,19,b'2900229 ',b'Argo INDIA                                                      ',b'M Ravichandran                                                  ',72.0,b'A',2004-10-14 08:44:10.000000256,b'1',3.177,76.799,b'1',b'ARGOS   ',209.3,13.115,35.123
70,20,b'2900229 ',b'Argo INDIA                                                      ',b'M Ravichandran                                                  ',72.0,b'A',2004-10-14 08:44:10.000000256,b'1',3.177,76.799,b'1',b'ARGOS   ',229.7,12.709,35.136
70,21,b'2900229 ',b'Argo INDIA                                                      ',b'M Ravichandran                                                  ',72.0,b'A',2004-10-14 08:44:10.000000256,b'1',3.177,76.799,b'1',b'ARGOS   ',249.1,12.279,35.124
70,22,b'2900229 ',b'Argo INDIA                                                      ',b'M Ravichandran                                                  ',72.0,b'A',2004-10-14 08:44:10.000000256,b'1',3.177,76.799,b'1',b'ARGOS   ',299.5,11.679,35.103
70,23,b'2900229 ',b'Argo INDIA                                                      ',b'M Ravichandran                                                  ',72.0,b'A',2004-10-14 08:44:10.000000256,b'1',3.177,76.799,b'1',b'ARGOS   ',349.5,10.953,35.059
70,24,b'2900229 ',b'Argo INDIA                                                      ',b'M Ravichandran                                                  ',72.0,b'A',2004-10-14 08:44:10.000000256,b'1',3.177,76.799,b'1',b'ARGOS   ',399.3,10.672,35.064
70,25,b'2900229 ',b'Argo INDIA                                                      ',b'M Ravichandran                                                  ',72.0,b'A',2004-10-14 08:44:10.000000256,b'1',3.177,76.799,b'1',b'ARGOS   ',449.5,10.407,35.06
70,26,b'2900229 ',b'Argo INDIA                                                      ',b'M Ravichandran                                                  ',72.0,b'A',2004-10-14 08:44:10.000000256,b'1',3.177,76.799,b'1',b'ARGOS   ',499.1,10.198,35.086
70,27,b'2900229 ',b'Argo INDIA                                                      ',b'M Ravichandran                                                  ',72.0,b'A',2004-10-14 08:44:10.000000256,b'1',3.177,76.799,b'1',b'ARGOS   ',599.1,9.286,35.045
70,28,b'2900229 ',b'Argo INDIA                                                      ',b'M Ravichandran                                                  ',72.0,b'A',2004-10-14 08:44:10.000000256,b'1',3.177,76.799,b'1',b'ARGOS   ',698.9,8.612,35.023
70,29,b'2900229 ',b'Argo INDIA                                                      ',b'M Ravichandran                                                  ',72.0,b'A',2004-10-14 08:44:10.000000256,b'1',3.177,76.799,b'1',b'ARGOS   ',799.1,8.017,35.011
70,30,b'2900229 ',b'Argo INDIA                                                      ',b'M Ravichandran                                                  ',72.0,b'A',2004-10-14 08:44:10.000000256,b'1',3.177,76.799,b'1',b'ARGOS   ',899.5,7.37,34.987
70,31,b'2900229 ',b'Argo INDIA                                                      ',b'M Ravichandran                                                  ',72.0,b'A',2004-10-14 08:44:10.000000256,b'1',3.177,76.799,b'1',b'ARGOS   ',999.5,6.837,34.962
70,32,b'2900229 ',b'Argo INDIA                                                      ',b'M Ravichandran                                                  ',72.0,b'A',2004-10-14 08:44:10.000000256,b'1',3.177,76.799,b'1',b'ARGOS   ',1099.3,6.375,34.935
70,33,b'2900229 ',b'Argo INDIA                                                      ',b'M Ravichandran                                                  ',72.0,b'A',2004-10-14 08:44:10.000000256,b'1',3.177,76.799,b'1',b'ARGOS   ',1199.2,5.764,34.902
70,34,b'2900229 ',b'Argo INDIA                                                      ',b'M Ravichandran                                                  ',72.0,b'A',2004-10-14 08:44:10.000000256,b'1',3.177,76.799,b'1',b'ARGOS   ',1299.4,5.303,34.89
70,35,b'2900229 ',b'Argo INDIA                                                      ',b'M Ravichandran                                                  ',72.0,b'A',2004-10-14 08:44:10.000000256,b'1',3.177,76.799,b'1',b'ARGOS   ',1399.0,4.77,34.873
70,36,b'2900229 ',b'Argo INDIA                                                      ',b'M Ravichandran                                                  ',72.0,b'A',2004-10-14 08:44:10.000000256,b'1',3.177,76.799,b'1',b'ARGOS   ',1499.2,4.367,34.853
70,37,b'2900229 ',b'Argo INDIA                                                      ',b'M Ravichandran                                                  ',72.0,b'A',2004-10-14 08:44:10.000000256,b'1',3.177,76.799,b'1',b'ARGOS   ',1599.4,4.052,34.84
70,38,b'2900229 ',b'Argo INDIA                                                      ',b'M Ravichandran                                                  ',72.0,b'A',2004-10-14 08:44:10.000000256,b'1',3.177,76.799,b'1',b'ARGOS   ',1699.1,3.671,34.821
70,39,b'2900229 ',b'Argo INDIA                                                      ',b'M Ravichandran                                                  ',72.0,b'A',2004-10-14 08:44:10.000000256,b'1',3.177,76.799,b'1',b'ARGOS   ',1798.8,3.356,34.808
70,40,b'2900229 ',b'Argo INDIA                                                      ',b'M Ravichandran                                                  ',72.0,b'A',2004-10-14 08:44:10.000000256,b'1',3.177,76.799,b'1',b'ARGOS   ',1898.9,3.075,34.795
70,41,b'2900229 ',b'Argo INDIA                                                      ',b'M Ravichandran                                                  ',72.0,b'A',2004-10-14 08:44:10.000000256,b'1',3.177,76.799,b'1',b'ARGOS   ',1999.4,2.836,34.784
70,42,b'2900229 ',b'Argo INDIA                                                      ',b'M Ravichandran                                                  ',72.0,b'A',2004-10-14 08:44:10.000000256,b'1',3.177,76.799,b'1',b'ARGOS   ',,,
70,43,b'2900229 ',b'Argo INDIA                                                      ',b'M Ravichandran                                                  ',72.0,b'A',2004-10-14 08:44:10.000000256,b'1',3.177,76.799,b'1',b'ARGOS   ',,,
70,44,b'2900229 ',b'Argo INDIA                                                      ',b'M Ravichandran                                                  ',72.0,b'A',2004-10-14 08:44:10.000000256,b'1',3.177,76.799,b'1',b'ARGOS   ',,,
71,0,b'2900229 ',b'Argo INDIA                                                      ',b'M Ravichandran                                                  ',73.0,b'A',2004-10-24 08:39:43.000000000,b'1',2.994,76.942,b'1',b'ARGOS   ',21.2,28.791,35.403
71,1,b'2900229 ',b'Argo INDIA                                                      ',b'M Ravichandran                                                  ',73.0,b'A',2004-10-24 08:39:43.000000000,b'1',2.994,76.942,b'1',b'ARGOS   ',24.2,28.789,35.403
71,2,b'2900229 ',b'Argo INDIA                                                      ',b'M Ravichandran                                                  ',73.0,b'A',2004-10-24 08:39:43.000000000,b'1',2.994,76.942,b'1',b'ARGOS   ',29.7,28.794,35.404
71,3,b'2900229 ',b'Argo INDIA                                                      ',b'M Ravichandran                                                  ',73.0,b'A',2004-10-24 08:39:43.000000000,b'1',2.994,76.942,b'1',b'ARGOS   ',34.6,28.793,35.406
71,4,b'2900229 ',b'Argo INDIA                                                      ',b'M Ravichandran                                                  ',73.0,b'A',2004-10-24 08:39:43.000000000,b'1',2.994,76.942,b'1',b'ARGOS   ',39.4,28.703,35.485
71,5,b'2900229 ',b'Argo INDIA                                                      ',b'M Ravichandran                                                  ',73.0,b'A',2004-10-24 08:39:43.000000000,b'1',2.994,76.942,b'1',b'ARGOS   ',44.6,28.644,35.598
71,6,b'2900229 ',b'Argo INDIA                                                      ',b'M Ravichandran                                                  ',73.0,b'A',2004-10-24 08:39:43.000000000,b'1',2.994,76.942,b'1',b'ARGOS   ',49.3,28.508,35.599
71,7,b'2900229 ',b'Argo INDIA                                                      ',b'M Ravichandran                                                  ',73.0,b'A',2004-10-24 08:39:43.000000000,b'1',2.994,76.942,b'1',b'ARGOS   ',59.1,28.493,35.658
71,8,b'2900229 ',b'Argo INDIA                                                      ',b'M Ravichandran                                                  ',73.0,b'A',2004-10-24 08:39:43.000000000,b'1',2.994,76.942,b'1',b'ARGOS   ',69.3,28.188,35.651
71,9,b'2900229 ',b'Argo INDIA                                                      ',b'M Ravichandran                                                  ',73.0,b'A',2004-10-24 08:39:43.000000000,b'1',2.994,76.942,b'1',b'ARGOS   ',79.5,28.208,35.724
71,10,b'2900229 ',b'Argo INDIA                                                      ',b'M Ravichandran                                                  ',73.0,b'A',2004-10-24 08:39:43.000000000,b'1',2.994,76.942,b'1',b'ARGOS   ',89.2,28.112,35.737
71,11,b'2900229 ',b'Argo INDIA                                                      ',b'M Ravichandran                                                  ',73.0,b'A',2004-10-24 08:39:43.000000000,b'1',2.994,76.942,b'1',b'ARGOS   ',99.1,26.706,35.684
71,12,b'2900229 ',b'Argo INDIA                                                      ',b'M Ravichandran                                                  ',73.0,b'A',2004-10-24 08:39:43.000000000,b'1',2.994,76.942,b'1',b'ARGOS   ',109.8,24.463,35.396
71,13,b'2900229 ',b'Argo INDIA                                                      ',b'M Ravichandran                                                  ',73.0,b'A',2004-10-24 08:39:43.000000000,b'1',2.994,76.942,b'1',b'ARGOS   ',119.8,21.642,35.286
71,14,b'2900229 ',b'Argo INDIA                                                      ',b'M Ravichandran                                                  ',73.0,b'A',2004-10-24 08:39:43.000000000,b'1',2.994,76.942,b'1',b'ARGOS   ',129.2,19.45,34.945
71,15,b'2900229 ',b'Argo INDIA                                                      ',b'M Ravichandran                                                  ',73.0,b'A',2004-10-24 08:39:43.000000000,b'1',2.994,76.942,b'1',b'ARGOS   ',139.5,19.135,35.157
71,16,b'2900229 ',b'Argo INDIA                                                      ',b'M Ravichandran                                                  ',73.0,b'A',2004-10-24 08:39:43.000000000,b'1',2.994,76.942,b'1',b'ARGOS   ',149.6,17.902,35.074
71,17,b'2900229 ',b'Argo INDIA                                                      ',b'M Ravichandran                                                  ',73.0,b'A',2004-10-24 08:39:43.000000000,b'1',2.994,76.942,b'1',b'ARGOS   ',169.4,15.84,35.027
71,18,b'2900229 ',b'Argo INDIA                                                      ',b'M Ravichandran                                                  ',73.0,b'A',2004-10-24 08:39:43.000000000,b'1',2.994,76.942,b'1',b'ARGOS   ',189.6,14.872,35.047
71,19,b'2900229 ',b'Argo INDIA                                                      ',b'M Ravichandran                                                  ',73.0,b'A',2004-10-24 08:39:43.000000000,b'1',2.994,76.942,b'1',b'ARGOS   ',209.3,13.693,35.14
71,20,b'2900229 ',b'Argo INDIA                                                      ',b'M Ravichandran                                                  ',73.0,b'A',2004-10-24 08:39:43.000000000,b'1',2.994,76.942,b'1',b'ARGOS   ',229.5,12.561,35.107
71,21,b'2900229 ',b'Argo INDIA                                                      ',b'M Ravichandran                                                  ',73.0,b'A',2004-10-24 08:39:43.000000000,b'1',2.994,76.942,b'1',b'ARGOS   ',249.2,12.289,35.102
71,22,b'2900229 ',b'Argo INDIA                                                      ',b'M Ravichandran                                                  ',73.0,b'A',2004-10-24 08:39:43.000000000,b'1',2.994,76.942,b'1',b'ARGOS   ',299.2,11.513,35.08
71,23,b'2900229 ',b'Argo INDIA                                                      ',b'M Ravichandran                                                  ',73.0,b'A',2004-10-24 08:39:43.000000000,b'1',2.994,76.942,b'1',b'ARGOS   ',349.2,10.771,35.037
71,24,b'2900229 ',b'Argo INDIA                                                      ',b'M Ravichandran                                                  ',73.0,b'A',2004-10-24 08:39:43.000000000,b'1',2.994,76.942,b'1',b'ARGOS   ',399.1,10.574,35.052
71,25,b'2900229 ',b'Argo INDIA                                                      ',b'M Ravichandran                                                  ',73.0,b'A',2004-10-24 08:39:43.000000000,b'1',2.994,76.942,b'1',b'ARGOS   ',449.3,10.277,35.058
71,26,b'2900229 ',b'Argo INDIA                                                      ',b'M Ravichandran                                                  ',73.0,b'A',2004-10-24 08:39:43.000000000,b'1',2.994,76.942,b'1',b'ARGOS   ',499.1,10.058,35.058
71,27,b'2900229 ',b'Argo INDIA                                                      ',b'M Ravichandran                                                  ',73.0,b'A',2004-10-24 08:39:43.000000000,b'1',2.994,76.942,b'1',b'ARGOS   ',599.1,9.489,35.045
71,28,b'2900229 ',b'Argo INDIA                                                      ',b'M Ravichandran                                                  ',73.0,b'A',2004-10-24 08:39:43.000000000,b'1',2.994,76.942,b'1',b'ARGOS   ',699.2,8.761,35.03
71,29,b'2900229 ',b'Argo INDIA                                                      ',b'M Ravichandran                                                  ',73.0,b'A',2004-10-24 08:39:43.000000000,b'1',2.994,76.942,b'1',b'ARGOS   ',799.1,8.455,35.047
71,30,b'2900229 ',b'Argo INDIA                                                      ',b'M Ravichandran                                                  ',73.0,b'A',2004-10-24 08:39:43.000000000,b'1',2.994,76.942,b'1',b'ARGOS   ',899.5,7.772,34.999
71,31,b'2900229 ',b'Argo INDIA                                                      ',b'M Ravichandran                                                  ',73.0,b'A',2004-10-24 08:39:43.000000000,b'1',2.994,76.942,b'1',b'ARGOS   ',999.3,7.005,34.971
71,32,b'2900229 ',b'Argo INDIA                                                      ',b'M Ravichandran                                                  ',73.0,b'A',2004-10-24 08:39:43.000000000,b'1',2.994,76.942,b'1',b'ARGOS   ',1099.0,6.304,34.93
71,33,b'2900229 ',b'Argo INDIA                                                      ',b'M Ravichandran                                                  ',73.0,b'A',2004-10-24 08:39:43.000000000,b'1',2.994,76.942,b'1',b'ARGOS   ',1199.1,5.694,34.902
71,34,b'2900229 ',b'Argo INDIA                                                      ',b'M Ravichandran                                                  ',73.0,b'A',2004-10-24 08:39:43.000000000,b'1',2.994,76.942,b'1',b'ARGOS   ',1299.3,5.253,34.891
71,35,b'2900229 ',b'Argo INDIA                                                      ',b'M Ravichandran                                                  ',73.0,b'A',2004-10-24 08:39:43.000000000,b'1',2.994,76.942,b'1',b'ARGOS   ',1399.5,4.738,34.871
71,36,b'2900229 ',b'Argo INDIA                                                      ',b'M Ravichandran                                                  ',73.0,b'A',2004-10-24 08:39:43.000000000,b'1',2.994,76.942,b'1',b'ARGOS   ',1499.5,4.509,34.862
71,37,b'2900229 ',b'Argo INDIA                                                      ',b'M Ravichandran                                                  ',73.0,b'A',2004-10-24 08:39:43.000000000,b'1',2.994,76.942,b'1',b'ARGOS   ',1599.4,4.148,34.843
71,38,b'2900229 ',b'Argo INDIA                                                      ',b'M Ravichandran                                                  ',73.0,b'A',2004-10-24 08:39:43.000000000,b'1',2.994,76.942,b'1',b'ARGOS   ',1699.2,3.741,34.824
71,39,b'2900229 ',b'Argo INDIA                                                      ',b'M Ravichandran                                                  ',73.0,b'A',2004-10-24 08:39:43.000000000,b'1',2.994,76.942,b'1',b'ARGOS   ',1799.4,3.397,34.81
71,40,b'2900229 ',b'Argo INDIA                                                      ',b'M Ravichandran                                                  ',73.0,b'A',2004-10-24 08:39:43.000000000,b'1',2.994,76.942,b'1',b'ARGOS   ',1899.2,3.094,34.796
71,41,b'2900229 ',b'Argo INDIA                                                      ',b'M Ravichandran                                                  ',73.0,b'A',2004-10-24 08:39:43.000000000,b'1',2.994,76.942,b'1',b'ARGOS   ',1999.0,2.819,34.783
71,42,b'2900229 ',b'Argo INDIA                                                      ',b'M Ravichandran                                                  ',73.0,b'A',2004-10-24 08:39:43.000000000,b'1',2.994,76.942,b'1',b'ARGOS   ',,,
71,43,b'2900229 ',b'Argo INDIA                                                      ',b'M Ravichandran                                                  ',73.0,b'A',2004-10-24 08:39:43.000000000,b'1',2.994,76.942,b'1',b'ARGOS   ',,,
71,44,b'2900229 ',b'Argo INDIA                                                      ',b'M Ravichandran                                                  ',73.0,b'A',2004-10-24 08:39:43.000000000,b'1',2.994,76.942,b'1',b'ARGOS   ',,,
72,0,b'2900229 ',b'Argo INDIA                                                      ',b'M Ravichandran                                                  ',74.0,b'A',2004-11-03 08:40:02.000000000,b'1',2.786,76.827,b'1',b'ARGOS   ',21.1,28.893,35.374
72,1,b'2900229 ',b'Argo INDIA                                                      ',b'M Ravichandran                                                  ',74.0,b'A',2004-11-03 08:40:02.000000000,b'1',2.786,76.827,b'1',b'ARGOS   ',24.6,28.864,35.373
72,2,b'2900229 ',b'Argo INDIA                                                      ',b'M Ravichandran                                                  ',74.0,b'A',2004-11-03 08:40:02.000000000,b'1',2.786,76.827,b'1',b'ARGOS   ',29.4,28.723,35.369
72,3,b'2900229 ',b'Argo INDIA                                                      ',b'M Ravichandran                                                  ',74.0,b'A',2004-11-03 08:40:02.000000000,b'1',2.786,76.827,b'1',b'ARGOS   ',34.3,28.701,35.369
72,4,b'2900229 ',b'Argo INDIA                                                      ',b'M Ravichandran                                                  ',74.0,b'A',2004-11-03 08:40:02.000000000,b'1',2.786,76.827,b'1',b'ARGOS   ',39.3,28.693,35.369
72,5,b'2900229 ',b'Argo INDIA                                                      ',b'M Ravichandran                                                  ',74.0,b'A',2004-11-03 08:40:02.000000000,b'1',2.786,76.827,b'1',b'ARGOS   ',44.3,28.686,35.37
72,6,b'2900229 ',b'Argo INDIA                                                      ',b'M Ravichandran                                                  ',74.0,b'A',2004-11-03 08:40:02.000000000,b'1',2.786,76.827,b'1',b'ARGOS   ',49.4,28.683,35.371
72,7,b'2900229 ',b'Argo INDIA                                                      ',b'M Ravichandran                                                  ',74.0,b'A',2004-11-03 08:40:02.000000000,b'1',2.786,76.827,b'1',b'ARGOS   ',59.4,28.677,35.372
72,8,b'2900229 ',b'Argo INDIA                                                      ',b'M Ravichandran                                                  ',74.0,b'A',2004-11-03 08:40:02.000000000,b'1',2.786,76.827,b'1',b'ARGOS   ',69.7,28.623,35.425
72,9,b'2900229 ',b'Argo INDIA                                                      ',b'M Ravichandran                                                  ',74.0,b'A',2004-11-03 08:40:02.000000000,b'1',2.786,76.827,b'1',b'ARGOS   ',79.2,27.224,35.459
72,10,b'2900229 ',b'Argo INDIA                                                      ',b'M Ravichandran                                                  ',74.0,b'A',2004-11-03 08:40:02.000000000,b'1',2.786,76.827,b'1',b'ARGOS   ',89.2,27.391,35.605
72,11,b'2900229 ',b'Argo INDIA                                                      ',b'M Ravichandran                                                  ',74.0,b'A',2004-11-03 08:40:02.000000000,b'1',2.786,76.827,b'1',b'ARGOS   ',99.3,27.192,35.589
72,12,b'2900229 ',b'Argo INDIA                                                      ',b'M Ravichandran                                                  ',74.0,b'A',2004-11-03 08:40:02.000000000,b'1',2.786,76.827,b'1',b'ARGOS   ',109.6,26.924,35.603
72,13,b'2900229 ',b'Argo INDIA                                                      ',b'M Ravichandran                                                  ',74.0,b'A',2004-11-03 08:40:02.000000000,b'1',2.786,76.827,b'1',b'ARGOS   ',119.7,25.488,35.226
72,14,b'2900229 ',b'Argo INDIA                                                      ',b'M Ravichandran                                                  ',74.0,b'A',2004-11-03 08:40:02.000000000,b'1',2.786,76.827,b'1',b'ARGOS   ',129.3,21.621,35.171
72,15,b'2900229 ',b'Argo INDIA                                                      ',b'M Ravichandran                                                  ',74.0,b'A',2004-11-03 08:40:02.000000000,b'1',2.786,76.827,b'1',b'ARGOS   ',139.5,20.785,35.209
72,16,b'2900229 ',b'Argo INDIA                                                      ',b'M Ravichandran                                                  ',74.0,b'A',2004-11-03 08:40:02.000000000,b'1',2.786,76.827,b'1',b'ARGOS   ',149.2,19.607,35.106
72,17,b'2900229 ',b'Argo INDIA                                                      ',b'M Ravichandran                                                  ',74.0,b'A',2004-11-03 08:40:02.000000000,b'1',2.786,76.827,b'1',b'ARGOS   ',169.2,16.929,34.98
72,18,b'2900229 ',b'Argo INDIA                                                      ',b'M Ravichandran                                                  ',74.0,b'A',2004-11-03 08:40:02.000000000,b'1',2.786,76.827,b'1',b'ARGOS   ',189.5,14.948,35.128
72,19,b'2900229 ',b'Argo INDIA                                                      ',b'M Ravichandran                                                  ',74.0,b'A',2004-11-03 08:40:02.000000000,b'1',2.786,76.827,b'1',b'ARGOS   ',209.3,14.127,35.097
72,20,b'2900229 ',b'Argo INDIA                                                      ',b'M Ravichandran                                                  ',74.0,b'A',2004-11-03 08:40:02.000000000,b'1',2.786,76.827,b'1',b'ARGOS   ',229.3,13.733,35.116
72,21,b'2900229 ',b'Argo INDIA                                                      ',b'M Ravichandran                                                  ',74.0,b'A',2004-11-03 08:40:02.000000000,b'1',2.786,76.827,b'1',b'ARGOS   ',248.9,13.389,35.129
72,22,b'2900229 ',b'Argo INDIA                                                      ',b'M Ravichandran                                                  ',74.0,b'A',2004-11-03 08:40:02.000000000,b'1',2.786,76.827,b'1',b'ARGOS   ',299.1,12.41,35.113
72,23,b'2900229 ',b'Argo INDIA                                                      ',b'M Ravichandran                                                  ',74.0,b'A',2004-11-03 08:40:02.000000000,b'1',2.786,76.827,b'1',b'ARGOS   ',349.5,11.729,35.09
72,24,b'2900229 ',b'Argo INDIA                                                      ',b'M Ravichandran                                                  ',74.0,b'A',2004-11-03 08:40:02.000000000,b'1',2.786,76.827,b'1',b'ARGOS   ',399.4,10.78,35.055
72,25,b'2900229 ',b'Argo INDIA                                                      ',b'M Ravichandran                                                  ',74.0,b'A',2004-11-03 08:40:02.000000000,b'1',2.786,76.827,b'1',b'ARGOS   ',449.0,10.205,35.063
72,26,b'2900229 ',b'Argo INDIA                                                      ',b'M Ravichandran                                                  ',74.0,b'A',2004-11-03 08:40:02.000000000,b'1',2.786,76.827,b'1',b'ARGOS   ',499.1,9.643,35.046
72,27,b'2900229 ',b'Argo INDIA                                                      ',b'M Ravichandran                                                  ',74.0,b'A',2004-11-03 08:40:02.000000000,b'1',2.786,76.827,b'1',b'ARGOS   ',599.4,9.153,35.037
72,28,b'2900229 ',b'Argo INDIA                                                      ',b'M Ravichandran                                                  ',74.0,b'A',2004-11-03 08:40:02.000000000,b'1',2.786,76.827,b'1',b'ARGOS   ',699.2,8.836,35.039
72,29,b'2900229 ',b'Argo INDIA                                                      ',b'M Ravichandran                                                  ',74.0,b'A',2004-11-03 08:40:02.000000000,b'1',2.786,76.827,b'1',b'ARGOS   ',799.0,8.462,35.031
72,30,b'2900229 ',b'Argo INDIA                                                      ',b'M Ravichandran                                                  ',74.0,b'A',2004-11-03 08:40:02.000000000,b'1',2.786,76.827,b'1',b'ARGOS   ',899.3,8.238,35.034
72,31,b'2900229 ',b'Argo INDIA                                                      ',b'M Ravichandran                                                  ',74.0,b'A',2004-11-03 08:40:02.000000000,b'1',2.786,76.827,b'1',b'ARGOS   ',999.3,7.395,34.991
72,32,b'2900229 ',b'Argo INDIA                                                      ',b'M Ravichandran                                                  ',74.0,b'A',2004-11-03 08:40:02.000000000,b'1',2.786,76.827,b'1',b'ARGOS   ',1099.4,6.459,34.936
72,33,b'2900229 ',b'Argo INDIA                                                      ',b'M Ravichandran                                                  ',74.0,b'A',2004-11-03 08:40:02.000000000,b'1',2.786,76.827,b'1',b'ARGOS   ',1199.4,5.989,34.924
72,34,b'2900229 ',b'Argo INDIA                                                      ',b'M Ravichandran                                                  ',74.0,b'A',2004-11-03 08:40:02.000000000,b'1',2.786,76.827,b'1',b'ARGOS   ',1299.4,5.584,34.903
72,35,b'2900229 ',b'Argo INDIA                                                      ',b'M Ravichandran                                                  ',74.0,b'A',2004-11-03 08:40:02.000000000,b'1',2.786,76.827,b'1',b'ARGOS   ',1399.2,4.879,34.875
72,36,b'2900229 ',b'Argo INDIA                                                      ',b'M Ravichandran                                                  ',74.0,b'A',2004-11-03 08:40:02.000000000,b'1',2.786,76.827,b'1',b'ARGOS   ',1499.6,4.535,34.864
72,37,b'2900229 ',b'Argo INDIA                                                      ',b'M Ravichandran                                                  ',74.0,b'A',2004-11-03 08:40:02.000000000,b'1',2.786,76.827,b'1',b'ARGOS   ',1599.4,4.15,34.843
72,38,b'2900229 ',b'Argo INDIA                                                      ',b'M Ravichandran                                                  ',74.0,b'A',2004-11-03 08:40:02.000000000,b'1',2.786,76.827,b'1',b'ARGOS   ',1699.0,3.7,34.824
72,39,b'2900229 ',b'Argo INDIA                                                      ',b'M Ravichandran                                                  ',74.0,b'A',2004-11-03 08:40:02.000000000,b'1',2.786,76.827,b'1',b'ARGOS   ',1799.3,3.322,34.806
72,40,b'2900229 ',b'Argo INDIA                                                      ',b'M Ravichandran                                                  ',74.0,b'A',2004-11-03 08:40:02.000000000,b'1',2.786,76.827,b'1',b'ARGOS   ',1899.1,3.021,34.792
72,41,b'2900229 ',b'Argo INDIA                                                      ',b'M Ravichandran                                                  ',74.0,b'A',2004-11-03 08:40:02.000000000,b'1',2.786,76.827,b'1',b'ARGOS   ',1999.1,2.771,34.781
72,42,b'2900229 ',b'Argo INDIA                                                      ',b'M Ravichandran                                                  ',74.0,b'A',2004-11-03 08:40:02.000000000,b'1',2.786,76.827,b'1',b'ARGOS   ',,,
72,43,b'2900229 ',b'Argo INDIA                                                      ',b'M Ravichandran                                                  ',74.0,b'A',2004-11-03 08:40:02.000000000,b'1',2.786,76.827,b'1',b'ARGOS   ',,,
72,44,b'2900229 ',b'Argo INDIA                                                      ',b'M Ravichandran                                                  ',74.0,b'A',2004-11-03 08:40:02.000000000,b'1',2.786,76.827,b'1',b'ARGOS   ',,,
73,0,b'2900229 ',b'Argo INDIA                                                      ',b'M Ravichandran                                                  ',75.0,b'A',2004-11-13 08:45:50.000000000,b'1',2.335,76.428,b'1',b'ARGOS   ',21.2,29.057,35.278
73,1,b'2900229 ',b'Argo INDIA                                                      ',b'M Ravichandran                                                  ',75.0,b'A',2004-11-13 08:45:50.000000000,b'1',2.335,76.428,b'1',b'ARGOS   ',24.0,28.963,35.285
73,2,b'2900229 ',b'Argo INDIA                                                      ',b'M Ravichandran                                                  ',75.0,b'A',2004-11-13 08:45:50.000000000,b'1',2.335,76.428,b'1',b'ARGOS   ',29.2,28.963,35.321
73,3,b'2900229 ',b'Argo INDIA                                                      ',b'M Ravichandran                                                  ',75.0,b'A',2004-11-13 08:45:50.000000000,b'1',2.335,76.428,b'1',b'ARGOS   ',34.2,28.785,35.474
73,4,b'2900229 ',b'Argo INDIA                                                      ',b'M Ravichandran                                                  ',75.0,b'A',2004-11-13 08:45:50.000000000,b'1',2.335,76.428,b'1',b'ARGOS   ',39.6,28.538,35.455
73,5,b'2900229 ',b'Argo INDIA                                                      ',b'M Ravichandran                                                  ',75.0,b'A',2004-11-13 08:45:50.000000000,b'1',2.335,76.428,b'1',b'ARGOS   ',44.4,28.362,35.446
73,6,b'2900229 ',b'Argo INDIA                                                      ',b'M Ravichandran                                                  ',75.0,b'A',2004-11-13 08:45:50.000000000,b'1',2.335,76.428,b'1',b'ARGOS   ',49.2,28.147,35.457
73,7,b'2900229 ',b'Argo INDIA                                                      ',b'M Ravichandran                                                  ',75.0,b'A',2004-11-13 08:45:50.000000000,b'1',2.335,76.428,b'1',b'ARGOS   ',59.5,28.047,35.456
73,8,b'2900229 ',b'Argo INDIA                                                      ',b'M Ravichandran                                                  ',75.0,b'A',2004-11-13 08:45:50.000000000,b'1',2.335,76.428,b'1',b'ARGOS   ',69.5,27.955,35.524
73,9,b'2900229 ',b'Argo INDIA                                                      ',b'M Ravichandran                                                  ',75.0,b'A',2004-11-13 08:45:50.000000000,b'1',2.335,76.428,b'1',b'ARGOS   ',79.3,27.941,35.577
73,10,b'2900229 ',b'Argo INDIA                                                      ',b'M Ravichandran                                                  ',75.0,b'A',2004-11-13 08:45:50.000000000,b'1',2.335,76.428,b'1',b'ARGOS   ',89.9,27.613,35.606
73,11,b'2900229 ',b'Argo INDIA                                                      ',b'M Ravichandran                                                  ',75.0,b'A',2004-11-13 08:45:50.000000000,b'1',2.335,76.428,b'1',b'ARGOS   ',99.8,25.788,35.611
73,12,b'2900229 ',b'Argo INDIA                                                      ',b'M Ravichandran                                                  ',75.0,b'A',2004-11-13 08:45:50.000000000,b'1',2.335,76.428,b'1',b'ARGOS   ',109.4,24.914,35.693
73,13,b'2900229 ',b'Argo INDIA                                                      ',b'M Ravichandran                                                  ',75.0,b'A',2004-11-13 08:45:50.000000000,b'1',2.335,76.428,b'1',b'ARGOS   ',119.6,22.152,35.5
73,14,b'2900229 ',b'Argo INDIA                                                      ',b'M Ravichandran                                                  ',75.0,b'A',2004-11-13 08:45:50.000000000,b'1',2.335,76.428,b'1',b'ARGOS   ',129.6,18.773,35.173
73,15,b'2900229 ',b'Argo INDIA                                                      ',b'M Ravichandran                                                  ',75.0,b'A',2004-11-13 08:45:50.000000000,b'1',2.335,76.428,b'1',b'ARGOS   ',139.4,17.857,35.14
73,16,b'2900229 ',b'Argo INDIA                                                      ',b'M Ravichandran                                                  ',75.0,b'A',2004-11-13 08:45:50.000000000,b'1',2.335,76.428,b'1',b'ARGOS   ',149.7,16.727,35.151
73,17,b'2900229 ',b'Argo INDIA                                                      ',b'M Ravichandran                                                  ',75.0,b'A',2004-11-13 08:45:50.000000000,b'1',2.335,76.428,b'1',b'ARGOS   ',169.2,14.486,35.149
73,18,b'2900229 ',b'Argo INDIA                                                      ',b'M Ravichandran                                                  ',75.0,b'A',2004-11-13 08:45:50.000000000,b'1',2.335,76.428,b'1',b'ARGOS   ',189.4,13.993,35.152
73,19,b'2900229 ',b'Argo INDIA                                                      ',b'M Ravichandran                                                  ',75.0,b'A',2004-11-13 08:45:50.000000000,b'1',2.335,76.428,b'1',b'ARGOS   ',209.2,13.626,35.147
73,20,b'2900229 ',b'Argo INDIA                                                      ',b'M Ravichandran                                                  ',75.0,b'A',2004-11-13 08:45:50.000000000,b'1',2.335,76.428,b'1',b'ARGOS   ',229.3,13.106,35.136
73,21,b'2900229 ',b'Argo INDIA                                                      ',b'M Ravichandran                                                  ',75.0,b'A',2004-11-13 08:45:50.000000000,b'1',2.335,76.428,b'1',b'ARGOS   ',249.4,12.7,35.126
73,22,b'2900229 ',b'Argo INDIA                                                      ',b'M Ravichandran                                                  ',75.0,b'A',2004-11-13 08:45:50.000000000,b'1',2.335,76.428,b'1',b'ARGOS   ',299.5,11.827,35.085
73,23,b'2900229 ',b'Argo INDIA                                                      ',b'M Ravichandran                                                  ',75.0,b'A',2004-11-13 08:45:50.000000000,b'1',2.335,76.428,b'1',b'ARGOS   ',349.5,11.206,35.048
73,24,b'2900229 ',b'Argo INDIA                                                      ',b'M Ravichandran                                                  ',75.0,b'A',2004-11-13 08:45:50.000000000,b'1',2.335,76.428,b'1',b'ARGOS   ',399.4,10.875,35.044
73,25,b'2900229 ',b'Argo INDIA                                                      ',b'M Ravichandran                                                  ',75.0,b'A',2004-11-13 08:45:50.000000000,b'1',2.335,76.428,b'1',b'ARGOS   ',449.2,10.662,35.059
73,26,b'2900229 ',b'Argo INDIA                                                      ',b'M Ravichandran                                                  ',75.0,b'A',2004-11-13 08:45:50.000000000,b'1',2.335,76.428,b'1',b'ARGOS   ',498.9,10.178,35.056
73,27,b'2900229 ',b'Argo INDIA                                                      ',b'M Ravichandran                                                  ',75.0,b'A',2004-11-13 08:45:50.000000000,b'1',2.335,76.428,b'1',b'ARGOS   ',599.2,9.332,35.035
73,28,b'2900229 ',b'Argo INDIA                                                      ',b'M Ravichandran                                                  ',75.0,b'A',2004-11-13 08:45:50.000000000,b'1',2.335,76.428,b'1',b'ARGOS   ',699.5,8.874,35.032
73,29,b'2900229 ',b'Argo INDIA                                                      ',b'M Ravichandran                                                  ',75.0,b'A',2004-11-13 08:45:50.000000000,b'1',2.335,76.428,b'1',b'ARGOS   ',799.4,8.54,35.026
73,30,b'2900229 ',b'Argo INDIA                                                      ',b'M Ravichandran                                                  ',75.0,b'A',2004-11-13 08:45:50.000000000,b'1',2.335,76.428,b'1',b'ARGOS   ',899.5,8.073,35.019
73,31,b'2900229 ',b'Argo INDIA                                                      ',b'M Ravichandran                                                  ',75.0,b'A',2004-11-13 08:45:50.000000000,b'1',2.335,76.428,b'1',b'ARGOS   ',999.2,7.411,34.992
73,32,b'2900229 ',b'Argo INDIA                                                      ',b'M Ravichandran                                                  ',75.0,b'A',2004-11-13 08:45:50.000000000,b'1',2.335,76.428,b'1',b'ARGOS   ',1099.2,6.486,34.943
73,33,b'2900229 ',b'Argo INDIA                                                      ',b'M Ravichandran                                                  ',75.0,b'A',2004-11-13 08:45:50.000000000,b'1',2.335,76.428,b'1',b'ARGOS   ',1199.2,6.094,34.928
73,34,b'2900229 ',b'Argo INDIA                                                      ',b'M Ravichandran                                                  ',75.0,b'A',2004-11-13 08:45:50.000000000,b'1',2.335,76.428,b'1',b'ARGOS   ',1299.1,5.567,34.903
73,35,b'2900229 ',b'Argo INDIA                                                      ',b'M Ravichandran                                                  ',75.0,b'A',2004-11-13 08:45:50.000000000,b'1',2.335,76.428,b'1',b'ARGOS   ',1399.2,5.212,34.891
73,36,b'2900229 ',b'Argo INDIA                                                      ',b'M Ravichandran                                                  ',75.0,b'A',2004-11-13 08:45:50.000000000,b'1',2.335,76.428,b'1',b'ARGOS   ',1499.2,4.669,34.868
73,37,b'2900229 ',b'Argo INDIA                                                      ',b'M Ravichandran                                                  ',75.0,b'A',2004-11-13 08:45:50.000000000,b'1',2.335,76.428,b'1',b'ARGOS   ',1599.3,4.138,34.845
73,38,b'2900229 ',b'Argo INDIA                                                      ',b'M Ravichandran                                                  ',75.0,b'A',2004-11-13 08:45:50.000000000,b'1',2.335,76.428,b'1',b'ARGOS   ',1699.5,3.653,34.821
73,39,b'2900229 ',b'Argo INDIA                                                      ',b'M Ravichandran                                                  ',75.0,b'A',2004-11-13 08:45:50.000000000,b'1',2.335,76.428,b'1',b'ARGOS   ',1799.0,3.348,34.808
73,40,b'2900229 ',b'Argo INDIA                                                      ',b'M Ravichandran                                                  ',75.0,b'A',2004-11-13 08:45:50.000000000,b'1',2.335,76.428,b'1',b'ARGOS   ',1899.0,3.076,34.794
73,41,b'2900229 ',b'Argo INDIA                                                      ',b'M Ravichandran                                                  ',75.0,b'A',2004-11-13 08:45:50.000000000,b'1',2.335,76.428,b'1',b'ARGOS   ',1999.2,2.774,34.781
73,42,b'2900229 ',b'Argo INDIA                                                      ',b'M Ravichandran                                                  ',75.0,b'A',2004-11-13 08:45:50.000000000,b'1',2.335,76.428,b'1',b'ARGOS   ',,,
73,43,b'2900229 ',b'Argo INDIA                                                      ',b'M Ravichandran                                                  ',75.0,b'A',2004-11-13 08:45:50.000000000,b'1',2.335,76.428,b'1',b'ARGOS   ',,,
73,44,b'2900229 ',b'Argo INDIA                                                      ',b'M Ravichandran                                                  ',75.0,b'A',2004-11-13 08:45:50.000000000,b'1',2.335,76.428,b'1',b'ARGOS   ',,,
74,0,b'2900229 ',b'Argo INDIA                                                      ',b'M Ravichandran                                                  ',76.0,b'A',2004-11-23 08:34:08.999999744,b'1',1.996,75.908,b'1',b'ARGOS   ',20.8,28.795,35.398
74,1,b'2900229 ',b'Argo INDIA                                                      ',b'M Ravichandran                                                  ',76.0,b'A',2004-11-23 08:34:08.999999744,b'1',1.996,75.908,b'1',b'ARGOS   ',24.3,28.777,35.397
74,2,b'2900229 ',b'Argo INDIA                                                      ',b'M Ravichandran                                                  ',76.0,b'A',2004-11-23 08:34:08.999999744,b'1',1.996,75.908,b'1',b'ARGOS   ',29.5,28.717,35.395
74,3,b'2900229 ',b'Argo INDIA                                                      ',b'M Ravichandran                                                  ',76.0,b'A',2004-11-23 08:34:08.999999744,b'1',1.996,75.908,b'1',b'ARGOS   ',34.2,28.647,35.392
74,4,b'2900229 ',b'Argo INDIA                                                      ',b'M Ravichandran                                                  ',76.0,b'A',2004-11-23 08:34:08.999999744,b'1',1.996,75.908,b'1',b'ARGOS   ',39.1,28.635,35.393
74,5,b'2900229 ',b'Argo INDIA                                                      ',b'M Ravichandran                                                  ',76.0,b'A',2004-11-23 08:34:08.999999744,b'1',1.996,75.908,b'1',b'ARGOS   ',44.1,28.626,35.393
74,6,b'2900229 ',b'Argo INDIA                                                      ',b'M Ravichandran                                                  ',76.0,b'A',2004-11-23 08:34:08.999999744,b'1',1.996,75.908,b'1',b'ARGOS   ',49.0,28.617,35.393
74,7,b'2900229 ',b'Argo INDIA                                                      ',b'M Ravichandran                                                  ',76.0,b'A',2004-11-23 08:34:08.999999744,b'1',1.996,75.908,b'1',b'ARGOS   ',59.6,28.187,35.556
74,8,b'2900229 ',b'Argo INDIA                                                      ',b'M Ravichandran                                                  ',76.0,b'A',2004-11-23 08:34:08.999999744,b'1',1.996,75.908,b'1',b'ARGOS   ',69.4,27.932,35.541
74,9,b'2900229 ',b'Argo INDIA                                                      ',b'M Ravichandran                                                  ',76.0,b'A',2004-11-23 08:34:08.999999744,b'1',1.996,75.908,b'1',b'ARGOS   ',79.5,26.966,35.555
74,10,b'2900229 ',b'Argo INDIA                                                      ',b'M Ravichandran                                                  ',76.0,b'A',2004-11-23 08:34:08.999999744,b'1',1.996,75.908,b'1',b'ARGOS   ',89.4,26.032,35.537
74,11,b'2900229 ',b'Argo INDIA                                                      ',b'M Ravichandran                                                  ',76.0,b'A',2004-11-23 08:34:08.999999744,b'1',1.996,75.908,b'1',b'ARGOS   ',99.1,25.51,35.547
74,12,b'2900229 ',b'Argo INDIA                                                      ',b'M Ravichandran                                                  ',76.0,b'A',2004-11-23 08:34:08.999999744,b'1',1.996,75.908,b'1',b'ARGOS   ',109.7,24.777,35.541
74,13,b'2900229 ',b'Argo INDIA                                                      ',b'M Ravichandran                                                  ',76.0,b'A',2004-11-23 08:34:08.999999744,b'1',1.996,75.908,b'1',b'ARGOS   ',119.7,22.52,35.411
74,14,b'2900229 ',b'Argo INDIA                                                      ',b'M Ravichandran                                                  ',76.0,b'A',2004-11-23 08:34:08.999999744,b'1',1.996,75.908,b'1',b'ARGOS   ',129.0,20.279,35.304
74,15,b'2900229 ',b'Argo INDIA                                                      ',b'M Ravichandran                                                  ',76.0,b'A',2004-11-23 08:34:08.999999744,b'1',1.996,75.908,b'1',b'ARGOS   ',139.4,19.544,35.229
74,16,b'2900229 ',b'Argo INDIA                                                      ',b'M Ravichandran                                                  ',76.0,b'A',2004-11-23 08:34:08.999999744,b'1',1.996,75.908,b'1',b'ARGOS   ',149.1,15.952,35.166
74,17,b'2900229 ',b'Argo INDIA                                                      ',b'M Ravichandran                                                  ',76.0,b'A',2004-11-23 08:34:08.999999744,b'1',1.996,75.908,b'1',b'ARGOS   ',169.4,14.972,35.182
74,18,b'2900229 ',b'Argo INDIA                                                      ',b'M Ravichandran                                                  ',76.0,b'A',2004-11-23 08:34:08.999999744,b'1',1.996,75.908,b'1',b'ARGOS   ',189.3,14.031,35.166
74,19,b'2900229 ',b'Argo INDIA                                                      ',b'M Ravichandran                                                  ',76.0,b'A',2004-11-23 08:34:08.999999744,b'1',1.996,75.908,b'1',b'ARGOS   ',209.0,13.867,35.16
74,20,b'2900229 ',b'Argo INDIA                                                      ',b'M Ravichandran                                                  ',76.0,b'A',2004-11-23 08:34:08.999999744,b'1',1.996,75.908,b'1',b'ARGOS   ',229.1,13.191,35.136
74,21,b'2900229 ',b'Argo INDIA                                                      ',b'M Ravichandran                                                  ',76.0,b'A',2004-11-23 08:34:08.999999744,b'1',1.996,75.908,b'1',b'ARGOS   ',249.5,12.541,35.125
74,22,b'2900229 ',b'Argo INDIA                                                      ',b'M Ravichandran                                                  ',76.0,b'A',2004-11-23 08:34:08.999999744,b'1',1.996,75.908,b'1',b'ARGOS   ',299.1,11.672,35.07
74,23,b'2900229 ',b'Argo INDIA                                                      ',b'M Ravichandran                                                  ',76.0,b'A',2004-11-23 08:34:08.999999744,b'1',1.996,75.908,b'1',b'ARGOS   ',349.4,11.179,35.041
74,24,b'2900229 ',b'Argo INDIA                                                      ',b'M Ravichandran                                                  ',76.0,b'A',2004-11-23 08:34:08.999999744,b'1',1.996,75.908,b'1',b'ARGOS   ',399.3,10.902,35.046
74,25,b'2900229 ',b'Argo INDIA                                                      ',b'M Ravichandran                                                  ',76.0,b'A',2004-11-23 08:34:08.999999744,b'1',1.996,75.908,b'1',b'ARGOS   ',449.1,10.653,35.045
74,26,b'2900229 ',b'Argo INDIA                                                      ',b'M Ravichandran                                                  ',76.0,b'A',2004-11-23 08:34:08.999999744,b'1',1.996,75.908,b'1',b'ARGOS   ',499.2,9.843,35.022
74,27,b'2900229 ',b'Argo INDIA                                                      ',b'M Ravichandran                                                  ',76.0,b'A',2004-11-23 08:34:08.999999744,b'1',1.996,75.908,b'1',b'ARGOS   ',598.8,9.136,35.021
74,28,b'2900229 ',b'Argo INDIA                                                      ',b'M Ravichandran                                                  ',76.0,b'A',2004-11-23 08:34:08.999999744,b'1',1.996,75.908,b'1',b'ARGOS   ',699.1,8.833,35.03
74,29,b'2900229 ',b'Argo INDIA                                                      ',b'M Ravichandran                                                  ',76.0,b'A',2004-11-23 08:34:08.999999744,b'1',1.996,75.908,b'1',b'ARGOS   ',799.4,8.605,35.036
74,30,b'2900229 ',b'Argo INDIA                                                      ',b'M Ravichandran                                                  ',76.0,b'A',2004-11-23 08:34:08.999999744,b'1',1.996,75.908,b'1',b'ARGOS   ',899.6,7.994,35.011
74,31,b'2900229 ',b'Argo INDIA                                                      ',b'M Ravichandran                                                  ',76.0,b'A',2004-11-23 08:34:08.999999744,b'1',1.996,75.908,b'1',b'ARGOS   ',999.0,7.098,34.977
74,32,b'2900229 ',b'Argo INDIA                                                      ',b'M Ravichandran                                                  ',76.0,b'A',2004-11-23 08:34:08.999999744,b'1',1.996,75.908,b'1',b'ARGOS   ',1099.4,6.354,34.942
74,33,b'2900229 ',b'Argo INDIA                                                      ',b'M Ravichandran                                                  ',76.0,b'A',2004-11-23 08:34:08.999999744,b'1',1.996,75.908,b'1',b'ARGOS   ',1199.1,6.011,34.92
74,34,b'2900229 ',b'Argo INDIA                                                      ',b'M Ravichandran                                                  ',76.0,b'A',2004-11-23 08:34:08.999999744,b'1',1.996,75.908,b'1',b'ARGOS   ',1299.1,5.524,34.901
74,35,b'2900229 ',b'Argo INDIA                                                      ',b'M Ravichandran                                                  ',76.0,b'A',2004-11-23 08:34:08.999999744,b'1',1.996,75.908,b'1',b'ARGOS   ',1399.2,5.092,34.884
74,36,b'2900229 ',b'Argo INDIA                                                      ',b'M Ravichandran                                                  ',76.0,b'A',2004-11-23 08:34:08.999999744,b'1',1.996,75.908,b'1',b'ARGOS   ',1499.5,4.568,34.864
74,37,b'2900229 ',b'Argo INDIA                                                      ',b'M Ravichandran                                                  ',76.0,b'A',2004-11-23 08:34:08.999999744,b'1',1.996,75.908,b'1',b'ARGOS   ',1599.0,4.123,34.841
74,38,b'2900229 ',b'Argo INDIA                                                      ',b'M Ravichandran                                                  ',76.0,b'A',2004-11-23 08:34:08.999999744,b'1',1.996,75.908,b'1',b'ARGOS   ',1698.8,3.591,34.819
74,39,b'2900229 ',b'Argo INDIA                                                      ',b'M Ravichandran                                                  ',76.0,b'A',2004-11-23 08:34:08.999999744,b'1',1.996,75.908,b'1',b'ARGOS   ',1799.4,3.226,34.801
74,40,b'2900229 ',b'Argo INDIA                                                      ',b'M Ravichandran                                                  ',76.0,b'A',2004-11-23 08:34:08.999999744,b'1',1.996,75.908,b'1',b'ARGOS   ',1899.3,2.931,34.789
74,41,b'2900229 ',b'Argo INDIA                                                      ',b'M Ravichandran                                                  ',76.0,b'A',2004-11-23 08:34:08.999999744,b'1',1.996,75.908,b'1',b'ARGOS   ',1999.5,2.727,34.779
74,42,b'2900229 ',b'Argo INDIA                                                      ',b'M Ravichandran                                                  ',76.0,b'A',2004-11-23 08:34:08.999999744,b'1',1.996,75.908,b'1',b'ARGOS   ',,,
74,43,b'2900229 ',b'Argo INDIA                                                      ',b'M Ravichandran                                                  ',76.0,b'A',2004-11-23 08:34:08.999999744,b'1',1.996,75.908,b'1',b'ARGOS   ',,,
74,44,b'2900229 ',b'Argo INDIA                                                      ',b'M Ravichandran                                                  ',76.0,b'A',2004-11-23 08:34:08.999999744,b'1',1.996,75.908,b'1',b'ARGOS   ',,,
75,0,b'2900229 ',b'Argo INDIA                                                      ',b'M Ravichandran                                                  ',77.0,b'A',2004-12-03 08:37:42.000000000,b'1',1.748,76.014,b'1',b'ARGOS   ',20.9,28.7,35.459
75,1,b'2900229 ',b'Argo INDIA                                                      ',b'M Ravichandran                                                  ',77.0,b'A',2004-12-03 08:37:42.000000000,b'1',1.748,76.014,b'1',b'ARGOS   ',24.2,28.548,35.455
75,2,b'2900229 ',b'Argo INDIA                                                      ',b'M Ravichandran                                                  ',77.0,b'A',2004-12-03 08:37:42.000000000,b'1',1.748,76.014,b'1',b'ARGOS   ',29.0,28.527,35.455
75,3,b'2900229 ',b'Argo INDIA                                                      ',b'M Ravichandran                                                  ',77.0,b'A',2004-12-03 08:37:42.000000000,b'1',1.748,76.014,b'1',b'ARGOS   ',34.0,28.51,35.455
75,4,b'2900229 ',b'Argo INDIA                                                      ',b'M Ravichandran                                                  ',77.0,b'A',2004-12-03 08:37:42.000000000,b'1',1.748,76.014,b'1',b'ARGOS   ',39.2,28.426,35.455
75,5,b'2900229 ',b'Argo INDIA                                                      ',b'M Ravichandran                                                  ',77.0,b'A',2004-12-03 08:37:42.000000000,b'1',1.748,76.014,b'1',b'ARGOS   ',44.4,28.401,35.453
75,6,b'2900229 ',b'Argo INDIA                                                      ',b'M Ravichandran                                                  ',77.0,b'A',2004-12-03 08:37:42.000000000,b'1',1.748,76.014,b'1',b'ARGOS   ',49.4,28.326,35.451
75,7,b'2900229 ',b'Argo INDIA                                                      ',b'M Ravichandran                                                  ',77.0,b'A',2004-12-03 08:37:42.000000000,b'1',1.748,76.014,b'1',b'ARGOS   ',59.5,28.252,35.459
75,8,b'2900229 ',b'Argo INDIA                                                      ',b'M Ravichandran                                                  ',77.0,b'A',2004-12-03 08:37:42.000000000,b'1',1.748,76.014,b'1',b'ARGOS   ',69.2,28.029,35.457
75,9,b'2900229 ',b'Argo INDIA                                                      ',b'M Ravichandran                                                  ',77.0,b'A',2004-12-03 08:37:42.000000000,b'1',1.748,76.014,b'1',b'ARGOS   ',79.7,26.418,35.473
75,10,b'2900229 ',b'Argo INDIA                                                      ',b'M Ravichandran                                                  ',77.0,b'A',2004-12-03 08:37:42.000000000,b'1',1.748,76.014,b'1',b'ARGOS   ',89.6,26.033,35.521
75,11,b'2900229 ',b'Argo INDIA                                                      ',b'M Ravichandran                                                  ',77.0,b'A',2004-12-03 08:37:42.000000000,b'1',1.748,76.014,b'1',b'ARGOS   ',99.6,23.794,35.45
75,12,b'2900229 ',b'Argo INDIA                                                      ',b'M Ravichandran                                                  ',77.0,b'A',2004-12-03 08:37:42.000000000,b'1',1.748,76.014,b'1',b'ARGOS   ',109.4,22.125,35.354
75,13,b'2900229 ',b'Argo INDIA                                                      ',b'M Ravichandran                                                  ',77.0,b'A',2004-12-03 08:37:42.000000000,b'1',1.748,76.014,b'1',b'ARGOS   ',119.3,21.278,35.325
75,14,b'2900229 ',b'Argo INDIA                                                      ',b'M Ravichandran                                                  ',77.0,b'A',2004-12-03 08:37:42.000000000,b'1',1.748,76.014,b'1',b'ARGOS   ',129.5,20.681,35.338
75,15,b'2900229 ',b'Argo INDIA                                                      ',b'M Ravichandran                                                  ',77.0,b'A',2004-12-03 08:37:42.000000000,b'1',1.748,76.014,b'1',b'ARGOS   ',139.7,19.403,35.286
75,16,b'2900229 ',b'Argo INDIA                                                      ',b'M Ravichandran                                                  ',77.0,b'A',2004-12-03 08:37:42.000000000,b'1',1.748,76.014,b'1',b'ARGOS   ',149.5,17.454,35.209
75,17,b'2900229 ',b'Argo INDIA                                                      ',b'M Ravichandran                                                  ',77.0,b'A',2004-12-03 08:37:42.000000000,b'1',1.748,76.014,b'1',b'ARGOS   ',169.1,15.776,35.179
75,18,b'2900229 ',b'Argo INDIA                                                      ',b'M Ravichandran                                                  ',77.0,b'A',2004-12-03 08:37:42.000000000,b'1',1.748,76.014,b'1',b'ARGOS   ',189.3,14.752,35.18
75,19,b'2900229 ',b'Argo INDIA                                                      ',b'M Ravichandran                                                  ',77.0,b'A',2004-12-03 08:37:42.000000000,b'1',1.748,76.014,b'1',b'ARGOS   ',209.0,13.775,35.157
75,20,b'2900229 ',b'Argo INDIA                                                      ',b'M Ravichandran                                                  ',77.0,b'A',2004-12-03 08:37:42.000000000,b'1',1.748,76.014,b'1',b'ARGOS   ',229.4,13.376,35.145
75,21,b'2900229 ',b'Argo INDIA                                                      ',b'M Ravichandran                                                  ',77.0,b'A',2004-12-03 08:37:42.000000000,b'1',1.748,76.014,b'1',b'ARGOS   ',248.8,13.156,35.134
75,22,b'2900229 ',b'Argo INDIA                                                      ',b'M Ravichandran                                                  ',77.0,b'A',2004-12-03 08:37:42.000000000,b'1',1.748,76.014,b'1',b'ARGOS   ',299.1,11.959,35.086
75,23,b'2900229 ',b'Argo INDIA                                                      ',b'M Ravichandran                                                  ',77.0,b'A',2004-12-03 08:37:42.000000000,b'1',1.748,76.014,b'1',b'ARGOS   ',349.1,11.593,35.069
75,24,b'2900229 ',b'Argo INDIA                                                      ',b'M Ravichandran                                                  ',77.0,b'A',2004-12-03 08:37:42.000000000,b'1',1.748,76.014,b'1',b'ARGOS   ',398.8,10.879,35.038
75,25,b'2900229 ',b'Argo INDIA                                                      ',b'M Ravichandran                                                  ',77.0,b'A',2004-12-03 08:37:42.000000000,b'1',1.748,76.014,b'1',b'ARGOS   ',449.2,10.789,35.074
75,26,b'2900229 ',b'Argo INDIA                                                      ',b'M Ravichandran                                                  ',77.0,b'A',2004-12-03 08:37:42.000000000,b'1',1.748,76.014,b'1',b'ARGOS   ',499.2,9.823,35.044
75,27,b'2900229 ',b'Argo INDIA                                                      ',b'M Ravichandran                                                  ',77.0,b'A',2004-12-03 08:37:42.000000000,b'1',1.748,76.014,b'1',b'ARGOS   ',599.5,8.948,35.033
75,28,b'2900229 ',b'Argo INDIA                                                      ',b'M Ravichandran                                                  ',77.0,b'A',2004-12-03 08:37:42.000000000,b'1',1.748,76.014,b'1',b'ARGOS   ',699.4,8.56,35.021
75,29,b'2900229 ',b'Argo INDIA                                                      ',b'M Ravichandran                                                  ',77.0,b'A',2004-12-03 08:37:42.000000000,b'1',1.748,76.014,b'1',b'ARGOS   ',799.5,8.323,35.03
75,30,b'2900229 ',b'Argo INDIA                                                      ',b'M Ravichandran                                                  ',77.0,b'A',2004-12-03 08:37:42.000000000,b'1',1.748,76.014,b'1',b'ARGOS   ',899.1,7.569,34.993
75,31,b'2900229 ',b'Argo INDIA                                                      ',b'M Ravichandran                                                  ',77.0,b'A',2004-12-03 08:37:42.000000000,b'1',1.748,76.014,b'1',b'ARGOS   ',999.2,6.745,34.957
75,32,b'2900229 ',b'Argo INDIA                                                      ',b'M Ravichandran                                                  ',77.0,b'A',2004-12-03 08:37:42.000000000,b'1',1.748,76.014,b'1',b'ARGOS   ',1099.2,6.159,34.929
75,33,b'2900229 ',b'Argo INDIA                                                      ',b'M Ravichandran                                                  ',77.0,b'A',2004-12-03 08:37:42.000000000,b'1',1.748,76.014,b'1',b'ARGOS   ',1199.2,5.785,34.902
75,34,b'2900229 ',b'Argo INDIA                                                      ',b'M Ravichandran                                                  ',77.0,b'A',2004-12-03 08:37:42.000000000,b'1',1.748,76.014,b'1',b'ARGOS   ',1299.3,5.603,34.905
75,35,b'2900229 ',b'Argo INDIA                                                      ',b'M Ravichandran                                                  ',77.0,b'A',2004-12-03 08:37:42.000000000,b'1',1.748,76.014,b'1',b'ARGOS   ',1398.8,4.989,34.884
75,36,b'2900229 ',b'Argo INDIA                                                      ',b'M Ravichandran                                                  ',77.0,b'A',2004-12-03 08:37:42.000000000,b'1',1.748,76.014,b'1',b'ARGOS   ',1499.2,4.599,34.865
75,37,b'2900229 ',b'Argo INDIA                                                      ',b'M Ravichandran                                                  ',77.0,b'A',2004-12-03 08:37:42.000000000,b'1',1.748,76.014,b'1',b'ARGOS   ',1598.9,4.2,34.845
75,38,b'2900229 ',b'Argo INDIA                                                      ',b'M Ravichandran                                                  ',77.0,b'A',2004-12-03 08:37:42.000000000,b'1',1.748,76.014,b'1',b'ARGOS   ',1699.3,3.771,34.827
75,39,b'2900229 ',b'Argo INDIA                                                      ',b'M Ravichandran                                                  ',77.0,b'A',2004-12-03 08:37:42.000000000,b'1',1.748,76.014,b'1',b'ARGOS   ',1799.0,3.387,34.808
75,40,b'2900229 ',b'Argo INDIA                                                      ',b'M Ravichandran                                                  ',77.0,b'A',2004-12-03 08:37:42.000000000,b'1',1.748,76.014,b'1',b'ARGOS   ',1899.2,3.207,34.801
75,41,b'2900229 ',b'Argo INDIA                                                      ',b'M Ravichandran                                                  ',77.0,b'A',2004-12-03 08:37:42.000000000,b'1',1.748,76.014,b'1',b'ARGOS   ',,,
75,42,b'2900229 ',b'Argo INDIA                                                      ',b'M Ravichandran                                                  ',77.0,b'A',2004-12-03 08:37:42.000000000,b'1',1.748,76.014,b'1',b'ARGOS   ',,,
75,43,b'2900229 ',b'Argo INDIA                                                      ',b'M Ravichandran                                                  ',77.0,b'A',2004-12-03 08:37:42.000000000,b'1',1.748,76.014,b'1',b'ARGOS   ',,,
75,44,b'2900229 ',b'Argo INDIA                                                      ',b'M Ravichandran                                                  ',77.0,b'A',2004-12-03 08:37:42.000000000,b'1',1.748,76.014,b'1',b'ARGOS   ',,,
76,0,b'2900229 ',b'Argo INDIA                                                      ',b'M Ravichandran                                                  ',78.0,b'A',2004-12-13 08:33:43.000000000,b'1',1.964,76.312,b'1',b'ARGOS   ',21.2,28.782,35.034
76,1,b'2900229 ',b'Argo INDIA                                                      ',b'M Ravichandran                                                  ',78.0,b'A',2004-12-13 08:33:43.000000000,b'1',1.964,76.312,b'1',b'ARGOS   ',24.5,28.693,35.037
76,2,b'2900229 ',b'Argo INDIA                                                      ',b'M Ravichandran                                                  ',78.0,b'A',2004-12-13 08:33:43.000000000,b'1',1.964,76.312,b'1',b'ARGOS   ',29.4,28.672,35.058
76,3,b'2900229 ',b'Argo INDIA                                                      ',b'M Ravichandran                                                  ',78.0,b'A',2004-12-13 08:33:43.000000000,b'1',1.964,76.312,b'1',b'ARGOS   ',34.3,28.62,35.08
76,4,b'2900229 ',b'Argo INDIA                                                      ',b'M Ravichandran                                                  ',78.0,b'A',2004-12-13 08:33:43.000000000,b'1',1.964,76.312,b'1',b'ARGOS   ',39.1,28.558,35.101
76,5,b'2900229 ',b'Argo INDIA                                                      ',b'M Ravichandran                                                  ',78.0,b'A',2004-12-13 08:33:43.000000000,b'1',1.964,76.312,b'1',b'ARGOS   ',44.1,28.458,35.135
76,6,b'2900229 ',b'Argo INDIA                                                      ',b'M Ravichandran                                                  ',78.0,b'A',2004-12-13 08:33:43.000000000,b'1',1.964,76.312,b'1',b'ARGOS   ',49.8,28.345,35.17
76,7,b'2900229 ',b'Argo INDIA                                                      ',b'M Ravichandran                                                  ',78.0,b'A',2004-12-13 08:33:43.000000000,b'1',1.964,76.312,b'1',b'ARGOS   ',59.5,28.15,35.575
76,8,b'2900229 ',b'Argo INDIA                                                      ',b'M Ravichandran                                                  ',78.0,b'A',2004-12-13 08:33:43.000000000,b'1',1.964,76.312,b'1',b'ARGOS   ',69.2,26.411,35.652
76,9,b'2900229 ',b'Argo INDIA                                                      ',b'M Ravichandran                                                  ',78.0,b'A',2004-12-13 08:33:43.000000000,b'1',1.964,76.312,b'1',b'ARGOS   ',79.2,26.336,35.701
76,10,b'2900229 ',b'Argo INDIA                                                      ',b'M Ravichandran                                                  ',78.0,b'A',2004-12-13 08:33:43.000000000,b'1',1.964,76.312,b'1',b'ARGOS   ',89.6,24.718,35.439
76,11,b'2900229 ',b'Argo INDIA                                                      ',b'M Ravichandran                                                  ',78.0,b'A',2004-12-13 08:33:43.000000000,b'1',1.964,76.312,b'1',b'ARGOS   ',99.0,21.974,35.368
76,12,b'2900229 ',b'Argo INDIA                                                      ',b'M Ravichandran                                                  ',78.0,b'A',2004-12-13 08:33:43.000000000,b'1',1.964,76.312,b'1',b'ARGOS   ',109.6,21.334,35.372
76,13,b'2900229 ',b'Argo INDIA                                                      ',b'M Ravichandran                                                  ',78.0,b'A',2004-12-13 08:33:43.000000000,b'1',1.964,76.312,b'1',b'ARGOS   ',119.2,20.367,35.328
76,14,b'2900229 ',b'Argo INDIA                                                      ',b'M Ravichandran                                                  ',78.0,b'A',2004-12-13 08:33:43.000000000,b'1',1.964,76.312,b'1',b'ARGOS   ',129.2,19.918,35.309
76,15,b'2900229 ',b'Argo INDIA                                                      ',b'M Ravichandran                                                  ',78.0,b'A',2004-12-13 08:33:43.000000000,b'1',1.964,76.312,b'1',b'ARGOS   ',139.5,18.722,35.221
76,16,b'2900229 ',b'Argo INDIA                                                      ',b'M Ravichandran                                                  ',78.0,b'A',2004-12-13 08:33:43.000000000,b'1',1.964,76.312,b'1',b'ARGOS   ',149.4,16.796,35.178
76,17,b'2900229 ',b'Argo INDIA                                                      ',b'M Ravichandran                                                  ',78.0,b'A',2004-12-13 08:33:43.000000000,b'1',1.964,76.312,b'1',b'ARGOS   ',169.4,14.921,35.182
76,18,b'2900229 ',b'Argo INDIA                                                      ',b'M Ravichandran                                                  ',78.0,b'A',2004-12-13 08:33:43.000000000,b'1',1.964,76.312,b'1',b'ARGOS   ',189.1,14.165,35.17
76,19,b'2900229 ',b'Argo INDIA                                                      ',b'M Ravichandran                                                  ',78.0,b'A',2004-12-13 08:33:43.000000000,b'1',1.964,76.312,b'1',b'ARGOS   ',209.4,13.818,35.155
76,20,b'2900229 ',b'Argo INDIA                                                      ',b'M Ravichandran                                                  ',78.0,b'A',2004-12-13 08:33:43.000000000,b'1',1.964,76.312,b'1',b'ARGOS   ',229.4,13.096,35.142
76,21,b'2900229 ',b'Argo INDIA                                                      ',b'M Ravichandran                                                  ',78.0,b'A',2004-12-13 08:33:43.000000000,b'1',1.964,76.312,b'1',b'ARGOS   ',249.3,12.552,35.121
76,22,b'2900229 ',b'Argo INDIA                                                      ',b'M Ravichandran                                                  ',78.0,b'A',2004-12-13 08:33:43.000000000,b'1',1.964,76.312,b'1',b'ARGOS   ',299.3,11.713,35.073
76,23,b'2900229 ',b'Argo INDIA                                                      ',b'M Ravichandran                                                  ',78.0,b'A',2004-12-13 08:33:43.000000000,b'1',1.964,76.312,b'1',b'ARGOS   ',349.0,11.054,35.041
76,24,b'2900229 ',b'Argo INDIA                                                      ',b'M Ravichandran                                                  ',78.0,b'A',2004-12-13 08:33:43.000000000,b'1',1.964,76.312,b'1',b'ARGOS   ',398.8,10.756,35.029
76,25,b'2900229 ',b'Argo INDIA                                                      ',b'M Ravichandran                                                  ',78.0,b'A',2004-12-13 08:33:43.000000000,b'1',1.964,76.312,b'1',b'ARGOS   ',448.9,10.579,35.024
76,26,b'2900229 ',b'Argo INDIA                                                      ',b'M Ravichandran                                                  ',78.0,b'A',2004-12-13 08:33:43.000000000,b'1',1.964,76.312,b'1',b'ARGOS   ',499.2,10.182,35.036
76,27,b'2900229 ',b'Argo INDIA                                                      ',b'M Ravichandran                                                  ',78.0,b'A',2004-12-13 08:33:43.000000000,b'1',1.964,76.312,b'1',b'ARGOS   ',599.0,9.303,35.034
76,28,b'2900229 ',b'Argo INDIA                                                      ',b'M Ravichandran                                                  ',78.0,b'A',2004-12-13 08:33:43.000000000,b'1',1.964,76.312,b'1',b'ARGOS   ',699.3,8.683,35.024
76,29,b'2900229 ',b'Argo INDIA                                                      ',b'M Ravichandran                                                  ',78.0,b'A',2004-12-13 08:33:43.000000000,b'1',1.964,76.312,b'1',b'ARGOS   ',799.0,8.341,35.038
76,30,b'2900229 ',b'Argo INDIA                                                      ',b'M Ravichandran                                                  ',78.0,b'A',2004-12-13 08:33:43.000000000,b'1',1.964,76.312,b'1',b'ARGOS   ',898.9,7.564,34.996
76,31,b'2900229 ',b'Argo INDIA                                                      ',b'M Ravichandran                                                  ',78.0,b'A',2004-12-13 08:33:43.000000000,b'1',1.964,76.312,b'1',b'ARGOS   ',999.3,6.669,34.954
76,32,b'2900229 ',b'Argo INDIA                                                      ',b'M Ravichandran                                                  ',78.0,b'A',2004-12-13 08:33:43.000000000,b'1',1.964,76.312,b'1',b'ARGOS   ',1099.1,6.036,34.921
76,33,b'2900229 ',b'Argo INDIA                                                      ',b'M Ravichandran                                                  ',78.0,b'A',2004-12-13 08:33:43.000000000,b'1',1.964,76.312,b'1',b'ARGOS   ',1199.2,5.758,34.911
76,34,b'2900229 ',b'Argo INDIA                                                      ',b'M Ravichandran                                                  ',78.0,b'A',2004-12-13 08:33:43.000000000,b'1',1.964,76.312,b'1',b'ARGOS   ',1299.3,5.495,34.896
76,35,b'2900229 ',b'Argo INDIA                                                      ',b'M Ravichandran                                                  ',78.0,b'A',2004-12-13 08:33:43.000000000,b'1',1.964,76.312,b'1',b'ARGOS   ',1399.5,5.121,34.885
76,36,b'2900229 ',b'Argo INDIA                                                      ',b'M Ravichandran                                                  ',78.0,b'A',2004-12-13 08:33:43.000000000,b'1',1.964,76.312,b'1',b'ARGOS   ',1499.2,4.821,34.874
76,37,b'2900229 ',b'Argo INDIA                                                      ',b'M Ravichandran                                                  ',78.0,b'A',2004-12-13 08:33:43.000000000,b'1',1.964,76.312,b'1',b'ARGOS   ',1599.3,4.374,34.852
76,38,b'2900229 ',b'Argo INDIA                                                      ',b'M Ravichandran                                                  ',78.0,b'A',2004-12-13 08:33:43.000000000,b'1',1.964,76.312,b'1',b'ARGOS   ',1699.1,3.704,34.823
76,39,b'2900229 ',b'Argo INDIA                                                      ',b'M Ravichandran                                                  ',78.0,b'A',2004-12-13 08:33:43.000000000,b'1',1.964,76.312,b'1',b'ARGOS   ',1799.1,3.338,34.808
76,40,b'2900229 ',b'Argo INDIA                                                      ',b'M Ravichandran                                                  ',78.0,b'A',2004-12-13 08:33:43.000000000,b'1',1.964,76.312,b'1',b'ARGOS   ',1898.9,3.056,34.795
76,41,b'2900229 ',b'Argo INDIA                                                      ',b'M Ravichandran                                                  ',78.0,b'A',2004-12-13 08:33:43.000000000,b'1',1.964,76.312,b'1',b'ARGOS   ',1999.6,2.828,34.786
76,42,b'2900229 ',b'Argo INDIA                                                      ',b'M Ravichandran                                                  ',78.0,b'A',2004-12-13 08:33:43.000000000,b'1',1.964,76.312,b'1',b'ARGOS   ',,,
76,43,b'2900229 ',b'Argo INDIA                                                      ',b'M Ravichandran                                                  ',78.0,b'A',2004-12-13 08:33:43.000000000,b'1',1.964,76.312,b'1',b'ARGOS   ',,,
76,44,b'2900229 ',b'Argo INDIA                                                      ',b'M Ravichandran                                                  ',78.0,b'A',2004-12-13 08:33:43.000000000,b'1',1.964,76.312,b'1',b'ARGOS   ',,,
77,0,b'2900229 ',b'Argo INDIA                                                      ',b'M Ravichandran                                                  ',79.0,b'A',2004-12-23 08:42:35.999999744,b'1',2.164,76.324,b'1',b'ARGOS   ',21.4,28.332,35.103
77,1,b'2900229 ',b'Argo INDIA                                                      ',b'M Ravichandran                                                  ',79.0,b'A',2004-12-23 08:42:35.999999744,b'1',2.164,76.324,b'1',b'ARGOS   ',24.3,28.325,35.103
77,2,b'2900229 ',b'Argo INDIA                                                      ',b'M Ravichandran                                                  ',79.0,b'A',2004-12-23 08:42:35.999999744,b'1',2.164,76.324,b'1',b'ARGOS   ',29.4,28.309,35.103
77,3,b'2900229 ',b'Argo INDIA                                                      ',b'M Ravichandran                                                  ',79.0,b'A',2004-12-23 08:42:35.999999744,b'1',2.164,76.324,b'1',b'ARGOS   ',34.5,28.247,35.102
77,4,b'2900229 ',b'Argo INDIA                                                      ',b'M Ravichandran                                                  ',79.0,b'A',2004-12-23 08:42:35.999999744,b'1',2.164,76.324,b'1',b'ARGOS   ',39.2,28.235,35.102
77,5,b'2900229 ',b'Argo INDIA                                                      ',b'M Ravichandran                                                  ',79.0,b'A',2004-12-23 08:42:35.999999744,b'1',2.164,76.324,b'1',b'ARGOS   ',44.8,28.085,35.12
77,6,b'2900229 ',b'Argo INDIA                                                      ',b'M Ravichandran                                                  ',79.0,b'A',2004-12-23 08:42:35.999999744,b'1',2.164,76.324,b'1',b'ARGOS   ',49.4,27.016,35.247
77,7,b'2900229 ',b'Argo INDIA                                                      ',b'M Ravichandran                                                  ',79.0,b'A',2004-12-23 08:42:35.999999744,b'1',2.164,76.324,b'1',b'ARGOS   ',59.6,25.911,35.291
77,8,b'2900229 ',b'Argo INDIA                                                      ',b'M Ravichandran                                                  ',79.0,b'A',2004-12-23 08:42:35.999999744,b'1',2.164,76.324,b'1',b'ARGOS   ',69.4,23.114,35.121
77,9,b'2900229 ',b'Argo INDIA                                                      ',b'M Ravichandran                                                  ',79.0,b'A',2004-12-23 08:42:35.999999744,b'1',2.164,76.324,b'1',b'ARGOS   ',79.4,21.641,35.336
77,10,b'2900229 ',b'Argo INDIA                                                      ',b'M Ravichandran                                                  ',79.0,b'A',2004-12-23 08:42:35.999999744,b'1',2.164,76.324,b'1',b'ARGOS   ',89.3,21.223,35.326
77,11,b'2900229 ',b'Argo INDIA                                                      ',b'M Ravichandran                                                  ',79.0,b'A',2004-12-23 08:42:35.999999744,b'1',2.164,76.324,b'1',b'ARGOS   ',99.4,20.393,35.309
77,12,b'2900229 ',b'Argo INDIA                                                      ',b'M Ravichandran                                                  ',79.0,b'A',2004-12-23 08:42:35.999999744,b'1',2.164,76.324,b'1',b'ARGOS   ',109.0,20.118,35.295
77,13,b'2900229 ',b'Argo INDIA                                                      ',b'M Ravichandran                                                  ',79.0,b'A',2004-12-23 08:42:35.999999744,b'1',2.164,76.324,b'1',b'ARGOS   ',119.0,19.819,35.283
77,14,b'2900229 ',b'Argo INDIA                                                      ',b'M Ravichandran                                                  ',79.0,b'A',2004-12-23 08:42:35.999999744,b'1',2.164,76.324,b'1',b'ARGOS   ',129.5,19.109,35.224
77,15,b'2900229 ',b'Argo INDIA                                                      ',b'M Ravichandran                                                  ',79.0,b'A',2004-12-23 08:42:35.999999744,b'1',2.164,76.324,b'1',b'ARGOS   ',139.5,17.567,35.128
77,16,b'2900229 ',b'Argo INDIA                                                      ',b'M Ravichandran                                                  ',79.0,b'A',2004-12-23 08:42:35.999999744,b'1',2.164,76.324,b'1',b'ARGOS   ',149.6,16.089,35.115
77,17,b'2900229 ',b'Argo INDIA                                                      ',b'M Ravichandran                                                  ',79.0,b'A',2004-12-23 08:42:35.999999744,b'1',2.164,76.324,b'1',b'ARGOS   ',169.4,14.116,35.149
77,18,b'2900229 ',b'Argo INDIA                                                      ',b'M Ravichandran                                                  ',79.0,b'A',2004-12-23 08:42:35.999999744,b'1',2.164,76.324,b'1',b'ARGOS   ',189.3,14.044,35.161
77,19,b'2900229 ',b'Argo INDIA                                                      ',b'M Ravichandran                                                  ',79.0,b'A',2004-12-23 08:42:35.999999744,b'1',2.164,76.324,b'1',b'ARGOS   ',208.8,13.487,35.15
77,20,b'2900229 ',b'Argo INDIA                                                      ',b'M Ravichandran                                                  ',79.0,b'A',2004-12-23 08:42:35.999999744,b'1',2.164,76.324,b'1',b'ARGOS   ',228.8,13.085,35.136
77,21,b'2900229 ',b'Argo INDIA                                                      ',b'M Ravichandran                                                  ',79.0,b'A',2004-12-23 08:42:35.999999744,b'1',2.164,76.324,b'1',b'ARGOS   ',249.4,12.883,35.126
77,22,b'2900229 ',b'Argo INDIA                                                      ',b'M Ravichandran                                                  ',79.0,b'A',2004-12-23 08:42:35.999999744,b'1',2.164,76.324,b'1',b'ARGOS   ',299.2,12.218,35.112
77,23,b'2900229 ',b'Argo INDIA                                                      ',b'M Ravichandran                                                  ',79.0,b'A',2004-12-23 08:42:35.999999744,b'1',2.164,76.324,b'1',b'ARGOS   ',349.3,10.998,35.037
77,24,b'2900229 ',b'Argo INDIA                                                      ',b'M Ravichandran                                                  ',79.0,b'A',2004-12-23 08:42:35.999999744,b'1',2.164,76.324,b'1',b'ARGOS   ',398.8,10.758,35.036
77,25,b'2900229 ',b'Argo INDIA                                                      ',b'M Ravichandran                                                  ',79.0,b'A',2004-12-23 08:42:35.999999744,b'1',2.164,76.324,b'1',b'ARGOS   ',449.3,10.554,35.032
77,26,b'2900229 ',b'Argo INDIA                                                      ',b'M Ravichandran                                                  ',79.0,b'A',2004-12-23 08:42:35.999999744,b'1',2.164,76.324,b'1',b'ARGOS   ',499.0,10.437,35.044
77,27,b'2900229 ',b'Argo INDIA                                                      ',b'M Ravichandran                                                  ',79.0,b'A',2004-12-23 08:42:35.999999744,b'1',2.164,76.324,b'1',b'ARGOS   ',599.2,9.782,35.086
77,28,b'2900229 ',b'Argo INDIA                                                      ',b'M Ravichandran                                                  ',79.0,b'A',2004-12-23 08:42:35.999999744,b'1',2.164,76.324,b'1',b'ARGOS   ',699.3,8.853,35.059
77,29,b'2900229 ',b'Argo INDIA                                                      ',b'M Ravichandran                                                  ',79.0,b'A',2004-12-23 08:42:35.999999744,b'1',2.164,76.324,b'1',b'ARGOS   ',799.4,8.28,35.041
77,30,b'2900229 ',b'Argo INDIA                                                      ',b'M Ravichandran                                                  ',79.0,b'A',2004-12-23 08:42:35.999999744,b'1',2.164,76.324,b'1',b'ARGOS   ',899.2,7.711,34.999
77,31,b'2900229 ',b'Argo INDIA                                                      ',b'M Ravichandran                                                  ',79.0,b'A',2004-12-23 08:42:35.999999744,b'1',2.164,76.324,b'1',b'ARGOS   ',998.9,7.089,34.975
77,32,b'2900229 ',b'Argo INDIA                                                      ',b'M Ravichandran                                                  ',79.0,b'A',2004-12-23 08:42:35.999999744,b'1',2.164,76.324,b'1',b'ARGOS   ',1099.2,6.369,34.938
77,33,b'2900229 ',b'Argo INDIA                                                      ',b'M Ravichandran                                                  ',79.0,b'A',2004-12-23 08:42:35.999999744,b'1',2.164,76.324,b'1',b'ARGOS   ',1199.5,5.799,34.91
77,34,b'2900229 ',b'Argo INDIA                                                      ',b'M Ravichandran                                                  ',79.0,b'A',2004-12-23 08:42:35.999999744,b'1',2.164,76.324,b'1',b'ARGOS   ',1299.0,5.598,34.904
77,35,b'2900229 ',b'Argo INDIA                                                      ',b'M Ravichandran                                                  ',79.0,b'A',2004-12-23 08:42:35.999999744,b'1',2.164,76.324,b'1',b'ARGOS   ',1399.4,5.18,34.889
77,36,b'2900229 ',b'Argo INDIA                                                      ',b'M Ravichandran                                                  ',79.0,b'A',2004-12-23 08:42:35.999999744,b'1',2.164,76.324,b'1',b'ARGOS   ',1499.5,4.642,34.867
77,37,b'2900229 ',b'Argo INDIA                                                      ',b'M Ravichandran                                                  ',79.0,b'A',2004-12-23 08:42:35.999999744,b'1',2.164,76.324,b'1',b'ARGOS   ',1599.2,4.11,34.842
77,38,b'2900229 ',b'Argo INDIA                                                      ',b'M Ravichandran                                                  ',79.0,b'A',2004-12-23 08:42:35.999999744,b'1',2.164,76.324,b'1',b'ARGOS   ',1699.3,3.595,34.819
77,39,b'2900229 ',b'Argo INDIA                                                      ',b'M Ravichandran                                                  ',79.0,b'A',2004-12-23 08:42:35.999999744,b'1',2.164,76.324,b'1',b'ARGOS   ',1799.4,3.375,34.809
77,40,b'2900229 ',b'Argo INDIA                                                      ',b'M Ravichandran                                                  ',79.0,b'A',2004-12-23 08:42:35.999999744,b'1',2.164,76.324,b'1',b'ARGOS   ',1898.9,3.048,34.795
77,41,b'2900229 ',b'Argo INDIA                                                      ',b'M Ravichandran                                                  ',79.0,b'A',2004-12-23 08:42:35.999999744,b'1',2.164,76.324,b'1',b'ARGOS   ',,,
77,42,b'2900229 ',b'Argo INDIA                                                      ',b'M Ravichandran                                                  ',79.0,b'A',2004-12-23 08:42:35.999999744,b'1',2.164,76.324,b'1',b'ARGOS   ',,,
77,43,b'2900229 ',b'Argo INDIA                                                      ',b'M Ravichandran                                                  ',79.0,b'A',2004-12-23 08:42:35.999999744,b'1',2.164,76.324,b'1',b'ARGOS   ',,,
77,44,b'2900229 ',b'Argo INDIA                                                      ',b'M Ravichandran                                                  ',79.0,b'A',2004-12-23 08:42:35.999999744,b'1',2.164,76.324,b'1',b'ARGOS   ',,,
78,0,b'2900229 ',b'Argo INDIA                                                      ',b'M Ravichandran                                                  ',80.0,b'A',2005-01-02 08:36:11.000000000,b'1',2.317,76.049,b'1',b'ARGOS   ',21.4,28.42,35.201
78,1,b'2900229 ',b'Argo INDIA                                                      ',b'M Ravichandran                                                  ',80.0,b'A',2005-01-02 08:36:11.000000000,b'1',2.317,76.049,b'1',b'ARGOS   ',24.1,28.222,35.197
78,2,b'2900229 ',b'Argo INDIA                                                      ',b'M Ravichandran                                                  ',80.0,b'A',2005-01-02 08:36:11.000000000,b'1',2.317,76.049,b'1',b'ARGOS   ',29.3,28.171,35.196
78,3,b'2900229 ',b'Argo INDIA                                                      ',b'M Ravichandran                                                  ',80.0,b'A',2005-01-02 08:36:11.000000000,b'1',2.317,76.049,b'1',b'ARGOS   ',34.6,28.151,35.194
78,4,b'2900229 ',b'Argo INDIA                                                      ',b'M Ravichandran                                                  ',80.0,b'A',2005-01-02 08:36:11.000000000,b'1',2.317,76.049,b'1',b'ARGOS   ',39.7,27.937,35.25
78,5,b'2900229 ',b'Argo INDIA                                                      ',b'M Ravichandran                                                  ',80.0,b'A',2005-01-02 08:36:11.000000000,b'1',2.317,76.049,b'1',b'ARGOS   ',44.4,27.718,35.267
78,6,b'2900229 ',b'Argo INDIA                                                      ',b'M Ravichandran                                                  ',80.0,b'A',2005-01-02 08:36:11.000000000,b'1',2.317,76.049,b'1',b'ARGOS   ',49.5,27.677,35.286
78,7,b'2900229 ',b'Argo INDIA                                                      ',b'M Ravichandran                                                  ',80.0,b'A',2005-01-02 08:36:11.000000000,b'1',2.317,76.049,b'1',b'ARGOS   ',59.6,26.996,35.533
78,8,b'2900229 ',b'Argo INDIA                                                      ',b'M Ravichandran                                                  ',80.0,b'A',2005-01-02 08:36:11.000000000,b'1',2.317,76.049,b'1',b'ARGOS   ',69.5,25.197,35.371
78,9,b'2900229 ',b'Argo INDIA                                                      ',b'M Ravichandran                                                  ',80.0,b'A',2005-01-02 08:36:11.000000000,b'1',2.317,76.049,b'1',b'ARGOS   ',79.0,23.692,35.272
78,10,b'2900229 ',b'Argo INDIA                                                      ',b'M Ravichandran                                                  ',80.0,b'A',2005-01-02 08:36:11.000000000,b'1',2.317,76.049,b'1',b'ARGOS   ',89.2,22.868,35.297
78,11,b'2900229 ',b'Argo INDIA                                                      ',b'M Ravichandran                                                  ',80.0,b'A',2005-01-02 08:36:11.000000000,b'1',2.317,76.049,b'1',b'ARGOS   ',99.6,22.822,35.301
78,12,b'2900229 ',b'Argo INDIA                                                      ',b'M Ravichandran                                                  ',80.0,b'A',2005-01-02 08:36:11.000000000,b'1',2.317,76.049,b'1',b'ARGOS   ',109.3,21.596,35.352
78,13,b'2900229 ',b'Argo INDIA                                                      ',b'M Ravichandran                                                  ',80.0,b'A',2005-01-02 08:36:11.000000000,b'1',2.317,76.049,b'1',b'ARGOS   ',119.6,21.348,35.345
78,14,b'2900229 ',b'Argo INDIA                                                      ',b'M Ravichandran                                                  ',80.0,b'A',2005-01-02 08:36:11.000000000,b'1',2.317,76.049,b'1',b'ARGOS   ',129.6,20.758,35.329
78,15,b'2900229 ',b'Argo INDIA                                                      ',b'M Ravichandran                                                  ',80.0,b'A',2005-01-02 08:36:11.000000000,b'1',2.317,76.049,b'1',b'ARGOS   ',139.6,19.302,35.257
78,16,b'2900229 ',b'Argo INDIA                                                      ',b'M Ravichandran                                                  ',80.0,b'A',2005-01-02 08:36:11.000000000,b'1',2.317,76.049,b'1',b'ARGOS   ',149.3,18.391,35.232
78,17,b'2900229 ',b'Argo INDIA                                                      ',b'M Ravichandran                                                  ',80.0,b'A',2005-01-02 08:36:11.000000000,b'1',2.317,76.049,b'1',b'ARGOS   ',169.3,15.205,35.13
78,18,b'2900229 ',b'Argo INDIA                                                      ',b'M Ravichandran                                                  ',80.0,b'A',2005-01-02 08:36:11.000000000,b'1',2.317,76.049,b'1',b'ARGOS   ',189.5,14.283,35.154
78,19,b'2900229 ',b'Argo INDIA                                                      ',b'M Ravichandran                                                  ',80.0,b'A',2005-01-02 08:36:11.000000000,b'1',2.317,76.049,b'1',b'ARGOS   ',209.0,13.559,35.152
78,20,b'2900229 ',b'Argo INDIA                                                      ',b'M Ravichandran                                                  ',80.0,b'A',2005-01-02 08:36:11.000000000,b'1',2.317,76.049,b'1',b'ARGOS   ',229.1,13.242,35.139
78,21,b'2900229 ',b'Argo INDIA                                                      ',b'M Ravichandran                                                  ',80.0,b'A',2005-01-02 08:36:11.000000000,b'1',2.317,76.049,b'1',b'ARGOS   ',249.2,12.755,35.126
78,22,b'2900229 ',b'Argo INDIA                                                      ',b'M Ravichandran                                                  ',80.0,b'A',2005-01-02 08:36:11.000000000,b'1',2.317,76.049,b'1',b'ARGOS   ',299.5,11.876,35.082
78,23,b'2900229 ',b'Argo INDIA                                                      ',b'M Ravichandran                                                  ',80.0,b'A',2005-01-02 08:36:11.000000000,b'1',2.317,76.049,b'1',b'ARGOS   ',349.1,11.093,35.056
78,24,b'2900229 ',b'Argo INDIA                                                      ',b'M Ravichandran                                                  ',80.0,b'A',2005-01-02 08:36:11.000000000,b'1',2.317,76.049,b'1',b'ARGOS   ',399.4,10.802,35.03
78,25,b'2900229 ',b'Argo INDIA                                                      ',b'M Ravichandran                                                  ',80.0,b'A',2005-01-02 08:36:11.000000000,b'1',2.317,76.049,b'1',b'ARGOS   ',449.4,10.728,35.072
78,26,b'2900229 ',b'Argo INDIA                                                      ',b'M Ravichandran                                                  ',80.0,b'A',2005-01-02 08:36:11.000000000,b'1',2.317,76.049,b'1',b'ARGOS   ',499.5,10.507,35.124
78,27,b'2900229 ',b'Argo INDIA                                                      ',b'M Ravichandran                                                  ',80.0,b'A',2005-01-02 08:36:11.000000000,b'1',2.317,76.049,b'1',b'ARGOS   ',599.5,9.449,35.067
78,28,b'2900229 ',b'Argo INDIA                                                      ',b'M Ravichandran                                                  ',80.0,b'A',2005-01-02 08:36:11.000000000,b'1',2.317,76.049,b'1',b'ARGOS   ',699.2,8.615,35.046
78,29,b'2900229 ',b'Argo INDIA                                                      ',b'M Ravichandran                                                  ',80.0,b'A',2005-01-02 08:36:11.000000000,b'1',2.317,76.049,b'1',b'ARGOS   ',799.2,7.976,35.014
78,30,b'2900229 ',b'Argo INDIA                                                      ',b'M Ravichandran                                                  ',80.0,b'A',2005-01-02 08:36:11.000000000,b'1',2.317,76.049,b'1',b'ARGOS   ',899.0,7.432,34.988
78,31,b'2900229 ',b'Argo INDIA                                                      ',b'M Ravichandran                                                  ',80.0,b'A',2005-01-02 08:36:11.000000000,b'1',2.317,76.049,b'1',b'ARGOS   ',999.5,6.574,34.945
78,32,b'2900229 ',b'Argo INDIA                                                      ',b'M Ravichandran                                                  ',80.0,b'A',2005-01-02 08:36:11.000000000,b'1',2.317,76.049,b'1',b'ARGOS   ',1099.1,6.112,34.929
78,33,b'2900229 ',b'Argo INDIA                                                      ',b'M Ravichandran                                                  ',80.0,b'A',2005-01-02 08:36:11.000000000,b'1',2.317,76.049,b'1',b'ARGOS   ',1199.2,5.848,34.914
78,34,b'2900229 ',b'Argo INDIA                                                      ',b'M Ravichandran                                                  ',80.0,b'A',2005-01-02 08:36:11.000000000,b'1',2.317,76.049,b'1',b'ARGOS   ',1299.1,5.468,34.899
78,35,b'2900229 ',b'Argo INDIA                                                      ',b'M Ravichandran                                                  ',80.0,b'A',2005-01-02 08:36:11.000000000,b'1',2.317,76.049,b'1',b'ARGOS   ',1399.1,5.018,34.882
78,36,b'2900229 ',b'Argo INDIA                                                      ',b'M Ravichandran                                                  ',80.0,b'A',2005-01-02 08:36:11.000000000,b'1',2.317,76.049,b'1',b'ARGOS   ',1499.5,4.579,34.863
78,37,b'2900229 ',b'Argo INDIA                                                      ',b'M Ravichandran                                                  ',80.0,b'A',2005-01-02 08:36:11.000000000,b'1',2.317,76.049,b'1',b'ARGOS   ',1599.0,4.165,34.844
78,38,b'2900229 ',b'Argo INDIA                                                      ',b'M Ravichandran                                                  ',80.0,b'A',2005-01-02 08:36:11.000000000,b'1',2.317,76.049,b'1',b'ARGOS   ',1699.3,3.802,34.827
78,39,b'2900229 ',b'Argo INDIA                                                      ',b'M Ravichandran                                                  ',80.0,b'A',2005-01-02 08:36:11.000000000,b'1',2.317,76.049,b'1',b'ARGOS   ',1799.0,3.411,34.811
78,40,b'2900229 ',b'Argo INDIA                                                      ',b'M Ravichandran                                                  ',80.0,b'A',2005-01-02 08:36:11.000000000,b'1',2.317,76.049,b'1',b'ARGOS   ',1899.3,3.113,34.798
78,41,b'2900229 ',b'Argo INDIA                                                      ',b'M Ravichandran                                                  ',80.0,b'A',2005-01-02 08:36:11.000000000,b'1',2.317,76.049,b'1',b'ARGOS   ',1999.7,2.857,34.786
78,42,b'2900229 ',b'Argo INDIA                                                      ',b'M Ravichandran                                                  ',80.0,b'A',2005-01-02 08:36:11.000000000,b'1',2.317,76.049,b'1',b'ARGOS   ',,,
78,43,b'2900229 ',b'Argo INDIA                                                      ',b'M Ravichandran                                                  ',80.0,b'A',2005-01-02 08:36:11.000000000,b'1',2.317,76.049,b'1',b'ARGOS   ',,,
78,44,b'2900229 ',b'Argo INDIA                                                      ',b'M Ravichandran                                                  ',80.0,b'A',2005-01-02 08:36:11.000000000,b'1',2.317,76.049,b'1',b'ARGOS   ',,,
79,0,b'2900229 ',b'Argo INDIA                                                      ',b'M Ravichandran                                                  ',81.0,b'A',2005-01-12 08:44:24.000000000,b'1',2.47,75.756,b'1',b'ARGOS   ',21.3,28.409,35.284
79,1,b'2900229 ',b'Argo INDIA                                                      ',b'M Ravichandran                                                  ',81.0,b'A',2005-01-12 08:44:24.000000000,b'1',2.47,75.756,b'1',b'ARGOS   ',24.4,28.336,35.283
79,2,b'2900229 ',b'Argo INDIA                                                      ',b'M Ravichandran                                                  ',81.0,b'A',2005-01-12 08:44:24.000000000,b'1',2.47,75.756,b'1',b'ARGOS   ',29.2,28.249,35.283
79,3,b'2900229 ',b'Argo INDIA                                                      ',b'M Ravichandran                                                  ',81.0,b'A',2005-01-12 08:44:24.000000000,b'1',2.47,75.756,b'1',b'ARGOS   ',34.2,28.231,35.283
79,4,b'2900229 ',b'Argo INDIA                                                      ',b'M Ravichandran                                                  ',81.0,b'A',2005-01-12 08:44:24.000000000,b'1',2.47,75.756,b'1',b'ARGOS   ',39.2,28.223,35.283
79,5,b'2900229 ',b'Argo INDIA                                                      ',b'M Ravichandran                                                  ',81.0,b'A',2005-01-12 08:44:24.000000000,b'1',2.47,75.756,b'1',b'ARGOS   ',44.3,28.216,35.283
79,6,b'2900229 ',b'Argo INDIA                                                      ',b'M Ravichandran                                                  ',81.0,b'A',2005-01-12 08:44:24.000000000,b'1',2.47,75.756,b'1',b'ARGOS   ',49.3,28.212,35.282
79,7,b'2900229 ',b'Argo INDIA                                                      ',b'M Ravichandran                                                  ',81.0,b'A',2005-01-12 08:44:24.000000000,b'1',2.47,75.756,b'1',b'ARGOS   ',59.5,28.176,35.274
79,8,b'2900229 ',b'Argo INDIA                                                      ',b'M Ravichandran                                                  ',81.0,b'A',2005-01-12 08:44:24.000000000,b'1',2.47,75.756,b'1',b'ARGOS   ',69.5,27.192,35.146
79,9,b'2900229 ',b'Argo INDIA                                                      ',b'M Ravichandran                                                  ',81.0,b'A',2005-01-12 08:44:24.000000000,b'1',2.47,75.756,b'1',b'ARGOS   ',79.5,26.276,35.307
79,10,b'2900229 ',b'Argo INDIA                                                      ',b'M Ravichandran                                                  ',81.0,b'A',2005-01-12 08:44:24.000000000,b'1',2.47,75.756,b'1',b'ARGOS   ',89.6,25.653,35.353
79,11,b'2900229 ',b'Argo INDIA                                                      ',b'M Ravichandran                                                  ',81.0,b'A',2005-01-12 08:44:24.000000000,b'1',2.47,75.756,b'1',b'ARGOS   ',99.6,24.333,35.338
79,12,b'2900229 ',b'Argo INDIA                                                      ',b'M Ravichandran                                                  ',81.0,b'A',2005-01-12 08:44:24.000000000,b'1',2.47,75.756,b'1',b'ARGOS   ',109.5,23.137,35.172
79,13,b'2900229 ',b'Argo INDIA                                                      ',b'M Ravichandran                                                  ',81.0,b'A',2005-01-12 08:44:24.000000000,b'1',2.47,75.756,b'1',b'ARGOS   ',119.4,21.329,35.328
79,14,b'2900229 ',b'Argo INDIA                                                      ',b'M Ravichandran                                                  ',81.0,b'A',2005-01-12 08:44:24.000000000,b'1',2.47,75.756,b'1',b'ARGOS   ',129.5,20.527,35.292
79,15,b'2900229 ',b'Argo INDIA                                                      ',b'M Ravichandran                                                  ',81.0,b'A',2005-01-12 08:44:24.000000000,b'1',2.47,75.756,b'1',b'ARGOS   ',139.6,18.462,35.211
79,16,b'2900229 ',b'Argo INDIA                                                      ',b'M Ravichandran                                                  ',81.0,b'A',2005-01-12 08:44:24.000000000,b'1',2.47,75.756,b'1',b'ARGOS   ',149.2,16.398,35.097
79,17,b'2900229 ',b'Argo INDIA                                                      ',b'M Ravichandran                                                  ',81.0,b'A',2005-01-12 08:44:24.000000000,b'1',2.47,75.756,b'1',b'ARGOS   ',169.7,14.662,35.121
79,18,b'2900229 ',b'Argo INDIA                                                      ',b'M Ravichandran                                                  ',81.0,b'A',2005-01-12 08:44:24.000000000,b'1',2.47,75.756,b'1',b'ARGOS   ',189.0,13.831,35.162
79,19,b'2900229 ',b'Argo INDIA                                                      ',b'M Ravichandran                                                  ',81.0,b'A',2005-01-12 08:44:24.000000000,b'1',2.47,75.756,b'1',b'ARGOS   ',209.2,13.722,35.156
79,20,b'2900229 ',b'Argo INDIA                                                      ',b'M Ravichandran                                                  ',81.0,b'A',2005-01-12 08:44:24.000000000,b'1',2.47,75.756,b'1',b'ARGOS   ',229.3,13.347,35.146
79,21,b'2900229 ',b'Argo INDIA                                                      ',b'M Ravichandran                                                  ',81.0,b'A',2005-01-12 08:44:24.000000000,b'1',2.47,75.756,b'1',b'ARGOS   ',249.3,13.221,35.142
79,22,b'2900229 ',b'Argo INDIA                                                      ',b'M Ravichandran                                                  ',81.0,b'A',2005-01-12 08:44:24.000000000,b'1',2.47,75.756,b'1',b'ARGOS   ',299.4,12.419,35.109
79,23,b'2900229 ',b'Argo INDIA                                                      ',b'M Ravichandran                                                  ',81.0,b'A',2005-01-12 08:44:24.000000000,b'1',2.47,75.756,b'1',b'ARGOS   ',349.3,11.864,35.09
79,24,b'2900229 ',b'Argo INDIA                                                      ',b'M Ravichandran                                                  ',81.0,b'A',2005-01-12 08:44:24.000000000,b'1',2.47,75.756,b'1',b'ARGOS   ',398.9,11.193,35.061
79,25,b'2900229 ',b'Argo INDIA                                                      ',b'M Ravichandran                                                  ',81.0,b'A',2005-01-12 08:44:24.000000000,b'1',2.47,75.756,b'1',b'ARGOS   ',449.5,10.872,35.028
79,26,b'2900229 ',b'Argo INDIA                                                      ',b'M Ravichandran                                                  ',81.0,b'A',2005-01-12 08:44:24.000000000,b'1',2.47,75.756,b'1',b'ARGOS   ',499.4,10.637,35.02
79,27,b'2900229 ',b'Argo INDIA                                                      ',b'M Ravichandran                                                  ',81.0,b'A',2005-01-12 08:44:24.000000000,b'1',2.47,75.756,b'1',b'ARGOS   ',599.5,9.733,35.03
79,28,b'2900229 ',b'Argo INDIA                                                      ',b'M Ravichandran                                                  ',81.0,b'A',2005-01-12 08:44:24.000000000,b'1',2.47,75.756,b'1',b'ARGOS   ',699.2,8.814,35.031
79,29,b'2900229 ',b'Argo INDIA                                                      ',b'M Ravichandran                                                  ',81.0,b'A',2005-01-12 08:44:24.000000000,b'1',2.47,75.756,b'1',b'ARGOS   ',799.4,8.4,35.042
79,30,b'2900229 ',b'Argo INDIA                                                      ',b'M Ravichandran                                                  ',81.0,b'A',2005-01-12 08:44:24.000000000,b'1',2.47,75.756,b'1',b'ARGOS   ',899.1,7.794,35.011
79,31,b'2900229 ',b'Argo INDIA                                                      ',b'M Ravichandran                                                  ',81.0,b'A',2005-01-12 08:44:24.000000000,b'1',2.47,75.756,b'1',b'ARGOS   ',999.4,6.932,34.967
79,32,b'2900229 ',b'Argo INDIA                                                      ',b'M Ravichandran                                                  ',81.0,b'A',2005-01-12 08:44:24.000000000,b'1',2.47,75.756,b'1',b'ARGOS   ',1099.3,6.395,34.945
79,33,b'2900229 ',b'Argo INDIA                                                      ',b'M Ravichandran                                                  ',81.0,b'A',2005-01-12 08:44:24.000000000,b'1',2.47,75.756,b'1',b'ARGOS   ',1199.3,5.792,34.916
79,34,b'2900229 ',b'Argo INDIA                                                      ',b'M Ravichandran                                                  ',81.0,b'A',2005-01-12 08:44:24.000000000,b'1',2.47,75.756,b'1',b'ARGOS   ',1299.2,5.408,34.898
79,35,b'2900229 ',b'Argo INDIA                                                      ',b'M Ravichandran                                                  ',81.0,b'A',2005-01-12 08:44:24.000000000,b'1',2.47,75.756,b'1',b'ARGOS   ',1399.0,5.018,34.886
79,36,b'2900229 ',b'Argo INDIA                                                      ',b'M Ravichandran                                                  ',81.0,b'A',2005-01-12 08:44:24.000000000,b'1',2.47,75.756,b'1',b'ARGOS   ',1499.2,4.515,34.861
79,37,b'2900229 ',b'Argo INDIA                                                      ',b'M Ravichandran                                                  ',81.0,b'A',2005-01-12 08:44:24.000000000,b'1',2.47,75.756,b'1',b'ARGOS   ',1598.9,4.166,34.849
79,38,b'2900229 ',b'Argo INDIA                                                      ',b'M Ravichandran                                                  ',81.0,b'A',2005-01-12 08:44:24.000000000,b'1',2.47,75.756,b'1',b'ARGOS   ',1699.3,3.615,34.82
79,39,b'2900229 ',b'Argo INDIA                                                      ',b'M Ravichandran                                                  ',81.0,b'A',2005-01-12 08:44:24.000000000,b'1',2.47,75.756,b'1',b'ARGOS   ',1798.9,3.175,34.801
79,40,b'2900229 ',b'Argo INDIA                                                      ',b'M Ravichandran                                                  ',81.0,b'A',2005-01-12 08:44:24.000000000,b'1',2.47,75.756,b'1',b'ARGOS   ',1898.8,2.916,34.79
79,41,b'2900229 ',b'Argo INDIA                                                      ',b'M Ravichandran                                                  ',81.0,b'A',2005-01-12 08:44:24.000000000,b'1',2.47,75.756,b'1',b'ARGOS   ',,,
79,42,b'2900229 ',b'Argo INDIA                                                      ',b'M Ravichandran                                                  ',81.0,b'A',2005-01-12 08:44:24.000000000,b'1',2.47,75.756,b'1',b'ARGOS   ',,,
79,43,b'2900229 ',b'Argo INDIA                                                      ',b'M Ravichandran                                                  ',81.0,b'A',2005-01-12 08:44:24.000000000,b'1',2.47,75.756,b'1',b'ARGOS   ',,,
79,44,b'2900229 ',b'Argo INDIA                                                      ',b'M Ravichandran                                                  ',81.0,b'A',2005-01-12 08:44:24.000000000,b'1',2.47,75.756,b'1',b'ARGOS   ',,,
80,0,b'2900229 ',b'Argo INDIA                                                      ',b'M Ravichandran                                                  ',82.0,b'A',2005-01-22 08:43:57.000000000,b'1',2.667,75.296,b'1',b'ARGOS   ',21.4,28.516,34.78
80,1,b'2900229 ',b'Argo INDIA                                                      ',b'M Ravichandran                                                  ',82.0,b'A',2005-01-22 08:43:57.000000000,b'1',2.667,75.296,b'1',b'ARGOS   ',24.1,28.415,34.882
80,2,b'2900229 ',b'Argo INDIA                                                      ',b'M Ravichandran                                                  ',82.0,b'A',2005-01-22 08:43:57.000000000,b'1',2.667,75.296,b'1',b'ARGOS   ',29.3,28.327,34.978
80,3,b'2900229 ',b'Argo INDIA                                                      ',b'M Ravichandran                                                  ',82.0,b'A',2005-01-22 08:43:57.000000000,b'1',2.667,75.296,b'1',b'ARGOS   ',34.1,28.277,34.987
80,4,b'2900229 ',b'Argo INDIA                                                      ',b'M Ravichandran                                                  ',82.0,b'A',2005-01-22 08:43:57.000000000,b'1',2.667,75.296,b'1',b'ARGOS   ',39.3,28.137,34.965
80,5,b'2900229 ',b'Argo INDIA                                                      ',b'M Ravichandran                                                  ',82.0,b'A',2005-01-22 08:43:57.000000000,b'1',2.667,75.296,b'1',b'ARGOS   ',44.3,27.977,34.966
80,6,b'2900229 ',b'Argo INDIA                                                      ',b'M Ravichandran                                                  ',82.0,b'A',2005-01-22 08:43:57.000000000,b'1',2.667,75.296,b'1',b'ARGOS   ',49.5,27.891,34.963
80,7,b'2900229 ',b'Argo INDIA                                                      ',b'M Ravichandran                                                  ',82.0,b'A',2005-01-22 08:43:57.000000000,b'1',2.667,75.296,b'1',b'ARGOS   ',59.4,26.304,34.992
80,8,b'2900229 ',b'Argo INDIA                                                      ',b'M Ravichandran                                                  ',82.0,b'A',2005-01-22 08:43:57.000000000,b'1',2.667,75.296,b'1',b'ARGOS   ',69.6,25.037,34.957
80,9,b'2900229 ',b'Argo INDIA                                                      ',b'M Ravichandran                                                  ',82.0,b'A',2005-01-22 08:43:57.000000000,b'1',2.667,75.296,b'1',b'ARGOS   ',79.4,23.667,34.955
80,10,b'2900229 ',b'Argo INDIA                                                      ',b'M Ravichandran                                                  ',82.0,b'A',2005-01-22 08:43:57.000000000,b'1',2.667,75.296,b'1',b'ARGOS   ',89.7,22.815,34.98
80,11,b'2900229 ',b'Argo INDIA                                                      ',b'M Ravichandran                                                  ',82.0,b'A',2005-01-22 08:43:57.000000000,b'1',2.667,75.296,b'1',b'ARGOS   ',99.4,21.911,35.155
80,12,b'2900229 ',b'Argo INDIA                                                      ',b'M Ravichandran                                                  ',82.0,b'A',2005-01-22 08:43:57.000000000,b'1',2.667,75.296,b'1',b'ARGOS   ',109.2,20.484,35.242
80,13,b'2900229 ',b'Argo INDIA                                                      ',b'M Ravichandran                                                  ',82.0,b'A',2005-01-22 08:43:57.000000000,b'1',2.667,75.296,b'1',b'ARGOS   ',119.5,19.448,35.189
80,14,b'2900229 ',b'Argo INDIA                                                      ',b'M Ravichandran                                                  ',82.0,b'A',2005-01-22 08:43:57.000000000,b'1',2.667,75.296,b'1',b'ARGOS   ',129.8,18.514,35.092
80,15,b'2900229 ',b'Argo INDIA                                                      ',b'M Ravichandran                                                  ',82.0,b'A',2005-01-22 08:43:57.000000000,b'1',2.667,75.296,b'1',b'ARGOS   ',139.5,17.102,35.089
80,16,b'2900229 ',b'Argo INDIA                                                      ',b'M Ravichandran                                                  ',82.0,b'A',2005-01-22 08:43:57.000000000,b'1',2.667,75.296,b'1',b'ARGOS   ',149.6,15.775,35.038
80,17,b'2900229 ',b'Argo INDIA                                                      ',b'M Ravichandran                                                  ',82.0,b'A',2005-01-22 08:43:57.000000000,b'1',2.667,75.296,b'1',b'ARGOS   ',169.3,14.371,35.156
80,18,b'2900229 ',b'Argo INDIA                                                      ',b'M Ravichandran                                                  ',82.0,b'A',2005-01-22 08:43:57.000000000,b'1',2.667,75.296,b'1',b'ARGOS   ',189.3,14.139,35.153
80,19,b'2900229 ',b'Argo INDIA                                                      ',b'M Ravichandran                                                  ',82.0,b'A',2005-01-22 08:43:57.000000000,b'1',2.667,75.296,b'1',b'ARGOS   ',209.3,13.638,35.145
80,20,b'2900229 ',b'Argo INDIA                                                      ',b'M Ravichandran                                                  ',82.0,b'A',2005-01-22 08:43:57.000000000,b'1',2.667,75.296,b'1',b'ARGOS   ',229.0,13.153,35.137
80,21,b'2900229 ',b'Argo INDIA                                                      ',b'M Ravichandran                                                  ',82.0,b'A',2005-01-22 08:43:57.000000000,b'1',2.667,75.296,b'1',b'ARGOS   ',249.2,12.869,35.127
80,22,b'2900229 ',b'Argo INDIA                                                      ',b'M Ravichandran                                                  ',82.0,b'A',2005-01-22 08:43:57.000000000,b'1',2.667,75.296,b'1',b'ARGOS   ',299.2,12.096,35.093
80,23,b'2900229 ',b'Argo INDIA                                                      ',b'M Ravichandran                                                  ',82.0,b'A',2005-01-22 08:43:57.000000000,b'1',2.667,75.296,b'1',b'ARGOS   ',348.9,11.091,35.039
80,24,b'2900229 ',b'Argo INDIA                                                      ',b'M Ravichandran                                                  ',82.0,b'A',2005-01-22 08:43:57.000000000,b'1',2.667,75.296,b'1',b'ARGOS   ',398.9,10.867,35.027
80,25,b'2900229 ',b'Argo INDIA                                                      ',b'M Ravichandran                                                  ',82.0,b'A',2005-01-22 08:43:57.000000000,b'1',2.667,75.296,b'1',b'ARGOS   ',449.3,10.535,35.021
80,26,b'2900229 ',b'Argo INDIA                                                      ',b'M Ravichandran                                                  ',82.0,b'A',2005-01-22 08:43:57.000000000,b'1',2.667,75.296,b'1',b'ARGOS   ',499.1,10.421,35.045
80,27,b'2900229 ',b'Argo INDIA                                                      ',b'M Ravichandran                                                  ',82.0,b'A',2005-01-22 08:43:57.000000000,b'1',2.667,75.296,b'1',b'ARGOS   ',599.3,9.504,35.089
80,28,b'2900229 ',b'Argo INDIA                                                      ',b'M Ravichandran                                                  ',82.0,b'A',2005-01-22 08:43:57.000000000,b'1',2.667,75.296,b'1',b'ARGOS   ',699.1,8.577,35.036
80,29,b'2900229 ',b'Argo INDIA                                                      ',b'M Ravichandran                                                  ',82.0,b'A',2005-01-22 08:43:57.000000000,b'1',2.667,75.296,b'1',b'ARGOS   ',799.1,7.962,35.023
80,30,b'2900229 ',b'Argo INDIA                                                      ',b'M Ravichandran                                                  ',82.0,b'A',2005-01-22 08:43:57.000000000,b'1',2.667,75.296,b'1',b'ARGOS   ',899.3,7.154,34.987
80,31,b'2900229 ',b'Argo INDIA                                                      ',b'M Ravichandran                                                  ',82.0,b'A',2005-01-22 08:43:57.000000000,b'1',2.667,75.296,b'1',b'ARGOS   ',998.9,6.433,34.943
80,32,b'2900229 ',b'Argo INDIA                                                      ',b'M Ravichandran                                                  ',82.0,b'A',2005-01-22 08:43:57.000000000,b'1',2.667,75.296,b'1',b'ARGOS   ',1099.4,6.06,34.924
80,33,b'2900229 ',b'Argo INDIA                                                      ',b'M Ravichandran                                                  ',82.0,b'A',2005-01-22 08:43:57.000000000,b'1',2.667,75.296,b'1',b'ARGOS   ',1199.5,5.753,34.916
80,34,b'2900229 ',b'Argo INDIA                                                      ',b'M Ravichandran                                                  ',82.0,b'A',2005-01-22 08:43:57.000000000,b'1',2.667,75.296,b'1',b'ARGOS   ',1299.3,5.318,34.895
80,35,b'2900229 ',b'Argo INDIA                                                      ',b'M Ravichandran                                                  ',82.0,b'A',2005-01-22 08:43:57.000000000,b'1',2.667,75.296,b'1',b'ARGOS   ',1399.4,4.885,34.878
80,36,b'2900229 ',b'Argo INDIA                                                      ',b'M Ravichandran                                                  ',82.0,b'A',2005-01-22 08:43:57.000000000,b'1',2.667,75.296,b'1',b'ARGOS   ',1499.5,4.515,34.858
80,37,b'2900229 ',b'Argo INDIA                                                      ',b'M Ravichandran                                                  ',82.0,b'A',2005-01-22 08:43:57.000000000,b'1',2.667,75.296,b'1',b'ARGOS   ',1599.3,4.227,34.847
80,38,b'2900229 ',b'Argo INDIA                                                      ',b'M Ravichandran                                                  ',82.0,b'A',2005-01-22 08:43:57.000000000,b'1',2.667,75.296,b'1',b'ARGOS   ',1699.2,3.616,34.823
80,39,b'2900229 ',b'Argo INDIA                                                      ',b'M Ravichandran                                                  ',82.0,b'A',2005-01-22 08:43:57.000000000,b'1',2.667,75.296,b'1',b'ARGOS   ',1799.3,3.284,34.807
80,40,b'2900229 ',b'Argo INDIA                                                      ',b'M Ravichandran                                                  ',82.0,b'A',2005-01-22 08:43:57.000000000,b'1',2.667,75.296,b'1',b'ARGOS   ',1899.4,2.945,34.791
80,41,b'2900229 ',b'Argo INDIA                                                      ',b'M Ravichandran                                                  ',82.0,b'A',2005-01-22 08:43:57.000000000,b'1',2.667,75.296,b'1',b'ARGOS   ',1999.5,2.743,34.781
80,42,b'2900229 ',b'Argo INDIA                                                      ',b'M Ravichandran                                                  ',82.0,b'A',2005-01-22 08:43:57.000000000,b'1',2.667,75.296,b'1',b'ARGOS   ',,,
80,43,b'2900229 ',b'Argo INDIA                                                      ',b'M Ravichandran                                                  ',82.0,b'A',2005-01-22 08:43:57.000000000,b'1',2.667,75.296,b'1',b'ARGOS   ',,,
80,44,b'2900229 ',b'Argo INDIA                                                      ',b'M Ravichandran                                                  ',82.0,b'A',2005-01-22 08:43:57.000000000,b'1',2.667,75.296,b'1',b'ARGOS   ',,,
81,0,b'2900229 ',b'Argo INDIA                                                      ',b'M Ravichandran                                                  ',83.0,b'A',2005-02-01 08:52:17.000000000,b'1',2.876,74.537,b'1',b'ARGOS   ',21.3,28.883,35.159
81,1,b'2900229 ',b'Argo INDIA                                                      ',b'M Ravichandran                                                  ',83.0,b'A',2005-02-01 08:52:17.000000000,b'1',2.876,74.537,b'1',b'ARGOS   ',24.2,28.818,35.16
81,2,b'2900229 ',b'Argo INDIA                                                      ',b'M Ravichandran                                                  ',83.0,b'A',2005-02-01 08:52:17.000000000,b'1',2.876,74.537,b'1',b'ARGOS   ',29.3,28.779,35.162
81,3,b'2900229 ',b'Argo INDIA                                                      ',b'M Ravichandran                                                  ',83.0,b'A',2005-02-01 08:52:17.000000000,b'1',2.876,74.537,b'1',b'ARGOS   ',34.0,28.761,35.164
81,4,b'2900229 ',b'Argo INDIA                                                      ',b'M Ravichandran                                                  ',83.0,b'A',2005-02-01 08:52:17.000000000,b'1',2.876,74.537,b'1',b'ARGOS   ',39.2,28.748,35.168
81,5,b'2900229 ',b'Argo INDIA                                                      ',b'M Ravichandran                                                  ',83.0,b'A',2005-02-01 08:52:17.000000000,b'1',2.876,74.537,b'1',b'ARGOS   ',44.2,28.715,35.204
81,6,b'2900229 ',b'Argo INDIA                                                      ',b'M Ravichandran                                                  ',83.0,b'A',2005-02-01 08:52:17.000000000,b'1',2.876,74.537,b'1',b'ARGOS   ',49.1,28.654,35.252
81,7,b'2900229 ',b'Argo INDIA                                                      ',b'M Ravichandran                                                  ',83.0,b'A',2005-02-01 08:52:17.000000000,b'1',2.876,74.537,b'1',b'ARGOS   ',58.9,28.598,35.263
81,8,b'2900229 ',b'Argo INDIA                                                      ',b'M Ravichandran                                                  ',83.0,b'A',2005-02-01 08:52:17.000000000,b'1',2.876,74.537,b'1',b'ARGOS   ',69.4,28.475,35.254
81,9,b'2900229 ',b'Argo INDIA                                                      ',b'M Ravichandran                                                  ',83.0,b'A',2005-02-01 08:52:17.000000000,b'1',2.876,74.537,b'1',b'ARGOS   ',79.6,27.984,35.232
81,10,b'2900229 ',b'Argo INDIA                                                      ',b'M Ravichandran                                                  ',83.0,b'A',2005-02-01 08:52:17.000000000,b'1',2.876,74.537,b'1',b'ARGOS   ',89.4,25.851,35.244
81,11,b'2900229 ',b'Argo INDIA                                                      ',b'M Ravichandran                                                  ',83.0,b'A',2005-02-01 08:52:17.000000000,b'1',2.876,74.537,b'1',b'ARGOS   ',99.6,24.691,35.102
81,12,b'2900229 ',b'Argo INDIA                                                      ',b'M Ravichandran                                                  ',83.0,b'A',2005-02-01 08:52:17.000000000,b'1',2.876,74.537,b'1',b'ARGOS   ',109.7,23.395,34.974
81,13,b'2900229 ',b'Argo INDIA                                                      ',b'M Ravichandran                                                  ',83.0,b'A',2005-02-01 08:52:17.000000000,b'1',2.876,74.537,b'1',b'ARGOS   ',119.7,20.873,34.948
81,14,b'2900229 ',b'Argo INDIA                                                      ',b'M Ravichandran                                                  ',83.0,b'A',2005-02-01 08:52:17.000000000,b'1',2.876,74.537,b'1',b'ARGOS   ',129.9,18.127,34.914
81,15,b'2900229 ',b'Argo INDIA                                                      ',b'M Ravichandran                                                  ',83.0,b'A',2005-02-01 08:52:17.000000000,b'1',2.876,74.537,b'1',b'ARGOS   ',139.2,16.674,34.991
81,16,b'2900229 ',b'Argo INDIA                                                      ',b'M Ravichandran                                                  ',83.0,b'A',2005-02-01 08:52:17.000000000,b'1',2.876,74.537,b'1',b'ARGOS   ',149.1,15.797,35.033
81,17,b'2900229 ',b'Argo INDIA                                                      ',b'M Ravichandran                                                  ',83.0,b'A',2005-02-01 08:52:17.000000000,b'1',2.876,74.537,b'1',b'ARGOS   ',169.4,15.223,35.092
81,18,b'2900229 ',b'Argo INDIA                                                      ',b'M Ravichandran                                                  ',83.0,b'A',2005-02-01 08:52:17.000000000,b'1',2.876,74.537,b'1',b'ARGOS   ',189.1,14.481,35.113
81,19,b'2900229 ',b'Argo INDIA                                                      ',b'M Ravichandran                                                  ',83.0,b'A',2005-02-01 08:52:17.000000000,b'1',2.876,74.537,b'1',b'ARGOS   ',208.9,13.984,35.129
81,20,b'2900229 ',b'Argo INDIA                                                      ',b'M Ravichandran                                                  ',83.0,b'A',2005-02-01 08:52:17.000000000,b'1',2.876,74.537,b'1',b'ARGOS   ',229.1,13.779,35.127
81,21,b'2900229 ',b'Argo INDIA                                                      ',b'M Ravichandran                                                  ',83.0,b'A',2005-02-01 08:52:17.000000000,b'1',2.876,74.537,b'1',b'ARGOS   ',249.6,13.087,35.134
81,22,b'2900229 ',b'Argo INDIA                                                      ',b'M Ravichandran                                                  ',83.0,b'A',2005-02-01 08:52:17.000000000,b'1',2.876,74.537,b'1',b'ARGOS   ',299.4,12.417,35.13
81,23,b'2900229 ',b'Argo INDIA                                                      ',b'M Ravichandran                                                  ',83.0,b'A',2005-02-01 08:52:17.000000000,b'1',2.876,74.537,b'1',b'ARGOS   ',349.0,11.462,35.123
81,24,b'2900229 ',b'Argo INDIA                                                      ',b'M Ravichandran                                                  ',83.0,b'A',2005-02-01 08:52:17.000000000,b'1',2.876,74.537,b'1',b'ARGOS   ',399.5,11.002,35.106
81,25,b'2900229 ',b'Argo INDIA                                                      ',b'M Ravichandran                                                  ',83.0,b'A',2005-02-01 08:52:17.000000000,b'1',2.876,74.537,b'1',b'ARGOS   ',449.4,10.51,35.089
81,26,b'2900229 ',b'Argo INDIA                                                      ',b'M Ravichandran                                                  ',83.0,b'A',2005-02-01 08:52:17.000000000,b'1',2.876,74.537,b'1',b'ARGOS   ',499.0,10.332,35.103
81,27,b'2900229 ',b'Argo INDIA                                                      ',b'M Ravichandran                                                  ',83.0,b'A',2005-02-01 08:52:17.000000000,b'1',2.876,74.537,b'1',b'ARGOS   ',599.2,9.658,35.076
81,28,b'2900229 ',b'Argo INDIA                                                      ',b'M Ravichandran                                                  ',83.0,b'A',2005-02-01 08:52:17.000000000,b'1',2.876,74.537,b'1',b'ARGOS   ',699.1,9.065,35.059
81,29,b'2900229 ',b'Argo INDIA                                                      ',b'M Ravichandran                                                  ',83.0,b'A',2005-02-01 08:52:17.000000000,b'1',2.876,74.537,b'1',b'ARGOS   ',799.6,7.648,35.009
81,30,b'2900229 ',b'Argo INDIA                                                      ',b'M Ravichandran                                                  ',83.0,b'A',2005-02-01 08:52:17.000000000,b'1',2.876,74.537,b'1',b'ARGOS   ',899.0,6.984,34.978
81,31,b'2900229 ',b'Argo INDIA                                                      ',b'M Ravichandran                                                  ',83.0,b'A',2005-02-01 08:52:17.000000000,b'1',2.876,74.537,b'1',b'ARGOS   ',999.6,6.6,34.961
81,32,b'2900229 ',b'Argo INDIA                                                      ',b'M Ravichandran                                                  ',83.0,b'A',2005-02-01 08:52:17.000000000,b'1',2.876,74.537,b'1',b'ARGOS   ',1099.2,5.999,34.93
81,33,b'2900229 ',b'Argo INDIA                                                      ',b'M Ravichandran                                                  ',83.0,b'A',2005-02-01 08:52:17.000000000,b'1',2.876,74.537,b'1',b'ARGOS   ',1199.4,5.48,34.902
81,34,b'2900229 ',b'Argo INDIA                                                      ',b'M Ravichandran                                                  ',83.0,b'A',2005-02-01 08:52:17.000000000,b'1',2.876,74.537,b'1',b'ARGOS   ',1299.4,5.141,34.89
81,35,b'2900229 ',b'Argo INDIA                                                      ',b'M Ravichandran                                                  ',83.0,b'A',2005-02-01 08:52:17.000000000,b'1',2.876,74.537,b'1',b'ARGOS   ',1399.2,4.622,34.867
81,36,b'2900229 ',b'Argo INDIA                                                      ',b'M Ravichandran                                                  ',83.0,b'A',2005-02-01 08:52:17.000000000,b'1',2.876,74.537,b'1',b'ARGOS   ',1499.3,4.303,34.848
81,37,b'2900229 ',b'Argo INDIA                                                      ',b'M Ravichandran                                                  ',83.0,b'A',2005-02-01 08:52:17.000000000,b'1',2.876,74.537,b'1',b'ARGOS   ',1599.4,3.991,34.837
81,38,b'2900229 ',b'Argo INDIA                                                      ',b'M Ravichandran                                                  ',83.0,b'A',2005-02-01 08:52:17.000000000,b'1',2.876,74.537,b'1',b'ARGOS   ',1699.4,3.59,34.821
81,39,b'2900229 ',b'Argo INDIA                                                      ',b'M Ravichandran                                                  ',83.0,b'A',2005-02-01 08:52:17.000000000,b'1',2.876,74.537,b'1',b'ARGOS   ',1799.3,3.277,34.807
81,40,b'2900229 ',b'Argo INDIA                                                      ',b'M Ravichandran                                                  ',83.0,b'A',2005-02-01 08:52:17.000000000,b'1',2.876,74.537,b'1',b'ARGOS   ',1898.8,2.962,34.792
81,41,b'2900229 ',b'Argo INDIA                                                      ',b'M Ravichandran                                                  ',83.0,b'A',2005-02-01 08:52:17.000000000,b'1',2.876,74.537,b'1',b'ARGOS   ',,,
81,42,b'2900229 ',b'Argo INDIA                                                      ',b'M Ravichandran                                                  ',83.0,b'A',2005-02-01 08:52:17.000000000,b'1',2.876,74.537,b'1',b'ARGOS   ',,,
81,43,b'2900229 ',b'Argo INDIA                                                      ',b'M Ravichandran                                                  ',83.0,b'A',2005-02-01 08:52:17.000000000,b'1',2.876,74.537,b'1',b'ARGOS   ',,,
81,44,b'2900229 ',b'Argo INDIA                                                      ',b'M Ravichandran                                                  ',83.0,b'A',2005-02-01 08:52:17.000000000,b'1',2.876,74.537,b'1',b'ARGOS   ',,,
82,0,b'2900229 ',b'Argo INDIA                                                      ',b'M Ravichandran                                                  ',84.0,b'A',2005-02-11 08:39:16.000000000,b'1',3.127,73.984,b'1',b'ARGOS   ',21.6,28.557,34.371
82,1,b'2900229 ',b'Argo INDIA                                                      ',b'M Ravichandran                                                  ',84.0,b'A',2005-02-11 08:39:16.000000000,b'1',3.127,73.984,b'1',b'ARGOS   ',24.4,28.554,34.371
82,2,b'2900229 ',b'Argo INDIA                                                      ',b'M Ravichandran                                                  ',84.0,b'A',2005-02-11 08:39:16.000000000,b'1',3.127,73.984,b'1',b'ARGOS   ',29.1,28.508,34.372
82,3,b'2900229 ',b'Argo INDIA                                                      ',b'M Ravichandran                                                  ',84.0,b'A',2005-02-11 08:39:16.000000000,b'1',3.127,73.984,b'1',b'ARGOS   ',34.0,28.486,34.371
82,4,b'2900229 ',b'Argo INDIA                                                      ',b'M Ravichandran                                                  ',84.0,b'A',2005-02-11 08:39:16.000000000,b'1',3.127,73.984,b'1',b'ARGOS   ',39.2,28.458,34.372
82,5,b'2900229 ',b'Argo INDIA                                                      ',b'M Ravichandran                                                  ',84.0,b'A',2005-02-11 08:39:16.000000000,b'1',3.127,73.984,b'1',b'ARGOS   ',44.0,28.456,34.385
82,6,b'2900229 ',b'Argo INDIA                                                      ',b'M Ravichandran                                                  ',84.0,b'A',2005-02-11 08:39:16.000000000,b'1',3.127,73.984,b'1',b'ARGOS   ',49.3,28.467,34.417
82,7,b'2900229 ',b'Argo INDIA                                                      ',b'M Ravichandran                                                  ',84.0,b'A',2005-02-11 08:39:16.000000000,b'1',3.127,73.984,b'1',b'ARGOS   ',59.4,28.495,34.577
82,8,b'2900229 ',b'Argo INDIA                                                      ',b'M Ravichandran                                                  ',84.0,b'A',2005-02-11 08:39:16.000000000,b'1',3.127,73.984,b'1',b'ARGOS   ',69.6,28.499,34.81
82,9,b'2900229 ',b'Argo INDIA                                                      ',b'M Ravichandran                                                  ',84.0,b'A',2005-02-11 08:39:16.000000000,b'1',3.127,73.984,b'1',b'ARGOS   ',79.8,27.947,35.243
82,10,b'2900229 ',b'Argo INDIA                                                      ',b'M Ravichandran                                                  ',84.0,b'A',2005-02-11 08:39:16.000000000,b'1',3.127,73.984,b'1',b'ARGOS   ',89.3,26.125,35.324
82,11,b'2900229 ',b'Argo INDIA                                                      ',b'M Ravichandran                                                  ',84.0,b'A',2005-02-11 08:39:16.000000000,b'1',3.127,73.984,b'1',b'ARGOS   ',99.5,24.411,35.291
82,12,b'2900229 ',b'Argo INDIA                                                      ',b'M Ravichandran                                                  ',84.0,b'A',2005-02-11 08:39:16.000000000,b'1',3.127,73.984,b'1',b'ARGOS   ',109.5,21.518,35.148
82,13,b'2900229 ',b'Argo INDIA                                                      ',b'M Ravichandran                                                  ',84.0,b'A',2005-02-11 08:39:16.000000000,b'1',3.127,73.984,b'1',b'ARGOS   ',119.4,20.576,35.005
82,14,b'2900229 ',b'Argo INDIA                                                      ',b'M Ravichandran                                                  ',84.0,b'A',2005-02-11 08:39:16.000000000,b'1',3.127,73.984,b'1',b'ARGOS   ',129.4,19.686,34.921
82,15,b'2900229 ',b'Argo INDIA                                                      ',b'M Ravichandran                                                  ',84.0,b'A',2005-02-11 08:39:16.000000000,b'1',3.127,73.984,b'1',b'ARGOS   ',139.5,17.977,34.925
82,16,b'2900229 ',b'Argo INDIA                                                      ',b'M Ravichandran                                                  ',84.0,b'A',2005-02-11 08:39:16.000000000,b'1',3.127,73.984,b'1',b'ARGOS   ',149.4,17.208,34.966
82,17,b'2900229 ',b'Argo INDIA                                                      ',b'M Ravichandran                                                  ',84.0,b'A',2005-02-11 08:39:16.000000000,b'1',3.127,73.984,b'1',b'ARGOS   ',169.7,15.308,34.985
82,18,b'2900229 ',b'Argo INDIA                                                      ',b'M Ravichandran                                                  ',84.0,b'A',2005-02-11 08:39:16.000000000,b'1',3.127,73.984,b'1',b'ARGOS   ',189.5,14.665,35.099
82,19,b'2900229 ',b'Argo INDIA                                                      ',b'M Ravichandran                                                  ',84.0,b'A',2005-02-11 08:39:16.000000000,b'1',3.127,73.984,b'1',b'ARGOS   ',209.3,14.098,35.116
82,20,b'2900229 ',b'Argo INDIA                                                      ',b'M Ravichandran                                                  ',84.0,b'A',2005-02-11 08:39:16.000000000,b'1',3.127,73.984,b'1',b'ARGOS   ',229.3,13.478,35.139
82,21,b'2900229 ',b'Argo INDIA                                                      ',b'M Ravichandran                                                  ',84.0,b'A',2005-02-11 08:39:16.000000000,b'1',3.127,73.984,b'1',b'ARGOS   ',249.3,13.039,35.131
82,22,b'2900229 ',b'Argo INDIA                                                      ',b'M Ravichandran                                                  ',84.0,b'A',2005-02-11 08:39:16.000000000,b'1',3.127,73.984,b'1',b'ARGOS   ',298.8,12.153,35.13
82,23,b'2900229 ',b'Argo INDIA                                                      ',b'M Ravichandran                                                  ',84.0,b'A',2005-02-11 08:39:16.000000000,b'1',3.127,73.984,b'1',b'ARGOS   ',349.5,11.512,35.128
82,24,b'2900229 ',b'Argo INDIA                                                      ',b'M Ravichandran                                                  ',84.0,b'A',2005-02-11 08:39:16.000000000,b'1',3.127,73.984,b'1',b'ARGOS   ',399.3,10.844,35.07
82,25,b'2900229 ',b'Argo INDIA                                                      ',b'M Ravichandran                                                  ',84.0,b'A',2005-02-11 08:39:16.000000000,b'1',3.127,73.984,b'1',b'ARGOS   ',448.9,10.657,35.09
82,26,b'2900229 ',b'Argo INDIA                                                      ',b'M Ravichandran                                                  ',84.0,b'A',2005-02-11 08:39:16.000000000,b'1',3.127,73.984,b'1',b'ARGOS   ',499.6,10.295,35.079
82,27,b'2900229 ',b'Argo INDIA                                                      ',b'M Ravichandran                                                  ',84.0,b'A',2005-02-11 08:39:16.000000000,b'1',3.127,73.984,b'1',b'ARGOS   ',598.9,9.215,35.051
82,28,b'2900229 ',b'Argo INDIA                                                      ',b'M Ravichandran                                                  ',84.0,b'A',2005-02-11 08:39:16.000000000,b'1',3.127,73.984,b'1',b'ARGOS   ',699.2,8.524,35.043
82,29,b'2900229 ',b'Argo INDIA                                                      ',b'M Ravichandran                                                  ',84.0,b'A',2005-02-11 08:39:16.000000000,b'1',3.127,73.984,b'1',b'ARGOS   ',799.3,7.753,35.001
82,30,b'2900229 ',b'Argo INDIA                                                      ',b'M Ravichandran                                                  ',84.0,b'A',2005-02-11 08:39:16.000000000,b'1',3.127,73.984,b'1',b'ARGOS   ',899.5,7.22,34.978
82,31,b'2900229 ',b'Argo INDIA                                                      ',b'M Ravichandran                                                  ',84.0,b'A',2005-02-11 08:39:16.000000000,b'1',3.127,73.984,b'1',b'ARGOS   ',999.5,6.591,34.947
82,32,b'2900229 ',b'Argo INDIA                                                      ',b'M Ravichandran                                                  ',84.0,b'A',2005-02-11 08:39:16.000000000,b'1',3.127,73.984,b'1',b'ARGOS   ',1099.2,6.119,34.927
82,33,b'2900229 ',b'Argo INDIA                                                      ',b'M Ravichandran                                                  ',84.0,b'A',2005-02-11 08:39:16.000000000,b'1',3.127,73.984,b'1',b'ARGOS   ',1199.4,5.783,34.918
82,34,b'2900229 ',b'Argo INDIA                                                      ',b'M Ravichandran                                                  ',84.0,b'A',2005-02-11 08:39:16.000000000,b'1',3.127,73.984,b'1',b'ARGOS   ',1299.4,5.323,34.895
82,35,b'2900229 ',b'Argo INDIA                                                      ',b'M Ravichandran                                                  ',84.0,b'A',2005-02-11 08:39:16.000000000,b'1',3.127,73.984,b'1',b'ARGOS   ',1399.1,4.808,34.876
82,36,b'2900229 ',b'Argo INDIA                                                      ',b'M Ravichandran                                                  ',84.0,b'A',2005-02-11 08:39:16.000000000,b'1',3.127,73.984,b'1',b'ARGOS   ',1499.4,4.506,34.865
82,37,b'2900229 ',b'Argo INDIA                                                      ',b'M Ravichandran                                                  ',84.0,b'A',2005-02-11 08:39:16.000000000,b'1',3.127,73.984,b'1',b'ARGOS   ',1599.4,4.166,34.845
82,38,b'2900229 ',b'Argo INDIA                                                      ',b'M Ravichandran                                                  ',84.0,b'A',2005-02-11 08:39:16.000000000,b'1',3.127,73.984,b'1',b'ARGOS   ',1699.3,3.558,34.819
82,39,b'2900229 ',b'Argo INDIA                                                      ',b'M Ravichandran                                                  ',84.0,b'A',2005-02-11 08:39:16.000000000,b'1',3.127,73.984,b'1',b'ARGOS   ',1798.9,3.229,34.804
82,40,b'2900229 ',b'Argo INDIA                                                      ',b'M Ravichandran                                                  ',84.0,b'A',2005-02-11 08:39:16.000000000,b'1',3.127,73.984,b'1',b'ARGOS   ',1899.2,2.98,34.794
82,41,b'2900229 ',b'Argo INDIA                                                      ',b'M Ravichandran                                                  ',84.0,b'A',2005-02-11 08:39:16.000000000,b'1',3.127,73.984,b'1',b'ARGOS   ',1999.6,2.746,34.783
82,42,b'2900229 ',b'Argo INDIA                                                      ',b'M Ravichandran                                                  ',84.0,b'A',2005-02-11 08:39:16.000000000,b'1',3.127,73.984,b'1',b'ARGOS   ',,,
82,43,b'2900229 ',b'Argo INDIA                                                      ',b'M Ravichandran                                                  ',84.0,b'A',2005-02-11 08:39:16.000000000,b'1',3.127,73.984,b'1',b'ARGOS   ',,,
82,44,b'2900229 ',b'Argo INDIA                                                      ',b'M Ravichandran                                                  ',84.0,b'A',2005-02-11 08:39:16.000000000,b'1',3.127,73.984,b'1',b'ARGOS   ',,,
83,0,b'2900229 ',b'Argo INDIA                                                      ',b'M Ravichandran                                                  ',85.0,b'A',2005-02-21 08:39:13.000000000,b'1',3.069,73.713,b'1',b'ARGOS   ',21.6,28.664,34.613
83,1,b'2900229 ',b'Argo INDIA                                                      ',b'M Ravichandran                                                  ',85.0,b'A',2005-02-21 08:39:13.000000000,b'1',3.069,73.713,b'1',b'ARGOS   ',24.6,28.508,34.618
83,2,b'2900229 ',b'Argo INDIA                                                      ',b'M Ravichandran                                                  ',85.0,b'A',2005-02-21 08:39:13.000000000,b'1',3.069,73.713,b'1',b'ARGOS   ',29.5,28.427,34.645
83,3,b'2900229 ',b'Argo INDIA                                                      ',b'M Ravichandran                                                  ',85.0,b'A',2005-02-21 08:39:13.000000000,b'1',3.069,73.713,b'1',b'ARGOS   ',34.5,28.408,34.699
83,4,b'2900229 ',b'Argo INDIA                                                      ',b'M Ravichandran                                                  ',85.0,b'A',2005-02-21 08:39:13.000000000,b'1',3.069,73.713,b'1',b'ARGOS   ',39.5,28.381,34.774
83,5,b'2900229 ',b'Argo INDIA                                                      ',b'M Ravichandran                                                  ',85.0,b'A',2005-02-21 08:39:13.000000000,b'1',3.069,73.713,b'1',b'ARGOS   ',44.2,28.346,34.828
83,6,b'2900229 ',b'Argo INDIA                                                      ',b'M Ravichandran                                                  ',85.0,b'A',2005-02-21 08:39:13.000000000,b'1',3.069,73.713,b'1',b'ARGOS   ',49.4,28.278,34.847
83,7,b'2900229 ',b'Argo INDIA                                                      ',b'M Ravichandran                                                  ',85.0,b'A',2005-02-21 08:39:13.000000000,b'1',3.069,73.713,b'1',b'ARGOS   ',59.0,28.221,34.831
83,8,b'2900229 ',b'Argo INDIA                                                      ',b'M Ravichandran                                                  ',85.0,b'A',2005-02-21 08:39:13.000000000,b'1',3.069,73.713,b'1',b'ARGOS   ',69.6,28.163,34.806
83,9,b'2900229 ',b'Argo INDIA                                                      ',b'M Ravichandran                                                  ',85.0,b'A',2005-02-21 08:39:13.000000000,b'1',3.069,73.713,b'1',b'ARGOS   ',79.4,26.203,34.757
83,10,b'2900229 ',b'Argo INDIA                                                      ',b'M Ravichandran                                                  ',85.0,b'A',2005-02-21 08:39:13.000000000,b'1',3.069,73.713,b'1',b'ARGOS   ',89.5,24.671,34.779
83,11,b'2900229 ',b'Argo INDIA                                                      ',b'M Ravichandran                                                  ',85.0,b'A',2005-02-21 08:39:13.000000000,b'1',3.069,73.713,b'1',b'ARGOS   ',99.4,25.163,35.322
83,12,b'2900229 ',b'Argo INDIA                                                      ',b'M Ravichandran                                                  ',85.0,b'A',2005-02-21 08:39:13.000000000,b'1',3.069,73.713,b'1',b'ARGOS   ',109.4,22.983,35.309
83,13,b'2900229 ',b'Argo INDIA                                                      ',b'M Ravichandran                                                  ',85.0,b'A',2005-02-21 08:39:13.000000000,b'1',3.069,73.713,b'1',b'ARGOS   ',119.6,21.687,35.264
83,14,b'2900229 ',b'Argo INDIA                                                      ',b'M Ravichandran                                                  ',85.0,b'A',2005-02-21 08:39:13.000000000,b'1',3.069,73.713,b'1',b'ARGOS   ',129.5,20.105,35.049
83,15,b'2900229 ',b'Argo INDIA                                                      ',b'M Ravichandran                                                  ',85.0,b'A',2005-02-21 08:39:13.000000000,b'1',3.069,73.713,b'1',b'ARGOS   ',139.5,17.631,34.973
83,16,b'2900229 ',b'Argo INDIA                                                      ',b'M Ravichandran                                                  ',85.0,b'A',2005-02-21 08:39:13.000000000,b'1',3.069,73.713,b'1',b'ARGOS   ',149.3,16.085,35.046
83,17,b'2900229 ',b'Argo INDIA                                                      ',b'M Ravichandran                                                  ',85.0,b'A',2005-02-21 08:39:13.000000000,b'1',3.069,73.713,b'1',b'ARGOS   ',169.4,15.426,35.021
83,18,b'2900229 ',b'Argo INDIA                                                      ',b'M Ravichandran                                                  ',85.0,b'A',2005-02-21 08:39:13.000000000,b'1',3.069,73.713,b'1',b'ARGOS   ',189.2,14.908,35.069
83,19,b'2900229 ',b'Argo INDIA                                                      ',b'M Ravichandran                                                  ',85.0,b'A',2005-02-21 08:39:13.000000000,b'1',3.069,73.713,b'1',b'ARGOS   ',209.6,14.68,35.08
83,20,b'2900229 ',b'Argo INDIA                                                      ',b'M Ravichandran                                                  ',85.0,b'A',2005-02-21 08:39:13.000000000,b'1',3.069,73.713,b'1',b'ARGOS   ',229.4,13.629,35.123
83,21,b'2900229 ',b'Argo INDIA                                                      ',b'M Ravichandran                                                  ',85.0,b'A',2005-02-21 08:39:13.000000000,b'1',3.069,73.713,b'1',b'ARGOS   ',249.4,13.157,35.125
83,22,b'2900229 ',b'Argo INDIA                                                      ',b'M Ravichandran                                                  ',85.0,b'A',2005-02-21 08:39:13.000000000,b'1',3.069,73.713,b'1',b'ARGOS   ',299.5,12.225,35.109
83,23,b'2900229 ',b'Argo INDIA                                                      ',b'M Ravichandran                                                  ',85.0,b'A',2005-02-21 08:39:13.000000000,b'1',3.069,73.713,b'1',b'ARGOS   ',349.3,11.707,35.092
83,24,b'2900229 ',b'Argo INDIA                                                      ',b'M Ravichandran                                                  ',85.0,b'A',2005-02-21 08:39:13.000000000,b'1',3.069,73.713,b'1',b'ARGOS   ',398.9,10.88,35.086
83,25,b'2900229 ',b'Argo INDIA                                                      ',b'M Ravichandran                                                  ',85.0,b'A',2005-02-21 08:39:13.000000000,b'1',3.069,73.713,b'1',b'ARGOS   ',449.4,10.786,35.082
83,26,b'2900229 ',b'Argo INDIA                                                      ',b'M Ravichandran                                                  ',85.0,b'A',2005-02-21 08:39:13.000000000,b'1',3.069,73.713,b'1',b'ARGOS   ',499.5,10.208,35.089
83,27,b'2900229 ',b'Argo INDIA                                                      ',b'M Ravichandran                                                  ',85.0,b'A',2005-02-21 08:39:13.000000000,b'1',3.069,73.713,b'1',b'ARGOS   ',599.3,9.612,35.078
83,28,b'2900229 ',b'Argo INDIA                                                      ',b'M Ravichandran                                                  ',85.0,b'A',2005-02-21 08:39:13.000000000,b'1',3.069,73.713,b'1',b'ARGOS   ',699.3,8.88,35.06
83,29,b'2900229 ',b'Argo INDIA                                                      ',b'M Ravichandran                                                  ',85.0,b'A',2005-02-21 08:39:13.000000000,b'1',3.069,73.713,b'1',b'ARGOS   ',799.3,8.049,35.019
83,30,b'2900229 ',b'Argo INDIA                                                      ',b'M Ravichandran                                                  ',85.0,b'A',2005-02-21 08:39:13.000000000,b'1',3.069,73.713,b'1',b'ARGOS   ',899.2,7.508,34.999
83,31,b'2900229 ',b'Argo INDIA                                                      ',b'M Ravichandran                                                  ',85.0,b'A',2005-02-21 08:39:13.000000000,b'1',3.069,73.713,b'1',b'ARGOS   ',999.2,6.764,34.961
83,32,b'2900229 ',b'Argo INDIA                                                      ',b'M Ravichandran                                                  ',85.0,b'A',2005-02-21 08:39:13.000000000,b'1',3.069,73.713,b'1',b'ARGOS   ',1099.1,6.282,34.938
83,33,b'2900229 ',b'Argo INDIA                                                      ',b'M Ravichandran                                                  ',85.0,b'A',2005-02-21 08:39:13.000000000,b'1',3.069,73.713,b'1',b'ARGOS   ',1199.2,5.74,34.912
83,34,b'2900229 ',b'Argo INDIA                                                      ',b'M Ravichandran                                                  ',85.0,b'A',2005-02-21 08:39:13.000000000,b'1',3.069,73.713,b'1',b'ARGOS   ',1299.1,5.482,34.902
83,35,b'2900229 ',b'Argo INDIA                                                      ',b'M Ravichandran                                                  ',85.0,b'A',2005-02-21 08:39:13.000000000,b'1',3.069,73.713,b'1',b'ARGOS   ',1398.8,4.954,34.881
83,36,b'2900229 ',b'Argo INDIA                                                      ',b'M Ravichandran                                                  ',85.0,b'A',2005-02-21 08:39:13.000000000,b'1',3.069,73.713,b'1',b'ARGOS   ',1498.8,4.759,34.873
83,37,b'2900229 ',b'Argo INDIA                                                      ',b'M Ravichandran                                                  ',85.0,b'A',2005-02-21 08:39:13.000000000,b'1',3.069,73.713,b'1',b'ARGOS   ',1599.6,4.121,34.844
83,38,b'2900229 ',b'Argo INDIA                                                      ',b'M Ravichandran                                                  ',85.0,b'A',2005-02-21 08:39:13.000000000,b'1',3.069,73.713,b'1',b'ARGOS   ',1699.5,3.905,34.833
83,39,b'2900229 ',b'Argo INDIA                                                      ',b'M Ravichandran                                                  ',85.0,b'A',2005-02-21 08:39:13.000000000,b'1',3.069,73.713,b'1',b'ARGOS   ',1799.0,3.383,34.813
83,40,b'2900229 ',b'Argo INDIA                                                      ',b'M Ravichandran                                                  ',85.0,b'A',2005-02-21 08:39:13.000000000,b'1',3.069,73.713,b'1',b'ARGOS   ',1899.1,3.056,34.799
83,41,b'2900229 ',b'Argo INDIA                                                      ',b'M Ravichandran                                                  ',85.0,b'A',2005-02-21 08:39:13.000000000,b'1',3.069,73.713,b'1',b'ARGOS   ',,,
83,42,b'2900229 ',b'Argo INDIA                                                      ',b'M Ravichandran                                                  ',85.0,b'A',2005-02-21 08:39:13.000000000,b'1',3.069,73.713,b'1',b'ARGOS   ',,,
83,43,b'2900229 ',b'Argo INDIA                                                      ',b'M Ravichandran                                                  ',85.0,b'A',2005-02-21 08:39:13.000000000,b'1',3.069,73.713,b'1',b'ARGOS   ',,,
83,44,b'2900229 ',b'Argo INDIA                                                      ',b'M Ravichandran                                                  ',85.0,b'A',2005-02-21 08:39:13.000000000,b'1',3.069,73.713,b'1',b'ARGOS   ',,,
84,0,b'2900229 ',b'Argo INDIA                                                      ',b'M Ravichandran                                                  ',86.0,b'A',2005-03-03 08:26:39.999999744,b'1',2.766,73.533,b'1',b'ARGOS   ',21.9,29.67,34.941
84,1,b'2900229 ',b'Argo INDIA                                                      ',b'M Ravichandran                                                  ',86.0,b'A',2005-03-03 08:26:39.999999744,b'1',2.766,73.533,b'1',b'ARGOS   ',24.3,29.588,34.939
84,2,b'2900229 ',b'Argo INDIA                                                      ',b'M Ravichandran                                                  ',86.0,b'A',2005-03-03 08:26:39.999999744,b'1',2.766,73.533,b'1',b'ARGOS   ',29.3,29.497,34.937
84,3,b'2900229 ',b'Argo INDIA                                                      ',b'M Ravichandran                                                  ',86.0,b'A',2005-03-03 08:26:39.999999744,b'1',2.766,73.533,b'1',b'ARGOS   ',34.4,29.464,34.94
84,4,b'2900229 ',b'Argo INDIA                                                      ',b'M Ravichandran                                                  ',86.0,b'A',2005-03-03 08:26:39.999999744,b'1',2.766,73.533,b'1',b'ARGOS   ',39.5,29.433,34.944
84,5,b'2900229 ',b'Argo INDIA                                                      ',b'M Ravichandran                                                  ',86.0,b'A',2005-03-03 08:26:39.999999744,b'1',2.766,73.533,b'1',b'ARGOS   ',44.4,29.416,34.948
84,6,b'2900229 ',b'Argo INDIA                                                      ',b'M Ravichandran                                                  ',86.0,b'A',2005-03-03 08:26:39.999999744,b'1',2.766,73.533,b'1',b'ARGOS   ',49.3,29.399,34.953
84,7,b'2900229 ',b'Argo INDIA                                                      ',b'M Ravichandran                                                  ',86.0,b'A',2005-03-03 08:26:39.999999744,b'1',2.766,73.533,b'1',b'ARGOS   ',59.1,29.393,34.959
84,8,b'2900229 ',b'Argo INDIA                                                      ',b'M Ravichandran                                                  ',86.0,b'A',2005-03-03 08:26:39.999999744,b'1',2.766,73.533,b'1',b'ARGOS   ',69.4,29.394,34.963
84,9,b'2900229 ',b'Argo INDIA                                                      ',b'M Ravichandran                                                  ',86.0,b'A',2005-03-03 08:26:39.999999744,b'1',2.766,73.533,b'1',b'ARGOS   ',79.5,28.427,35.093
84,10,b'2900229 ',b'Argo INDIA                                                      ',b'M Ravichandran                                                  ',86.0,b'A',2005-03-03 08:26:39.999999744,b'1',2.766,73.533,b'1',b'ARGOS   ',89.1,27.939,35.085
84,11,b'2900229 ',b'Argo INDIA                                                      ',b'M Ravichandran                                                  ',86.0,b'A',2005-03-03 08:26:39.999999744,b'1',2.766,73.533,b'1',b'ARGOS   ',99.8,26.397,34.991
84,12,b'2900229 ',b'Argo INDIA                                                      ',b'M Ravichandran                                                  ',86.0,b'A',2005-03-03 08:26:39.999999744,b'1',2.766,73.533,b'1',b'ARGOS   ',109.7,21.5,35.02
84,13,b'2900229 ',b'Argo INDIA                                                      ',b'M Ravichandran                                                  ',86.0,b'A',2005-03-03 08:26:39.999999744,b'1',2.766,73.533,b'1',b'ARGOS   ',119.7,19.624,34.907
84,14,b'2900229 ',b'Argo INDIA                                                      ',b'M Ravichandran                                                  ',86.0,b'A',2005-03-03 08:26:39.999999744,b'1',2.766,73.533,b'1',b'ARGOS   ',129.5,18.804,34.927
84,15,b'2900229 ',b'Argo INDIA                                                      ',b'M Ravichandran                                                  ',86.0,b'A',2005-03-03 08:26:39.999999744,b'1',2.766,73.533,b'1',b'ARGOS   ',139.6,17.056,34.948
84,16,b'2900229 ',b'Argo INDIA                                                      ',b'M Ravichandran                                                  ',86.0,b'A',2005-03-03 08:26:39.999999744,b'1',2.766,73.533,b'1',b'ARGOS   ',149.6,16.29,34.986
84,17,b'2900229 ',b'Argo INDIA                                                      ',b'M Ravichandran                                                  ',86.0,b'A',2005-03-03 08:26:39.999999744,b'1',2.766,73.533,b'1',b'ARGOS   ',169.1,15.547,35.026
84,18,b'2900229 ',b'Argo INDIA                                                      ',b'M Ravichandran                                                  ',86.0,b'A',2005-03-03 08:26:39.999999744,b'1',2.766,73.533,b'1',b'ARGOS   ',189.4,14.253,35.141
84,19,b'2900229 ',b'Argo INDIA                                                      ',b'M Ravichandran                                                  ',86.0,b'A',2005-03-03 08:26:39.999999744,b'1',2.766,73.533,b'1',b'ARGOS   ',209.2,13.669,35.128
84,20,b'2900229 ',b'Argo INDIA                                                      ',b'M Ravichandran                                                  ',86.0,b'A',2005-03-03 08:26:39.999999744,b'1',2.766,73.533,b'1',b'ARGOS   ',229.0,13.38,35.129
84,21,b'2900229 ',b'Argo INDIA                                                      ',b'M Ravichandran                                                  ',86.0,b'A',2005-03-03 08:26:39.999999744,b'1',2.766,73.533,b'1',b'ARGOS   ',249.3,13.239,35.136
84,22,b'2900229 ',b'Argo INDIA                                                      ',b'M Ravichandran                                                  ',86.0,b'A',2005-03-03 08:26:39.999999744,b'1',2.766,73.533,b'1',b'ARGOS   ',299.7,12.417,35.121
84,23,b'2900229 ',b'Argo INDIA                                                      ',b'M Ravichandran                                                  ',86.0,b'A',2005-03-03 08:26:39.999999744,b'1',2.766,73.533,b'1',b'ARGOS   ',349.0,11.905,35.107
84,24,b'2900229 ',b'Argo INDIA                                                      ',b'M Ravichandran                                                  ',86.0,b'A',2005-03-03 08:26:39.999999744,b'1',2.766,73.533,b'1',b'ARGOS   ',399.0,11.513,35.089
84,25,b'2900229 ',b'Argo INDIA                                                      ',b'M Ravichandran                                                  ',86.0,b'A',2005-03-03 08:26:39.999999744,b'1',2.766,73.533,b'1',b'ARGOS   ',449.5,11.286,35.084
84,26,b'2900229 ',b'Argo INDIA                                                      ',b'M Ravichandran                                                  ',86.0,b'A',2005-03-03 08:26:39.999999744,b'1',2.766,73.533,b'1',b'ARGOS   ',499.3,10.506,35.073
84,27,b'2900229 ',b'Argo INDIA                                                      ',b'M Ravichandran                                                  ',86.0,b'A',2005-03-03 08:26:39.999999744,b'1',2.766,73.533,b'1',b'ARGOS   ',598.9,9.805,35.071
84,28,b'2900229 ',b'Argo INDIA                                                      ',b'M Ravichandran                                                  ',86.0,b'A',2005-03-03 08:26:39.999999744,b'1',2.766,73.533,b'1',b'ARGOS   ',699.5,9.08,35.061
84,29,b'2900229 ',b'Argo INDIA                                                      ',b'M Ravichandran                                                  ',86.0,b'A',2005-03-03 08:26:39.999999744,b'1',2.766,73.533,b'1',b'ARGOS   ',799.1,8.126,35.02
84,30,b'2900229 ',b'Argo INDIA                                                      ',b'M Ravichandran                                                  ',86.0,b'A',2005-03-03 08:26:39.999999744,b'1',2.766,73.533,b'1',b'ARGOS   ',899.4,7.208,34.985
84,31,b'2900229 ',b'Argo INDIA                                                      ',b'M Ravichandran                                                  ',86.0,b'A',2005-03-03 08:26:39.999999744,b'1',2.766,73.533,b'1',b'ARGOS   ',999.1,6.723,34.959
84,32,b'2900229 ',b'Argo INDIA                                                      ',b'M Ravichandran                                                  ',86.0,b'A',2005-03-03 08:26:39.999999744,b'1',2.766,73.533,b'1',b'ARGOS   ',1099.2,6.328,34.939
84,33,b'2900229 ',b'Argo INDIA                                                      ',b'M Ravichandran                                                  ',86.0,b'A',2005-03-03 08:26:39.999999744,b'1',2.766,73.533,b'1',b'ARGOS   ',1199.0,5.724,34.913
84,34,b'2900229 ',b'Argo INDIA                                                      ',b'M Ravichandran                                                  ',86.0,b'A',2005-03-03 08:26:39.999999744,b'1',2.766,73.533,b'1',b'ARGOS   ',1299.2,5.291,34.897
84,35,b'2900229 ',b'Argo INDIA                                                      ',b'M Ravichandran                                                  ',86.0,b'A',2005-03-03 08:26:39.999999744,b'1',2.766,73.533,b'1',b'ARGOS   ',1399.1,4.958,34.881
84,36,b'2900229 ',b'Argo INDIA                                                      ',b'M Ravichandran                                                  ',86.0,b'A',2005-03-03 08:26:39.999999744,b'1',2.766,73.533,b'1',b'ARGOS   ',1499.4,4.636,34.866
84,37,b'2900229 ',b'Argo INDIA                                                      ',b'M Ravichandran                                                  ',86.0,b'A',2005-03-03 08:26:39.999999744,b'1',2.766,73.533,b'1',b'ARGOS   ',1599.2,4.191,34.848
84,38,b'2900229 ',b'Argo INDIA                                                      ',b'M Ravichandran                                                  ',86.0,b'A',2005-03-03 08:26:39.999999744,b'1',2.766,73.533,b'1',b'ARGOS   ',1698.6,3.927,34.837
84,39,b'2900229 ',b'Argo INDIA                                                      ',b'M Ravichandran                                                  ',86.0,b'A',2005-03-03 08:26:39.999999744,b'1',2.766,73.533,b'1',b'ARGOS   ',,,
84,40,b'2900229 ',b'Argo INDIA                                                      ',b'M Ravichandran                                                  ',86.0,b'A',2005-03-03 08:26:39.999999744,b'1',2.766,73.533,b'1',b'ARGOS   ',,,
84,41,b'2900229 ',b'Argo INDIA                                                      ',b'M Ravichandran                                                  ',86.0,b'A',2005-03-03 08:26:39.999999744,b'1',2.766,73.533,b'1',b'ARGOS   ',,,
84,42,b'2900229 ',b'Argo INDIA                                                      ',b'M Ravichandran                                                  ',86.0,b'A',2005-03-03 08:26:39.999999744,b'1',2.766,73.533,b'1',b'ARGOS   ',,,
84,43,b'2900229 ',b'Argo INDIA                                                      ',b'M Ravichandran                                                  ',86.0,b'A',2005-03-03 08:26:39.999999744,b'1',2.766,73.533,b'1',b'ARGOS   ',,,
84,44,b'2900229 ',b'Argo INDIA                                                      ',b'M Ravichandran                                                  ',86.0,b'A',2005-03-03 08:26:39.999999744,b'1',2.766,73.533,b'1',b'ARGOS   ',,,
