N_PROF,N_LEVELS,PLATFORM_NUMBER,PROJECT_NAME,PI_NAME,CYCLE_NUMBER,DIRECTION,JULD,JULD_QC,LATITUDE,LONGITUDE,POSITION_QC,POSITIONING_SYSTEM,PRES,TEMP,PSAL
0,0,b'2900266 ',b'Indian Argo                                                     ',b'K. Radhakrishnan                                                ',0.0,b'A',2003-06-26 21:14:04.000000000,b'1',15.891,88.146,b'1',b'ARGOS   ',3.9,29.435,33.515
0,1,b'2900266 ',b'Indian Argo                                                     ',b'K. Radhakrishnan                                                ',0.0,b'A',2003-06-26 21:14:04.000000000,b'1',15.891,88.146,b'1',b'ARGOS   ',10.0,29.429,33.52
0,2,b'2900266 ',b'Indian Argo                                                     ',b'K. Radhakrishnan                                                ',0.0,b'A',2003-06-26 21:14:04.000000000,b'1',15.891,88.146,b'1',b'ARGOS   ',20.6,29.435,33.527
0,3,b'2900266 ',b'Indian Argo                                                     ',b'K. Radhakrishnan                                                ',0.0,b'A',2003-06-26 21:14:04.000000000,b'1',15.891,88.146,b'1',b'ARGOS   ',30.3,29.441,33.529
0,4,b'2900266 ',b'Indian Argo                                                     ',b'K. Radhakrishnan                                                ',0.0,b'A',2003-06-26 21:14:04.000000000,b'1',15.891,88.146,b'1',b'ARGOS   ',40.1,29.55,33.944
0,5,b'2900266 ',b'Indian Argo                                                     ',b'K. Radhakrishnan                                                ',0.0,b'A',2003-06-26 21:14:04.000000000,b'1',15.891,88.146,b'1',b'ARGOS   ',50.2,28.291,34.148
0,6,b'2900266 ',b'Indian Argo                                                     ',b'K. Radhakrishnan                                                ',0.0,b'A',2003-06-26 21:14:04.000000000,b'1',15.891,88.146,b'1',b'ARGOS   ',60.3,28.465,34.474
0,7,b'2900266 ',b'Indian Argo                                                     ',b'K. Radhakrishnan                                                ',0.0,b'A',2003-06-26 21:14:04.000000000,b'1',15.891,88.146,b'1',b'ARGOS   ',70.5,27.736,34.516
0,8,b'2900266 ',b'Indian Argo                                                     ',b'K. Radhakrishnan                                                ',0.0,b'A',2003-06-26 21:14:04.000000000,b'1',15.891,88.146,b'1',b'ARGOS   ',79.9,26.69,34.604
0,9,b'2900266 ',b'Indian Argo                                                     ',b'K. Radhakrishnan                                                ',0.0,b'A',2003-06-26 21:14:04.000000000,b'1',15.891,88.146,b'1',b'ARGOS   ',90.0,25.023,34.727
0,10,b'2900266 ',b'Indian Argo                                                     ',b'K. Radhakrishnan                                                ',0.0,b'A',2003-06-26 21:14:04.000000000,b'1',15.891,88.146,b'1',b'ARGOS   ',99.8,23.971,34.663
0,11,b'2900266 ',b'Indian Argo                                                     ',b'K. Radhakrishnan                                                ',0.0,b'A',2003-06-26 21:14:04.000000000,b'1',15.891,88.146,b'1',b'ARGOS   ',110.3,23.491,34.794
0,12,b'2900266 ',b'Indian Argo                                                     ',b'K. Radhakrishnan                                                ',0.0,b'A',2003-06-26 21:14:04.000000000,b'1',15.891,88.146,b'1',b'ARGOS   ',120.2,22.494,34.852
0,13,b'2900266 ',b'Indian Argo                                                     ',b'K. Radhakrishnan                                                ',0.0,b'A',2003-06-26 21:14:04.000000000,b'1',15.891,88.146,b'1',b'ARGOS   ',130.2,21.001,34.9
0,14,b'2900266 ',b'Indian Argo                                                     ',b'K. Radhakrishnan                                                ',0.0,b'A',2003-06-26 21:14:04.000000000,b'1',15.891,88.146,b'1',b'ARGOS   ',140.1,20.026,34.896
0,15,b'2900266 ',b'Indian Argo                                                     ',b'K. Radhakrishnan                                                ',0.0,b'A',2003-06-26 21:14:04.000000000,b'1',15.891,88.146,b'1',b'ARGOS   ',150.0,18.923,34.848
0,16,b'2900266 ',b'Indian Argo                                                     ',b'K. Radhakrishnan                                                ',0.0,b'A',2003-06-26 21:14:04.000000000,b'1',15.891,88.146,b'1',b'ARGOS   ',160.1,17.468,34.88
0,17,b'2900266 ',b'Indian Argo                                                     ',b'K. Radhakrishnan                                                ',0.0,b'A',2003-06-26 21:14:04.000000000,b'1',15.891,88.146,b'1',b'ARGOS   ',170.3,16.38,34.912
0,18,b'2900266 ',b'Indian Argo                                                     ',b'K. Radhakrishnan                                                ',0.0,b'A',2003-06-26 21:14:04.000000000,b'1',15.891,88.146,b'1',b'ARGOS   ',180.1,15.526,34.939
0,19,b'2900266 ',b'Indian Argo                                                     ',b'K. Radhakrishnan                                                ',0.0,b'A',2003-06-26 21:14:04.000000000,b'1',15.891,88.146,b'1',b'ARGOS   ',189.8,15.033,34.956
0,20,b'2900266 ',b'Indian Argo                                                     ',b'K. Radhakrishnan                                                ',0.0,b'A',2003-06-26 21:14:04.000000000,b'1',15.891,88.146,b'1',b'ARGOS   ',199.8,14.366,34.975
0,21,b'2900266 ',b'Indian Argo                                                     ',b'K. Radhakrishnan                                                ',0.0,b'A',2003-06-26 21:14:04.000000000,b'1',15.891,88.146,b'1',b'ARGOS   ',209.4,13.867,34.99
0,22,b'2900266 ',b'Indian Argo                                                     ',b'K. Radhakrishnan                                                ',0.0,b'A',2003-06-26 21:14:04.000000000,b'1',15.891,88.146,b'1',b'ARGOS   ',219.6,13.459,35.0
0,23,b'2900266 ',b'Indian Argo                                                     ',b'K. Radhakrishnan                                                ',0.0,b'A',2003-06-26 21:14:04.000000000,b'1',15.891,88.146,b'1',b'ARGOS   ',230.0,13.144,35.011
0,24,b'2900266 ',b'Indian Argo                                                     ',b'K. Radhakrishnan                                                ',0.0,b'A',2003-06-26 21:14:04.000000000,b'1',15.891,88.146,b'1',b'ARGOS   ',239.9,12.859,35.013
0,25,b'2900266 ',b'Indian Argo                                                     ',b'K. Radhakrishnan                                                ',0.0,b'A',2003-06-26 21:14:04.000000000,b'1',15.891,88.146,b'1',b'ARGOS   ',249.8,12.518,35.017
0,26,b'2900266 ',b'Indian Argo                                                     ',b'K. Radhakrishnan                                                ',0.0,b'A',2003-06-26 21:14:04.000000000,b'1',15.891,88.146,b'1',b'ARGOS   ',260.0,12.357,35.02
0,27,b'2900266 ',b'Indian Argo                                                     ',b'K. Radhakrishnan                                                ',0.0,b'A',2003-06-26 21:14:04.000000000,b'1',15.891,88.146,b'1',b'ARGOS   ',270.2,12.154,35.023
0,28,b'2900266 ',b'Indian Argo                                                     ',b'K. Radhakrishnan                                                ',0.0,b'A',2003-06-26 21:14:04.000000000,b'1',15.891,88.146,b'1',b'ARGOS   ',280.7,11.924,35.027
0,29,b'2900266 ',b'Indian Argo                                                     ',b'K. Radhakrishnan                                                ',0.0,b'A',2003-06-26 21:14:04.000000000,b'1',15.891,88.146,b'1',b'ARGOS   ',290.5,11.748,35.029
0,30,b'2900266 ',b'Indian Argo                                                     ',b'K. Radhakrishnan                                                ',0.0,b'A',2003-06-26 21:14:04.000000000,b'1',15.891,88.146,b'1',b'ARGOS   ',300.3,11.588,35.031
0,31,b'2900266 ',b'Indian Argo                                                     ',b'K. Radhakrishnan                                                ',0.0,b'A',2003-06-26 21:14:04.000000000,b'1',15.891,88.146,b'1',b'ARGOS   ',310.1,11.454,35.032
0,32,b'2900266 ',b'Indian Argo                                                     ',b'K. Radhakrishnan                                                ',0.0,b'A',2003-06-26 21:14:04.000000000,b'1',15.891,88.146,b'1',b'ARGOS   ',320.1,11.396,35.033
0,33,b'2900266 ',b'Indian Argo                                                     ',b'K. Radhakrishnan                                                ',0.0,b'A',2003-06-26 21:14:04.000000000,b'1',15.891,88.146,b'1',b'ARGOS   ',329.7,11.293,35.033
0,34,b'2900266 ',b'Indian Argo                                                     ',b'K. Radhakrishnan                                                ',0.0,b'A',2003-06-26 21:14:04.000000000,b'1',15.891,88.146,b'1',b'ARGOS   ',340.4,11.178,35.033
0,35,b'2900266 ',b'Indian Argo                                                     ',b'K. Radhakrishnan                                                ',0.0,b'A',2003-06-26 21:14:04.000000000,b'1',15.891,88.146,b'1',b'ARGOS   ',350.5,11.1,35.033
0,36,b'2900266 ',b'Indian Argo                                                     ',b'K. Radhakrishnan                                                ',0.0,b'A',2003-06-26 21:14:04.000000000,b'1',15.891,88.146,b'1',b'ARGOS   ',359.7,11.0,35.033
0,37,b'2900266 ',b'Indian Argo                                                     ',b'K. Radhakrishnan                                                ',0.0,b'A',2003-06-26 21:14:04.000000000,b'1',15.891,88.146,b'1',b'ARGOS   ',379.7,10.811,35.033
0,38,b'2900266 ',b'Indian Argo                                                     ',b'K. Radhakrishnan                                                ',0.0,b'A',2003-06-26 21:14:04.000000000,b'1',15.891,88.146,b'1',b'ARGOS   ',399.5,10.626,35.032
0,39,b'2900266 ',b'Indian Argo                                                     ',b'K. Radhakrishnan                                                ',0.0,b'A',2003-06-26 21:14:04.000000000,b'1',15.891,88.146,b'1',b'ARGOS   ',450.3,10.245,35.03
0,40,b'2900266 ',b'Indian Argo                                                     ',b'K. Radhakrishnan                                                ',0.0,b'A',2003-06-26 21:14:04.000000000,b'1',15.891,88.146,b'1',b'ARGOS   ',488.2,9.965,35.027
0,41,b'2900266 ',b'Indian Argo                                                     ',b'K. Radhakrishnan                                                ',0.0,b'A',2003-06-26 21:14:04.000000000,b'1',15.891,88.146,b'1',b'ARGOS   ',,,
0,42,b'2900266 ',b'Indian Argo                                                     ',b'K. Radhakrishnan                                                ',0.0,b'A',2003-06-26 21:14:04.000000000,b'1',15.891,88.146,b'1',b'ARGOS   ',,,
0,43,b'2900266 ',b'Indian Argo                                                     ',b'K. Radhakrishnan                                                ',0.0,b'A',2003-06-26 21:14:04.000000000,b'1',15.891,88.146,b'1',b'ARGOS   ',,,
0,44,b'2900266 ',b'Indian Argo                                                     ',b'K. Radhakrishnan                                                ',0.0,b'A',2003-06-26 21:14:04.000000000,b'1',15.891,88.146,b'1',b'ARGOS   ',,,
0,45,b'2900266 ',b'Indian Argo                                                     ',b'K. Radhakrishnan                                                ',0.0,b'A',2003-06-26 21:14:04.000000000,b'1',15.891,88.146,b'1',b'ARGOS   ',,,
0,46,b'2900266 ',b'Indian Argo                                                     ',b'K. Radhakrishnan                                                ',0.0,b'A',2003-06-26 21:14:04.000000000,b'1',15.891,88.146,b'1',b'ARGOS   ',,,
0,47,b'2900266 ',b'Indian Argo                                                     ',b'K. Radhakrishnan                                                ',0.0,b'A',2003-06-26 21:14:04.000000000,b'1',15.891,88.146,b'1',b'ARGOS   ',,,
0,48,b'2900266 ',b'Indian Argo                                                     ',b'K. Radhakrishnan                                                ',0.0,b'A',2003-06-26 21:14:04.000000000,b'1',15.891,88.146,b'1',b'ARGOS   ',,,
0,49,b'2900266 ',b'Indian Argo                                                     ',b'K. Radhakrishnan                                                ',0.0,b'A',2003-06-26 21:14:04.000000000,b'1',15.891,88.146,b'1',b'ARGOS   ',,,
0,50,b'2900266 ',b'Indian Argo                                                     ',b'K. Radhakrishnan                                                ',0.0,b'A',2003-06-26 21:14:04.000000000,b'1',15.891,88.146,b'1',b'ARGOS   ',,,
1,0,b'2900266 ',b'Argo INDIA                                                      ',b'M Ravichandran                                                  ',1.0,b'A',2003-07-01 01:48:00.000000000,b'1',15.695,88.363,b'1',b'ARGOS   ',4.1,29.448,33.853
1,1,b'2900266 ',b'Argo INDIA                                                      ',b'M Ravichandran                                                  ',1.0,b'A',2003-07-01 01:48:00.000000000,b'1',15.695,88.363,b'1',b'ARGOS   ',9.5,29.447,33.855
1,2,b'2900266 ',b'Argo INDIA                                                      ',b'M Ravichandran                                                  ',1.0,b'A',2003-07-01 01:48:00.000000000,b'1',15.695,88.363,b'1',b'ARGOS   ',20.1,29.452,33.857
1,3,b'2900266 ',b'Argo INDIA                                                      ',b'M Ravichandran                                                  ',1.0,b'A',2003-07-01 01:48:00.000000000,b'1',15.695,88.363,b'1',b'ARGOS   ',29.7,29.459,33.864
1,4,b'2900266 ',b'Argo INDIA                                                      ',b'M Ravichandran                                                  ',1.0,b'A',2003-07-01 01:48:00.000000000,b'1',15.695,88.363,b'1',b'ARGOS   ',40.0,29.463,33.881
1,5,b'2900266 ',b'Argo INDIA                                                      ',b'M Ravichandran                                                  ',1.0,b'A',2003-07-01 01:48:00.000000000,b'1',15.695,88.363,b'1',b'ARGOS   ',49.9,29.416,33.903
1,6,b'2900266 ',b'Argo INDIA                                                      ',b'M Ravichandran                                                  ',1.0,b'A',2003-07-01 01:48:00.000000000,b'1',15.695,88.363,b'1',b'ARGOS   ',60.5,29.072,34.44
1,7,b'2900266 ',b'Argo INDIA                                                      ',b'M Ravichandran                                                  ',1.0,b'A',2003-07-01 01:48:00.000000000,b'1',15.695,88.363,b'1',b'ARGOS   ',70.1,28.32,34.399
1,8,b'2900266 ',b'Argo INDIA                                                      ',b'M Ravichandran                                                  ',1.0,b'A',2003-07-01 01:48:00.000000000,b'1',15.695,88.363,b'1',b'ARGOS   ',80.7,27.964,34.602
1,9,b'2900266 ',b'Argo INDIA                                                      ',b'M Ravichandran                                                  ',1.0,b'A',2003-07-01 01:48:00.000000000,b'1',15.695,88.363,b'1',b'ARGOS   ',90.2,26.864,34.689
1,10,b'2900266 ',b'Argo INDIA                                                      ',b'M Ravichandran                                                  ',1.0,b'A',2003-07-01 01:48:00.000000000,b'1',15.695,88.363,b'1',b'ARGOS   ',100.0,24.922,34.767
1,11,b'2900266 ',b'Argo INDIA                                                      ',b'M Ravichandran                                                  ',1.0,b'A',2003-07-01 01:48:00.000000000,b'1',15.695,88.363,b'1',b'ARGOS   ',109.8,23.764,34.882
1,12,b'2900266 ',b'Argo INDIA                                                      ',b'M Ravichandran                                                  ',1.0,b'A',2003-07-01 01:48:00.000000000,b'1',15.695,88.363,b'1',b'ARGOS   ',119.7,21.712,34.845
1,13,b'2900266 ',b'Argo INDIA                                                      ',b'M Ravichandran                                                  ',1.0,b'A',2003-07-01 01:48:00.000000000,b'1',15.695,88.363,b'1',b'ARGOS   ',130.4,20.999,34.881
1,14,b'2900266 ',b'Argo INDIA                                                      ',b'M Ravichandran                                                  ',1.0,b'A',2003-07-01 01:48:00.000000000,b'1',15.695,88.363,b'1',b'ARGOS   ',140.4,20.256,34.897
1,15,b'2900266 ',b'Argo INDIA                                                      ',b'M Ravichandran                                                  ',1.0,b'A',2003-07-01 01:48:00.000000000,b'1',15.695,88.363,b'1',b'ARGOS   ',150.2,18.672,34.853
1,16,b'2900266 ',b'Argo INDIA                                                      ',b'M Ravichandran                                                  ',1.0,b'A',2003-07-01 01:48:00.000000000,b'1',15.695,88.363,b'1',b'ARGOS   ',159.8,17.411,34.883
1,17,b'2900266 ',b'Argo INDIA                                                      ',b'M Ravichandran                                                  ',1.0,b'A',2003-07-01 01:48:00.000000000,b'1',15.695,88.363,b'1',b'ARGOS   ',170.4,16.564,34.91
1,18,b'2900266 ',b'Argo INDIA                                                      ',b'M Ravichandran                                                  ',1.0,b'A',2003-07-01 01:48:00.000000000,b'1',15.695,88.363,b'1',b'ARGOS   ',179.8,16.065,34.926
1,19,b'2900266 ',b'Argo INDIA                                                      ',b'M Ravichandran                                                  ',1.0,b'A',2003-07-01 01:48:00.000000000,b'1',15.695,88.363,b'1',b'ARGOS   ',190.4,15.129,34.953
1,20,b'2900266 ',b'Argo INDIA                                                      ',b'M Ravichandran                                                  ',1.0,b'A',2003-07-01 01:48:00.000000000,b'1',15.695,88.363,b'1',b'ARGOS   ',199.8,14.531,34.972
1,21,b'2900266 ',b'Argo INDIA                                                      ',b'M Ravichandran                                                  ',1.0,b'A',2003-07-01 01:48:00.000000000,b'1',15.695,88.363,b'1',b'ARGOS   ',209.6,14.157,34.982
1,22,b'2900266 ',b'Argo INDIA                                                      ',b'M Ravichandran                                                  ',1.0,b'A',2003-07-01 01:48:00.000000000,b'1',15.695,88.363,b'1',b'ARGOS   ',220.0,13.818,34.991
1,23,b'2900266 ',b'Argo INDIA                                                      ',b'M Ravichandran                                                  ',1.0,b'A',2003-07-01 01:48:00.000000000,b'1',15.695,88.363,b'1',b'ARGOS   ',229.9,13.344,34.999
1,24,b'2900266 ',b'Argo INDIA                                                      ',b'M Ravichandran                                                  ',1.0,b'A',2003-07-01 01:48:00.000000000,b'1',15.695,88.363,b'1',b'ARGOS   ',239.9,13.007,35.009
1,25,b'2900266 ',b'Argo INDIA                                                      ',b'M Ravichandran                                                  ',1.0,b'A',2003-07-01 01:48:00.000000000,b'1',15.695,88.363,b'1',b'ARGOS   ',249.7,12.735,35.013
1,26,b'2900266 ',b'Argo INDIA                                                      ',b'M Ravichandran                                                  ',1.0,b'A',2003-07-01 01:48:00.000000000,b'1',15.695,88.363,b'1',b'ARGOS   ',259.7,12.432,35.02
1,27,b'2900266 ',b'Argo INDIA                                                      ',b'M Ravichandran                                                  ',1.0,b'A',2003-07-01 01:48:00.000000000,b'1',15.695,88.363,b'1',b'ARGOS   ',270.4,12.159,35.022
1,28,b'2900266 ',b'Argo INDIA                                                      ',b'M Ravichandran                                                  ',1.0,b'A',2003-07-01 01:48:00.000000000,b'1',15.695,88.363,b'1',b'ARGOS   ',279.7,11.914,35.026
1,29,b'2900266 ',b'Argo INDIA                                                      ',b'M Ravichandran                                                  ',1.0,b'A',2003-07-01 01:48:00.000000000,b'1',15.695,88.363,b'1',b'ARGOS   ',290.0,11.774,35.03
1,30,b'2900266 ',b'Argo INDIA                                                      ',b'M Ravichandran                                                  ',1.0,b'A',2003-07-01 01:48:00.000000000,b'1',15.695,88.363,b'1',b'ARGOS   ',299.7,11.629,35.031
1,31,b'2900266 ',b'Argo INDIA                                                      ',b'M Ravichandran                                                  ',1.0,b'A',2003-07-01 01:48:00.000000000,b'1',15.695,88.363,b'1',b'ARGOS   ',309.5,11.517,35.031
1,32,b'2900266 ',b'Argo INDIA                                                      ',b'M Ravichandran                                                  ',1.0,b'A',2003-07-01 01:48:00.000000000,b'1',15.695,88.363,b'1',b'ARGOS   ',320.6,11.426,35.032
1,33,b'2900266 ',b'Argo INDIA                                                      ',b'M Ravichandran                                                  ',1.0,b'A',2003-07-01 01:48:00.000000000,b'1',15.695,88.363,b'1',b'ARGOS   ',329.6,11.313,35.033
1,34,b'2900266 ',b'Argo INDIA                                                      ',b'M Ravichandran                                                  ',1.0,b'A',2003-07-01 01:48:00.000000000,b'1',15.695,88.363,b'1',b'ARGOS   ',339.8,11.223,35.032
1,35,b'2900266 ',b'Argo INDIA                                                      ',b'M Ravichandran                                                  ',1.0,b'A',2003-07-01 01:48:00.000000000,b'1',15.695,88.363,b'1',b'ARGOS   ',349.5,11.099,35.033
1,36,b'2900266 ',b'Argo INDIA                                                      ',b'M Ravichandran                                                  ',1.0,b'A',2003-07-01 01:48:00.000000000,b'1',15.695,88.363,b'1',b'ARGOS   ',359.7,10.99,35.034
1,37,b'2900266 ',b'Argo INDIA                                                      ',b'M Ravichandran                                                  ',1.0,b'A',2003-07-01 01:48:00.000000000,b'1',15.695,88.363,b'1',b'ARGOS   ',379.9,10.739,35.033
1,38,b'2900266 ',b'Argo INDIA                                                      ',b'M Ravichandran                                                  ',1.0,b'A',2003-07-01 01:48:00.000000000,b'1',15.695,88.363,b'1',b'ARGOS   ',399.6,10.543,35.031
1,39,b'2900266 ',b'Argo INDIA                                                      ',b'M Ravichandran                                                  ',1.0,b'A',2003-07-01 01:48:00.000000000,b'1',15.695,88.363,b'1',b'ARGOS   ',449.9,10.203,35.029
1,40,b'2900266 ',b'Argo INDIA                                                      ',b'M Ravichandran                                                  ',1.0,b'A',2003-07-01 01:48:00.000000000,b'1',15.695,88.363,b'1',b'ARGOS   ',491.3,9.883,35.025
1,41,b'2900266 ',b'Argo INDIA                                                      ',b'M Ravichandran                                                  ',1.0,b'A',2003-07-01 01:48:00.000000000,b'1',15.695,88.363,b'1',b'ARGOS   ',,,
1,42,b'2900266 ',b'Argo INDIA                                                      ',b'M Ravichandran                                                  ',1.0,b'A',2003-07-01 01:48:00.000000000,b'1',15.695,88.363,b'1',b'ARGOS   ',,,
1,43,b'2900266 ',b'Argo INDIA                                                      ',b'M Ravichandran                                                  ',1.0,b'A',2003-07-01 01:48:00.000000000,b'1',15.695,88.363,b'1',b'ARGOS   ',,,
1,44,b'2900266 ',b'Argo INDIA                                                      ',b'M Ravichandran                                                  ',1.0,b'A',2003-07-01 01:48:00.000000000,b'1',15.695,88.363,b'1',b'ARGOS   ',,,
1,45,b'2900266 ',b'Argo INDIA                                                      ',b'M Ravichandran                                                  ',1.0,b'A',2003-07-01 01:48:00.000000000,b'1',15.695,88.363,b'1',b'ARGOS   ',,,
1,46,b'2900266 ',b'Argo INDIA                                                      ',b'M Ravichandran                                                  ',1.0,b'A',2003-07-01 01:48:00.000000000,b'1',15.695,88.363,b'1',b'ARGOS   ',,,
1,47,b'2900266 ',b'Argo INDIA                                                      ',b'M Ravichandran                                                  ',1.0,b'A',2003-07-01 01:48:00.000000000,b'1',15.695,88.363,b'1',b'ARGOS   ',,,
1,48,b'2900266 ',b'Argo INDIA                                                      ',b'M Ravichandran                                                  ',1.0,b'A',2003-07-01 01:48:00.000000000,b'1',15.695,88.363,b'1',b'ARGOS   ',,,
1,49,b'2900266 ',b'Argo INDIA                                                      ',b'M Ravichandran                                                  ',1.0,b'A',2003-07-01 01:48:00.000000000,b'1',15.695,88.363,b'1',b'ARGOS   ',,,
1,50,b'2900266 ',b'Argo INDIA                                                      ',b'M Ravichandran                                                  ',1.0,b'A',2003-07-01 01:48:00.000000000,b'1',15.695,88.363,b'1',b'ARGOS   ',,,
2,0,b'2900266 ',b'Argo INDIA                                                      ',b'M Ravichandran                                                  ',2.0,b'A',2003-07-06 01:54:00.000000000,b'1',15.642,88.383,b'1',b'ARGOS   ',3.7,29.336,33.873
2,1,b'2900266 ',b'Argo INDIA                                                      ',b'M Ravichandran                                                  ',2.0,b'A',2003-07-06 01:54:00.000000000,b'1',15.642,88.383,b'1',b'ARGOS   ',9.6,29.323,33.883
2,2,b'2900266 ',b'Argo INDIA                                                      ',b'M Ravichandran                                                  ',2.0,b'A',2003-07-06 01:54:00.000000000,b'1',15.642,88.383,b'1',b'ARGOS   ',20.4,29.324,33.886
2,3,b'2900266 ',b'Argo INDIA                                                      ',b'M Ravichandran                                                  ',2.0,b'A',2003-07-06 01:54:00.000000000,b'1',15.642,88.383,b'1',b'ARGOS   ',29.9,29.319,33.883
2,4,b'2900266 ',b'Argo INDIA                                                      ',b'M Ravichandran                                                  ',2.0,b'A',2003-07-06 01:54:00.000000000,b'1',15.642,88.383,b'1',b'ARGOS   ',39.5,29.322,33.886
2,5,b'2900266 ',b'Argo INDIA                                                      ',b'M Ravichandran                                                  ',2.0,b'A',2003-07-06 01:54:00.000000000,b'1',15.642,88.383,b'1',b'ARGOS   ',49.8,29.333,33.927
2,6,b'2900266 ',b'Argo INDIA                                                      ',b'M Ravichandran                                                  ',2.0,b'A',2003-07-06 01:54:00.000000000,b'1',15.642,88.383,b'1',b'ARGOS   ',60.4,28.546,34.386
2,7,b'2900266 ',b'Argo INDIA                                                      ',b'M Ravichandran                                                  ',2.0,b'A',2003-07-06 01:54:00.000000000,b'1',15.642,88.383,b'1',b'ARGOS   ',69.7,28.03,34.427
2,8,b'2900266 ',b'Argo INDIA                                                      ',b'M Ravichandran                                                  ',2.0,b'A',2003-07-06 01:54:00.000000000,b'1',15.642,88.383,b'1',b'ARGOS   ',80.3,27.048,34.662
2,9,b'2900266 ',b'Argo INDIA                                                      ',b'M Ravichandran                                                  ',2.0,b'A',2003-07-06 01:54:00.000000000,b'1',15.642,88.383,b'1',b'ARGOS   ',90.0,25.521,34.802
2,10,b'2900266 ',b'Argo INDIA                                                      ',b'M Ravichandran                                                  ',2.0,b'A',2003-07-06 01:54:00.000000000,b'1',15.642,88.383,b'1',b'ARGOS   ',99.7,24.017,34.675
2,11,b'2900266 ',b'Argo INDIA                                                      ',b'M Ravichandran                                                  ',2.0,b'A',2003-07-06 01:54:00.000000000,b'1',15.642,88.383,b'1',b'ARGOS   ',110.5,23.268,34.847
2,12,b'2900266 ',b'Argo INDIA                                                      ',b'M Ravichandran                                                  ',2.0,b'A',2003-07-06 01:54:00.000000000,b'1',15.642,88.383,b'1',b'ARGOS   ',120.0,21.909,34.791
2,13,b'2900266 ',b'Argo INDIA                                                      ',b'M Ravichandran                                                  ',2.0,b'A',2003-07-06 01:54:00.000000000,b'1',15.642,88.383,b'1',b'ARGOS   ',130.5,20.599,34.81
2,14,b'2900266 ',b'Argo INDIA                                                      ',b'M Ravichandran                                                  ',2.0,b'A',2003-07-06 01:54:00.000000000,b'1',15.642,88.383,b'1',b'ARGOS   ',140.1,19.388,34.85
2,15,b'2900266 ',b'Argo INDIA                                                      ',b'M Ravichandran                                                  ',2.0,b'A',2003-07-06 01:54:00.000000000,b'1',15.642,88.383,b'1',b'ARGOS   ',149.9,18.361,34.867
2,16,b'2900266 ',b'Argo INDIA                                                      ',b'M Ravichandran                                                  ',2.0,b'A',2003-07-06 01:54:00.000000000,b'1',15.642,88.383,b'1',b'ARGOS   ',159.9,17.148,34.894
2,17,b'2900266 ',b'Argo INDIA                                                      ',b'M Ravichandran                                                  ',2.0,b'A',2003-07-06 01:54:00.000000000,b'1',15.642,88.383,b'1',b'ARGOS   ',170.3,16.288,34.916
2,18,b'2900266 ',b'Argo INDIA                                                      ',b'M Ravichandran                                                  ',2.0,b'A',2003-07-06 01:54:00.000000000,b'1',15.642,88.383,b'1',b'ARGOS   ',180.7,15.371,34.945
2,19,b'2900266 ',b'Argo INDIA                                                      ',b'M Ravichandran                                                  ',2.0,b'A',2003-07-06 01:54:00.000000000,b'1',15.642,88.383,b'1',b'ARGOS   ',190.0,14.883,34.962
2,20,b'2900266 ',b'Argo INDIA                                                      ',b'M Ravichandran                                                  ',2.0,b'A',2003-07-06 01:54:00.000000000,b'1',15.642,88.383,b'1',b'ARGOS   ',199.5,14.334,34.976
2,21,b'2900266 ',b'Argo INDIA                                                      ',b'M Ravichandran                                                  ',2.0,b'A',2003-07-06 01:54:00.000000000,b'1',15.642,88.383,b'1',b'ARGOS   ',209.8,13.912,34.988
2,22,b'2900266 ',b'Argo INDIA                                                      ',b'M Ravichandran                                                  ',2.0,b'A',2003-07-06 01:54:00.000000000,b'1',15.642,88.383,b'1',b'ARGOS   ',219.6,13.569,34.996
2,23,b'2900266 ',b'Argo INDIA                                                      ',b'M Ravichandran                                                  ',2.0,b'A',2003-07-06 01:54:00.000000000,b'1',15.642,88.383,b'1',b'ARGOS   ',229.6,13.229,35.003
2,24,b'2900266 ',b'Argo INDIA                                                      ',b'M Ravichandran                                                  ',2.0,b'A',2003-07-06 01:54:00.000000000,b'1',15.642,88.383,b'1',b'ARGOS   ',240.0,12.926,35.008
2,25,b'2900266 ',b'Argo INDIA                                                      ',b'M Ravichandran                                                  ',2.0,b'A',2003-07-06 01:54:00.000000000,b'1',15.642,88.383,b'1',b'ARGOS   ',249.8,12.65,35.014
2,26,b'2900266 ',b'Argo INDIA                                                      ',b'M Ravichandran                                                  ',2.0,b'A',2003-07-06 01:54:00.000000000,b'1',15.642,88.383,b'1',b'ARGOS   ',259.7,12.436,35.018
2,27,b'2900266 ',b'Argo INDIA                                                      ',b'M Ravichandran                                                  ',2.0,b'A',2003-07-06 01:54:00.000000000,b'1',15.642,88.383,b'1',b'ARGOS   ',269.7,12.238,35.022
2,28,b'2900266 ',b'Argo INDIA                                                      ',b'M Ravichandran                                                  ',2.0,b'A',2003-07-06 01:54:00.000000000,b'1',15.642,88.383,b'1',b'ARGOS   ',279.9,12.028,35.025
2,29,b'2900266 ',b'Argo INDIA                                                      ',b'M Ravichandran                                                  ',2.0,b'A',2003-07-06 01:54:00.000000000,b'1',15.642,88.383,b'1',b'ARGOS   ',289.6,11.829,35.027
2,30,b'2900266 ',b'Argo INDIA                                                      ',b'M Ravichandran                                                  ',2.0,b'A',2003-07-06 01:54:00.000000000,b'1',15.642,88.383,b'1',b'ARGOS   ',299.6,11.653,35.03
2,31,b'2900266 ',b'Argo INDIA                                                      ',b'M Ravichandran                                                  ',2.0,b'A',2003-07-06 01:54:00.000000000,b'1',15.642,88.383,b'1',b'ARGOS   ',309.3,11.477,35.031
2,32,b'2900266 ',b'Argo INDIA                                                      ',b'M Ravichandran                                                  ',2.0,b'A',2003-07-06 01:54:00.000000000,b'1',15.642,88.383,b'1',b'ARGOS   ',320.2,11.391,35.031
2,33,b'2900266 ',b'Argo INDIA                                                      ',b'M Ravichandran                                                  ',2.0,b'A',2003-07-06 01:54:00.000000000,b'1',15.642,88.383,b'1',b'ARGOS   ',329.7,11.291,35.032
2,34,b'2900266 ',b'Argo INDIA                                                      ',b'M Ravichandran                                                  ',2.0,b'A',2003-07-06 01:54:00.000000000,b'1',15.642,88.383,b'1',b'ARGOS   ',340.4,11.167,35.033
2,35,b'2900266 ',b'Argo INDIA                                                      ',b'M Ravichandran                                                  ',2.0,b'A',2003-07-06 01:54:00.000000000,b'1',15.642,88.383,b'1',b'ARGOS   ',350.2,11.072,35.035
2,36,b'2900266 ',b'Argo INDIA                                                      ',b'M Ravichandran                                                  ',2.0,b'A',2003-07-06 01:54:00.000000000,b'1',15.642,88.383,b'1',b'ARGOS   ',360.9,10.992,35.035
2,37,b'2900266 ',b'Argo INDIA                                                      ',b'M Ravichandran                                                  ',2.0,b'A',2003-07-06 01:54:00.000000000,b'1',15.642,88.383,b'1',b'ARGOS   ',380.5,10.857,35.034
2,38,b'2900266 ',b'Argo INDIA                                                      ',b'M Ravichandran                                                  ',2.0,b'A',2003-07-06 01:54:00.000000000,b'1',15.642,88.383,b'1',b'ARGOS   ',400.6,10.742,35.032
2,39,b'2900266 ',b'Argo INDIA                                                      ',b'M Ravichandran                                                  ',2.0,b'A',2003-07-06 01:54:00.000000000,b'1',15.642,88.383,b'1',b'ARGOS   ',449.6,10.334,35.031
2,40,b'2900266 ',b'Argo INDIA                                                      ',b'M Ravichandran                                                  ',2.0,b'A',2003-07-06 01:54:00.000000000,b'1',15.642,88.383,b'1',b'ARGOS   ',499.7,9.957,35.026
2,41,b'2900266 ',b'Argo INDIA                                                      ',b'M Ravichandran                                                  ',2.0,b'A',2003-07-06 01:54:00.000000000,b'1',15.642,88.383,b'1',b'ARGOS   ',,,
2,42,b'2900266 ',b'Argo INDIA                                                      ',b'M Ravichandran                                                  ',2.0,b'A',2003-07-06 01:54:00.000000000,b'1',15.642,88.383,b'1',b'ARGOS   ',,,
2,43,b'2900266 ',b'Argo INDIA                                                      ',b'M Ravichandran                                                  ',2.0,b'A',2003-07-06 01:54:00.000000000,b'1',15.642,88.383,b'1',b'ARGOS   ',,,
2,44,b'2900266 ',b'Argo INDIA                                                      ',b'M Ravichandran                                                  ',2.0,b'A',2003-07-06 01:54:00.000000000,b'1',15.642,88.383,b'1',b'ARGOS   ',,,
2,45,b'2900266 ',b'Argo INDIA                                                      ',b'M Ravichandran                                                  ',2.0,b'A',2003-07-06 01:54:00.000000000,b'1',15.642,88.383,b'1',b'ARGOS   ',,,
2,46,b'2900266 ',b'Argo INDIA                                                      ',b'M Ravichandran                                                  ',2.0,b'A',2003-07-06 01:54:00.000000000,b'1',15.642,88.383,b'1',b'ARGOS   ',,,
2,47,b'2900266 ',b'Argo INDIA                                                      ',b'M Ravichandran                                                  ',2.0,b'A',2003-07-06 01:54:00.000000000,b'1',15.642,88.383,b'1',b'ARGOS   ',,,
2,48,b'2900266 ',b'Argo INDIA                                                      ',b'M Ravichandran                                                  ',2.0,b'A',2003-07-06 01:54:00.000000000,b'1',15.642,88.383,b'1',b'ARGOS   ',,,
2,49,b'2900266 ',b'Argo INDIA                                                      ',b'M Ravichandran                                                  ',2.0,b'A',2003-07-06 01:54:00.000000000,b'1',15.642,88.383,b'1',b'ARGOS   ',,,
2,50,b'2900266 ',b'Argo INDIA                                                      ',b'M Ravichandran                                                  ',2.0,b'A',2003-07-06 01:54:00.000000000,b'1',15.642,88.383,b'1',b'ARGOS   ',,,
3,0,b'2900266 ',b'Argo INDIA                                                      ',b'M Ravichandran                                                  ',3.0,b'A',2003-07-11 01:48:00.000000000,b'1',15.86,88.33,b'1',b'ARGOS   ',3.9,29.333,33.82
3,1,b'2900266 ',b'Argo INDIA                                                      ',b'M Ravichandran                                                  ',3.0,b'A',2003-07-11 01:48:00.000000000,b'1',15.86,88.33,b'1',b'ARGOS   ',9.8,29.324,33.826
3,2,b'2900266 ',b'Argo INDIA                                                      ',b'M Ravichandran                                                  ',3.0,b'A',2003-07-11 01:48:00.000000000,b'1',15.86,88.33,b'1',b'ARGOS   ',20.2,29.323,33.827
3,3,b'2900266 ',b'Argo INDIA                                                      ',b'M Ravichandran                                                  ',3.0,b'A',2003-07-11 01:48:00.000000000,b'1',15.86,88.33,b'1',b'ARGOS   ',29.8,29.324,33.828
3,4,b'2900266 ',b'Argo INDIA                                                      ',b'M Ravichandran                                                  ',3.0,b'A',2003-07-11 01:48:00.000000000,b'1',15.86,88.33,b'1',b'ARGOS   ',39.7,29.326,33.828
3,5,b'2900266 ',b'Argo INDIA                                                      ',b'M Ravichandran                                                  ',3.0,b'A',2003-07-11 01:48:00.000000000,b'1',15.86,88.33,b'1',b'ARGOS   ',49.9,29.325,33.832
3,6,b'2900266 ',b'Argo INDIA                                                      ',b'M Ravichandran                                                  ',3.0,b'A',2003-07-11 01:48:00.000000000,b'1',15.86,88.33,b'1',b'ARGOS   ',59.8,29.115,33.915
3,7,b'2900266 ',b'Argo INDIA                                                      ',b'M Ravichandran                                                  ',3.0,b'A',2003-07-11 01:48:00.000000000,b'1',15.86,88.33,b'1',b'ARGOS   ',70.0,28.06,34.307
3,8,b'2900266 ',b'Argo INDIA                                                      ',b'M Ravichandran                                                  ',3.0,b'A',2003-07-11 01:48:00.000000000,b'1',15.86,88.33,b'1',b'ARGOS   ',79.7,27.454,34.53
3,9,b'2900266 ',b'Argo INDIA                                                      ',b'M Ravichandran                                                  ',3.0,b'A',2003-07-11 01:48:00.000000000,b'1',15.86,88.33,b'1',b'ARGOS   ',90.2,26.605,34.666
3,10,b'2900266 ',b'Argo INDIA                                                      ',b'M Ravichandran                                                  ',3.0,b'A',2003-07-11 01:48:00.000000000,b'1',15.86,88.33,b'1',b'ARGOS   ',99.8,25.197,34.789
3,11,b'2900266 ',b'Argo INDIA                                                      ',b'M Ravichandran                                                  ',3.0,b'A',2003-07-11 01:48:00.000000000,b'1',15.86,88.33,b'1',b'ARGOS   ',110.0,23.694,34.804
3,12,b'2900266 ',b'Argo INDIA                                                      ',b'M Ravichandran                                                  ',3.0,b'A',2003-07-11 01:48:00.000000000,b'1',15.86,88.33,b'1',b'ARGOS   ',120.1,22.465,34.809
3,13,b'2900266 ',b'Argo INDIA                                                      ',b'M Ravichandran                                                  ',3.0,b'A',2003-07-11 01:48:00.000000000,b'1',15.86,88.33,b'1',b'ARGOS   ',130.3,21.106,34.829
3,14,b'2900266 ',b'Argo INDIA                                                      ',b'M Ravichandran                                                  ',3.0,b'A',2003-07-11 01:48:00.000000000,b'1',15.86,88.33,b'1',b'ARGOS   ',139.8,19.922,34.826
3,15,b'2900266 ',b'Argo INDIA                                                      ',b'M Ravichandran                                                  ',3.0,b'A',2003-07-11 01:48:00.000000000,b'1',15.86,88.33,b'1',b'ARGOS   ',149.7,18.482,34.88
3,16,b'2900266 ',b'Argo INDIA                                                      ',b'M Ravichandran                                                  ',3.0,b'A',2003-07-11 01:48:00.000000000,b'1',15.86,88.33,b'1',b'ARGOS   ',159.9,17.922,34.89
3,17,b'2900266 ',b'Argo INDIA                                                      ',b'M Ravichandran                                                  ',3.0,b'A',2003-07-11 01:48:00.000000000,b'1',15.86,88.33,b'1',b'ARGOS   ',170.0,16.838,34.895
3,18,b'2900266 ',b'Argo INDIA                                                      ',b'M Ravichandran                                                  ',3.0,b'A',2003-07-11 01:48:00.000000000,b'1',15.86,88.33,b'1',b'ARGOS   ',179.5,15.846,34.926
3,19,b'2900266 ',b'Argo INDIA                                                      ',b'M Ravichandran                                                  ',3.0,b'A',2003-07-11 01:48:00.000000000,b'1',15.86,88.33,b'1',b'ARGOS   ',190.7,15.248,34.951
3,20,b'2900266 ',b'Argo INDIA                                                      ',b'M Ravichandran                                                  ',3.0,b'A',2003-07-11 01:48:00.000000000,b'1',15.86,88.33,b'1',b'ARGOS   ',199.8,14.701,34.967
3,21,b'2900266 ',b'Argo INDIA                                                      ',b'M Ravichandran                                                  ',3.0,b'A',2003-07-11 01:48:00.000000000,b'1',15.86,88.33,b'1',b'ARGOS   ',210.2,14.363,34.973
3,22,b'2900266 ',b'Argo INDIA                                                      ',b'M Ravichandran                                                  ',3.0,b'A',2003-07-11 01:48:00.000000000,b'1',15.86,88.33,b'1',b'ARGOS   ',219.8,13.76,34.99
3,23,b'2900266 ',b'Argo INDIA                                                      ',b'M Ravichandran                                                  ',3.0,b'A',2003-07-11 01:48:00.000000000,b'1',15.86,88.33,b'1',b'ARGOS   ',229.3,13.435,34.998
3,24,b'2900266 ',b'Argo INDIA                                                      ',b'M Ravichandran                                                  ',3.0,b'A',2003-07-11 01:48:00.000000000,b'1',15.86,88.33,b'1',b'ARGOS   ',240.5,12.987,35.007
3,25,b'2900266 ',b'Argo INDIA                                                      ',b'M Ravichandran                                                  ',3.0,b'A',2003-07-11 01:48:00.000000000,b'1',15.86,88.33,b'1',b'ARGOS   ',249.7,12.714,35.011
3,26,b'2900266 ',b'Argo INDIA                                                      ',b'M Ravichandran                                                  ',3.0,b'A',2003-07-11 01:48:00.000000000,b'1',15.86,88.33,b'1',b'ARGOS   ',260.0,12.393,35.02
3,27,b'2900266 ',b'Argo INDIA                                                      ',b'M Ravichandran                                                  ',3.0,b'A',2003-07-11 01:48:00.000000000,b'1',15.86,88.33,b'1',b'ARGOS   ',270.0,12.128,35.023
3,28,b'2900266 ',b'Argo INDIA                                                      ',b'M Ravichandran                                                  ',3.0,b'A',2003-07-11 01:48:00.000000000,b'1',15.86,88.33,b'1',b'ARGOS   ',279.7,11.941,35.025
3,29,b'2900266 ',b'Argo INDIA                                                      ',b'M Ravichandran                                                  ',3.0,b'A',2003-07-11 01:48:00.000000000,b'1',15.86,88.33,b'1',b'ARGOS   ',290.1,11.75,35.03
3,30,b'2900266 ',b'Argo INDIA                                                      ',b'M Ravichandran                                                  ',3.0,b'A',2003-07-11 01:48:00.000000000,b'1',15.86,88.33,b'1',b'ARGOS   ',300.4,11.623,35.031
3,31,b'2900266 ',b'Argo INDIA                                                      ',b'M Ravichandran                                                  ',3.0,b'A',2003-07-11 01:48:00.000000000,b'1',15.86,88.33,b'1',b'ARGOS   ',309.6,11.519,35.031
3,32,b'2900266 ',b'Argo INDIA                                                      ',b'M Ravichandran                                                  ',3.0,b'A',2003-07-11 01:48:00.000000000,b'1',15.86,88.33,b'1',b'ARGOS   ',319.5,11.392,35.032
3,33,b'2900266 ',b'Argo INDIA                                                      ',b'M Ravichandran                                                  ',3.0,b'A',2003-07-11 01:48:00.000000000,b'1',15.86,88.33,b'1',b'ARGOS   ',329.7,11.208,35.033
3,34,b'2900266 ',b'Argo INDIA                                                      ',b'M Ravichandran                                                  ',3.0,b'A',2003-07-11 01:48:00.000000000,b'1',15.86,88.33,b'1',b'ARGOS   ',340.1,11.158,35.033
3,35,b'2900266 ',b'Argo INDIA                                                      ',b'M Ravichandran                                                  ',3.0,b'A',2003-07-11 01:48:00.000000000,b'1',15.86,88.33,b'1',b'ARGOS   ',349.7,11.061,35.033
3,36,b'2900266 ',b'Argo INDIA                                                      ',b'M Ravichandran                                                  ',3.0,b'A',2003-07-11 01:48:00.000000000,b'1',15.86,88.33,b'1',b'ARGOS   ',360.5,10.931,35.034
3,37,b'2900266 ',b'Argo INDIA                                                      ',b'M Ravichandran                                                  ',3.0,b'A',2003-07-11 01:48:00.000000000,b'1',15.86,88.33,b'1',b'ARGOS   ',379.6,10.806,35.032
3,38,b'2900266 ',b'Argo INDIA                                                      ',b'M Ravichandran                                                  ',3.0,b'A',2003-07-11 01:48:00.000000000,b'1',15.86,88.33,b'1',b'ARGOS   ',400.4,10.641,35.031
3,39,b'2900266 ',b'Argo INDIA                                                      ',b'M Ravichandran                                                  ',3.0,b'A',2003-07-11 01:48:00.000000000,b'1',15.86,88.33,b'1',b'ARGOS   ',450.4,10.254,35.028
3,40,b'2900266 ',b'Argo INDIA                                                      ',b'M Ravichandran                                                  ',3.0,b'A',2003-07-11 01:48:00.000000000,b'1',15.86,88.33,b'1',b'ARGOS   ',490.8,9.974,35.027
3,41,b'2900266 ',b'Argo INDIA                                                      ',b'M Ravichandran                                                  ',3.0,b'A',2003-07-11 01:48:00.000000000,b'1',15.86,88.33,b'1',b'ARGOS   ',,,
3,42,b'2900266 ',b'Argo INDIA                                                      ',b'M Ravichandran                                                  ',3.0,b'A',2003-07-11 01:48:00.000000000,b'1',15.86,88.33,b'1',b'ARGOS   ',,,
3,43,b'2900266 ',b'Argo INDIA                                                      ',b'M Ravichandran                                                  ',3.0,b'A',2003-07-11 01:48:00.000000000,b'1',15.86,88.33,b'1',b'ARGOS   ',,,
3,44,b'2900266 ',b'Argo INDIA                                                      ',b'M Ravichandran                                                  ',3.0,b'A',2003-07-11 01:48:00.000000000,b'1',15.86,88.33,b'1',b'ARGOS   ',,,
3,45,b'2900266 ',b'Argo INDIA                                                      ',b'M Ravichandran                                                  ',3.0,b'A',2003-07-11 01:48:00.000000000,b'1',15.86,88.33,b'1',b'ARGOS   ',,,
3,46,b'2900266 ',b'Argo INDIA                                                      ',b'M Ravichandran                                                  ',3.0,b'A',2003-07-11 01:48:00.000000000,b'1',15.86,88.33,b'1',b'ARGOS   ',,,
3,47,b'2900266 ',b'Argo INDIA                                                      ',b'M Ravichandran                                                  ',3.0,b'A',2003-07-11 01:48:00.000000000,b'1',15.86,88.33,b'1',b'ARGOS   ',,,
3,48,b'2900266 ',b'Argo INDIA                                                      ',b'M Ravichandran                                                  ',3.0,b'A',2003-07-11 01:48:00.000000000,b'1',15.86,88.33,b'1',b'ARGOS   ',,,
3,49,b'2900266 ',b'Argo INDIA                                                      ',b'M Ravichandran                                                  ',3.0,b'A',2003-07-11 01:48:00.000000000,b'1',15.86,88.33,b'1',b'ARGOS   ',,,
3,50,b'2900266 ',b'Argo INDIA                                                      ',b'M Ravichandran                                                  ',3.0,b'A',2003-07-11 01:48:00.000000000,b'1',15.86,88.33,b'1',b'ARGOS   ',,,
4,0,b'2900266 ',b'Argo INDIA                                                      ',b'M Ravichandran                                                  ',4.0,b'A',2003-07-16 03:24:00.000000000,b'1',15.937,88.366,b'1',b'ARGOS   ',10.1,29.217,33.667
4,1,b'2900266 ',b'Argo INDIA                                                      ',b'M Ravichandran                                                  ',4.0,b'A',2003-07-16 03:24:00.000000000,b'1',15.937,88.366,b'1',b'ARGOS   ',20.2,29.217,33.668
4,2,b'2900266 ',b'Argo INDIA                                                      ',b'M Ravichandran                                                  ',4.0,b'A',2003-07-16 03:24:00.000000000,b'1',15.937,88.366,b'1',b'ARGOS   ',30.2,29.26,33.705
4,3,b'2900266 ',b'Argo INDIA                                                      ',b'M Ravichandran                                                  ',4.0,b'A',2003-07-16 03:24:00.000000000,b'1',15.937,88.366,b'1',b'ARGOS   ',40.6,29.382,33.853
4,4,b'2900266 ',b'Argo INDIA                                                      ',b'M Ravichandran                                                  ',4.0,b'A',2003-07-16 03:24:00.000000000,b'1',15.937,88.366,b'1',b'ARGOS   ',50.2,29.385,33.854
4,5,b'2900266 ',b'Argo INDIA                                                      ',b'M Ravichandran                                                  ',4.0,b'A',2003-07-16 03:24:00.000000000,b'1',15.937,88.366,b'1',b'ARGOS   ',60.1,29.266,33.907
4,6,b'2900266 ',b'Argo INDIA                                                      ',b'M Ravichandran                                                  ',4.0,b'A',2003-07-16 03:24:00.000000000,b'1',15.937,88.366,b'1',b'ARGOS   ',70.1,28.21,34.469
4,7,b'2900266 ',b'Argo INDIA                                                      ',b'M Ravichandran                                                  ',4.0,b'A',2003-07-16 03:24:00.000000000,b'1',15.937,88.366,b'1',b'ARGOS   ',80.3,27.179,34.631
4,8,b'2900266 ',b'Argo INDIA                                                      ',b'M Ravichandran                                                  ',4.0,b'A',2003-07-16 03:24:00.000000000,b'1',15.937,88.366,b'1',b'ARGOS   ',90.6,25.519,34.639
4,9,b'2900266 ',b'Argo INDIA                                                      ',b'M Ravichandran                                                  ',4.0,b'A',2003-07-16 03:24:00.000000000,b'1',15.937,88.366,b'1',b'ARGOS   ',100.4,24.554,34.797
4,10,b'2900266 ',b'Argo INDIA                                                      ',b'M Ravichandran                                                  ',4.0,b'A',2003-07-16 03:24:00.000000000,b'1',15.937,88.366,b'1',b'ARGOS   ',110.1,23.321,34.797
4,11,b'2900266 ',b'Argo INDIA                                                      ',b'M Ravichandran                                                  ',4.0,b'A',2003-07-16 03:24:00.000000000,b'1',15.937,88.366,b'1',b'ARGOS   ',119.8,21.833,34.848
4,12,b'2900266 ',b'Argo INDIA                                                      ',b'M Ravichandran                                                  ',4.0,b'A',2003-07-16 03:24:00.000000000,b'1',15.937,88.366,b'1',b'ARGOS   ',130.0,21.11,34.845
4,13,b'2900266 ',b'Argo INDIA                                                      ',b'M Ravichandran                                                  ',4.0,b'A',2003-07-16 03:24:00.000000000,b'1',15.937,88.366,b'1',b'ARGOS   ',140.4,19.869,34.841
4,14,b'2900266 ',b'Argo INDIA                                                      ',b'M Ravichandran                                                  ',4.0,b'A',2003-07-16 03:24:00.000000000,b'1',15.937,88.366,b'1',b'ARGOS   ',150.3,19.008,34.842
4,15,b'2900266 ',b'Argo INDIA                                                      ',b'M Ravichandran                                                  ',4.0,b'A',2003-07-16 03:24:00.000000000,b'1',15.937,88.366,b'1',b'ARGOS   ',160.2,17.879,34.883
4,16,b'2900266 ',b'Argo INDIA                                                      ',b'M Ravichandran                                                  ',4.0,b'A',2003-07-16 03:24:00.000000000,b'1',15.937,88.366,b'1',b'ARGOS   ',169.6,17.037,34.904
4,17,b'2900266 ',b'Argo INDIA                                                      ',b'M Ravichandran                                                  ',4.0,b'A',2003-07-16 03:24:00.000000000,b'1',15.937,88.366,b'1',b'ARGOS   ',180.0,16.281,34.92
4,18,b'2900266 ',b'Argo INDIA                                                      ',b'M Ravichandran                                                  ',4.0,b'A',2003-07-16 03:24:00.000000000,b'1',15.937,88.366,b'1',b'ARGOS   ',189.5,15.481,34.943
4,19,b'2900266 ',b'Argo INDIA                                                      ',b'M Ravichandran                                                  ',4.0,b'A',2003-07-16 03:24:00.000000000,b'1',15.937,88.366,b'1',b'ARGOS   ',200.2,14.691,34.965
4,20,b'2900266 ',b'Argo INDIA                                                      ',b'M Ravichandran                                                  ',4.0,b'A',2003-07-16 03:24:00.000000000,b'1',15.937,88.366,b'1',b'ARGOS   ',210.0,14.181,34.979
4,21,b'2900266 ',b'Argo INDIA                                                      ',b'M Ravichandran                                                  ',4.0,b'A',2003-07-16 03:24:00.000000000,b'1',15.937,88.366,b'1',b'ARGOS   ',219.7,13.854,34.989
4,22,b'2900266 ',b'Argo INDIA                                                      ',b'M Ravichandran                                                  ',4.0,b'A',2003-07-16 03:24:00.000000000,b'1',15.937,88.366,b'1',b'ARGOS   ',229.7,13.347,34.997
4,23,b'2900266 ',b'Argo INDIA                                                      ',b'M Ravichandran                                                  ',4.0,b'A',2003-07-16 03:24:00.000000000,b'1',15.937,88.366,b'1',b'ARGOS   ',239.8,12.954,35.009
4,24,b'2900266 ',b'Argo INDIA                                                      ',b'M Ravichandran                                                  ',4.0,b'A',2003-07-16 03:24:00.000000000,b'1',15.937,88.366,b'1',b'ARGOS   ',250.2,12.646,35.017
4,25,b'2900266 ',b'Argo INDIA                                                      ',b'M Ravichandran                                                  ',4.0,b'A',2003-07-16 03:24:00.000000000,b'1',15.937,88.366,b'1',b'ARGOS   ',259.8,12.355,35.02
4,26,b'2900266 ',b'Argo INDIA                                                      ',b'M Ravichandran                                                  ',4.0,b'A',2003-07-16 03:24:00.000000000,b'1',15.937,88.366,b'1',b'ARGOS   ',270.4,12.128,35.023
4,27,b'2900266 ',b'Argo INDIA                                                      ',b'M Ravichandran                                                  ',4.0,b'A',2003-07-16 03:24:00.000000000,b'1',15.937,88.366,b'1',b'ARGOS   ',280.3,11.908,35.026
4,28,b'2900266 ',b'Argo INDIA                                                      ',b'M Ravichandran                                                  ',4.0,b'A',2003-07-16 03:24:00.000000000,b'1',15.937,88.366,b'1',b'ARGOS   ',290.3,11.77,35.029
4,29,b'2900266 ',b'Argo INDIA                                                      ',b'M Ravichandran                                                  ',4.0,b'A',2003-07-16 03:24:00.000000000,b'1',15.937,88.366,b'1',b'ARGOS   ',299.9,11.616,35.032
4,30,b'2900266 ',b'Argo INDIA                                                      ',b'M Ravichandran                                                  ',4.0,b'A',2003-07-16 03:24:00.000000000,b'1',15.937,88.366,b'1',b'ARGOS   ',309.9,11.494,35.032
4,31,b'2900266 ',b'Argo INDIA                                                      ',b'M Ravichandran                                                  ',4.0,b'A',2003-07-16 03:24:00.000000000,b'1',15.937,88.366,b'1',b'ARGOS   ',320.0,11.411,35.03
4,32,b'2900266 ',b'Argo INDIA                                                      ',b'M Ravichandran                                                  ',4.0,b'A',2003-07-16 03:24:00.000000000,b'1',15.937,88.366,b'1',b'ARGOS   ',330.4,11.292,35.031
4,33,b'2900266 ',b'Argo INDIA                                                      ',b'M Ravichandran                                                  ',4.0,b'A',2003-07-16 03:24:00.000000000,b'1',15.937,88.366,b'1',b'ARGOS   ',340.6,11.201,35.033
4,34,b'2900266 ',b'Argo INDIA                                                      ',b'M Ravichandran                                                  ',4.0,b'A',2003-07-16 03:24:00.000000000,b'1',15.937,88.366,b'1',b'ARGOS   ',349.7,11.13,35.033
4,35,b'2900266 ',b'Argo INDIA                                                      ',b'M Ravichandran                                                  ',4.0,b'A',2003-07-16 03:24:00.000000000,b'1',15.937,88.366,b'1',b'ARGOS   ',359.6,11.053,35.034
4,36,b'2900266 ',b'Argo INDIA                                                      ',b'M Ravichandran                                                  ',4.0,b'A',2003-07-16 03:24:00.000000000,b'1',15.937,88.366,b'1',b'ARGOS   ',380.3,10.846,35.034
4,37,b'2900266 ',b'Argo INDIA                                                      ',b'M Ravichandran                                                  ',4.0,b'A',2003-07-16 03:24:00.000000000,b'1',15.937,88.366,b'1',b'ARGOS   ',400.0,10.693,35.033
4,38,b'2900266 ',b'Argo INDIA                                                      ',b'M Ravichandran                                                  ',4.0,b'A',2003-07-16 03:24:00.000000000,b'1',15.937,88.366,b'1',b'ARGOS   ',449.5,10.307,35.029
4,39,b'2900266 ',b'Argo INDIA                                                      ',b'M Ravichandran                                                  ',4.0,b'A',2003-07-16 03:24:00.000000000,b'1',15.937,88.366,b'1',b'ARGOS   ',499.9,9.913,35.024
4,40,b'2900266 ',b'Argo INDIA                                                      ',b'M Ravichandran                                                  ',4.0,b'A',2003-07-16 03:24:00.000000000,b'1',15.937,88.366,b'1',b'ARGOS   ',550.5,9.593,35.02
4,41,b'2900266 ',b'Argo INDIA                                                      ',b'M Ravichandran                                                  ',4.0,b'A',2003-07-16 03:24:00.000000000,b'1',15.937,88.366,b'1',b'ARGOS   ',600.0,9.23,35.012
4,42,b'2900266 ',b'Argo INDIA                                                      ',b'M Ravichandran                                                  ',4.0,b'A',2003-07-16 03:24:00.000000000,b'1',15.937,88.366,b'1',b'ARGOS   ',649.9,8.851,35.004
4,43,b'2900266 ',b'Argo INDIA                                                      ',b'M Ravichandran                                                  ',4.0,b'A',2003-07-16 03:24:00.000000000,b'1',15.937,88.366,b'1',b'ARGOS   ',700.7,8.496,34.994
4,44,b'2900266 ',b'Argo INDIA                                                      ',b'M Ravichandran                                                  ',4.0,b'A',2003-07-16 03:24:00.000000000,b'1',15.937,88.366,b'1',b'ARGOS   ',749.8,8.215,34.986
4,45,b'2900266 ',b'Argo INDIA                                                      ',b'M Ravichandran                                                  ',4.0,b'A',2003-07-16 03:24:00.000000000,b'1',15.937,88.366,b'1',b'ARGOS   ',800.2,7.895,34.976
4,46,b'2900266 ',b'Argo INDIA                                                      ',b'M Ravichandran                                                  ',4.0,b'A',2003-07-16 03:24:00.000000000,b'1',15.937,88.366,b'1',b'ARGOS   ',850.7,7.59,34.967
4,47,b'2900266 ',b'Argo INDIA                                                      ',b'M Ravichandran                                                  ',4.0,b'A',2003-07-16 03:24:00.000000000,b'1',15.937,88.366,b'1',b'ARGOS   ',899.5,7.29,34.955
4,48,b'2900266 ',b'Argo INDIA                                                      ',b'M Ravichandran                                                  ',4.0,b'A',2003-07-16 03:24:00.000000000,b'1',15.937,88.366,b'1',b'ARGOS   ',950.0,7.031,34.948
4,49,b'2900266 ',b'Argo INDIA                                                      ',b'M Ravichandran                                                  ',4.0,b'A',2003-07-16 03:24:00.000000000,b'1',15.937,88.366,b'1',b'ARGOS   ',979.6,6.883,34.943
4,50,b'2900266 ',b'Argo INDIA                                                      ',b'M Ravichandran                                                  ',4.0,b'A',2003-07-16 03:24:00.000000000,b'1',15.937,88.366,b'1',b'ARGOS   ',984.0,6.861,34.944
5,0,b'2900266 ',b'Argo INDIA                                                      ',b'M Ravichandran                                                  ',5.0,b'A',2003-07-21 01:54:00.000000000,b'1',15.847,88.534,b'1',b'ARGOS   ',4.2,28.894,33.988
5,1,b'2900266 ',b'Argo INDIA                                                      ',b'M Ravichandran                                                  ',5.0,b'A',2003-07-21 01:54:00.000000000,b'1',15.847,88.534,b'1',b'ARGOS   ',9.8,28.888,33.993
5,2,b'2900266 ',b'Argo INDIA                                                      ',b'M Ravichandran                                                  ',5.0,b'A',2003-07-21 01:54:00.000000000,b'1',15.847,88.534,b'1',b'ARGOS   ',19.7,28.888,33.993
5,3,b'2900266 ',b'Argo INDIA                                                      ',b'M Ravichandran                                                  ',5.0,b'A',2003-07-21 01:54:00.000000000,b'1',15.847,88.534,b'1',b'ARGOS   ',30.4,28.891,33.995
5,4,b'2900266 ',b'Argo INDIA                                                      ',b'M Ravichandran                                                  ',5.0,b'A',2003-07-21 01:54:00.000000000,b'1',15.847,88.534,b'1',b'ARGOS   ',39.7,28.892,33.997
5,5,b'2900266 ',b'Argo INDIA                                                      ',b'M Ravichandran                                                  ',5.0,b'A',2003-07-21 01:54:00.000000000,b'1',15.847,88.534,b'1',b'ARGOS   ',49.7,28.881,34.004
5,6,b'2900266 ',b'Argo INDIA                                                      ',b'M Ravichandran                                                  ',5.0,b'A',2003-07-21 01:54:00.000000000,b'1',15.847,88.534,b'1',b'ARGOS   ',59.8,28.743,34.12
5,7,b'2900266 ',b'Argo INDIA                                                      ',b'M Ravichandran                                                  ',5.0,b'A',2003-07-21 01:54:00.000000000,b'1',15.847,88.534,b'1',b'ARGOS   ',70.2,27.639,34.427
5,8,b'2900266 ',b'Argo INDIA                                                      ',b'M Ravichandran                                                  ',5.0,b'A',2003-07-21 01:54:00.000000000,b'1',15.847,88.534,b'1',b'ARGOS   ',80.2,26.998,34.589
5,9,b'2900266 ',b'Argo INDIA                                                      ',b'M Ravichandran                                                  ',5.0,b'A',2003-07-21 01:54:00.000000000,b'1',15.847,88.534,b'1',b'ARGOS   ',90.7,25.549,34.63
5,10,b'2900266 ',b'Argo INDIA                                                      ',b'M Ravichandran                                                  ',5.0,b'A',2003-07-21 01:54:00.000000000,b'1',15.847,88.534,b'1',b'ARGOS   ',100.2,24.157,34.748
5,11,b'2900266 ',b'Argo INDIA                                                      ',b'M Ravichandran                                                  ',5.0,b'A',2003-07-21 01:54:00.000000000,b'1',15.847,88.534,b'1',b'ARGOS   ',109.7,22.635,34.778
5,12,b'2900266 ',b'Argo INDIA                                                      ',b'M Ravichandran                                                  ',5.0,b'A',2003-07-21 01:54:00.000000000,b'1',15.847,88.534,b'1',b'ARGOS   ',120.1,21.046,34.827
5,13,b'2900266 ',b'Argo INDIA                                                      ',b'M Ravichandran                                                  ',5.0,b'A',2003-07-21 01:54:00.000000000,b'1',15.847,88.534,b'1',b'ARGOS   ',130.3,20.336,34.842
5,14,b'2900266 ',b'Argo INDIA                                                      ',b'M Ravichandran                                                  ',5.0,b'A',2003-07-21 01:54:00.000000000,b'1',15.847,88.534,b'1',b'ARGOS   ',139.5,19.425,34.827
5,15,b'2900266 ',b'Argo INDIA                                                      ',b'M Ravichandran                                                  ',5.0,b'A',2003-07-21 01:54:00.000000000,b'1',15.847,88.534,b'1',b'ARGOS   ',149.7,18.205,34.866
5,16,b'2900266 ',b'Argo INDIA                                                      ',b'M Ravichandran                                                  ',5.0,b'A',2003-07-21 01:54:00.000000000,b'1',15.847,88.534,b'1',b'ARGOS   ',160.2,17.063,34.899
5,17,b'2900266 ',b'Argo INDIA                                                      ',b'M Ravichandran                                                  ',5.0,b'A',2003-07-21 01:54:00.000000000,b'1',15.847,88.534,b'1',b'ARGOS   ',170.0,16.015,34.928
5,18,b'2900266 ',b'Argo INDIA                                                      ',b'M Ravichandran                                                  ',5.0,b'A',2003-07-21 01:54:00.000000000,b'1',15.847,88.534,b'1',b'ARGOS   ',180.2,15.513,34.942
5,19,b'2900266 ',b'Argo INDIA                                                      ',b'M Ravichandran                                                  ',5.0,b'A',2003-07-21 01:54:00.000000000,b'1',15.847,88.534,b'1',b'ARGOS   ',190.4,14.936,34.954
5,20,b'2900266 ',b'Argo INDIA                                                      ',b'M Ravichandran                                                  ',5.0,b'A',2003-07-21 01:54:00.000000000,b'1',15.847,88.534,b'1',b'ARGOS   ',199.9,14.336,34.974
5,21,b'2900266 ',b'Argo INDIA                                                      ',b'M Ravichandran                                                  ',5.0,b'A',2003-07-21 01:54:00.000000000,b'1',15.847,88.534,b'1',b'ARGOS   ',209.7,14.02,34.984
5,22,b'2900266 ',b'Argo INDIA                                                      ',b'M Ravichandran                                                  ',5.0,b'A',2003-07-21 01:54:00.000000000,b'1',15.847,88.534,b'1',b'ARGOS   ',220.6,13.622,34.991
5,23,b'2900266 ',b'Argo INDIA                                                      ',b'M Ravichandran                                                  ',5.0,b'A',2003-07-21 01:54:00.000000000,b'1',15.847,88.534,b'1',b'ARGOS   ',230.1,13.355,34.998
5,24,b'2900266 ',b'Argo INDIA                                                      ',b'M Ravichandran                                                  ',5.0,b'A',2003-07-21 01:54:00.000000000,b'1',15.847,88.534,b'1',b'ARGOS   ',240.4,12.89,35.012
5,25,b'2900266 ',b'Argo INDIA                                                      ',b'M Ravichandran                                                  ',5.0,b'A',2003-07-21 01:54:00.000000000,b'1',15.847,88.534,b'1',b'ARGOS   ',249.9,12.631,35.016
5,26,b'2900266 ',b'Argo INDIA                                                      ',b'M Ravichandran                                                  ',5.0,b'A',2003-07-21 01:54:00.000000000,b'1',15.847,88.534,b'1',b'ARGOS   ',260.3,12.415,35.018
5,27,b'2900266 ',b'Argo INDIA                                                      ',b'M Ravichandran                                                  ',5.0,b'A',2003-07-21 01:54:00.000000000,b'1',15.847,88.534,b'1',b'ARGOS   ',269.8,12.129,35.024
5,28,b'2900266 ',b'Argo INDIA                                                      ',b'M Ravichandran                                                  ',5.0,b'A',2003-07-21 01:54:00.000000000,b'1',15.847,88.534,b'1',b'ARGOS   ',280.2,11.938,35.028
5,29,b'2900266 ',b'Argo INDIA                                                      ',b'M Ravichandran                                                  ',5.0,b'A',2003-07-21 01:54:00.000000000,b'1',15.847,88.534,b'1',b'ARGOS   ',289.6,11.806,35.028
5,30,b'2900266 ',b'Argo INDIA                                                      ',b'M Ravichandran                                                  ',5.0,b'A',2003-07-21 01:54:00.000000000,b'1',15.847,88.534,b'1',b'ARGOS   ',300.2,11.641,35.03
5,31,b'2900266 ',b'Argo INDIA                                                      ',b'M Ravichandran                                                  ',5.0,b'A',2003-07-21 01:54:00.000000000,b'1',15.847,88.534,b'1',b'ARGOS   ',310.4,11.514,35.031
5,32,b'2900266 ',b'Argo INDIA                                                      ',b'M Ravichandran                                                  ',5.0,b'A',2003-07-21 01:54:00.000000000,b'1',15.847,88.534,b'1',b'ARGOS   ',320.6,11.394,35.033
5,33,b'2900266 ',b'Argo INDIA                                                      ',b'M Ravichandran                                                  ',5.0,b'A',2003-07-21 01:54:00.000000000,b'1',15.847,88.534,b'1',b'ARGOS   ',329.8,11.268,35.033
5,34,b'2900266 ',b'Argo INDIA                                                      ',b'M Ravichandran                                                  ',5.0,b'A',2003-07-21 01:54:00.000000000,b'1',15.847,88.534,b'1',b'ARGOS   ',339.9,11.186,35.034
5,35,b'2900266 ',b'Argo INDIA                                                      ',b'M Ravichandran                                                  ',5.0,b'A',2003-07-21 01:54:00.000000000,b'1',15.847,88.534,b'1',b'ARGOS   ',349.8,11.092,35.034
5,36,b'2900266 ',b'Argo INDIA                                                      ',b'M Ravichandran                                                  ',5.0,b'A',2003-07-21 01:54:00.000000000,b'1',15.847,88.534,b'1',b'ARGOS   ',360.3,10.974,35.034
5,37,b'2900266 ',b'Argo INDIA                                                      ',b'M Ravichandran                                                  ',5.0,b'A',2003-07-21 01:54:00.000000000,b'1',15.847,88.534,b'1',b'ARGOS   ',380.0,10.793,35.034
5,38,b'2900266 ',b'Argo INDIA                                                      ',b'M Ravichandran                                                  ',5.0,b'A',2003-07-21 01:54:00.000000000,b'1',15.847,88.534,b'1',b'ARGOS   ',400.5,10.619,35.032
5,39,b'2900266 ',b'Argo INDIA                                                      ',b'M Ravichandran                                                  ',5.0,b'A',2003-07-21 01:54:00.000000000,b'1',15.847,88.534,b'1',b'ARGOS   ',450.4,10.264,35.027
5,40,b'2900266 ',b'Argo INDIA                                                      ',b'M Ravichandran                                                  ',5.0,b'A',2003-07-21 01:54:00.000000000,b'1',15.847,88.534,b'1',b'ARGOS   ',497.0,9.951,35.024
5,41,b'2900266 ',b'Argo INDIA                                                      ',b'M Ravichandran                                                  ',5.0,b'A',2003-07-21 01:54:00.000000000,b'1',15.847,88.534,b'1',b'ARGOS   ',,,
5,42,b'2900266 ',b'Argo INDIA                                                      ',b'M Ravichandran                                                  ',5.0,b'A',2003-07-21 01:54:00.000000000,b'1',15.847,88.534,b'1',b'ARGOS   ',,,
5,43,b'2900266 ',b'Argo INDIA                                                      ',b'M Ravichandran                                                  ',5.0,b'A',2003-07-21 01:54:00.000000000,b'1',15.847,88.534,b'1',b'ARGOS   ',,,
5,44,b'2900266 ',b'Argo INDIA                                                      ',b'M Ravichandran                                                  ',5.0,b'A',2003-07-21 01:54:00.000000000,b'1',15.847,88.534,b'1',b'ARGOS   ',,,
5,45,b'2900266 ',b'Argo INDIA                                                      ',b'M Ravichandran                                                  ',5.0,b'A',2003-07-21 01:54:00.000000000,b'1',15.847,88.534,b'1',b'ARGOS   ',,,
5,46,b'2900266 ',b'Argo INDIA                                                      ',b'M Ravichandran                                                  ',5.0,b'A',2003-07-21 01:54:00.000000000,b'1',15.847,88.534,b'1',b'ARGOS   ',,,
5,47,b'2900266 ',b'Argo INDIA                                                      ',b'M Ravichandran                                                  ',5.0,b'A',2003-07-21 01:54:00.000000000,b'1',15.847,88.534,b'1',b'ARGOS   ',,,
5,48,b'2900266 ',b'Argo INDIA                                                      ',b'M Ravichandran                                                  ',5.0,b'A',2003-07-21 01:54:00.000000000,b'1',15.847,88.534,b'1',b'ARGOS   ',,,
5,49,b'2900266 ',b'Argo INDIA                                                      ',b'M Ravichandran                                                  ',5.0,b'A',2003-07-21 01:54:00.000000000,b'1',15.847,88.534,b'1',b'ARGOS   ',,,
5,50,b'2900266 ',b'Argo INDIA                                                      ',b'M Ravichandran                                                  ',5.0,b'A',2003-07-21 01:54:00.000000000,b'1',15.847,88.534,b'1',b'ARGOS   ',,,
6,0,b'2900266 ',b'Argo INDIA                                                      ',b'M Ravichandran                                                  ',6.0,b'A',2003-07-26 01:48:00.000000000,b'1',15.843,88.965,b'1',b'ARGOS   ',3.6,28.447,34.028
6,1,b'2900266 ',b'Argo INDIA                                                      ',b'M Ravichandran                                                  ',6.0,b'A',2003-07-26 01:48:00.000000000,b'1',15.843,88.965,b'1',b'ARGOS   ',10.0,28.458,34.032
6,2,b'2900266 ',b'Argo INDIA                                                      ',b'M Ravichandran                                                  ',6.0,b'A',2003-07-26 01:48:00.000000000,b'1',15.843,88.965,b'1',b'ARGOS   ',20.5,28.473,34.05
6,3,b'2900266 ',b'Argo INDIA                                                      ',b'M Ravichandran                                                  ',6.0,b'A',2003-07-26 01:48:00.000000000,b'1',15.843,88.965,b'1',b'ARGOS   ',29.6,28.48,34.062
6,4,b'2900266 ',b'Argo INDIA                                                      ',b'M Ravichandran                                                  ',6.0,b'A',2003-07-26 01:48:00.000000000,b'1',15.843,88.965,b'1',b'ARGOS   ',39.5,28.487,34.073
6,5,b'2900266 ',b'Argo INDIA                                                      ',b'M Ravichandran                                                  ',6.0,b'A',2003-07-26 01:48:00.000000000,b'1',15.843,88.965,b'1',b'ARGOS   ',49.4,28.476,34.084
6,6,b'2900266 ',b'Argo INDIA                                                      ',b'M Ravichandran                                                  ',6.0,b'A',2003-07-26 01:48:00.000000000,b'1',15.843,88.965,b'1',b'ARGOS   ',60.0,27.621,34.527
6,7,b'2900266 ',b'Argo INDIA                                                      ',b'M Ravichandran                                                  ',6.0,b'A',2003-07-26 01:48:00.000000000,b'1',15.843,88.965,b'1',b'ARGOS   ',70.1,26.554,34.68
6,8,b'2900266 ',b'Argo INDIA                                                      ',b'M Ravichandran                                                  ',6.0,b'A',2003-07-26 01:48:00.000000000,b'1',15.843,88.965,b'1',b'ARGOS   ',80.2,25.12,34.645
6,9,b'2900266 ',b'Argo INDIA                                                      ',b'M Ravichandran                                                  ',6.0,b'A',2003-07-26 01:48:00.000000000,b'1',15.843,88.965,b'1',b'ARGOS   ',89.5,23.857,34.643
6,10,b'2900266 ',b'Argo INDIA                                                      ',b'M Ravichandran                                                  ',6.0,b'A',2003-07-26 01:48:00.000000000,b'1',15.843,88.965,b'1',b'ARGOS   ',99.9,22.448,34.865
6,11,b'2900266 ',b'Argo INDIA                                                      ',b'M Ravichandran                                                  ',6.0,b'A',2003-07-26 01:48:00.000000000,b'1',15.843,88.965,b'1',b'ARGOS   ',109.7,20.761,34.824
6,12,b'2900266 ',b'Argo INDIA                                                      ',b'M Ravichandran                                                  ',6.0,b'A',2003-07-26 01:48:00.000000000,b'1',15.843,88.965,b'1',b'ARGOS   ',120.1,19.461,34.833
6,13,b'2900266 ',b'Argo INDIA                                                      ',b'M Ravichandran                                                  ',6.0,b'A',2003-07-26 01:48:00.000000000,b'1',15.843,88.965,b'1',b'ARGOS   ',129.7,18.645,34.859
6,14,b'2900266 ',b'Argo INDIA                                                      ',b'M Ravichandran                                                  ',6.0,b'A',2003-07-26 01:48:00.000000000,b'1',15.843,88.965,b'1',b'ARGOS   ',139.7,17.624,34.884
6,15,b'2900266 ',b'Argo INDIA                                                      ',b'M Ravichandran                                                  ',6.0,b'A',2003-07-26 01:48:00.000000000,b'1',15.843,88.965,b'1',b'ARGOS   ',150.2,16.899,34.906
6,16,b'2900266 ',b'Argo INDIA                                                      ',b'M Ravichandran                                                  ',6.0,b'A',2003-07-26 01:48:00.000000000,b'1',15.843,88.965,b'1',b'ARGOS   ',159.6,16.24,34.923
6,17,b'2900266 ',b'Argo INDIA                                                      ',b'M Ravichandran                                                  ',6.0,b'A',2003-07-26 01:48:00.000000000,b'1',15.843,88.965,b'1',b'ARGOS   ',169.9,15.702,34.937
6,18,b'2900266 ',b'Argo INDIA                                                      ',b'M Ravichandran                                                  ',6.0,b'A',2003-07-26 01:48:00.000000000,b'1',15.843,88.965,b'1',b'ARGOS   ',180.4,14.996,34.955
6,19,b'2900266 ',b'Argo INDIA                                                      ',b'M Ravichandran                                                  ',6.0,b'A',2003-07-26 01:48:00.000000000,b'1',15.843,88.965,b'1',b'ARGOS   ',189.9,14.304,34.975
6,20,b'2900266 ',b'Argo INDIA                                                      ',b'M Ravichandran                                                  ',6.0,b'A',2003-07-26 01:48:00.000000000,b'1',15.843,88.965,b'1',b'ARGOS   ',200.0,13.822,34.989
6,21,b'2900266 ',b'Argo INDIA                                                      ',b'M Ravichandran                                                  ',6.0,b'A',2003-07-26 01:48:00.000000000,b'1',15.843,88.965,b'1',b'ARGOS   ',209.7,13.357,35.002
6,22,b'2900266 ',b'Argo INDIA                                                      ',b'M Ravichandran                                                  ',6.0,b'A',2003-07-26 01:48:00.000000000,b'1',15.843,88.965,b'1',b'ARGOS   ',219.7,12.962,35.012
6,23,b'2900266 ',b'Argo INDIA                                                      ',b'M Ravichandran                                                  ',6.0,b'A',2003-07-26 01:48:00.000000000,b'1',15.843,88.965,b'1',b'ARGOS   ',230.3,12.753,35.016
6,24,b'2900266 ',b'Argo INDIA                                                      ',b'M Ravichandran                                                  ',6.0,b'A',2003-07-26 01:48:00.000000000,b'1',15.843,88.965,b'1',b'ARGOS   ',239.6,12.509,35.017
6,25,b'2900266 ',b'Argo INDIA                                                      ',b'M Ravichandran                                                  ',6.0,b'A',2003-07-26 01:48:00.000000000,b'1',15.843,88.965,b'1',b'ARGOS   ',249.9,12.233,35.023
6,26,b'2900266 ',b'Argo INDIA                                                      ',b'M Ravichandran                                                  ',6.0,b'A',2003-07-26 01:48:00.000000000,b'1',15.843,88.965,b'1',b'ARGOS   ',259.6,11.997,35.027
6,27,b'2900266 ',b'Argo INDIA                                                      ',b'M Ravichandran                                                  ',6.0,b'A',2003-07-26 01:48:00.000000000,b'1',15.843,88.965,b'1',b'ARGOS   ',270.2,11.833,35.029
6,28,b'2900266 ',b'Argo INDIA                                                      ',b'M Ravichandran                                                  ',6.0,b'A',2003-07-26 01:48:00.000000000,b'1',15.843,88.965,b'1',b'ARGOS   ',279.7,11.655,35.031
6,29,b'2900266 ',b'Argo INDIA                                                      ',b'M Ravichandran                                                  ',6.0,b'A',2003-07-26 01:48:00.000000000,b'1',15.843,88.965,b'1',b'ARGOS   ',289.7,11.574,35.03
6,30,b'2900266 ',b'Argo INDIA                                                      ',b'M Ravichandran                                                  ',6.0,b'A',2003-07-26 01:48:00.000000000,b'1',15.843,88.965,b'1',b'ARGOS   ',299.5,11.487,35.033
6,31,b'2900266 ',b'Argo INDIA                                                      ',b'M Ravichandran                                                  ',6.0,b'A',2003-07-26 01:48:00.000000000,b'1',15.843,88.965,b'1',b'ARGOS   ',309.8,11.392,35.033
6,32,b'2900266 ',b'Argo INDIA                                                      ',b'M Ravichandran                                                  ',6.0,b'A',2003-07-26 01:48:00.000000000,b'1',15.843,88.965,b'1',b'ARGOS   ',320.5,11.22,35.035
6,33,b'2900266 ',b'Argo INDIA                                                      ',b'M Ravichandran                                                  ',6.0,b'A',2003-07-26 01:48:00.000000000,b'1',15.843,88.965,b'1',b'ARGOS   ',330.6,11.121,35.034
6,34,b'2900266 ',b'Argo INDIA                                                      ',b'M Ravichandran                                                  ',6.0,b'A',2003-07-26 01:48:00.000000000,b'1',15.843,88.965,b'1',b'ARGOS   ',339.8,11.054,35.034
6,35,b'2900266 ',b'Argo INDIA                                                      ',b'M Ravichandran                                                  ',6.0,b'A',2003-07-26 01:48:00.000000000,b'1',15.843,88.965,b'1',b'ARGOS   ',350.1,10.982,35.034
6,36,b'2900266 ',b'Argo INDIA                                                      ',b'M Ravichandran                                                  ',6.0,b'A',2003-07-26 01:48:00.000000000,b'1',15.843,88.965,b'1',b'ARGOS   ',360.6,10.901,35.032
6,37,b'2900266 ',b'Argo INDIA                                                      ',b'M Ravichandran                                                  ',6.0,b'A',2003-07-26 01:48:00.000000000,b'1',15.843,88.965,b'1',b'ARGOS   ',380.5,10.748,35.032
6,38,b'2900266 ',b'Argo INDIA                                                      ',b'M Ravichandran                                                  ',6.0,b'A',2003-07-26 01:48:00.000000000,b'1',15.843,88.965,b'1',b'ARGOS   ',400.0,10.646,35.03
6,39,b'2900266 ',b'Argo INDIA                                                      ',b'M Ravichandran                                                  ',6.0,b'A',2003-07-26 01:48:00.000000000,b'1',15.843,88.965,b'1',b'ARGOS   ',450.4,10.303,35.029
6,40,b'2900266 ',b'Argo INDIA                                                      ',b'M Ravichandran                                                  ',6.0,b'A',2003-07-26 01:48:00.000000000,b'1',15.843,88.965,b'1',b'ARGOS   ',489.2,10.0,35.028
6,41,b'2900266 ',b'Argo INDIA                                                      ',b'M Ravichandran                                                  ',6.0,b'A',2003-07-26 01:48:00.000000000,b'1',15.843,88.965,b'1',b'ARGOS   ',,,
6,42,b'2900266 ',b'Argo INDIA                                                      ',b'M Ravichandran                                                  ',6.0,b'A',2003-07-26 01:48:00.000000000,b'1',15.843,88.965,b'1',b'ARGOS   ',,,
6,43,b'2900266 ',b'Argo INDIA                                                      ',b'M Ravichandran                                                  ',6.0,b'A',2003-07-26 01:48:00.000000000,b'1',15.843,88.965,b'1',b'ARGOS   ',,,
6,44,b'2900266 ',b'Argo INDIA                                                      ',b'M Ravichandran                                                  ',6.0,b'A',2003-07-26 01:48:00.000000000,b'1',15.843,88.965,b'1',b'ARGOS   ',,,
6,45,b'2900266 ',b'Argo INDIA                                                      ',b'M Ravichandran                                                  ',6.0,b'A',2003-07-26 01:48:00.000000000,b'1',15.843,88.965,b'1',b'ARGOS   ',,,
6,46,b'2900266 ',b'Argo INDIA                                                      ',b'M Ravichandran                                                  ',6.0,b'A',2003-07-26 01:48:00.000000000,b'1',15.843,88.965,b'1',b'ARGOS   ',,,
6,47,b'2900266 ',b'Argo INDIA                                                      ',b'M Ravichandran                                                  ',6.0,b'A',2003-07-26 01:48:00.000000000,b'1',15.843,88.965,b'1',b'ARGOS   ',,,
6,48,b'2900266 ',b'Argo INDIA                                                      ',b'M Ravichandran                                                  ',6.0,b'A',2003-07-26 01:48:00.000000000,b'1',15.843,88.965,b'1',b'ARGOS   ',,,
6,49,b'2900266 ',b'Argo INDIA                                                      ',b'M Ravichandran                                                  ',6.0,b'A',2003-07-26 01:48:00.000000000,b'1',15.843,88.965,b'1',b'ARGOS   ',,,
6,50,b'2900266 ',b'Argo INDIA                                                      ',b'M Ravichandran                                                  ',6.0,b'A',2003-07-26 01:48:00.000000000,b'1',15.843,88.965,b'1',b'ARGOS   ',,,
7,0,b'2900266 ',b'Argo INDIA                                                      ',b'M Ravichandran                                                  ',7.0,b'A',2003-07-31 01:48:00.000000000,b'1',15.845,89.255,b'1',b'ARGOS   ',4.6,28.538,32.91
7,1,b'2900266 ',b'Argo INDIA                                                      ',b'M Ravichandran                                                  ',7.0,b'A',2003-07-31 01:48:00.000000000,b'1',15.845,89.255,b'1',b'ARGOS   ',10.2,28.543,32.919
7,2,b'2900266 ',b'Argo INDIA                                                      ',b'M Ravichandran                                                  ',7.0,b'A',2003-07-31 01:48:00.000000000,b'1',15.845,89.255,b'1',b'ARGOS   ',20.0,28.562,32.966
7,3,b'2900266 ',b'Argo INDIA                                                      ',b'M Ravichandran                                                  ',7.0,b'A',2003-07-31 01:48:00.000000000,b'1',15.845,89.255,b'1',b'ARGOS   ',30.2,28.563,33.439
7,4,b'2900266 ',b'Argo INDIA                                                      ',b'M Ravichandran                                                  ',7.0,b'A',2003-07-31 01:48:00.000000000,b'1',15.845,89.255,b'1',b'ARGOS   ',40.0,28.394,33.757
7,5,b'2900266 ',b'Argo INDIA                                                      ',b'M Ravichandran                                                  ',7.0,b'A',2003-07-31 01:48:00.000000000,b'1',15.845,89.255,b'1',b'ARGOS   ',50.5,27.811,34.41
7,6,b'2900266 ',b'Argo INDIA                                                      ',b'M Ravichandran                                                  ',7.0,b'A',2003-07-31 01:48:00.000000000,b'1',15.845,89.255,b'1',b'ARGOS   ',59.5,27.586,34.499
7,7,b'2900266 ',b'Argo INDIA                                                      ',b'M Ravichandran                                                  ',7.0,b'A',2003-07-31 01:48:00.000000000,b'1',15.845,89.255,b'1',b'ARGOS   ',69.9,26.551,34.593
7,8,b'2900266 ',b'Argo INDIA                                                      ',b'M Ravichandran                                                  ',7.0,b'A',2003-07-31 01:48:00.000000000,b'1',15.845,89.255,b'1',b'ARGOS   ',80.0,25.386,34.672
7,9,b'2900266 ',b'Argo INDIA                                                      ',b'M Ravichandran                                                  ',7.0,b'A',2003-07-31 01:48:00.000000000,b'1',15.845,89.255,b'1',b'ARGOS   ',90.2,24.094,34.768
7,10,b'2900266 ',b'Argo INDIA                                                      ',b'M Ravichandran                                                  ',7.0,b'A',2003-07-31 01:48:00.000000000,b'1',15.845,89.255,b'1',b'ARGOS   ',100.2,22.674,34.791
7,11,b'2900266 ',b'Argo INDIA                                                      ',b'M Ravichandran                                                  ',7.0,b'A',2003-07-31 01:48:00.000000000,b'1',15.845,89.255,b'1',b'ARGOS   ',110.1,21.073,34.835
7,12,b'2900266 ',b'Argo INDIA                                                      ',b'M Ravichandran                                                  ',7.0,b'A',2003-07-31 01:48:00.000000000,b'1',15.845,89.255,b'1',b'ARGOS   ',120.4,19.547,34.852
7,13,b'2900266 ',b'Argo INDIA                                                      ',b'M Ravichandran                                                  ',7.0,b'A',2003-07-31 01:48:00.000000000,b'1',15.845,89.255,b'1',b'ARGOS   ',130.3,18.577,34.866
7,14,b'2900266 ',b'Argo INDIA                                                      ',b'M Ravichandran                                                  ',7.0,b'A',2003-07-31 01:48:00.000000000,b'1',15.845,89.255,b'1',b'ARGOS   ',139.7,17.235,34.888
7,15,b'2900266 ',b'Argo INDIA                                                      ',b'M Ravichandran                                                  ',7.0,b'A',2003-07-31 01:48:00.000000000,b'1',15.845,89.255,b'1',b'ARGOS   ',150.2,16.157,34.922
7,16,b'2900266 ',b'Argo INDIA                                                      ',b'M Ravichandran                                                  ',7.0,b'A',2003-07-31 01:48:00.000000000,b'1',15.845,89.255,b'1',b'ARGOS   ',160.1,15.578,34.938
7,17,b'2900266 ',b'Argo INDIA                                                      ',b'M Ravichandran                                                  ',7.0,b'A',2003-07-31 01:48:00.000000000,b'1',15.845,89.255,b'1',b'ARGOS   ',170.5,15.093,34.954
7,18,b'2900266 ',b'Argo INDIA                                                      ',b'M Ravichandran                                                  ',7.0,b'A',2003-07-31 01:48:00.000000000,b'1',15.845,89.255,b'1',b'ARGOS   ',179.5,14.682,34.966
7,19,b'2900266 ',b'Argo INDIA                                                      ',b'M Ravichandran                                                  ',7.0,b'A',2003-07-31 01:48:00.000000000,b'1',15.845,89.255,b'1',b'ARGOS   ',189.7,14.237,34.977
7,20,b'2900266 ',b'Argo INDIA                                                      ',b'M Ravichandran                                                  ',7.0,b'A',2003-07-31 01:48:00.000000000,b'1',15.845,89.255,b'1',b'ARGOS   ',199.6,13.91,34.984
7,21,b'2900266 ',b'Argo INDIA                                                      ',b'M Ravichandran                                                  ',7.0,b'A',2003-07-31 01:48:00.000000000,b'1',15.845,89.255,b'1',b'ARGOS   ',210.3,13.434,34.999
7,22,b'2900266 ',b'Argo INDIA                                                      ',b'M Ravichandran                                                  ',7.0,b'A',2003-07-31 01:48:00.000000000,b'1',15.845,89.255,b'1',b'ARGOS   ',219.9,13.107,35.005
7,23,b'2900266 ',b'Argo INDIA                                                      ',b'M Ravichandran                                                  ',7.0,b'A',2003-07-31 01:48:00.000000000,b'1',15.845,89.255,b'1',b'ARGOS   ',230.3,12.724,35.011
7,24,b'2900266 ',b'Argo INDIA                                                      ',b'M Ravichandran                                                  ',7.0,b'A',2003-07-31 01:48:00.000000000,b'1',15.845,89.255,b'1',b'ARGOS   ',239.8,12.467,35.016
7,25,b'2900266 ',b'Argo INDIA                                                      ',b'M Ravichandran                                                  ',7.0,b'A',2003-07-31 01:48:00.000000000,b'1',15.845,89.255,b'1',b'ARGOS   ',249.7,12.278,35.017
7,26,b'2900266 ',b'Argo INDIA                                                      ',b'M Ravichandran                                                  ',7.0,b'A',2003-07-31 01:48:00.000000000,b'1',15.845,89.255,b'1',b'ARGOS   ',259.8,12.08,35.022
7,27,b'2900266 ',b'Argo INDIA                                                      ',b'M Ravichandran                                                  ',7.0,b'A',2003-07-31 01:48:00.000000000,b'1',15.845,89.255,b'1',b'ARGOS   ',269.5,11.931,35.024
7,28,b'2900266 ',b'Argo INDIA                                                      ',b'M Ravichandran                                                  ',7.0,b'A',2003-07-31 01:48:00.000000000,b'1',15.845,89.255,b'1',b'ARGOS   ',280.3,11.767,35.028
7,29,b'2900266 ',b'Argo INDIA                                                      ',b'M Ravichandran                                                  ',7.0,b'A',2003-07-31 01:48:00.000000000,b'1',15.845,89.255,b'1',b'ARGOS   ',289.6,11.643,35.029
7,30,b'2900266 ',b'Argo INDIA                                                      ',b'M Ravichandran                                                  ',7.0,b'A',2003-07-31 01:48:00.000000000,b'1',15.845,89.255,b'1',b'ARGOS   ',300.0,11.513,35.03
7,31,b'2900266 ',b'Argo INDIA                                                      ',b'M Ravichandran                                                  ',7.0,b'A',2003-07-31 01:48:00.000000000,b'1',15.845,89.255,b'1',b'ARGOS   ',310.1,11.375,35.029
7,32,b'2900266 ',b'Argo INDIA                                                      ',b'M Ravichandran                                                  ',7.0,b'A',2003-07-31 01:48:00.000000000,b'1',15.845,89.255,b'1',b'ARGOS   ',319.7,11.271,35.03
7,33,b'2900266 ',b'Argo INDIA                                                      ',b'M Ravichandran                                                  ',7.0,b'A',2003-07-31 01:48:00.000000000,b'1',15.845,89.255,b'1',b'ARGOS   ',329.5,11.191,35.031
7,34,b'2900266 ',b'Argo INDIA                                                      ',b'M Ravichandran                                                  ',7.0,b'A',2003-07-31 01:48:00.000000000,b'1',15.845,89.255,b'1',b'ARGOS   ',339.7,11.062,35.03
7,35,b'2900266 ',b'Argo INDIA                                                      ',b'M Ravichandran                                                  ',7.0,b'A',2003-07-31 01:48:00.000000000,b'1',15.845,89.255,b'1',b'ARGOS   ',349.9,10.975,35.03
7,36,b'2900266 ',b'Argo INDIA                                                      ',b'M Ravichandran                                                  ',7.0,b'A',2003-07-31 01:48:00.000000000,b'1',15.845,89.255,b'1',b'ARGOS   ',360.0,10.878,35.031
7,37,b'2900266 ',b'Argo INDIA                                                      ',b'M Ravichandran                                                  ',7.0,b'A',2003-07-31 01:48:00.000000000,b'1',15.845,89.255,b'1',b'ARGOS   ',380.7,10.7,35.032
7,38,b'2900266 ',b'Argo INDIA                                                      ',b'M Ravichandran                                                  ',7.0,b'A',2003-07-31 01:48:00.000000000,b'1',15.845,89.255,b'1',b'ARGOS   ',400.0,10.534,35.031
7,39,b'2900266 ',b'Argo INDIA                                                      ',b'M Ravichandran                                                  ',7.0,b'A',2003-07-31 01:48:00.000000000,b'1',15.845,89.255,b'1',b'ARGOS   ',450.0,10.168,35.028
7,40,b'2900266 ',b'Argo INDIA                                                      ',b'M Ravichandran                                                  ',7.0,b'A',2003-07-31 01:48:00.000000000,b'1',15.845,89.255,b'1',b'ARGOS   ',486.6,9.867,35.025
7,41,b'2900266 ',b'Argo INDIA                                                      ',b'M Ravichandran                                                  ',7.0,b'A',2003-07-31 01:48:00.000000000,b'1',15.845,89.255,b'1',b'ARGOS   ',,,
7,42,b'2900266 ',b'Argo INDIA                                                      ',b'M Ravichandran                                                  ',7.0,b'A',2003-07-31 01:48:00.000000000,b'1',15.845,89.255,b'1',b'ARGOS   ',,,
7,43,b'2900266 ',b'Argo INDIA                                                      ',b'M Ravichandran                                                  ',7.0,b'A',2003-07-31 01:48:00.000000000,b'1',15.845,89.255,b'1',b'ARGOS   ',,,
7,44,b'2900266 ',b'Argo INDIA                                                      ',b'M Ravichandran                                                  ',7.0,b'A',2003-07-31 01:48:00.000000000,b'1',15.845,89.255,b'1',b'ARGOS   ',,,
7,45,b'2900266 ',b'Argo INDIA                                                      ',b'M Ravichandran                                                  ',7.0,b'A',2003-07-31 01:48:00.000000000,b'1',15.845,89.255,b'1',b'ARGOS   ',,,
7,46,b'2900266 ',b'Argo INDIA                                                      ',b'M Ravichandran                                                  ',7.0,b'A',2003-07-31 01:48:00.000000000,b'1',15.845,89.255,b'1',b'ARGOS   ',,,
7,47,b'2900266 ',b'Argo INDIA                                                      ',b'M Ravichandran                                                  ',7.0,b'A',2003-07-31 01:48:00.000000000,b'1',15.845,89.255,b'1',b'ARGOS   ',,,
7,48,b'2900266 ',b'Argo INDIA                                                      ',b'M Ravichandran                                                  ',7.0,b'A',2003-07-31 01:48:00.000000000,b'1',15.845,89.255,b'1',b'ARGOS   ',,,
7,49,b'2900266 ',b'Argo INDIA                                                      ',b'M Ravichandran                                                  ',7.0,b'A',2003-07-31 01:48:00.000000000,b'1',15.845,89.255,b'1',b'ARGOS   ',,,
7,50,b'2900266 ',b'Argo INDIA                                                      ',b'M Ravichandran                                                  ',7.0,b'A',2003-07-31 01:48:00.000000000,b'1',15.845,89.255,b'1',b'ARGOS   ',,,
8,0,b'2900266 ',b'Argo INDIA                                                      ',b'M Ravichandran                                                  ',8.0,b'A',2003-08-05 01:48:00.000000000,b'1',15.796,89.428,b'1',b'ARGOS   ',4.0,28.326,32.781
8,1,b'2900266 ',b'Argo INDIA                                                      ',b'M Ravichandran                                                  ',8.0,b'A',2003-08-05 01:48:00.000000000,b'1',15.796,89.428,b'1',b'ARGOS   ',10.5,28.327,32.782
8,2,b'2900266 ',b'Argo INDIA                                                      ',b'M Ravichandran                                                  ',8.0,b'A',2003-08-05 01:48:00.000000000,b'1',15.796,89.428,b'1',b'ARGOS   ',20.0,28.37,33.119
8,3,b'2900266 ',b'Argo INDIA                                                      ',b'M Ravichandran                                                  ',8.0,b'A',2003-08-05 01:48:00.000000000,b'1',15.796,89.428,b'1',b'ARGOS   ',30.3,28.175,33.738
8,4,b'2900266 ',b'Argo INDIA                                                      ',b'M Ravichandran                                                  ',8.0,b'A',2003-08-05 01:48:00.000000000,b'1',15.796,89.428,b'1',b'ARGOS   ',40.4,27.97,33.885
8,5,b'2900266 ',b'Argo INDIA                                                      ',b'M Ravichandran                                                  ',8.0,b'A',2003-08-05 01:48:00.000000000,b'1',15.796,89.428,b'1',b'ARGOS   ',49.7,27.767,34.134
8,6,b'2900266 ',b'Argo INDIA                                                      ',b'M Ravichandran                                                  ',8.0,b'A',2003-08-05 01:48:00.000000000,b'1',15.796,89.428,b'1',b'ARGOS   ',60.2,26.229,34.584
8,7,b'2900266 ',b'Argo INDIA                                                      ',b'M Ravichandran                                                  ',8.0,b'A',2003-08-05 01:48:00.000000000,b'1',15.796,89.428,b'1',b'ARGOS   ',70.3,24.914,34.688
8,8,b'2900266 ',b'Argo INDIA                                                      ',b'M Ravichandran                                                  ',8.0,b'A',2003-08-05 01:48:00.000000000,b'1',15.796,89.428,b'1',b'ARGOS   ',79.6,23.276,34.767
8,9,b'2900266 ',b'Argo INDIA                                                      ',b'M Ravichandran                                                  ',8.0,b'A',2003-08-05 01:48:00.000000000,b'1',15.796,89.428,b'1',b'ARGOS   ',90.2,21.814,34.823
8,10,b'2900266 ',b'Argo INDIA                                                      ',b'M Ravichandran                                                  ',8.0,b'A',2003-08-05 01:48:00.000000000,b'1',15.796,89.428,b'1',b'ARGOS   ',99.7,20.262,34.823
8,11,b'2900266 ',b'Argo INDIA                                                      ',b'M Ravichandran                                                  ',8.0,b'A',2003-08-05 01:48:00.000000000,b'1',15.796,89.428,b'1',b'ARGOS   ',109.7,19.371,34.849
8,12,b'2900266 ',b'Argo INDIA                                                      ',b'M Ravichandran                                                  ',8.0,b'A',2003-08-05 01:48:00.000000000,b'1',15.796,89.428,b'1',b'ARGOS   ',119.9,18.254,34.866
8,13,b'2900266 ',b'Argo INDIA                                                      ',b'M Ravichandran                                                  ',8.0,b'A',2003-08-05 01:48:00.000000000,b'1',15.796,89.428,b'1',b'ARGOS   ',130.4,17.334,34.887
8,14,b'2900266 ',b'Argo INDIA                                                      ',b'M Ravichandran                                                  ',8.0,b'A',2003-08-05 01:48:00.000000000,b'1',15.796,89.428,b'1',b'ARGOS   ',140.5,16.602,34.899
8,15,b'2900266 ',b'Argo INDIA                                                      ',b'M Ravichandran                                                  ',8.0,b'A',2003-08-05 01:48:00.000000000,b'1',15.796,89.428,b'1',b'ARGOS   ',150.4,15.821,34.926
8,16,b'2900266 ',b'Argo INDIA                                                      ',b'M Ravichandran                                                  ',8.0,b'A',2003-08-05 01:48:00.000000000,b'1',15.796,89.428,b'1',b'ARGOS   ',160.6,15.228,34.948
8,17,b'2900266 ',b'Argo INDIA                                                      ',b'M Ravichandran                                                  ',8.0,b'A',2003-08-05 01:48:00.000000000,b'1',15.796,89.428,b'1',b'ARGOS   ',169.7,14.873,34.957
8,18,b'2900266 ',b'Argo INDIA                                                      ',b'M Ravichandran                                                  ',8.0,b'A',2003-08-05 01:48:00.000000000,b'1',15.796,89.428,b'1',b'ARGOS   ',180.4,14.294,34.978
8,19,b'2900266 ',b'Argo INDIA                                                      ',b'M Ravichandran                                                  ',8.0,b'A',2003-08-05 01:48:00.000000000,b'1',15.796,89.428,b'1',b'ARGOS   ',189.9,14.007,34.985
8,20,b'2900266 ',b'Argo INDIA                                                      ',b'M Ravichandran                                                  ',8.0,b'A',2003-08-05 01:48:00.000000000,b'1',15.796,89.428,b'1',b'ARGOS   ',200.4,13.38,34.996
8,21,b'2900266 ',b'Argo INDIA                                                      ',b'M Ravichandran                                                  ',8.0,b'A',2003-08-05 01:48:00.000000000,b'1',15.796,89.428,b'1',b'ARGOS   ',209.8,13.139,35.004
8,22,b'2900266 ',b'Argo INDIA                                                      ',b'M Ravichandran                                                  ',8.0,b'A',2003-08-05 01:48:00.000000000,b'1',15.796,89.428,b'1',b'ARGOS   ',220.4,12.726,35.013
8,23,b'2900266 ',b'Argo INDIA                                                      ',b'M Ravichandran                                                  ',8.0,b'A',2003-08-05 01:48:00.000000000,b'1',15.796,89.428,b'1',b'ARGOS   ',230.2,12.426,35.019
8,24,b'2900266 ',b'Argo INDIA                                                      ',b'M Ravichandran                                                  ',8.0,b'A',2003-08-05 01:48:00.000000000,b'1',15.796,89.428,b'1',b'ARGOS   ',239.7,12.175,35.023
8,25,b'2900266 ',b'Argo INDIA                                                      ',b'M Ravichandran                                                  ',8.0,b'A',2003-08-05 01:48:00.000000000,b'1',15.796,89.428,b'1',b'ARGOS   ',249.9,11.942,35.023
8,26,b'2900266 ',b'Argo INDIA                                                      ',b'M Ravichandran                                                  ',8.0,b'A',2003-08-05 01:48:00.000000000,b'1',15.796,89.428,b'1',b'ARGOS   ',259.8,11.737,35.025
8,27,b'2900266 ',b'Argo INDIA                                                      ',b'M Ravichandran                                                  ',8.0,b'A',2003-08-05 01:48:00.000000000,b'1',15.796,89.428,b'1',b'ARGOS   ',270.1,11.597,35.028
8,28,b'2900266 ',b'Argo INDIA                                                      ',b'M Ravichandran                                                  ',8.0,b'A',2003-08-05 01:48:00.000000000,b'1',15.796,89.428,b'1',b'ARGOS   ',280.2,11.44,35.029
8,29,b'2900266 ',b'Argo INDIA                                                      ',b'M Ravichandran                                                  ',8.0,b'A',2003-08-05 01:48:00.000000000,b'1',15.796,89.428,b'1',b'ARGOS   ',290.4,11.325,35.03
8,30,b'2900266 ',b'Argo INDIA                                                      ',b'M Ravichandran                                                  ',8.0,b'A',2003-08-05 01:48:00.000000000,b'1',15.796,89.428,b'1',b'ARGOS   ',299.9,11.214,35.032
8,31,b'2900266 ',b'Argo INDIA                                                      ',b'M Ravichandran                                                  ',8.0,b'A',2003-08-05 01:48:00.000000000,b'1',15.796,89.428,b'1',b'ARGOS   ',310.1,11.109,35.032
8,32,b'2900266 ',b'Argo INDIA                                                      ',b'M Ravichandran                                                  ',8.0,b'A',2003-08-05 01:48:00.000000000,b'1',15.796,89.428,b'1',b'ARGOS   ',320.5,11.018,35.032
8,33,b'2900266 ',b'Argo INDIA                                                      ',b'M Ravichandran                                                  ',8.0,b'A',2003-08-05 01:48:00.000000000,b'1',15.796,89.428,b'1',b'ARGOS   ',329.7,10.932,35.033
8,34,b'2900266 ',b'Argo INDIA                                                      ',b'M Ravichandran                                                  ',8.0,b'A',2003-08-05 01:48:00.000000000,b'1',15.796,89.428,b'1',b'ARGOS   ',339.6,10.852,35.034
8,35,b'2900266 ',b'Argo INDIA                                                      ',b'M Ravichandran                                                  ',8.0,b'A',2003-08-05 01:48:00.000000000,b'1',15.796,89.428,b'1',b'ARGOS   ',349.7,10.739,35.033
8,36,b'2900266 ',b'Argo INDIA                                                      ',b'M Ravichandran                                                  ',8.0,b'A',2003-08-05 01:48:00.000000000,b'1',15.796,89.428,b'1',b'ARGOS   ',360.1,10.664,35.032
8,37,b'2900266 ',b'Argo INDIA                                                      ',b'M Ravichandran                                                  ',8.0,b'A',2003-08-05 01:48:00.000000000,b'1',15.796,89.428,b'1',b'ARGOS   ',379.7,10.479,35.032
8,38,b'2900266 ',b'Argo INDIA                                                      ',b'M Ravichandran                                                  ',8.0,b'A',2003-08-05 01:48:00.000000000,b'1',15.796,89.428,b'1',b'ARGOS   ',399.9,10.332,35.032
8,39,b'2900266 ',b'Argo INDIA                                                      ',b'M Ravichandran                                                  ',8.0,b'A',2003-08-05 01:48:00.000000000,b'1',15.796,89.428,b'1',b'ARGOS   ',449.9,9.942,35.026
8,40,b'2900266 ',b'Argo INDIA                                                      ',b'M Ravichandran                                                  ',8.0,b'A',2003-08-05 01:48:00.000000000,b'1',15.796,89.428,b'1',b'ARGOS   ',486.9,9.703,35.024
8,41,b'2900266 ',b'Argo INDIA                                                      ',b'M Ravichandran                                                  ',8.0,b'A',2003-08-05 01:48:00.000000000,b'1',15.796,89.428,b'1',b'ARGOS   ',,,
8,42,b'2900266 ',b'Argo INDIA                                                      ',b'M Ravichandran                                                  ',8.0,b'A',2003-08-05 01:48:00.000000000,b'1',15.796,89.428,b'1',b'ARGOS   ',,,
8,43,b'2900266 ',b'Argo INDIA                                                      ',b'M Ravichandran                                                  ',8.0,b'A',2003-08-05 01:48:00.000000000,b'1',15.796,89.428,b'1',b'ARGOS   ',,,
8,44,b'2900266 ',b'Argo INDIA                                                      ',b'M Ravichandran                                                  ',8.0,b'A',2003-08-05 01:48:00.000000000,b'1',15.796,89.428,b'1',b'ARGOS   ',,,
8,45,b'2900266 ',b'Argo INDIA                                                      ',b'M Ravichandran                                                  ',8.0,b'A',2003-08-05 01:48:00.000000000,b'1',15.796,89.428,b'1',b'ARGOS   ',,,
8,46,b'2900266 ',b'Argo INDIA                                                      ',b'M Ravichandran                                                  ',8.0,b'A',2003-08-05 01:48:00.000000000,b'1',15.796,89.428,b'1',b'ARGOS   ',,,
8,47,b'2900266 ',b'Argo INDIA                                                      ',b'M Ravichandran                                                  ',8.0,b'A',2003-08-05 01:48:00.000000000,b'1',15.796,89.428,b'1',b'ARGOS   ',,,
8,48,b'2900266 ',b'Argo INDIA                                                      ',b'M Ravichandran                                                  ',8.0,b'A',2003-08-05 01:48:00.000000000,b'1',15.796,89.428,b'1',b'ARGOS   ',,,
8,49,b'2900266 ',b'Argo INDIA                                                      ',b'M Ravichandran                                                  ',8.0,b'A',2003-08-05 01:48:00.000000000,b'1',15.796,89.428,b'1',b'ARGOS   ',,,
8,50,b'2900266 ',b'Argo INDIA                                                      ',b'M Ravichandran                                                  ',8.0,b'A',2003-08-05 01:48:00.000000000,b'1',15.796,89.428,b'1',b'ARGOS   ',,,
9,0,b'2900266 ',b'Argo INDIA                                                      ',b'M Ravichandran                                                  ',9.0,b'A',2003-08-10 03:24:00.000000000,b'1',15.837,89.677,b'1',b'ARGOS   ',10.3,28.631,32.6
9,1,b'2900266 ',b'Argo INDIA                                                      ',b'M Ravichandran                                                  ',9.0,b'A',2003-08-10 03:24:00.000000000,b'1',15.837,89.677,b'1',b'ARGOS   ',20.4,28.236,33.637
9,2,b'2900266 ',b'Argo INDIA                                                      ',b'M Ravichandran                                                  ',9.0,b'A',2003-08-10 03:24:00.000000000,b'1',15.837,89.677,b'1',b'ARGOS   ',30.0,28.049,33.781
9,3,b'2900266 ',b'Argo INDIA                                                      ',b'M Ravichandran                                                  ',9.0,b'A',2003-08-10 03:24:00.000000000,b'1',15.837,89.677,b'1',b'ARGOS   ',40.1,27.832,33.942
9,4,b'2900266 ',b'Argo INDIA                                                      ',b'M Ravichandran                                                  ',9.0,b'A',2003-08-10 03:24:00.000000000,b'1',15.837,89.677,b'1',b'ARGOS   ',50.1,27.393,34.232
9,5,b'2900266 ',b'Argo INDIA                                                      ',b'M Ravichandran                                                  ',9.0,b'A',2003-08-10 03:24:00.000000000,b'1',15.837,89.677,b'1',b'ARGOS   ',59.7,26.254,34.634
9,6,b'2900266 ',b'Argo INDIA                                                      ',b'M Ravichandran                                                  ',9.0,b'A',2003-08-10 03:24:00.000000000,b'1',15.837,89.677,b'1',b'ARGOS   ',69.9,24.123,34.715
9,7,b'2900266 ',b'Argo INDIA                                                      ',b'M Ravichandran                                                  ',9.0,b'A',2003-08-10 03:24:00.000000000,b'1',15.837,89.677,b'1',b'ARGOS   ',80.1,22.003,34.829
9,8,b'2900266 ',b'Argo INDIA                                                      ',b'M Ravichandran                                                  ',9.0,b'A',2003-08-10 03:24:00.000000000,b'1',15.837,89.677,b'1',b'ARGOS   ',89.8,20.451,34.823
9,9,b'2900266 ',b'Argo INDIA                                                      ',b'M Ravichandran                                                  ',9.0,b'A',2003-08-10 03:24:00.000000000,b'1',15.837,89.677,b'1',b'ARGOS   ',99.3,19.377,34.823
9,10,b'2900266 ',b'Argo INDIA                                                      ',b'M Ravichandran                                                  ',9.0,b'A',2003-08-10 03:24:00.000000000,b'1',15.837,89.677,b'1',b'ARGOS   ',109.9,18.635,34.84
9,11,b'2900266 ',b'Argo INDIA                                                      ',b'M Ravichandran                                                  ',9.0,b'A',2003-08-10 03:24:00.000000000,b'1',15.837,89.677,b'1',b'ARGOS   ',119.4,18.318,34.851
9,12,b'2900266 ',b'Argo INDIA                                                      ',b'M Ravichandran                                                  ',9.0,b'A',2003-08-10 03:24:00.000000000,b'1',15.837,89.677,b'1',b'ARGOS   ',130.6,17.693,34.872
9,13,b'2900266 ',b'Argo INDIA                                                      ',b'M Ravichandran                                                  ',9.0,b'A',2003-08-10 03:24:00.000000000,b'1',15.837,89.677,b'1',b'ARGOS   ',140.0,17.238,34.886
9,14,b'2900266 ',b'Argo INDIA                                                      ',b'M Ravichandran                                                  ',9.0,b'A',2003-08-10 03:24:00.000000000,b'1',15.837,89.677,b'1',b'ARGOS   ',150.0,16.647,34.906
9,15,b'2900266 ',b'Argo INDIA                                                      ',b'M Ravichandran                                                  ',9.0,b'A',2003-08-10 03:24:00.000000000,b'1',15.837,89.677,b'1',b'ARGOS   ',160.0,15.738,34.931
9,16,b'2900266 ',b'Argo INDIA                                                      ',b'M Ravichandran                                                  ',9.0,b'A',2003-08-10 03:24:00.000000000,b'1',15.837,89.677,b'1',b'ARGOS   ',170.4,15.264,34.946
9,17,b'2900266 ',b'Argo INDIA                                                      ',b'M Ravichandran                                                  ',9.0,b'A',2003-08-10 03:24:00.000000000,b'1',15.837,89.677,b'1',b'ARGOS   ',180.0,14.869,34.953
9,18,b'2900266 ',b'Argo INDIA                                                      ',b'M Ravichandran                                                  ',9.0,b'A',2003-08-10 03:24:00.000000000,b'1',15.837,89.677,b'1',b'ARGOS   ',189.4,14.133,34.976
9,19,b'2900266 ',b'Argo INDIA                                                      ',b'M Ravichandran                                                  ',9.0,b'A',2003-08-10 03:24:00.000000000,b'1',15.837,89.677,b'1',b'ARGOS   ',200.4,13.54,34.971
9,20,b'2900266 ',b'Argo INDIA                                                      ',b'M Ravichandran                                                  ',9.0,b'A',2003-08-10 03:24:00.000000000,b'1',15.837,89.677,b'1',b'ARGOS   ',210.3,13.081,34.994
9,21,b'2900266 ',b'Argo INDIA                                                      ',b'M Ravichandran                                                  ',9.0,b'A',2003-08-10 03:24:00.000000000,b'1',15.837,89.677,b'1',b'ARGOS   ',219.7,12.74,34.997
9,22,b'2900266 ',b'Argo INDIA                                                      ',b'M Ravichandran                                                  ',9.0,b'A',2003-08-10 03:24:00.000000000,b'1',15.837,89.677,b'1',b'ARGOS   ',230.0,12.436,35.009
9,23,b'2900266 ',b'Argo INDIA                                                      ',b'M Ravichandran                                                  ',9.0,b'A',2003-08-10 03:24:00.000000000,b'1',15.837,89.677,b'1',b'ARGOS   ',240.5,12.208,35.017
9,24,b'2900266 ',b'Argo INDIA                                                      ',b'M Ravichandran                                                  ',9.0,b'A',2003-08-10 03:24:00.000000000,b'1',15.837,89.677,b'1',b'ARGOS   ',249.6,12.076,35.019
9,25,b'2900266 ',b'Argo INDIA                                                      ',b'M Ravichandran                                                  ',9.0,b'A',2003-08-10 03:24:00.000000000,b'1',15.837,89.677,b'1',b'ARGOS   ',260.1,11.921,35.022
9,26,b'2900266 ',b'Argo INDIA                                                      ',b'M Ravichandran                                                  ',9.0,b'A',2003-08-10 03:24:00.000000000,b'1',15.837,89.677,b'1',b'ARGOS   ',269.9,11.744,35.023
9,27,b'2900266 ',b'Argo INDIA                                                      ',b'M Ravichandran                                                  ',9.0,b'A',2003-08-10 03:24:00.000000000,b'1',15.837,89.677,b'1',b'ARGOS   ',280.2,11.556,35.027
9,28,b'2900266 ',b'Argo INDIA                                                      ',b'M Ravichandran                                                  ',9.0,b'A',2003-08-10 03:24:00.000000000,b'1',15.837,89.677,b'1',b'ARGOS   ',290.0,11.383,35.029
9,29,b'2900266 ',b'Argo INDIA                                                      ',b'M Ravichandran                                                  ',9.0,b'A',2003-08-10 03:24:00.000000000,b'1',15.837,89.677,b'1',b'ARGOS   ',299.9,11.245,35.03
9,30,b'2900266 ',b'Argo INDIA                                                      ',b'M Ravichandran                                                  ',9.0,b'A',2003-08-10 03:24:00.000000000,b'1',15.837,89.677,b'1',b'ARGOS   ',309.8,11.124,35.032
9,31,b'2900266 ',b'Argo INDIA                                                      ',b'M Ravichandran                                                  ',9.0,b'A',2003-08-10 03:24:00.000000000,b'1',15.837,89.677,b'1',b'ARGOS   ',319.9,11.041,35.03
9,32,b'2900266 ',b'Argo INDIA                                                      ',b'M Ravichandran                                                  ',9.0,b'A',2003-08-10 03:24:00.000000000,b'1',15.837,89.677,b'1',b'ARGOS   ',330.2,10.963,35.032
9,33,b'2900266 ',b'Argo INDIA                                                      ',b'M Ravichandran                                                  ',9.0,b'A',2003-08-10 03:24:00.000000000,b'1',15.837,89.677,b'1',b'ARGOS   ',340.6,10.895,35.032
9,34,b'2900266 ',b'Argo INDIA                                                      ',b'M Ravichandran                                                  ',9.0,b'A',2003-08-10 03:24:00.000000000,b'1',15.837,89.677,b'1',b'ARGOS   ',350.3,10.818,35.031
9,35,b'2900266 ',b'Argo INDIA                                                      ',b'M Ravichandran                                                  ',9.0,b'A',2003-08-10 03:24:00.000000000,b'1',15.837,89.677,b'1',b'ARGOS   ',359.4,10.743,35.032
9,36,b'2900266 ',b'Argo INDIA                                                      ',b'M Ravichandran                                                  ',9.0,b'A',2003-08-10 03:24:00.000000000,b'1',15.837,89.677,b'1',b'ARGOS   ',380.3,10.612,35.033
9,37,b'2900266 ',b'Argo INDIA                                                      ',b'M Ravichandran                                                  ',9.0,b'A',2003-08-10 03:24:00.000000000,b'1',15.837,89.677,b'1',b'ARGOS   ',400.6,10.486,35.033
9,38,b'2900266 ',b'Argo INDIA                                                      ',b'M Ravichandran                                                  ',9.0,b'A',2003-08-10 03:24:00.000000000,b'1',15.837,89.677,b'1',b'ARGOS   ',450.4,10.128,35.027
9,39,b'2900266 ',b'Argo INDIA                                                      ',b'M Ravichandran                                                  ',9.0,b'A',2003-08-10 03:24:00.000000000,b'1',15.837,89.677,b'1',b'ARGOS   ',500.2,9.766,35.022
9,40,b'2900266 ',b'Argo INDIA                                                      ',b'M Ravichandran                                                  ',9.0,b'A',2003-08-10 03:24:00.000000000,b'1',15.837,89.677,b'1',b'ARGOS   ',550.4,9.372,35.015
9,41,b'2900266 ',b'Argo INDIA                                                      ',b'M Ravichandran                                                  ',9.0,b'A',2003-08-10 03:24:00.000000000,b'1',15.837,89.677,b'1',b'ARGOS   ',600.0,9.01,35.007
9,42,b'2900266 ',b'Argo INDIA                                                      ',b'M Ravichandran                                                  ',9.0,b'A',2003-08-10 03:24:00.000000000,b'1',15.837,89.677,b'1',b'ARGOS   ',650.1,8.695,34.999
9,43,b'2900266 ',b'Argo INDIA                                                      ',b'M Ravichandran                                                  ',9.0,b'A',2003-08-10 03:24:00.000000000,b'1',15.837,89.677,b'1',b'ARGOS   ',699.5,8.496,34.993
9,44,b'2900266 ',b'Argo INDIA                                                      ',b'M Ravichandran                                                  ',9.0,b'A',2003-08-10 03:24:00.000000000,b'1',15.837,89.677,b'1',b'ARGOS   ',750.5,8.21,34.985
9,45,b'2900266 ',b'Argo INDIA                                                      ',b'M Ravichandran                                                  ',9.0,b'A',2003-08-10 03:24:00.000000000,b'1',15.837,89.677,b'1',b'ARGOS   ',800.3,7.855,34.974
9,46,b'2900266 ',b'Argo INDIA                                                      ',b'M Ravichandran                                                  ',9.0,b'A',2003-08-10 03:24:00.000000000,b'1',15.837,89.677,b'1',b'ARGOS   ',850.5,7.521,34.965
9,47,b'2900266 ',b'Argo INDIA                                                      ',b'M Ravichandran                                                  ',9.0,b'A',2003-08-10 03:24:00.000000000,b'1',15.837,89.677,b'1',b'ARGOS   ',900.3,7.243,34.955
9,48,b'2900266 ',b'Argo INDIA                                                      ',b'M Ravichandran                                                  ',9.0,b'A',2003-08-10 03:24:00.000000000,b'1',15.837,89.677,b'1',b'ARGOS   ',950.0,6.955,34.945
9,49,b'2900266 ',b'Argo INDIA                                                      ',b'M Ravichandran                                                  ',9.0,b'A',2003-08-10 03:24:00.000000000,b'1',15.837,89.677,b'1',b'ARGOS   ',979.6,6.778,34.938
9,50,b'2900266 ',b'Argo INDIA                                                      ',b'M Ravichandran                                                  ',9.0,b'A',2003-08-10 03:24:00.000000000,b'1',15.837,89.677,b'1',b'ARGOS   ',984.3,6.739,34.938
10,0,b'2900266 ',b'Argo INDIA                                                      ',b'M Ravichandran                                                  ',10.0,b'A',2003-08-15 01:48:00.000000000,b'1',16.026,89.761,b'1',b'ARGOS   ',4.6,28.872,32.791
10,1,b'2900266 ',b'Argo INDIA                                                      ',b'M Ravichandran                                                  ',10.0,b'A',2003-08-15 01:48:00.000000000,b'1',16.026,89.761,b'1',b'ARGOS   ',10.0,28.87,32.792
10,2,b'2900266 ',b'Argo INDIA                                                      ',b'M Ravichandran                                                  ',10.0,b'A',2003-08-15 01:48:00.000000000,b'1',16.026,89.761,b'1',b'ARGOS   ',20.1,28.87,32.791
10,3,b'2900266 ',b'Argo INDIA                                                      ',b'M Ravichandran                                                  ',10.0,b'A',2003-08-15 01:48:00.000000000,b'1',16.026,89.761,b'1',b'ARGOS   ',30.1,28.375,33.649
10,4,b'2900266 ',b'Argo INDIA                                                      ',b'M Ravichandran                                                  ',10.0,b'A',2003-08-15 01:48:00.000000000,b'1',16.026,89.761,b'1',b'ARGOS   ',40.3,28.529,33.951
10,5,b'2900266 ',b'Argo INDIA                                                      ',b'M Ravichandran                                                  ',10.0,b'A',2003-08-15 01:48:00.000000000,b'1',16.026,89.761,b'1',b'ARGOS   ',49.7,28.282,34.196
10,6,b'2900266 ',b'Argo INDIA                                                      ',b'M Ravichandran                                                  ',10.0,b'A',2003-08-15 01:48:00.000000000,b'1',16.026,89.761,b'1',b'ARGOS   ',59.9,26.95,34.602
10,7,b'2900266 ',b'Argo INDIA                                                      ',b'M Ravichandran                                                  ',10.0,b'A',2003-08-15 01:48:00.000000000,b'1',16.026,89.761,b'1',b'ARGOS   ',70.1,25.441,34.723
10,8,b'2900266 ',b'Argo INDIA                                                      ',b'M Ravichandran                                                  ',10.0,b'A',2003-08-15 01:48:00.000000000,b'1',16.026,89.761,b'1',b'ARGOS   ',79.9,24.046,34.754
10,9,b'2900266 ',b'Argo INDIA                                                      ',b'M Ravichandran                                                  ',10.0,b'A',2003-08-15 01:48:00.000000000,b'1',16.026,89.761,b'1',b'ARGOS   ',90.1,22.168,34.823
10,10,b'2900266 ',b'Argo INDIA                                                      ',b'M Ravichandran                                                  ',10.0,b'A',2003-08-15 01:48:00.000000000,b'1',16.026,89.761,b'1',b'ARGOS   ',100.4,20.515,34.826
10,11,b'2900266 ',b'Argo INDIA                                                      ',b'M Ravichandran                                                  ',10.0,b'A',2003-08-15 01:48:00.000000000,b'1',16.026,89.761,b'1',b'ARGOS   ',110.4,19.463,34.816
10,12,b'2900266 ',b'Argo INDIA                                                      ',b'M Ravichandran                                                  ',10.0,b'A',2003-08-15 01:48:00.000000000,b'1',16.026,89.761,b'1',b'ARGOS   ',119.7,18.735,34.837
10,13,b'2900266 ',b'Argo INDIA                                                      ',b'M Ravichandran                                                  ',10.0,b'A',2003-08-15 01:48:00.000000000,b'1',16.026,89.761,b'1',b'ARGOS   ',129.6,18.141,34.856
10,14,b'2900266 ',b'Argo INDIA                                                      ',b'M Ravichandran                                                  ',10.0,b'A',2003-08-15 01:48:00.000000000,b'1',16.026,89.761,b'1',b'ARGOS   ',140.5,17.563,34.877
10,15,b'2900266 ',b'Argo INDIA                                                      ',b'M Ravichandran                                                  ',10.0,b'A',2003-08-15 01:48:00.000000000,b'1',16.026,89.761,b'1',b'ARGOS   ',149.5,17.002,34.894
10,16,b'2900266 ',b'Argo INDIA                                                      ',b'M Ravichandran                                                  ',10.0,b'A',2003-08-15 01:48:00.000000000,b'1',16.026,89.761,b'1',b'ARGOS   ',159.4,16.322,34.917
10,17,b'2900266 ',b'Argo INDIA                                                      ',b'M Ravichandran                                                  ',10.0,b'A',2003-08-15 01:48:00.000000000,b'1',16.026,89.761,b'1',b'ARGOS   ',169.9,15.67,34.932
10,18,b'2900266 ',b'Argo INDIA                                                      ',b'M Ravichandran                                                  ',10.0,b'A',2003-08-15 01:48:00.000000000,b'1',16.026,89.761,b'1',b'ARGOS   ',180.3,14.903,34.956
10,19,b'2900266 ',b'Argo INDIA                                                      ',b'M Ravichandran                                                  ',10.0,b'A',2003-08-15 01:48:00.000000000,b'1',16.026,89.761,b'1',b'ARGOS   ',190.1,14.318,34.971
10,20,b'2900266 ',b'Argo INDIA                                                      ',b'M Ravichandran                                                  ',10.0,b'A',2003-08-15 01:48:00.000000000,b'1',16.026,89.761,b'1',b'ARGOS   ',200.1,13.771,34.988
10,21,b'2900266 ',b'Argo INDIA                                                      ',b'M Ravichandran                                                  ',10.0,b'A',2003-08-15 01:48:00.000000000,b'1',16.026,89.761,b'1',b'ARGOS   ',209.8,13.156,35.005
10,22,b'2900266 ',b'Argo INDIA                                                      ',b'M Ravichandran                                                  ',10.0,b'A',2003-08-15 01:48:00.000000000,b'1',16.026,89.761,b'1',b'ARGOS   ',219.6,12.872,35.007
10,23,b'2900266 ',b'Argo INDIA                                                      ',b'M Ravichandran                                                  ',10.0,b'A',2003-08-15 01:48:00.000000000,b'1',16.026,89.761,b'1',b'ARGOS   ',229.8,12.549,35.006
10,24,b'2900266 ',b'Argo INDIA                                                      ',b'M Ravichandran                                                  ',10.0,b'A',2003-08-15 01:48:00.000000000,b'1',16.026,89.761,b'1',b'ARGOS   ',240.2,12.288,35.004
10,25,b'2900266 ',b'Argo INDIA                                                      ',b'M Ravichandran                                                  ',10.0,b'A',2003-08-15 01:48:00.000000000,b'1',16.026,89.761,b'1',b'ARGOS   ',250.0,11.944,35.015
10,26,b'2900266 ',b'Argo INDIA                                                      ',b'M Ravichandran                                                  ',10.0,b'A',2003-08-15 01:48:00.000000000,b'1',16.026,89.761,b'1',b'ARGOS   ',259.8,11.798,35.022
10,27,b'2900266 ',b'Argo INDIA                                                      ',b'M Ravichandran                                                  ',10.0,b'A',2003-08-15 01:48:00.000000000,b'1',16.026,89.761,b'1',b'ARGOS   ',269.9,11.598,35.024
10,28,b'2900266 ',b'Argo INDIA                                                      ',b'M Ravichandran                                                  ',10.0,b'A',2003-08-15 01:48:00.000000000,b'1',16.026,89.761,b'1',b'ARGOS   ',280.4,11.44,35.028
10,29,b'2900266 ',b'Argo INDIA                                                      ',b'M Ravichandran                                                  ',10.0,b'A',2003-08-15 01:48:00.000000000,b'1',16.026,89.761,b'1',b'ARGOS   ',289.9,11.334,35.029
10,30,b'2900266 ',b'Argo INDIA                                                      ',b'M Ravichandran                                                  ',10.0,b'A',2003-08-15 01:48:00.000000000,b'1',16.026,89.761,b'1',b'ARGOS   ',300.6,11.256,35.029
10,31,b'2900266 ',b'Argo INDIA                                                      ',b'M Ravichandran                                                  ',10.0,b'A',2003-08-15 01:48:00.000000000,b'1',16.026,89.761,b'1',b'ARGOS   ',310.1,11.132,35.029
10,32,b'2900266 ',b'Argo INDIA                                                      ',b'M Ravichandran                                                  ',10.0,b'A',2003-08-15 01:48:00.000000000,b'1',16.026,89.761,b'1',b'ARGOS   ',320.4,11.022,35.03
10,33,b'2900266 ',b'Argo INDIA                                                      ',b'M Ravichandran                                                  ',10.0,b'A',2003-08-15 01:48:00.000000000,b'1',16.026,89.761,b'1',b'ARGOS   ',330.6,10.941,35.031
10,34,b'2900266 ',b'Argo INDIA                                                      ',b'M Ravichandran                                                  ',10.0,b'A',2003-08-15 01:48:00.000000000,b'1',16.026,89.761,b'1',b'ARGOS   ',340.3,10.871,35.031
10,35,b'2900266 ',b'Argo INDIA                                                      ',b'M Ravichandran                                                  ',10.0,b'A',2003-08-15 01:48:00.000000000,b'1',16.026,89.761,b'1',b'ARGOS   ',350.4,10.785,35.03
10,36,b'2900266 ',b'Argo INDIA                                                      ',b'M Ravichandran                                                  ',10.0,b'A',2003-08-15 01:48:00.000000000,b'1',16.026,89.761,b'1',b'ARGOS   ',360.1,10.718,35.031
10,37,b'2900266 ',b'Argo INDIA                                                      ',b'M Ravichandran                                                  ',10.0,b'A',2003-08-15 01:48:00.000000000,b'1',16.026,89.761,b'1',b'ARGOS   ',380.0,10.568,35.03
10,38,b'2900266 ',b'Argo INDIA                                                      ',b'M Ravichandran                                                  ',10.0,b'A',2003-08-15 01:48:00.000000000,b'1',16.026,89.761,b'1',b'ARGOS   ',399.4,10.461,35.03
10,39,b'2900266 ',b'Argo INDIA                                                      ',b'M Ravichandran                                                  ',10.0,b'A',2003-08-15 01:48:00.000000000,b'1',16.026,89.761,b'1',b'ARGOS   ',449.7,10.053,35.025
10,40,b'2900266 ',b'Argo INDIA                                                      ',b'M Ravichandran                                                  ',10.0,b'A',2003-08-15 01:48:00.000000000,b'1',16.026,89.761,b'1',b'ARGOS   ',483.0,9.79,35.022
10,41,b'2900266 ',b'Argo INDIA                                                      ',b'M Ravichandran                                                  ',10.0,b'A',2003-08-15 01:48:00.000000000,b'1',16.026,89.761,b'1',b'ARGOS   ',,,
10,42,b'2900266 ',b'Argo INDIA                                                      ',b'M Ravichandran                                                  ',10.0,b'A',2003-08-15 01:48:00.000000000,b'1',16.026,89.761,b'1',b'ARGOS   ',,,
10,43,b'2900266 ',b'Argo INDIA                                                      ',b'M Ravichandran                                                  ',10.0,b'A',2003-08-15 01:48:00.000000000,b'1',16.026,89.761,b'1',b'ARGOS   ',,,
10,44,b'2900266 ',b'Argo INDIA                                                      ',b'M Ravichandran                                                  ',10.0,b'A',2003-08-15 01:48:00.000000000,b'1',16.026,89.761,b'1',b'ARGOS   ',,,
10,45,b'2900266 ',b'Argo INDIA                                                      ',b'M Ravichandran                                                  ',10.0,b'A',2003-08-15 01:48:00.000000000,b'1',16.026,89.761,b'1',b'ARGOS   ',,,
10,46,b'2900266 ',b'Argo INDIA                                                      ',b'M Ravichandran                                                  ',10.0,b'A',2003-08-15 01:48:00.000000000,b'1',16.026,89.761,b'1',b'ARGOS   ',,,
10,47,b'2900266 ',b'Argo INDIA                                                      ',b'M Ravichandran                                                  ',10.0,b'A',2003-08-15 01:48:00.000000000,b'1',16.026,89.761,b'1',b'ARGOS   ',,,
10,48,b'2900266 ',b'Argo INDIA                                                      ',b'M Ravichandran                                                  ',10.0,b'A',2003-08-15 01:48:00.000000000,b'1',16.026,89.761,b'1',b'ARGOS   ',,,
10,49,b'2900266 ',b'Argo INDIA                                                      ',b'M Ravichandran                                                  ',10.0,b'A',2003-08-15 01:48:00.000000000,b'1',16.026,89.761,b'1',b'ARGOS   ',,,
10,50,b'2900266 ',b'Argo INDIA                                                      ',b'M Ravichandran                                                  ',10.0,b'A',2003-08-15 01:48:00.000000000,b'1',16.026,89.761,b'1',b'ARGOS   ',,,
11,0,b'2900266 ',b'Argo INDIA                                                      ',b'M Ravichandran                                                  ',11.0,b'A',2003-08-20 01:54:00.000000000,b'1',16.081,89.834,b'1',b'ARGOS   ',4.1,29.478,32.796
11,1,b'2900266 ',b'Argo INDIA                                                      ',b'M Ravichandran                                                  ',11.0,b'A',2003-08-20 01:54:00.000000000,b'1',16.081,89.834,b'1',b'ARGOS   ',9.6,29.475,32.815
11,2,b'2900266 ',b'Argo INDIA                                                      ',b'M Ravichandran                                                  ',11.0,b'A',2003-08-20 01:54:00.000000000,b'1',16.081,89.834,b'1',b'ARGOS   ',20.1,29.098,33.149
11,3,b'2900266 ',b'Argo INDIA                                                      ',b'M Ravichandran                                                  ',11.0,b'A',2003-08-20 01:54:00.000000000,b'1',16.081,89.834,b'1',b'ARGOS   ',30.7,28.857,33.664
11,4,b'2900266 ',b'Argo INDIA                                                      ',b'M Ravichandran                                                  ',11.0,b'A',2003-08-20 01:54:00.000000000,b'1',16.081,89.834,b'1',b'ARGOS   ',39.7,28.746,33.842
11,5,b'2900266 ',b'Argo INDIA                                                      ',b'M Ravichandran                                                  ',11.0,b'A',2003-08-20 01:54:00.000000000,b'1',16.081,89.834,b'1',b'ARGOS   ',50.1,28.299,34.109
11,6,b'2900266 ',b'Argo INDIA                                                      ',b'M Ravichandran                                                  ',11.0,b'A',2003-08-20 01:54:00.000000000,b'1',16.081,89.834,b'1',b'ARGOS   ',60.0,26.953,34.442
11,7,b'2900266 ',b'Argo INDIA                                                      ',b'M Ravichandran                                                  ',11.0,b'A',2003-08-20 01:54:00.000000000,b'1',16.081,89.834,b'1',b'ARGOS   ',69.7,25.533,34.671
11,8,b'2900266 ',b'Argo INDIA                                                      ',b'M Ravichandran                                                  ',11.0,b'A',2003-08-20 01:54:00.000000000,b'1',16.081,89.834,b'1',b'ARGOS   ',80.4,23.48,34.781
11,9,b'2900266 ',b'Argo INDIA                                                      ',b'M Ravichandran                                                  ',11.0,b'A',2003-08-20 01:54:00.000000000,b'1',16.081,89.834,b'1',b'ARGOS   ',89.7,21.733,34.821
11,10,b'2900266 ',b'Argo INDIA                                                      ',b'M Ravichandran                                                  ',11.0,b'A',2003-08-20 01:54:00.000000000,b'1',16.081,89.834,b'1',b'ARGOS   ',99.8,20.198,34.837
11,11,b'2900266 ',b'Argo INDIA                                                      ',b'M Ravichandran                                                  ',11.0,b'A',2003-08-20 01:54:00.000000000,b'1',16.081,89.834,b'1',b'ARGOS   ',110.2,18.887,34.85
11,12,b'2900266 ',b'Argo INDIA                                                      ',b'M Ravichandran                                                  ',11.0,b'A',2003-08-20 01:54:00.000000000,b'1',16.081,89.834,b'1',b'ARGOS   ',119.9,17.864,34.87
11,13,b'2900266 ',b'Argo INDIA                                                      ',b'M Ravichandran                                                  ',11.0,b'A',2003-08-20 01:54:00.000000000,b'1',16.081,89.834,b'1',b'ARGOS   ',130.2,16.879,34.896
11,14,b'2900266 ',b'Argo INDIA                                                      ',b'M Ravichandran                                                  ',11.0,b'A',2003-08-20 01:54:00.000000000,b'1',16.081,89.834,b'1',b'ARGOS   ',139.8,15.939,34.919
11,15,b'2900266 ',b'Argo INDIA                                                      ',b'M Ravichandran                                                  ',11.0,b'A',2003-08-20 01:54:00.000000000,b'1',16.081,89.834,b'1',b'ARGOS   ',150.1,14.943,34.954
11,16,b'2900266 ',b'Argo INDIA                                                      ',b'M Ravichandran                                                  ',11.0,b'A',2003-08-20 01:54:00.000000000,b'1',16.081,89.834,b'1',b'ARGOS   ',160.0,14.327,34.972
11,17,b'2900266 ',b'Argo INDIA                                                      ',b'M Ravichandran                                                  ',11.0,b'A',2003-08-20 01:54:00.000000000,b'1',16.081,89.834,b'1',b'ARGOS   ',170.6,13.914,34.986
11,18,b'2900266 ',b'Argo INDIA                                                      ',b'M Ravichandran                                                  ',11.0,b'A',2003-08-20 01:54:00.000000000,b'1',16.081,89.834,b'1',b'ARGOS   ',180.7,13.48,34.996
11,19,b'2900266 ',b'Argo INDIA                                                      ',b'M Ravichandran                                                  ',11.0,b'A',2003-08-20 01:54:00.000000000,b'1',16.081,89.834,b'1',b'ARGOS   ',190.0,13.331,34.996
11,20,b'2900266 ',b'Argo INDIA                                                      ',b'M Ravichandran                                                  ',11.0,b'A',2003-08-20 01:54:00.000000000,b'1',16.081,89.834,b'1',b'ARGOS   ',200.0,13.006,35.0
11,21,b'2900266 ',b'Argo INDIA                                                      ',b'M Ravichandran                                                  ',11.0,b'A',2003-08-20 01:54:00.000000000,b'1',16.081,89.834,b'1',b'ARGOS   ',209.9,12.634,35.006
11,22,b'2900266 ',b'Argo INDIA                                                      ',b'M Ravichandran                                                  ',11.0,b'A',2003-08-20 01:54:00.000000000,b'1',16.081,89.834,b'1',b'ARGOS   ',220.3,12.328,35.015
11,23,b'2900266 ',b'Argo INDIA                                                      ',b'M Ravichandran                                                  ',11.0,b'A',2003-08-20 01:54:00.000000000,b'1',16.081,89.834,b'1',b'ARGOS   ',229.9,12.181,35.018
11,24,b'2900266 ',b'Argo INDIA                                                      ',b'M Ravichandran                                                  ',11.0,b'A',2003-08-20 01:54:00.000000000,b'1',16.081,89.834,b'1',b'ARGOS   ',240.0,12.026,35.022
11,25,b'2900266 ',b'Argo INDIA                                                      ',b'M Ravichandran                                                  ',11.0,b'A',2003-08-20 01:54:00.000000000,b'1',16.081,89.834,b'1',b'ARGOS   ',250.0,11.878,35.024
11,26,b'2900266 ',b'Argo INDIA                                                      ',b'M Ravichandran                                                  ',11.0,b'A',2003-08-20 01:54:00.000000000,b'1',16.081,89.834,b'1',b'ARGOS   ',260.0,11.732,35.025
11,27,b'2900266 ',b'Argo INDIA                                                      ',b'M Ravichandran                                                  ',11.0,b'A',2003-08-20 01:54:00.000000000,b'1',16.081,89.834,b'1',b'ARGOS   ',270.4,11.577,35.027
11,28,b'2900266 ',b'Argo INDIA                                                      ',b'M Ravichandran                                                  ',11.0,b'A',2003-08-20 01:54:00.000000000,b'1',16.081,89.834,b'1',b'ARGOS   ',280.4,11.455,35.03
11,29,b'2900266 ',b'Argo INDIA                                                      ',b'M Ravichandran                                                  ',11.0,b'A',2003-08-20 01:54:00.000000000,b'1',16.081,89.834,b'1',b'ARGOS   ',289.8,11.371,35.03
11,30,b'2900266 ',b'Argo INDIA                                                      ',b'M Ravichandran                                                  ',11.0,b'A',2003-08-20 01:54:00.000000000,b'1',16.081,89.834,b'1',b'ARGOS   ',299.5,11.24,35.031
11,31,b'2900266 ',b'Argo INDIA                                                      ',b'M Ravichandran                                                  ',11.0,b'A',2003-08-20 01:54:00.000000000,b'1',16.081,89.834,b'1',b'ARGOS   ',310.4,11.145,35.031
11,32,b'2900266 ',b'Argo INDIA                                                      ',b'M Ravichandran                                                  ',11.0,b'A',2003-08-20 01:54:00.000000000,b'1',16.081,89.834,b'1',b'ARGOS   ',319.4,11.053,35.031
11,33,b'2900266 ',b'Argo INDIA                                                      ',b'M Ravichandran                                                  ',11.0,b'A',2003-08-20 01:54:00.000000000,b'1',16.081,89.834,b'1',b'ARGOS   ',329.8,10.959,35.034
11,34,b'2900266 ',b'Argo INDIA                                                      ',b'M Ravichandran                                                  ',11.0,b'A',2003-08-20 01:54:00.000000000,b'1',16.081,89.834,b'1',b'ARGOS   ',340.5,10.864,35.032
11,35,b'2900266 ',b'Argo INDIA                                                      ',b'M Ravichandran                                                  ',11.0,b'A',2003-08-20 01:54:00.000000000,b'1',16.081,89.834,b'1',b'ARGOS   ',350.4,10.808,35.031
11,36,b'2900266 ',b'Argo INDIA                                                      ',b'M Ravichandran                                                  ',11.0,b'A',2003-08-20 01:54:00.000000000,b'1',16.081,89.834,b'1',b'ARGOS   ',359.7,10.732,35.03
11,37,b'2900266 ',b'Argo INDIA                                                      ',b'M Ravichandran                                                  ',11.0,b'A',2003-08-20 01:54:00.000000000,b'1',16.081,89.834,b'1',b'ARGOS   ',380.3,10.568,35.03
11,38,b'2900266 ',b'Argo INDIA                                                      ',b'M Ravichandran                                                  ',11.0,b'A',2003-08-20 01:54:00.000000000,b'1',16.081,89.834,b'1',b'ARGOS   ',399.7,10.419,35.029
11,39,b'2900266 ',b'Argo INDIA                                                      ',b'M Ravichandran                                                  ',11.0,b'A',2003-08-20 01:54:00.000000000,b'1',16.081,89.834,b'1',b'ARGOS   ',450.4,10.028,35.025
11,40,b'2900266 ',b'Argo INDIA                                                      ',b'M Ravichandran                                                  ',11.0,b'A',2003-08-20 01:54:00.000000000,b'1',16.081,89.834,b'1',b'ARGOS   ',488.9,9.731,35.023
11,41,b'2900266 ',b'Argo INDIA                                                      ',b'M Ravichandran                                                  ',11.0,b'A',2003-08-20 01:54:00.000000000,b'1',16.081,89.834,b'1',b'ARGOS   ',,,
11,42,b'2900266 ',b'Argo INDIA                                                      ',b'M Ravichandran                                                  ',11.0,b'A',2003-08-20 01:54:00.000000000,b'1',16.081,89.834,b'1',b'ARGOS   ',,,
11,43,b'2900266 ',b'Argo INDIA                                                      ',b'M Ravichandran                                                  ',11.0,b'A',2003-08-20 01:54:00.000000000,b'1',16.081,89.834,b'1',b'ARGOS   ',,,
11,44,b'2900266 ',b'Argo INDIA                                                      ',b'M Ravichandran                                                  ',11.0,b'A',2003-08-20 01:54:00.000000000,b'1',16.081,89.834,b'1',b'ARGOS   ',,,
11,45,b'2900266 ',b'Argo INDIA                                                      ',b'M Ravichandran                                                  ',11.0,b'A',2003-08-20 01:54:00.000000000,b'1',16.081,89.834,b'1',b'ARGOS   ',,,
11,46,b'2900266 ',b'Argo INDIA                                                      ',b'M Ravichandran                                                  ',11.0,b'A',2003-08-20 01:54:00.000000000,b'1',16.081,89.834,b'1',b'ARGOS   ',,,
11,47,b'2900266 ',b'Argo INDIA                                                      ',b'M Ravichandran                                                  ',11.0,b'A',2003-08-20 01:54:00.000000000,b'1',16.081,89.834,b'1',b'ARGOS   ',,,
11,48,b'2900266 ',b'Argo INDIA                                                      ',b'M Ravichandran                                                  ',11.0,b'A',2003-08-20 01:54:00.000000000,b'1',16.081,89.834,b'1',b'ARGOS   ',,,
11,49,b'2900266 ',b'Argo INDIA                                                      ',b'M Ravichandran                                                  ',11.0,b'A',2003-08-20 01:54:00.000000000,b'1',16.081,89.834,b'1',b'ARGOS   ',,,
11,50,b'2900266 ',b'Argo INDIA                                                      ',b'M Ravichandran                                                  ',11.0,b'A',2003-08-20 01:54:00.000000000,b'1',16.081,89.834,b'1',b'ARGOS   ',,,
12,0,b'2900266 ',b'Argo INDIA                                                      ',b'M Ravichandran                                                  ',12.0,b'A',2003-08-25 01:48:00.000000000,b'1',16.249,89.787,b'1',b'ARGOS   ',3.8,28.832,32.67
12,1,b'2900266 ',b'Argo INDIA                                                      ',b'M Ravichandran                                                  ',12.0,b'A',2003-08-25 01:48:00.000000000,b'1',16.249,89.787,b'1',b'ARGOS   ',10.2,28.896,32.756
12,2,b'2900266 ',b'Argo INDIA                                                      ',b'M Ravichandran                                                  ',12.0,b'A',2003-08-25 01:48:00.000000000,b'1',16.249,89.787,b'1',b'ARGOS   ',19.6,28.915,32.847
12,3,b'2900266 ',b'Argo INDIA                                                      ',b'M Ravichandran                                                  ',12.0,b'A',2003-08-25 01:48:00.000000000,b'1',16.249,89.787,b'1',b'ARGOS   ',29.6,28.828,33.442
12,4,b'2900266 ',b'Argo INDIA                                                      ',b'M Ravichandran                                                  ',12.0,b'A',2003-08-25 01:48:00.000000000,b'1',16.249,89.787,b'1',b'ARGOS   ',39.7,28.744,33.867
12,5,b'2900266 ',b'Argo INDIA                                                      ',b'M Ravichandran                                                  ',12.0,b'A',2003-08-25 01:48:00.000000000,b'1',16.249,89.787,b'1',b'ARGOS   ',49.9,28.041,34.18
12,6,b'2900266 ',b'Argo INDIA                                                      ',b'M Ravichandran                                                  ',12.0,b'A',2003-08-25 01:48:00.000000000,b'1',16.249,89.787,b'1',b'ARGOS   ',60.0,26.846,34.448
12,7,b'2900266 ',b'Argo INDIA                                                      ',b'M Ravichandran                                                  ',12.0,b'A',2003-08-25 01:48:00.000000000,b'1',16.249,89.787,b'1',b'ARGOS   ',70.2,24.991,34.638
12,8,b'2900266 ',b'Argo INDIA                                                      ',b'M Ravichandran                                                  ',12.0,b'A',2003-08-25 01:48:00.000000000,b'1',16.249,89.787,b'1',b'ARGOS   ',80.2,23.297,34.664
12,9,b'2900266 ',b'Argo INDIA                                                      ',b'M Ravichandran                                                  ',12.0,b'A',2003-08-25 01:48:00.000000000,b'1',16.249,89.787,b'1',b'ARGOS   ',90.3,22.053,34.808
12,10,b'2900266 ',b'Argo INDIA                                                      ',b'M Ravichandran                                                  ',12.0,b'A',2003-08-25 01:48:00.000000000,b'1',16.249,89.787,b'1',b'ARGOS   ',100.0,21.055,34.838
12,11,b'2900266 ',b'Argo INDIA                                                      ',b'M Ravichandran                                                  ',12.0,b'A',2003-08-25 01:48:00.000000000,b'1',16.249,89.787,b'1',b'ARGOS   ',109.9,19.963,34.827
12,12,b'2900266 ',b'Argo INDIA                                                      ',b'M Ravichandran                                                  ',12.0,b'A',2003-08-25 01:48:00.000000000,b'1',16.249,89.787,b'1',b'ARGOS   ',119.8,18.648,34.855
12,13,b'2900266 ',b'Argo INDIA                                                      ',b'M Ravichandran                                                  ',12.0,b'A',2003-08-25 01:48:00.000000000,b'1',16.249,89.787,b'1',b'ARGOS   ',130.1,17.428,34.886
12,14,b'2900266 ',b'Argo INDIA                                                      ',b'M Ravichandran                                                  ',12.0,b'A',2003-08-25 01:48:00.000000000,b'1',16.249,89.787,b'1',b'ARGOS   ',140.0,16.534,34.91
12,15,b'2900266 ',b'Argo INDIA                                                      ',b'M Ravichandran                                                  ',12.0,b'A',2003-08-25 01:48:00.000000000,b'1',16.249,89.787,b'1',b'ARGOS   ',149.7,15.647,34.936
12,16,b'2900266 ',b'Argo INDIA                                                      ',b'M Ravichandran                                                  ',12.0,b'A',2003-08-25 01:48:00.000000000,b'1',16.249,89.787,b'1',b'ARGOS   ',160.3,14.983,34.955
12,17,b'2900266 ',b'Argo INDIA                                                      ',b'M Ravichandran                                                  ',12.0,b'A',2003-08-25 01:48:00.000000000,b'1',16.249,89.787,b'1',b'ARGOS   ',169.7,14.596,34.965
12,18,b'2900266 ',b'Argo INDIA                                                      ',b'M Ravichandran                                                  ',12.0,b'A',2003-08-25 01:48:00.000000000,b'1',16.249,89.787,b'1',b'ARGOS   ',180.3,14.091,34.979
12,19,b'2900266 ',b'Argo INDIA                                                      ',b'M Ravichandran                                                  ',12.0,b'A',2003-08-25 01:48:00.000000000,b'1',16.249,89.787,b'1',b'ARGOS   ',190.3,13.702,34.992
12,20,b'2900266 ',b'Argo INDIA                                                      ',b'M Ravichandran                                                  ',12.0,b'A',2003-08-25 01:48:00.000000000,b'1',16.249,89.787,b'1',b'ARGOS   ',199.9,13.362,34.999
12,21,b'2900266 ',b'Argo INDIA                                                      ',b'M Ravichandran                                                  ',12.0,b'A',2003-08-25 01:48:00.000000000,b'1',16.249,89.787,b'1',b'ARGOS   ',210.4,13.13,35.001
12,22,b'2900266 ',b'Argo INDIA                                                      ',b'M Ravichandran                                                  ',12.0,b'A',2003-08-25 01:48:00.000000000,b'1',16.249,89.787,b'1',b'ARGOS   ',220.2,12.75,35.01
12,23,b'2900266 ',b'Argo INDIA                                                      ',b'M Ravichandran                                                  ',12.0,b'A',2003-08-25 01:48:00.000000000,b'1',16.249,89.787,b'1',b'ARGOS   ',230.1,12.407,35.016
12,24,b'2900266 ',b'Argo INDIA                                                      ',b'M Ravichandran                                                  ',12.0,b'A',2003-08-25 01:48:00.000000000,b'1',16.249,89.787,b'1',b'ARGOS   ',239.9,12.216,35.017
12,25,b'2900266 ',b'Argo INDIA                                                      ',b'M Ravichandran                                                  ',12.0,b'A',2003-08-25 01:48:00.000000000,b'1',16.249,89.787,b'1',b'ARGOS   ',250.0,12.023,35.021
12,26,b'2900266 ',b'Argo INDIA                                                      ',b'M Ravichandran                                                  ',12.0,b'A',2003-08-25 01:48:00.000000000,b'1',16.249,89.787,b'1',b'ARGOS   ',259.6,11.876,35.023
12,27,b'2900266 ',b'Argo INDIA                                                      ',b'M Ravichandran                                                  ',12.0,b'A',2003-08-25 01:48:00.000000000,b'1',16.249,89.787,b'1',b'ARGOS   ',269.7,11.712,35.026
12,28,b'2900266 ',b'Argo INDIA                                                      ',b'M Ravichandran                                                  ',12.0,b'A',2003-08-25 01:48:00.000000000,b'1',16.249,89.787,b'1',b'ARGOS   ',279.8,11.53,35.028
12,29,b'2900266 ',b'Argo INDIA                                                      ',b'M Ravichandran                                                  ',12.0,b'A',2003-08-25 01:48:00.000000000,b'1',16.249,89.787,b'1',b'ARGOS   ',290.0,11.38,35.028
12,30,b'2900266 ',b'Argo INDIA                                                      ',b'M Ravichandran                                                  ',12.0,b'A',2003-08-25 01:48:00.000000000,b'1',16.249,89.787,b'1',b'ARGOS   ',300.4,11.243,35.03
12,31,b'2900266 ',b'Argo INDIA                                                      ',b'M Ravichandran                                                  ',12.0,b'A',2003-08-25 01:48:00.000000000,b'1',16.249,89.787,b'1',b'ARGOS   ',309.9,11.144,35.03
12,32,b'2900266 ',b'Argo INDIA                                                      ',b'M Ravichandran                                                  ',12.0,b'A',2003-08-25 01:48:00.000000000,b'1',16.249,89.787,b'1',b'ARGOS   ',320.2,11.07,35.03
12,33,b'2900266 ',b'Argo INDIA                                                      ',b'M Ravichandran                                                  ',12.0,b'A',2003-08-25 01:48:00.000000000,b'1',16.249,89.787,b'1',b'ARGOS   ',329.6,10.986,35.03
12,34,b'2900266 ',b'Argo INDIA                                                      ',b'M Ravichandran                                                  ',12.0,b'A',2003-08-25 01:48:00.000000000,b'1',16.249,89.787,b'1',b'ARGOS   ',339.5,10.886,35.03
12,35,b'2900266 ',b'Argo INDIA                                                      ',b'M Ravichandran                                                  ',12.0,b'A',2003-08-25 01:48:00.000000000,b'1',16.249,89.787,b'1',b'ARGOS   ',350.4,10.799,35.03
12,36,b'2900266 ',b'Argo INDIA                                                      ',b'M Ravichandran                                                  ',12.0,b'A',2003-08-25 01:48:00.000000000,b'1',16.249,89.787,b'1',b'ARGOS   ',359.7,10.712,35.03
12,37,b'2900266 ',b'Argo INDIA                                                      ',b'M Ravichandran                                                  ',12.0,b'A',2003-08-25 01:48:00.000000000,b'1',16.249,89.787,b'1',b'ARGOS   ',380.1,10.549,35.029
12,38,b'2900266 ',b'Argo INDIA                                                      ',b'M Ravichandran                                                  ',12.0,b'A',2003-08-25 01:48:00.000000000,b'1',16.249,89.787,b'1',b'ARGOS   ',400.3,10.421,35.028
12,39,b'2900266 ',b'Argo INDIA                                                      ',b'M Ravichandran                                                  ',12.0,b'A',2003-08-25 01:48:00.000000000,b'1',16.249,89.787,b'1',b'ARGOS   ',449.5,10.065,35.026
12,40,b'2900266 ',b'Argo INDIA                                                      ',b'M Ravichandran                                                  ',12.0,b'A',2003-08-25 01:48:00.000000000,b'1',16.249,89.787,b'1',b'ARGOS   ',490.0,9.77,35.022
12,41,b'2900266 ',b'Argo INDIA                                                      ',b'M Ravichandran                                                  ',12.0,b'A',2003-08-25 01:48:00.000000000,b'1',16.249,89.787,b'1',b'ARGOS   ',,,
12,42,b'2900266 ',b'Argo INDIA                                                      ',b'M Ravichandran                                                  ',12.0,b'A',2003-08-25 01:48:00.000000000,b'1',16.249,89.787,b'1',b'ARGOS   ',,,
12,43,b'2900266 ',b'Argo INDIA                                                      ',b'M Ravichandran                                                  ',12.0,b'A',2003-08-25 01:48:00.000000000,b'1',16.249,89.787,b'1',b'ARGOS   ',,,
12,44,b'2900266 ',b'Argo INDIA                                                      ',b'M Ravichandran                                                  ',12.0,b'A',2003-08-25 01:48:00.000000000,b'1',16.249,89.787,b'1',b'ARGOS   ',,,
12,45,b'2900266 ',b'Argo INDIA                                                      ',b'M Ravichandran                                                  ',12.0,b'A',2003-08-25 01:48:00.000000000,b'1',16.249,89.787,b'1',b'ARGOS   ',,,
12,46,b'2900266 ',b'Argo INDIA                                                      ',b'M Ravichandran                                                  ',12.0,b'A',2003-08-25 01:48:00.000000000,b'1',16.249,89.787,b'1',b'ARGOS   ',,,
12,47,b'2900266 ',b'Argo INDIA                                                      ',b'M Ravichandran                                                  ',12.0,b'A',2003-08-25 01:48:00.000000000,b'1',16.249,89.787,b'1',b'ARGOS   ',,,
12,48,b'2900266 ',b'Argo INDIA                                                      ',b'M Ravichandran                                                  ',12.0,b'A',2003-08-25 01:48:00.000000000,b'1',16.249,89.787,b'1',b'ARGOS   ',,,
12,49,b'2900266 ',b'Argo INDIA                                                      ',b'M Ravichandran                                                  ',12.0,b'A',2003-08-25 01:48:00.000000000,b'1',16.249,89.787,b'1',b'ARGOS   ',,,
12,50,b'2900266 ',b'Argo INDIA                                                      ',b'M Ravichandran                                                  ',12.0,b'A',2003-08-25 01:48:00.000000000,b'1',16.249,89.787,b'1',b'ARGOS   ',,,
13,0,b'2900266 ',b'Argo INDIA                                                      ',b'M Ravichandran                                                  ',13.0,b'A',2003-08-30 01:54:00.000000000,b'1',16.142,89.91,b'1',b'ARGOS   ',3.9,28.584,32.762
13,1,b'2900266 ',b'Argo INDIA                                                      ',b'M Ravichandran                                                  ',13.0,b'A',2003-08-30 01:54:00.000000000,b'1',16.142,89.91,b'1',b'ARGOS   ',10.3,28.581,32.772
13,2,b'2900266 ',b'Argo INDIA                                                      ',b'M Ravichandran                                                  ',13.0,b'A',2003-08-30 01:54:00.000000000,b'1',16.142,89.91,b'1',b'ARGOS   ',19.5,28.583,32.815
13,3,b'2900266 ',b'Argo INDIA                                                      ',b'M Ravichandran                                                  ',13.0,b'A',2003-08-30 01:54:00.000000000,b'1',16.142,89.91,b'1',b'ARGOS   ',30.3,28.596,33.307
13,4,b'2900266 ',b'Argo INDIA                                                      ',b'M Ravichandran                                                  ',13.0,b'A',2003-08-30 01:54:00.000000000,b'1',16.142,89.91,b'1',b'ARGOS   ',40.0,28.631,33.637
13,5,b'2900266 ',b'Argo INDIA                                                      ',b'M Ravichandran                                                  ',13.0,b'A',2003-08-30 01:54:00.000000000,b'1',16.142,89.91,b'1',b'ARGOS   ',49.8,28.235,34.09
13,6,b'2900266 ',b'Argo INDIA                                                      ',b'M Ravichandran                                                  ',13.0,b'A',2003-08-30 01:54:00.000000000,b'1',16.142,89.91,b'1',b'ARGOS   ',60.3,27.713,34.307
13,7,b'2900266 ',b'Argo INDIA                                                      ',b'M Ravichandran                                                  ',13.0,b'A',2003-08-30 01:54:00.000000000,b'1',16.142,89.91,b'1',b'ARGOS   ',70.3,26.683,33.985
13,8,b'2900266 ',b'Argo INDIA                                                      ',b'M Ravichandran                                                  ',13.0,b'A',2003-08-30 01:54:00.000000000,b'1',16.142,89.91,b'1',b'ARGOS   ',79.6,25.191,34.171
13,9,b'2900266 ',b'Argo INDIA                                                      ',b'M Ravichandran                                                  ',13.0,b'A',2003-08-30 01:54:00.000000000,b'1',16.142,89.91,b'1',b'ARGOS   ',90.2,23.685,34.396
13,10,b'2900266 ',b'Argo INDIA                                                      ',b'M Ravichandran                                                  ',13.0,b'A',2003-08-30 01:54:00.000000000,b'1',16.142,89.91,b'1',b'ARGOS   ',100.0,22.361,34.142
13,11,b'2900266 ',b'Argo INDIA                                                      ',b'M Ravichandran                                                  ',13.0,b'A',2003-08-30 01:54:00.000000000,b'1',16.142,89.91,b'1',b'ARGOS   ',110.0,21.173,34.217
13,12,b'2900266 ',b'Argo INDIA                                                      ',b'M Ravichandran                                                  ',13.0,b'A',2003-08-30 01:54:00.000000000,b'1',16.142,89.91,b'1',b'ARGOS   ',119.9,19.9,34.488
13,13,b'2900266 ',b'Argo INDIA                                                      ',b'M Ravichandran                                                  ',13.0,b'A',2003-08-30 01:54:00.000000000,b'1',16.142,89.91,b'1',b'ARGOS   ',130.0,19.022,34.332
13,14,b'2900266 ',b'Argo INDIA                                                      ',b'M Ravichandran                                                  ',13.0,b'A',2003-08-30 01:54:00.000000000,b'1',16.142,89.91,b'1',b'ARGOS   ',139.6,17.849,34.605
13,15,b'2900266 ',b'Argo INDIA                                                      ',b'M Ravichandran                                                  ',13.0,b'A',2003-08-30 01:54:00.000000000,b'1',16.142,89.91,b'1',b'ARGOS   ',149.8,17.156,34.616
13,16,b'2900266 ',b'Argo INDIA                                                      ',b'M Ravichandran                                                  ',13.0,b'A',2003-08-30 01:54:00.000000000,b'1',16.142,89.91,b'1',b'ARGOS   ',160.3,16.47,34.497
13,17,b'2900266 ',b'Argo INDIA                                                      ',b'M Ravichandran                                                  ',13.0,b'A',2003-08-30 01:54:00.000000000,b'1',16.142,89.91,b'1',b'ARGOS   ',170.3,15.468,34.765
13,18,b'2900266 ',b'Argo INDIA                                                      ',b'M Ravichandran                                                  ',13.0,b'A',2003-08-30 01:54:00.000000000,b'1',16.142,89.91,b'1',b'ARGOS   ',180.1,15.022,34.701
13,19,b'2900266 ',b'Argo INDIA                                                      ',b'M Ravichandran                                                  ',13.0,b'A',2003-08-30 01:54:00.000000000,b'1',16.142,89.91,b'1',b'ARGOS   ',190.0,14.506,34.732
13,20,b'2900266 ',b'Argo INDIA                                                      ',b'M Ravichandran                                                  ',13.0,b'A',2003-08-30 01:54:00.000000000,b'1',16.142,89.91,b'1',b'ARGOS   ',200.6,14.06,34.749
13,21,b'2900266 ',b'Argo INDIA                                                      ',b'M Ravichandran                                                  ',13.0,b'A',2003-08-30 01:54:00.000000000,b'1',16.142,89.91,b'1',b'ARGOS   ',209.5,13.467,34.844
13,22,b'2900266 ',b'Argo INDIA                                                      ',b'M Ravichandran                                                  ',13.0,b'A',2003-08-30 01:54:00.000000000,b'1',16.142,89.91,b'1',b'ARGOS   ',220.6,13.128,34.908
13,23,b'2900266 ',b'Argo INDIA                                                      ',b'M Ravichandran                                                  ',13.0,b'A',2003-08-30 01:54:00.000000000,b'1',16.142,89.91,b'1',b'ARGOS   ',230.3,12.878,34.879
13,24,b'2900266 ',b'Argo INDIA                                                      ',b'M Ravichandran                                                  ',13.0,b'A',2003-08-30 01:54:00.000000000,b'1',16.142,89.91,b'1',b'ARGOS   ',239.9,12.599,34.925
13,25,b'2900266 ',b'Argo INDIA                                                      ',b'M Ravichandran                                                  ',13.0,b'A',2003-08-30 01:54:00.000000000,b'1',16.142,89.91,b'1',b'ARGOS   ',250.2,12.359,34.895
13,26,b'2900266 ',b'Argo INDIA                                                      ',b'M Ravichandran                                                  ',13.0,b'A',2003-08-30 01:54:00.000000000,b'1',16.142,89.91,b'1',b'ARGOS   ',260.0,12.101,34.955
13,27,b'2900266 ',b'Argo INDIA                                                      ',b'M Ravichandran                                                  ',13.0,b'A',2003-08-30 01:54:00.000000000,b'1',16.142,89.91,b'1',b'ARGOS   ',270.2,11.94,34.952
13,28,b'2900266 ',b'Argo INDIA                                                      ',b'M Ravichandran                                                  ',13.0,b'A',2003-08-30 01:54:00.000000000,b'1',16.142,89.91,b'1',b'ARGOS   ',280.3,11.787,34.933
13,29,b'2900266 ',b'Argo INDIA                                                      ',b'M Ravichandran                                                  ',13.0,b'A',2003-08-30 01:54:00.000000000,b'1',16.142,89.91,b'1',b'ARGOS   ',289.9,11.591,34.983
13,30,b'2900266 ',b'Argo INDIA                                                      ',b'M Ravichandran                                                  ',13.0,b'A',2003-08-30 01:54:00.000000000,b'1',16.142,89.91,b'1',b'ARGOS   ',299.8,11.485,34.971
13,31,b'2900266 ',b'Argo INDIA                                                      ',b'M Ravichandran                                                  ',13.0,b'A',2003-08-30 01:54:00.000000000,b'1',16.142,89.91,b'1',b'ARGOS   ',310.5,11.348,34.977
13,32,b'2900266 ',b'Argo INDIA                                                      ',b'M Ravichandran                                                  ',13.0,b'A',2003-08-30 01:54:00.000000000,b'1',16.142,89.91,b'1',b'ARGOS   ',320.1,11.234,34.988
13,33,b'2900266 ',b'Argo INDIA                                                      ',b'M Ravichandran                                                  ',13.0,b'A',2003-08-30 01:54:00.000000000,b'1',16.142,89.91,b'1',b'ARGOS   ',330.5,11.13,34.987
13,34,b'2900266 ',b'Argo INDIA                                                      ',b'M Ravichandran                                                  ',13.0,b'A',2003-08-30 01:54:00.000000000,b'1',16.142,89.91,b'1',b'ARGOS   ',340.4,11.064,34.984
13,35,b'2900266 ',b'Argo INDIA                                                      ',b'M Ravichandran                                                  ',13.0,b'A',2003-08-30 01:54:00.000000000,b'1',16.142,89.91,b'1',b'ARGOS   ',350.2,10.95,35.0
13,36,b'2900266 ',b'Argo INDIA                                                      ',b'M Ravichandran                                                  ',13.0,b'A',2003-08-30 01:54:00.000000000,b'1',16.142,89.91,b'1',b'ARGOS   ',360.7,10.842,34.999
13,37,b'2900266 ',b'Argo INDIA                                                      ',b'M Ravichandran                                                  ',13.0,b'A',2003-08-30 01:54:00.000000000,b'1',16.142,89.91,b'1',b'ARGOS   ',380.2,10.708,34.998
13,38,b'2900266 ',b'Argo INDIA                                                      ',b'M Ravichandran                                                  ',13.0,b'A',2003-08-30 01:54:00.000000000,b'1',16.142,89.91,b'1',b'ARGOS   ',400.1,10.535,34.991
13,39,b'2900266 ',b'Argo INDIA                                                      ',b'M Ravichandran                                                  ',13.0,b'A',2003-08-30 01:54:00.000000000,b'1',16.142,89.91,b'1',b'ARGOS   ',450.0,10.186,34.97
13,40,b'2900266 ',b'Argo INDIA                                                      ',b'M Ravichandran                                                  ',13.0,b'A',2003-08-30 01:54:00.000000000,b'1',16.142,89.91,b'1',b'ARGOS   ',500.2,9.785,35.021
13,41,b'2900266 ',b'Argo INDIA                                                      ',b'M Ravichandran                                                  ',13.0,b'A',2003-08-30 01:54:00.000000000,b'1',16.142,89.91,b'1',b'ARGOS   ',,,
13,42,b'2900266 ',b'Argo INDIA                                                      ',b'M Ravichandran                                                  ',13.0,b'A',2003-08-30 01:54:00.000000000,b'1',16.142,89.91,b'1',b'ARGOS   ',,,
13,43,b'2900266 ',b'Argo INDIA                                                      ',b'M Ravichandran                                                  ',13.0,b'A',2003-08-30 01:54:00.000000000,b'1',16.142,89.91,b'1',b'ARGOS   ',,,
13,44,b'2900266 ',b'Argo INDIA                                                      ',b'M Ravichandran                                                  ',13.0,b'A',2003-08-30 01:54:00.000000000,b'1',16.142,89.91,b'1',b'ARGOS   ',,,
13,45,b'2900266 ',b'Argo INDIA                                                      ',b'M Ravichandran                                                  ',13.0,b'A',2003-08-30 01:54:00.000000000,b'1',16.142,89.91,b'1',b'ARGOS   ',,,
13,46,b'2900266 ',b'Argo INDIA                                                      ',b'M Ravichandran                                                  ',13.0,b'A',2003-08-30 01:54:00.000000000,b'1',16.142,89.91,b'1',b'ARGOS   ',,,
13,47,b'2900266 ',b'Argo INDIA                                                      ',b'M Ravichandran                                                  ',13.0,b'A',2003-08-30 01:54:00.000000000,b'1',16.142,89.91,b'1',b'ARGOS   ',,,
13,48,b'2900266 ',b'Argo INDIA                                                      ',b'M Ravichandran                                                  ',13.0,b'A',2003-08-30 01:54:00.000000000,b'1',16.142,89.91,b'1',b'ARGOS   ',,,
13,49,b'2900266 ',b'Argo INDIA                                                      ',b'M Ravichandran                                                  ',13.0,b'A',2003-08-30 01:54:00.000000000,b'1',16.142,89.91,b'1',b'ARGOS   ',,,
13,50,b'2900266 ',b'Argo INDIA                                                      ',b'M Ravichandran                                                  ',13.0,b'A',2003-08-30 01:54:00.000000000,b'1',16.142,89.91,b'1',b'ARGOS   ',,,
14,0,b'2900266 ',b'Argo INDIA                                                      ',b'M Ravichandran                                                  ',14.0,b'A',2003-09-04 00:30:00.000000000,b'1',16.379,90.552,b'1',b'ARGOS   ',4.6,28.736,32.779
14,1,b'2900266 ',b'Argo INDIA                                                      ',b'M Ravichandran                                                  ',14.0,b'A',2003-09-04 00:30:00.000000000,b'1',16.379,90.552,b'1',b'ARGOS   ',10.2,28.733,32.782
14,2,b'2900266 ',b'Argo INDIA                                                      ',b'M Ravichandran                                                  ',14.0,b'A',2003-09-04 00:30:00.000000000,b'1',16.379,90.552,b'1',b'ARGOS   ',20.1,28.739,32.789
14,3,b'2900266 ',b'Argo INDIA                                                      ',b'M Ravichandran                                                  ',14.0,b'A',2003-09-04 00:30:00.000000000,b'1',16.379,90.552,b'1',b'ARGOS   ',30.0,28.742,32.82
14,4,b'2900266 ',b'Argo INDIA                                                      ',b'M Ravichandran                                                  ',14.0,b'A',2003-09-04 00:30:00.000000000,b'1',16.379,90.552,b'1',b'ARGOS   ',39.9,28.717,33.062
14,5,b'2900266 ',b'Argo INDIA                                                      ',b'M Ravichandran                                                  ',14.0,b'A',2003-09-04 00:30:00.000000000,b'1',16.379,90.552,b'1',b'ARGOS   ',50.2,28.569,33.793
14,6,b'2900266 ',b'Argo INDIA                                                      ',b'M Ravichandran                                                  ',14.0,b'A',2003-09-04 00:30:00.000000000,b'1',16.379,90.552,b'1',b'ARGOS   ',,,
14,7,b'2900266 ',b'Argo INDIA                                                      ',b'M Ravichandran                                                  ',14.0,b'A',2003-09-04 00:30:00.000000000,b'1',16.379,90.552,b'1',b'ARGOS   ',,,
14,8,b'2900266 ',b'Argo INDIA                                                      ',b'M Ravichandran                                                  ',14.0,b'A',2003-09-04 00:30:00.000000000,b'1',16.379,90.552,b'1',b'ARGOS   ',,,
14,9,b'2900266 ',b'Argo INDIA                                                      ',b'M Ravichandran                                                  ',14.0,b'A',2003-09-04 00:30:00.000000000,b'1',16.379,90.552,b'1',b'ARGOS   ',,,
14,10,b'2900266 ',b'Argo INDIA                                                      ',b'M Ravichandran                                                  ',14.0,b'A',2003-09-04 00:30:00.000000000,b'1',16.379,90.552,b'1',b'ARGOS   ',,,
14,11,b'2900266 ',b'Argo INDIA                                                      ',b'M Ravichandran                                                  ',14.0,b'A',2003-09-04 00:30:00.000000000,b'1',16.379,90.552,b'1',b'ARGOS   ',,,
14,12,b'2900266 ',b'Argo INDIA                                                      ',b'M Ravichandran                                                  ',14.0,b'A',2003-09-04 00:30:00.000000000,b'1',16.379,90.552,b'1',b'ARGOS   ',,,
14,13,b'2900266 ',b'Argo INDIA                                                      ',b'M Ravichandran                                                  ',14.0,b'A',2003-09-04 00:30:00.000000000,b'1',16.379,90.552,b'1',b'ARGOS   ',,,
14,14,b'2900266 ',b'Argo INDIA                                                      ',b'M Ravichandran                                                  ',14.0,b'A',2003-09-04 00:30:00.000000000,b'1',16.379,90.552,b'1',b'ARGOS   ',,,
14,15,b'2900266 ',b'Argo INDIA                                                      ',b'M Ravichandran                                                  ',14.0,b'A',2003-09-04 00:30:00.000000000,b'1',16.379,90.552,b'1',b'ARGOS   ',,,
14,16,b'2900266 ',b'Argo INDIA                                                      ',b'M Ravichandran                                                  ',14.0,b'A',2003-09-04 00:30:00.000000000,b'1',16.379,90.552,b'1',b'ARGOS   ',,,
14,17,b'2900266 ',b'Argo INDIA                                                      ',b'M Ravichandran                                                  ',14.0,b'A',2003-09-04 00:30:00.000000000,b'1',16.379,90.552,b'1',b'ARGOS   ',,,
14,18,b'2900266 ',b'Argo INDIA                                                      ',b'M Ravichandran                                                  ',14.0,b'A',2003-09-04 00:30:00.000000000,b'1',16.379,90.552,b'1',b'ARGOS   ',,,
14,19,b'2900266 ',b'Argo INDIA                                                      ',b'M Ravichandran                                                  ',14.0,b'A',2003-09-04 00:30:00.000000000,b'1',16.379,90.552,b'1',b'ARGOS   ',,,
14,20,b'2900266 ',b'Argo INDIA                                                      ',b'M Ravichandran                                                  ',14.0,b'A',2003-09-04 00:30:00.000000000,b'1',16.379,90.552,b'1',b'ARGOS   ',,,
14,21,b'2900266 ',b'Argo INDIA                                                      ',b'M Ravichandran                                                  ',14.0,b'A',2003-09-04 00:30:00.000000000,b'1',16.379,90.552,b'1',b'ARGOS   ',,,
14,22,b'2900266 ',b'Argo INDIA                                                      ',b'M Ravichandran                                                  ',14.0,b'A',2003-09-04 00:30:00.000000000,b'1',16.379,90.552,b'1',b'ARGOS   ',,,
14,23,b'2900266 ',b'Argo INDIA                                                      ',b'M Ravichandran                                                  ',14.0,b'A',2003-09-04 00:30:00.000000000,b'1',16.379,90.552,b'1',b'ARGOS   ',,,
14,24,b'2900266 ',b'Argo INDIA                                                      ',b'M Ravichandran                                                  ',14.0,b'A',2003-09-04 00:30:00.000000000,b'1',16.379,90.552,b'1',b'ARGOS   ',,,
14,25,b'2900266 ',b'Argo INDIA                                                      ',b'M Ravichandran                                                  ',14.0,b'A',2003-09-04 00:30:00.000000000,b'1',16.379,90.552,b'1',b'ARGOS   ',,,
14,26,b'2900266 ',b'Argo INDIA                                                      ',b'M Ravichandran                                                  ',14.0,b'A',2003-09-04 00:30:00.000000000,b'1',16.379,90.552,b'1',b'ARGOS   ',,,
14,27,b'2900266 ',b'Argo INDIA                                                      ',b'M Ravichandran                                                  ',14.0,b'A',2003-09-04 00:30:00.000000000,b'1',16.379,90.552,b'1',b'ARGOS   ',,,
14,28,b'2900266 ',b'Argo INDIA                                                      ',b'M Ravichandran                                                  ',14.0,b'A',2003-09-04 00:30:00.000000000,b'1',16.379,90.552,b'1',b'ARGOS   ',,,
14,29,b'2900266 ',b'Argo INDIA                                                      ',b'M Ravichandran                                                  ',14.0,b'A',2003-09-04 00:30:00.000000000,b'1',16.379,90.552,b'1',b'ARGOS   ',,,
14,30,b'2900266 ',b'Argo INDIA                                                      ',b'M Ravichandran                                                  ',14.0,b'A',2003-09-04 00:30:00.000000000,b'1',16.379,90.552,b'1',b'ARGOS   ',,,
14,31,b'2900266 ',b'Argo INDIA                                                      ',b'M Ravichandran                                                  ',14.0,b'A',2003-09-04 00:30:00.000000000,b'1',16.379,90.552,b'1',b'ARGOS   ',,,
14,32,b'2900266 ',b'Argo INDIA                                                      ',b'M Ravichandran                                                  ',14.0,b'A',2003-09-04 00:30:00.000000000,b'1',16.379,90.552,b'1',b'ARGOS   ',,,
14,33,b'2900266 ',b'Argo INDIA                                                      ',b'M Ravichandran                                                  ',14.0,b'A',2003-09-04 00:30:00.000000000,b'1',16.379,90.552,b'1',b'ARGOS   ',,,
14,34,b'2900266 ',b'Argo INDIA                                                      ',b'M Ravichandran                                                  ',14.0,b'A',2003-09-04 00:30:00.000000000,b'1',16.379,90.552,b'1',b'ARGOS   ',,,
14,35,b'2900266 ',b'Argo INDIA                                                      ',b'M Ravichandran                                                  ',14.0,b'A',2003-09-04 00:30:00.000000000,b'1',16.379,90.552,b'1',b'ARGOS   ',,,
14,36,b'2900266 ',b'Argo INDIA                                                      ',b'M Ravichandran                                                  ',14.0,b'A',2003-09-04 00:30:00.000000000,b'1',16.379,90.552,b'1',b'ARGOS   ',,,
14,37,b'2900266 ',b'Argo INDIA                                                      ',b'M Ravichandran                                                  ',14.0,b'A',2003-09-04 00:30:00.000000000,b'1',16.379,90.552,b'1',b'ARGOS   ',,,
14,38,b'2900266 ',b'Argo INDIA                                                      ',b'M Ravichandran                                                  ',14.0,b'A',2003-09-04 00:30:00.000000000,b'1',16.379,90.552,b'1',b'ARGOS   ',,,
14,39,b'2900266 ',b'Argo INDIA                                                      ',b'M Ravichandran                                                  ',14.0,b'A',2003-09-04 00:30:00.000000000,b'1',16.379,90.552,b'1',b'ARGOS   ',,,
14,40,b'2900266 ',b'Argo INDIA                                                      ',b'M Ravichandran                                                  ',14.0,b'A',2003-09-04 00:30:00.000000000,b'1',16.379,90.552,b'1',b'ARGOS   ',,,
14,41,b'2900266 ',b'Argo INDIA                                                      ',b'M Ravichandran                                                  ',14.0,b'A',2003-09-04 00:30:00.000000000,b'1',16.379,90.552,b'1',b'ARGOS   ',,,
14,42,b'2900266 ',b'Argo INDIA                                                      ',b'M Ravichandran                                                  ',14.0,b'A',2003-09-04 00:30:00.000000000,b'1',16.379,90.552,b'1',b'ARGOS   ',,,
14,43,b'2900266 ',b'Argo INDIA                                                      ',b'M Ravichandran                                                  ',14.0,b'A',2003-09-04 00:30:00.000000000,b'1',16.379,90.552,b'1',b'ARGOS   ',,,
14,44,b'2900266 ',b'Argo INDIA                                                      ',b'M Ravichandran                                                  ',14.0,b'A',2003-09-04 00:30:00.000000000,b'1',16.379,90.552,b'1',b'ARGOS   ',,,
14,45,b'2900266 ',b'Argo INDIA                                                      ',b'M Ravichandran                                                  ',14.0,b'A',2003-09-04 00:30:00.000000000,b'1',16.379,90.552,b'1',b'ARGOS   ',,,
14,46,b'2900266 ',b'Argo INDIA                                                      ',b'M Ravichandran                                                  ',14.0,b'A',2003-09-04 00:30:00.000000000,b'1',16.379,90.552,b'1',b'ARGOS   ',,,
14,47,b'2900266 ',b'Argo INDIA                                                      ',b'M Ravichandran                                                  ',14.0,b'A',2003-09-04 00:30:00.000000000,b'1',16.379,90.552,b'1',b'ARGOS   ',,,
14,48,b'2900266 ',b'Argo INDIA                                                      ',b'M Ravichandran                                                  ',14.0,b'A',2003-09-04 00:30:00.000000000,b'1',16.379,90.552,b'1',b'ARGOS   ',,,
14,49,b'2900266 ',b'Argo INDIA                                                      ',b'M Ravichandran                                                  ',14.0,b'A',2003-09-04 00:30:00.000000000,b'1',16.379,90.552,b'1',b'ARGOS   ',,,
14,50,b'2900266 ',b'Argo INDIA                                                      ',b'M Ravichandran                                                  ',14.0,b'A',2003-09-04 00:30:00.000000000,b'1',16.379,90.552,b'1',b'ARGOS   ',,,
15,0,b'2900266 ',b'Argo INDIA                                                      ',b'M Ravichandran                                                  ',15.0,b'A',2003-09-09 01:54:00.000000000,b'1',16.563,90.77,b'1',b'ARGOS   ',4.2,28.63,32.637
15,1,b'2900266 ',b'Argo INDIA                                                      ',b'M Ravichandran                                                  ',15.0,b'A',2003-09-09 01:54:00.000000000,b'1',16.563,90.77,b'1',b'ARGOS   ',9.7,28.61,32.643
15,2,b'2900266 ',b'Argo INDIA                                                      ',b'M Ravichandran                                                  ',15.0,b'A',2003-09-09 01:54:00.000000000,b'1',16.563,90.77,b'1',b'ARGOS   ',20.2,28.673,32.729
15,3,b'2900266 ',b'Argo INDIA                                                      ',b'M Ravichandran                                                  ',15.0,b'A',2003-09-09 01:54:00.000000000,b'1',16.563,90.77,b'1',b'ARGOS   ',29.7,28.689,32.887
15,4,b'2900266 ',b'Argo INDIA                                                      ',b'M Ravichandran                                                  ',15.0,b'A',2003-09-09 01:54:00.000000000,b'1',16.563,90.77,b'1',b'ARGOS   ',40.3,28.739,33.453
15,5,b'2900266 ',b'Argo INDIA                                                      ',b'M Ravichandran                                                  ',15.0,b'A',2003-09-09 01:54:00.000000000,b'1',16.563,90.77,b'1',b'ARGOS   ',49.3,28.173,33.997
15,6,b'2900266 ',b'Argo INDIA                                                      ',b'M Ravichandran                                                  ',15.0,b'A',2003-09-09 01:54:00.000000000,b'1',16.563,90.77,b'1',b'ARGOS   ',60.4,27.702,34.12
15,7,b'2900266 ',b'Argo INDIA                                                      ',b'M Ravichandran                                                  ',15.0,b'A',2003-09-09 01:54:00.000000000,b'1',16.563,90.77,b'1',b'ARGOS   ',70.0,26.949,33.706
15,8,b'2900266 ',b'Argo INDIA                                                      ',b'M Ravichandran                                                  ',15.0,b'A',2003-09-09 01:54:00.000000000,b'1',16.563,90.77,b'1',b'ARGOS   ',79.9,25.024,34.152
15,9,b'2900266 ',b'Argo INDIA                                                      ',b'M Ravichandran                                                  ',15.0,b'A',2003-09-09 01:54:00.000000000,b'1',16.563,90.77,b'1',b'ARGOS   ',90.1,23.347,34.335
15,10,b'2900266 ',b'Argo INDIA                                                      ',b'M Ravichandran                                                  ',15.0,b'A',2003-09-09 01:54:00.000000000,b'1',16.563,90.77,b'1',b'ARGOS   ',100.0,22.454,34.385
15,11,b'2900266 ',b'Argo INDIA                                                      ',b'M Ravichandran                                                  ',15.0,b'A',2003-09-09 01:54:00.000000000,b'1',16.563,90.77,b'1',b'ARGOS   ',110.0,21.264,34.31
15,12,b'2900266 ',b'Argo INDIA                                                      ',b'M Ravichandran                                                  ',15.0,b'A',2003-09-09 01:54:00.000000000,b'1',16.563,90.77,b'1',b'ARGOS   ',120.3,19.882,34.324
15,13,b'2900266 ',b'Argo INDIA                                                      ',b'M Ravichandran                                                  ',15.0,b'A',2003-09-09 01:54:00.000000000,b'1',16.563,90.77,b'1',b'ARGOS   ',129.9,18.703,34.439
15,14,b'2900266 ',b'Argo INDIA                                                      ',b'M Ravichandran                                                  ',15.0,b'A',2003-09-09 01:54:00.000000000,b'1',16.563,90.77,b'1',b'ARGOS   ',140.0,17.539,34.497
15,15,b'2900266 ',b'Argo INDIA                                                      ',b'M Ravichandran                                                  ',15.0,b'A',2003-09-09 01:54:00.000000000,b'1',16.563,90.77,b'1',b'ARGOS   ',150.1,16.689,34.624
15,16,b'2900266 ',b'Argo INDIA                                                      ',b'M Ravichandran                                                  ',15.0,b'A',2003-09-09 01:54:00.000000000,b'1',16.563,90.77,b'1',b'ARGOS   ',159.7,16.009,34.689
15,17,b'2900266 ',b'Argo INDIA                                                      ',b'M Ravichandran                                                  ',15.0,b'A',2003-09-09 01:54:00.000000000,b'1',16.563,90.77,b'1',b'ARGOS   ',170.3,15.446,34.729
15,18,b'2900266 ',b'Argo INDIA                                                      ',b'M Ravichandran                                                  ',15.0,b'A',2003-09-09 01:54:00.000000000,b'1',16.563,90.77,b'1',b'ARGOS   ',180.4,15.015,34.76
15,19,b'2900266 ',b'Argo INDIA                                                      ',b'M Ravichandran                                                  ',15.0,b'A',2003-09-09 01:54:00.000000000,b'1',16.563,90.77,b'1',b'ARGOS   ',190.0,14.525,34.779
15,20,b'2900266 ',b'Argo INDIA                                                      ',b'M Ravichandran                                                  ',15.0,b'A',2003-09-09 01:54:00.000000000,b'1',16.563,90.77,b'1',b'ARGOS   ',199.9,13.919,34.86
15,21,b'2900266 ',b'Argo INDIA                                                      ',b'M Ravichandran                                                  ',15.0,b'A',2003-09-09 01:54:00.000000000,b'1',16.563,90.77,b'1',b'ARGOS   ',210.2,13.617,34.788
15,22,b'2900266 ',b'Argo INDIA                                                      ',b'M Ravichandran                                                  ',15.0,b'A',2003-09-09 01:54:00.000000000,b'1',16.563,90.77,b'1',b'ARGOS   ',220.2,13.126,34.869
15,23,b'2900266 ',b'Argo INDIA                                                      ',b'M Ravichandran                                                  ',15.0,b'A',2003-09-09 01:54:00.000000000,b'1',16.563,90.77,b'1',b'ARGOS   ',229.8,12.842,34.898
15,24,b'2900266 ',b'Argo INDIA                                                      ',b'M Ravichandran                                                  ',15.0,b'A',2003-09-09 01:54:00.000000000,b'1',16.563,90.77,b'1',b'ARGOS   ',239.5,12.529,34.914
15,25,b'2900266 ',b'Argo INDIA                                                      ',b'M Ravichandran                                                  ',15.0,b'A',2003-09-09 01:54:00.000000000,b'1',16.563,90.77,b'1',b'ARGOS   ',250.2,12.211,34.93
15,26,b'2900266 ',b'Argo INDIA                                                      ',b'M Ravichandran                                                  ',15.0,b'A',2003-09-09 01:54:00.000000000,b'1',16.563,90.77,b'1',b'ARGOS   ',259.7,12.032,34.943
15,27,b'2900266 ',b'Argo INDIA                                                      ',b'M Ravichandran                                                  ',15.0,b'A',2003-09-09 01:54:00.000000000,b'1',16.563,90.77,b'1',b'ARGOS   ',269.9,11.865,34.944
15,28,b'2900266 ',b'Argo INDIA                                                      ',b'M Ravichandran                                                  ',15.0,b'A',2003-09-09 01:54:00.000000000,b'1',16.563,90.77,b'1',b'ARGOS   ',279.7,11.665,34.967
15,29,b'2900266 ',b'Argo INDIA                                                      ',b'M Ravichandran                                                  ',15.0,b'A',2003-09-09 01:54:00.000000000,b'1',16.563,90.77,b'1',b'ARGOS   ',290.3,11.496,34.989
15,30,b'2900266 ',b'Argo INDIA                                                      ',b'M Ravichandran                                                  ',15.0,b'A',2003-09-09 01:54:00.000000000,b'1',16.563,90.77,b'1',b'ARGOS   ',300.3,11.409,34.968
15,31,b'2900266 ',b'Argo INDIA                                                      ',b'M Ravichandran                                                  ',15.0,b'A',2003-09-09 01:54:00.000000000,b'1',16.563,90.77,b'1',b'ARGOS   ',310.3,11.297,34.98
15,32,b'2900266 ',b'Argo INDIA                                                      ',b'M Ravichandran                                                  ',15.0,b'A',2003-09-09 01:54:00.000000000,b'1',16.563,90.77,b'1',b'ARGOS   ',319.5,11.214,34.982
15,33,b'2900266 ',b'Argo INDIA                                                      ',b'M Ravichandran                                                  ',15.0,b'A',2003-09-09 01:54:00.000000000,b'1',16.563,90.77,b'1',b'ARGOS   ',329.8,11.107,35.0
15,34,b'2900266 ',b'Argo INDIA                                                      ',b'M Ravichandran                                                  ',15.0,b'A',2003-09-09 01:54:00.000000000,b'1',16.563,90.77,b'1',b'ARGOS   ',339.7,11.042,34.988
15,35,b'2900266 ',b'Argo INDIA                                                      ',b'M Ravichandran                                                  ',15.0,b'A',2003-09-09 01:54:00.000000000,b'1',16.563,90.77,b'1',b'ARGOS   ',350.0,10.928,34.99
15,36,b'2900266 ',b'Argo INDIA                                                      ',b'M Ravichandran                                                  ',15.0,b'A',2003-09-09 01:54:00.000000000,b'1',16.563,90.77,b'1',b'ARGOS   ',359.4,10.828,34.986
15,37,b'2900266 ',b'Argo INDIA                                                      ',b'M Ravichandran                                                  ',15.0,b'A',2003-09-09 01:54:00.000000000,b'1',16.563,90.77,b'1',b'ARGOS   ',379.8,10.597,34.992
15,38,b'2900266 ',b'Argo INDIA                                                      ',b'M Ravichandran                                                  ',15.0,b'A',2003-09-09 01:54:00.000000000,b'1',16.563,90.77,b'1',b'ARGOS   ',399.7,10.459,35.016
15,39,b'2900266 ',b'Argo INDIA                                                      ',b'M Ravichandran                                                  ',15.0,b'A',2003-09-09 01:54:00.000000000,b'1',16.563,90.77,b'1',b'ARGOS   ',449.8,10.197,34.994
15,40,b'2900266 ',b'Argo INDIA                                                      ',b'M Ravichandran                                                  ',15.0,b'A',2003-09-09 01:54:00.000000000,b'1',16.563,90.77,b'1',b'ARGOS   ',499.8,9.927,35.009
15,41,b'2900266 ',b'Argo INDIA                                                      ',b'M Ravichandran                                                  ',15.0,b'A',2003-09-09 01:54:00.000000000,b'1',16.563,90.77,b'1',b'ARGOS   ',,,
15,42,b'2900266 ',b'Argo INDIA                                                      ',b'M Ravichandran                                                  ',15.0,b'A',2003-09-09 01:54:00.000000000,b'1',16.563,90.77,b'1',b'ARGOS   ',,,
15,43,b'2900266 ',b'Argo INDIA                                                      ',b'M Ravichandran                                                  ',15.0,b'A',2003-09-09 01:54:00.000000000,b'1',16.563,90.77,b'1',b'ARGOS   ',,,
15,44,b'2900266 ',b'Argo INDIA                                                      ',b'M Ravichandran                                                  ',15.0,b'A',2003-09-09 01:54:00.000000000,b'1',16.563,90.77,b'1',b'ARGOS   ',,,
15,45,b'2900266 ',b'Argo INDIA                                                      ',b'M Ravichandran                                                  ',15.0,b'A',2003-09-09 01:54:00.000000000,b'1',16.563,90.77,b'1',b'ARGOS   ',,,
15,46,b'2900266 ',b'Argo INDIA                                                      ',b'M Ravichandran                                                  ',15.0,b'A',2003-09-09 01:54:00.000000000,b'1',16.563,90.77,b'1',b'ARGOS   ',,,
15,47,b'2900266 ',b'Argo INDIA                                                      ',b'M Ravichandran                                                  ',15.0,b'A',2003-09-09 01:54:00.000000000,b'1',16.563,90.77,b'1',b'ARGOS   ',,,
15,48,b'2900266 ',b'Argo INDIA                                                      ',b'M Ravichandran                                                  ',15.0,b'A',2003-09-09 01:54:00.000000000,b'1',16.563,90.77,b'1',b'ARGOS   ',,,
15,49,b'2900266 ',b'Argo INDIA                                                      ',b'M Ravichandran                                                  ',15.0,b'A',2003-09-09 01:54:00.000000000,b'1',16.563,90.77,b'1',b'ARGOS   ',,,
15,50,b'2900266 ',b'Argo INDIA                                                      ',b'M Ravichandran                                                  ',15.0,b'A',2003-09-09 01:54:00.000000000,b'1',16.563,90.77,b'1',b'ARGOS   ',,,
16,0,b'2900266 ',b'Argo INDIA                                                      ',b'M Ravichandran                                                  ',16.0,b'A',2003-09-14 01:48:00.000000000,b'1',16.628,91.19,b'1',b'ARGOS   ',4.8,28.216,32.002
16,1,b'2900266 ',b'Argo INDIA                                                      ',b'M Ravichandran                                                  ',16.0,b'A',2003-09-14 01:48:00.000000000,b'1',16.628,91.19,b'1',b'ARGOS   ',9.5,28.465,32.155
16,2,b'2900266 ',b'Argo INDIA                                                      ',b'M Ravichandran                                                  ',16.0,b'A',2003-09-14 01:48:00.000000000,b'1',16.628,91.19,b'1',b'ARGOS   ',20.3,28.701,32.817
16,3,b'2900266 ',b'Argo INDIA                                                      ',b'M Ravichandran                                                  ',16.0,b'A',2003-09-14 01:48:00.000000000,b'1',16.628,91.19,b'1',b'ARGOS   ',30.1,28.809,33.284
16,4,b'2900266 ',b'Argo INDIA                                                      ',b'M Ravichandran                                                  ',16.0,b'A',2003-09-14 01:48:00.000000000,b'1',16.628,91.19,b'1',b'ARGOS   ',40.6,28.874,33.538
16,5,b'2900266 ',b'Argo INDIA                                                      ',b'M Ravichandran                                                  ',16.0,b'A',2003-09-14 01:48:00.000000000,b'1',16.628,91.19,b'1',b'ARGOS   ',50.2,28.864,33.53
16,6,b'2900266 ',b'Argo INDIA                                                      ',b'M Ravichandran                                                  ',16.0,b'A',2003-09-14 01:48:00.000000000,b'1',16.628,91.19,b'1',b'ARGOS   ',59.8,28.718,33.494
16,7,b'2900266 ',b'Argo INDIA                                                      ',b'M Ravichandran                                                  ',16.0,b'A',2003-09-14 01:48:00.000000000,b'1',16.628,91.19,b'1',b'ARGOS   ',69.8,27.989,33.475
16,8,b'2900266 ',b'Argo INDIA                                                      ',b'M Ravichandran                                                  ',16.0,b'A',2003-09-14 01:48:00.000000000,b'1',16.628,91.19,b'1',b'ARGOS   ',80.3,26.941,34.268
16,9,b'2900266 ',b'Argo INDIA                                                      ',b'M Ravichandran                                                  ',16.0,b'A',2003-09-14 01:48:00.000000000,b'1',16.628,91.19,b'1',b'ARGOS   ',90.0,25.92,34.147
16,10,b'2900266 ',b'Argo INDIA                                                      ',b'M Ravichandran                                                  ',16.0,b'A',2003-09-14 01:48:00.000000000,b'1',16.628,91.19,b'1',b'ARGOS   ',100.3,24.455,34.231
16,11,b'2900266 ',b'Argo INDIA                                                      ',b'M Ravichandran                                                  ',16.0,b'A',2003-09-14 01:48:00.000000000,b'1',16.628,91.19,b'1',b'ARGOS   ',110.4,22.886,34.45
16,12,b'2900266 ',b'Argo INDIA                                                      ',b'M Ravichandran                                                  ',16.0,b'A',2003-09-14 01:48:00.000000000,b'1',16.628,91.19,b'1',b'ARGOS   ',119.8,21.609,34.447
16,13,b'2900266 ',b'Argo INDIA                                                      ',b'M Ravichandran                                                  ',16.0,b'A',2003-09-14 01:48:00.000000000,b'1',16.628,91.19,b'1',b'ARGOS   ',129.9,20.356,34.382
16,14,b'2900266 ',b'Argo INDIA                                                      ',b'M Ravichandran                                                  ',16.0,b'A',2003-09-14 01:48:00.000000000,b'1',16.628,91.19,b'1',b'ARGOS   ',140.1,19.253,34.478
16,15,b'2900266 ',b'Argo INDIA                                                      ',b'M Ravichandran                                                  ',16.0,b'A',2003-09-14 01:48:00.000000000,b'1',16.628,91.19,b'1',b'ARGOS   ',150.0,18.019,34.446
16,16,b'2900266 ',b'Argo INDIA                                                      ',b'M Ravichandran                                                  ',16.0,b'A',2003-09-14 01:48:00.000000000,b'1',16.628,91.19,b'1',b'ARGOS   ',160.3,17.012,34.514
16,17,b'2900266 ',b'Argo INDIA                                                      ',b'M Ravichandran                                                  ',16.0,b'A',2003-09-14 01:48:00.000000000,b'1',16.628,91.19,b'1',b'ARGOS   ',169.6,16.367,34.522
16,18,b'2900266 ',b'Argo INDIA                                                      ',b'M Ravichandran                                                  ',16.0,b'A',2003-09-14 01:48:00.000000000,b'1',16.628,91.19,b'1',b'ARGOS   ',180.1,15.339,34.61
16,19,b'2900266 ',b'Argo INDIA                                                      ',b'M Ravichandran                                                  ',16.0,b'A',2003-09-14 01:48:00.000000000,b'1',16.628,91.19,b'1',b'ARGOS   ',190.3,14.531,34.775
16,20,b'2900266 ',b'Argo INDIA                                                      ',b'M Ravichandran                                                  ',16.0,b'A',2003-09-14 01:48:00.000000000,b'1',16.628,91.19,b'1',b'ARGOS   ',200.8,14.086,34.848
16,21,b'2900266 ',b'Argo INDIA                                                      ',b'M Ravichandran                                                  ',16.0,b'A',2003-09-14 01:48:00.000000000,b'1',16.628,91.19,b'1',b'ARGOS   ',209.7,13.676,34.83
16,22,b'2900266 ',b'Argo INDIA                                                      ',b'M Ravichandran                                                  ',16.0,b'A',2003-09-14 01:48:00.000000000,b'1',16.628,91.19,b'1',b'ARGOS   ',220.0,13.216,34.888
16,23,b'2900266 ',b'Argo INDIA                                                      ',b'M Ravichandran                                                  ',16.0,b'A',2003-09-14 01:48:00.000000000,b'1',16.628,91.19,b'1',b'ARGOS   ',230.0,12.837,34.886
16,24,b'2900266 ',b'Argo INDIA                                                      ',b'M Ravichandran                                                  ',16.0,b'A',2003-09-14 01:48:00.000000000,b'1',16.628,91.19,b'1',b'ARGOS   ',240.0,12.538,34.912
16,25,b'2900266 ',b'Argo INDIA                                                      ',b'M Ravichandran                                                  ',16.0,b'A',2003-09-14 01:48:00.000000000,b'1',16.628,91.19,b'1',b'ARGOS   ',250.0,12.298,34.913
16,26,b'2900266 ',b'Argo INDIA                                                      ',b'M Ravichandran                                                  ',16.0,b'A',2003-09-14 01:48:00.000000000,b'1',16.628,91.19,b'1',b'ARGOS   ',260.2,12.06,34.924
16,27,b'2900266 ',b'Argo INDIA                                                      ',b'M Ravichandran                                                  ',16.0,b'A',2003-09-14 01:48:00.000000000,b'1',16.628,91.19,b'1',b'ARGOS   ',270.1,11.858,34.983
16,28,b'2900266 ',b'Argo INDIA                                                      ',b'M Ravichandran                                                  ',16.0,b'A',2003-09-14 01:48:00.000000000,b'1',16.628,91.19,b'1',b'ARGOS   ',280.5,11.747,34.963
16,29,b'2900266 ',b'Argo INDIA                                                      ',b'M Ravichandran                                                  ',16.0,b'A',2003-09-14 01:48:00.000000000,b'1',16.628,91.19,b'1',b'ARGOS   ',289.4,11.624,34.96
16,30,b'2900266 ',b'Argo INDIA                                                      ',b'M Ravichandran                                                  ',16.0,b'A',2003-09-14 01:48:00.000000000,b'1',16.628,91.19,b'1',b'ARGOS   ',299.6,11.479,34.985
16,31,b'2900266 ',b'Argo INDIA                                                      ',b'M Ravichandran                                                  ',16.0,b'A',2003-09-14 01:48:00.000000000,b'1',16.628,91.19,b'1',b'ARGOS   ',310.2,11.387,34.981
16,32,b'2900266 ',b'Argo INDIA                                                      ',b'M Ravichandran                                                  ',16.0,b'A',2003-09-14 01:48:00.000000000,b'1',16.628,91.19,b'1',b'ARGOS   ',319.8,11.291,34.988
16,33,b'2900266 ',b'Argo INDIA                                                      ',b'M Ravichandran                                                  ',16.0,b'A',2003-09-14 01:48:00.000000000,b'1',16.628,91.19,b'1',b'ARGOS   ',330.7,11.192,34.981
16,34,b'2900266 ',b'Argo INDIA                                                      ',b'M Ravichandran                                                  ',16.0,b'A',2003-09-14 01:48:00.000000000,b'1',16.628,91.19,b'1',b'ARGOS   ',340.4,11.098,34.988
16,35,b'2900266 ',b'Argo INDIA                                                      ',b'M Ravichandran                                                  ',16.0,b'A',2003-09-14 01:48:00.000000000,b'1',16.628,91.19,b'1',b'ARGOS   ',350.2,11.013,34.983
16,36,b'2900266 ',b'Argo INDIA                                                      ',b'M Ravichandran                                                  ',16.0,b'A',2003-09-14 01:48:00.000000000,b'1',16.628,91.19,b'1',b'ARGOS   ',359.9,10.89,34.986
16,37,b'2900266 ',b'Argo INDIA                                                      ',b'M Ravichandran                                                  ',16.0,b'A',2003-09-14 01:48:00.000000000,b'1',16.628,91.19,b'1',b'ARGOS   ',380.2,10.724,35.004
16,38,b'2900266 ',b'Argo INDIA                                                      ',b'M Ravichandran                                                  ',16.0,b'A',2003-09-14 01:48:00.000000000,b'1',16.628,91.19,b'1',b'ARGOS   ',399.7,10.583,34.979
16,39,b'2900266 ',b'Argo INDIA                                                      ',b'M Ravichandran                                                  ',16.0,b'A',2003-09-14 01:48:00.000000000,b'1',16.628,91.19,b'1',b'ARGOS   ',449.6,10.158,34.995
16,40,b'2900266 ',b'Argo INDIA                                                      ',b'M Ravichandran                                                  ',16.0,b'A',2003-09-14 01:48:00.000000000,b'1',16.628,91.19,b'1',b'ARGOS   ',494.7,9.824,35.024
16,41,b'2900266 ',b'Argo INDIA                                                      ',b'M Ravichandran                                                  ',16.0,b'A',2003-09-14 01:48:00.000000000,b'1',16.628,91.19,b'1',b'ARGOS   ',,,
16,42,b'2900266 ',b'Argo INDIA                                                      ',b'M Ravichandran                                                  ',16.0,b'A',2003-09-14 01:48:00.000000000,b'1',16.628,91.19,b'1',b'ARGOS   ',,,
16,43,b'2900266 ',b'Argo INDIA                                                      ',b'M Ravichandran                                                  ',16.0,b'A',2003-09-14 01:48:00.000000000,b'1',16.628,91.19,b'1',b'ARGOS   ',,,
16,44,b'2900266 ',b'Argo INDIA                                                      ',b'M Ravichandran                                                  ',16.0,b'A',2003-09-14 01:48:00.000000000,b'1',16.628,91.19,b'1',b'ARGOS   ',,,
16,45,b'2900266 ',b'Argo INDIA                                                      ',b'M Ravichandran                                                  ',16.0,b'A',2003-09-14 01:48:00.000000000,b'1',16.628,91.19,b'1',b'ARGOS   ',,,
16,46,b'2900266 ',b'Argo INDIA                                                      ',b'M Ravichandran                                                  ',16.0,b'A',2003-09-14 01:48:00.000000000,b'1',16.628,91.19,b'1',b'ARGOS   ',,,
16,47,b'2900266 ',b'Argo INDIA                                                      ',b'M Ravichandran                                                  ',16.0,b'A',2003-09-14 01:48:00.000000000,b'1',16.628,91.19,b'1',b'ARGOS   ',,,
16,48,b'2900266 ',b'Argo INDIA                                                      ',b'M Ravichandran                                                  ',16.0,b'A',2003-09-14 01:48:00.000000000,b'1',16.628,91.19,b'1',b'ARGOS   ',,,
16,49,b'2900266 ',b'Argo INDIA                                                      ',b'M Ravichandran                                                  ',16.0,b'A',2003-09-14 01:48:00.000000000,b'1',16.628,91.19,b'1',b'ARGOS   ',,,
16,50,b'2900266 ',b'Argo INDIA                                                      ',b'M Ravichandran                                                  ',16.0,b'A',2003-09-14 01:48:00.000000000,b'1',16.628,91.19,b'1',b'ARGOS   ',,,
17,0,b'2900266 ',b'Argo INDIA                                                      ',b'M Ravichandran                                                  ',17.0,b'A',2003-09-19 00:18:00.000000000,b'1',17.171,91.714,b'1',b'ARGOS   ',10.0,28.57,32.13
17,1,b'2900266 ',b'Argo INDIA                                                      ',b'M Ravichandran                                                  ',17.0,b'A',2003-09-19 00:18:00.000000000,b'1',17.171,91.714,b'1',b'ARGOS   ',,,
17,2,b'2900266 ',b'Argo INDIA                                                      ',b'M Ravichandran                                                  ',17.0,b'A',2003-09-19 00:18:00.000000000,b'1',17.171,91.714,b'1',b'ARGOS   ',,,
17,3,b'2900266 ',b'Argo INDIA                                                      ',b'M Ravichandran                                                  ',17.0,b'A',2003-09-19 00:18:00.000000000,b'1',17.171,91.714,b'1',b'ARGOS   ',,,
17,4,b'2900266 ',b'Argo INDIA                                                      ',b'M Ravichandran                                                  ',17.0,b'A',2003-09-19 00:18:00.000000000,b'1',17.171,91.714,b'1',b'ARGOS   ',,,
17,5,b'2900266 ',b'Argo INDIA                                                      ',b'M Ravichandran                                                  ',17.0,b'A',2003-09-19 00:18:00.000000000,b'1',17.171,91.714,b'1',b'ARGOS   ',,,
17,6,b'2900266 ',b'Argo INDIA                                                      ',b'M Ravichandran                                                  ',17.0,b'A',2003-09-19 00:18:00.000000000,b'1',17.171,91.714,b'1',b'ARGOS   ',,,
17,7,b'2900266 ',b'Argo INDIA                                                      ',b'M Ravichandran                                                  ',17.0,b'A',2003-09-19 00:18:00.000000000,b'1',17.171,91.714,b'1',b'ARGOS   ',,,
17,8,b'2900266 ',b'Argo INDIA                                                      ',b'M Ravichandran                                                  ',17.0,b'A',2003-09-19 00:18:00.000000000,b'1',17.171,91.714,b'1',b'ARGOS   ',,,
17,9,b'2900266 ',b'Argo INDIA                                                      ',b'M Ravichandran                                                  ',17.0,b'A',2003-09-19 00:18:00.000000000,b'1',17.171,91.714,b'1',b'ARGOS   ',,,
17,10,b'2900266 ',b'Argo INDIA                                                      ',b'M Ravichandran                                                  ',17.0,b'A',2003-09-19 00:18:00.000000000,b'1',17.171,91.714,b'1',b'ARGOS   ',,,
17,11,b'2900266 ',b'Argo INDIA                                                      ',b'M Ravichandran                                                  ',17.0,b'A',2003-09-19 00:18:00.000000000,b'1',17.171,91.714,b'1',b'ARGOS   ',,,
17,12,b'2900266 ',b'Argo INDIA                                                      ',b'M Ravichandran                                                  ',17.0,b'A',2003-09-19 00:18:00.000000000,b'1',17.171,91.714,b'1',b'ARGOS   ',,,
17,13,b'2900266 ',b'Argo INDIA                                                      ',b'M Ravichandran                                                  ',17.0,b'A',2003-09-19 00:18:00.000000000,b'1',17.171,91.714,b'1',b'ARGOS   ',,,
17,14,b'2900266 ',b'Argo INDIA                                                      ',b'M Ravichandran                                                  ',17.0,b'A',2003-09-19 00:18:00.000000000,b'1',17.171,91.714,b'1',b'ARGOS   ',,,
17,15,b'2900266 ',b'Argo INDIA                                                      ',b'M Ravichandran                                                  ',17.0,b'A',2003-09-19 00:18:00.000000000,b'1',17.171,91.714,b'1',b'ARGOS   ',,,
17,16,b'2900266 ',b'Argo INDIA                                                      ',b'M Ravichandran                                                  ',17.0,b'A',2003-09-19 00:18:00.000000000,b'1',17.171,91.714,b'1',b'ARGOS   ',,,
17,17,b'2900266 ',b'Argo INDIA                                                      ',b'M Ravichandran                                                  ',17.0,b'A',2003-09-19 00:18:00.000000000,b'1',17.171,91.714,b'1',b'ARGOS   ',,,
17,18,b'2900266 ',b'Argo INDIA                                                      ',b'M Ravichandran                                                  ',17.0,b'A',2003-09-19 00:18:00.000000000,b'1',17.171,91.714,b'1',b'ARGOS   ',,,
17,19,b'2900266 ',b'Argo INDIA                                                      ',b'M Ravichandran                                                  ',17.0,b'A',2003-09-19 00:18:00.000000000,b'1',17.171,91.714,b'1',b'ARGOS   ',,,
17,20,b'2900266 ',b'Argo INDIA                                                      ',b'M Ravichandran                                                  ',17.0,b'A',2003-09-19 00:18:00.000000000,b'1',17.171,91.714,b'1',b'ARGOS   ',,,
17,21,b'2900266 ',b'Argo INDIA                                                      ',b'M Ravichandran                                                  ',17.0,b'A',2003-09-19 00:18:00.000000000,b'1',17.171,91.714,b'1',b'ARGOS   ',,,
17,22,b'2900266 ',b'Argo INDIA                                                      ',b'M Ravichandran                                                  ',17.0,b'A',2003-09-19 00:18:00.000000000,b'1',17.171,91.714,b'1',b'ARGOS   ',,,
17,23,b'2900266 ',b'Argo INDIA                                                      ',b'M Ravichandran                                                  ',17.0,b'A',2003-09-19 00:18:00.000000000,b'1',17.171,91.714,b'1',b'ARGOS   ',,,
17,24,b'2900266 ',b'Argo INDIA                                                      ',b'M Ravichandran                                                  ',17.0,b'A',2003-09-19 00:18:00.000000000,b'1',17.171,91.714,b'1',b'ARGOS   ',,,
17,25,b'2900266 ',b'Argo INDIA                                                      ',b'M Ravichandran                                                  ',17.0,b'A',2003-09-19 00:18:00.000000000,b'1',17.171,91.714,b'1',b'ARGOS   ',,,
17,26,b'2900266 ',b'Argo INDIA                                                      ',b'M Ravichandran                                                  ',17.0,b'A',2003-09-19 00:18:00.000000000,b'1',17.171,91.714,b'1',b'ARGOS   ',,,
17,27,b'2900266 ',b'Argo INDIA                                                      ',b'M Ravichandran                                                  ',17.0,b'A',2003-09-19 00:18:00.000000000,b'1',17.171,91.714,b'1',b'ARGOS   ',,,
17,28,b'2900266 ',b'Argo INDIA                                                      ',b'M Ravichandran                                                  ',17.0,b'A',2003-09-19 00:18:00.000000000,b'1',17.171,91.714,b'1',b'ARGOS   ',,,
17,29,b'2900266 ',b'Argo INDIA                                                      ',b'M Ravichandran                                                  ',17.0,b'A',2003-09-19 00:18:00.000000000,b'1',17.171,91.714,b'1',b'ARGOS   ',,,
17,30,b'2900266 ',b'Argo INDIA                                                      ',b'M Ravichandran                                                  ',17.0,b'A',2003-09-19 00:18:00.000000000,b'1',17.171,91.714,b'1',b'ARGOS   ',,,
17,31,b'2900266 ',b'Argo INDIA                                                      ',b'M Ravichandran                                                  ',17.0,b'A',2003-09-19 00:18:00.000000000,b'1',17.171,91.714,b'1',b'ARGOS   ',,,
17,32,b'2900266 ',b'Argo INDIA                                                      ',b'M Ravichandran                                                  ',17.0,b'A',2003-09-19 00:18:00.000000000,b'1',17.171,91.714,b'1',b'ARGOS   ',,,
17,33,b'2900266 ',b'Argo INDIA                                                      ',b'M Ravichandran                                                  ',17.0,b'A',2003-09-19 00:18:00.000000000,b'1',17.171,91.714,b'1',b'ARGOS   ',,,
17,34,b'2900266 ',b'Argo INDIA                                                      ',b'M Ravichandran                                                  ',17.0,b'A',2003-09-19 00:18:00.000000000,b'1',17.171,91.714,b'1',b'ARGOS   ',,,
17,35,b'2900266 ',b'Argo INDIA                                                      ',b'M Ravichandran                                                  ',17.0,b'A',2003-09-19 00:18:00.000000000,b'1',17.171,91.714,b'1',b'ARGOS   ',,,
17,36,b'2900266 ',b'Argo INDIA                                                      ',b'M Ravichandran                                                  ',17.0,b'A',2003-09-19 00:18:00.000000000,b'1',17.171,91.714,b'1',b'ARGOS   ',,,
17,37,b'2900266 ',b'Argo INDIA                                                      ',b'M Ravichandran                                                  ',17.0,b'A',2003-09-19 00:18:00.000000000,b'1',17.171,91.714,b'1',b'ARGOS   ',,,
17,38,b'2900266 ',b'Argo INDIA                                                      ',b'M Ravichandran                                                  ',17.0,b'A',2003-09-19 00:18:00.000000000,b'1',17.171,91.714,b'1',b'ARGOS   ',,,
17,39,b'2900266 ',b'Argo INDIA                                                      ',b'M Ravichandran                                                  ',17.0,b'A',2003-09-19 00:18:00.000000000,b'1',17.171,91.714,b'1',b'ARGOS   ',,,
17,40,b'2900266 ',b'Argo INDIA                                                      ',b'M Ravichandran                                                  ',17.0,b'A',2003-09-19 00:18:00.000000000,b'1',17.171,91.714,b'1',b'ARGOS   ',,,
17,41,b'2900266 ',b'Argo INDIA                                                      ',b'M Ravichandran                                                  ',17.0,b'A',2003-09-19 00:18:00.000000000,b'1',17.171,91.714,b'1',b'ARGOS   ',,,
17,42,b'2900266 ',b'Argo INDIA                                                      ',b'M Ravichandran                                                  ',17.0,b'A',2003-09-19 00:18:00.000000000,b'1',17.171,91.714,b'1',b'ARGOS   ',,,
17,43,b'2900266 ',b'Argo INDIA                                                      ',b'M Ravichandran                                                  ',17.0,b'A',2003-09-19 00:18:00.000000000,b'1',17.171,91.714,b'1',b'ARGOS   ',,,
17,44,b'2900266 ',b'Argo INDIA                                                      ',b'M Ravichandran                                                  ',17.0,b'A',2003-09-19 00:18:00.000000000,b'1',17.171,91.714,b'1',b'ARGOS   ',,,
17,45,b'2900266 ',b'Argo INDIA                                                      ',b'M Ravichandran                                                  ',17.0,b'A',2003-09-19 00:18:00.000000000,b'1',17.171,91.714,b'1',b'ARGOS   ',,,
17,46,b'2900266 ',b'Argo INDIA                                                      ',b'M Ravichandran                                                  ',17.0,b'A',2003-09-19 00:18:00.000000000,b'1',17.171,91.714,b'1',b'ARGOS   ',,,
17,47,b'2900266 ',b'Argo INDIA                                                      ',b'M Ravichandran                                                  ',17.0,b'A',2003-09-19 00:18:00.000000000,b'1',17.171,91.714,b'1',b'ARGOS   ',,,
17,48,b'2900266 ',b'Argo INDIA                                                      ',b'M Ravichandran                                                  ',17.0,b'A',2003-09-19 00:18:00.000000000,b'1',17.171,91.714,b'1',b'ARGOS   ',,,
17,49,b'2900266 ',b'Argo INDIA                                                      ',b'M Ravichandran                                                  ',17.0,b'A',2003-09-19 00:18:00.000000000,b'1',17.171,91.714,b'1',b'ARGOS   ',,,
17,50,b'2900266 ',b'Argo INDIA                                                      ',b'M Ravichandran                                                  ',17.0,b'A',2003-09-19 00:18:00.000000000,b'1',17.171,91.714,b'1',b'ARGOS   ',,,
18,0,b'2900266 ',b'Argo INDIA                                                      ',b'M Ravichandran                                                  ',18.0,b'A',2003-09-24 00:18:00.000000000,b'1',17.605,91.808,b'1',b'ARGOS   ',8.4,29.29,28.851
18,1,b'2900266 ',b'Argo INDIA                                                      ',b'M Ravichandran                                                  ',18.0,b'A',2003-09-24 00:18:00.000000000,b'1',17.605,91.808,b'1',b'ARGOS   ',,,
18,2,b'2900266 ',b'Argo INDIA                                                      ',b'M Ravichandran                                                  ',18.0,b'A',2003-09-24 00:18:00.000000000,b'1',17.605,91.808,b'1',b'ARGOS   ',,,
18,3,b'2900266 ',b'Argo INDIA                                                      ',b'M Ravichandran                                                  ',18.0,b'A',2003-09-24 00:18:00.000000000,b'1',17.605,91.808,b'1',b'ARGOS   ',,,
18,4,b'2900266 ',b'Argo INDIA                                                      ',b'M Ravichandran                                                  ',18.0,b'A',2003-09-24 00:18:00.000000000,b'1',17.605,91.808,b'1',b'ARGOS   ',,,
18,5,b'2900266 ',b'Argo INDIA                                                      ',b'M Ravichandran                                                  ',18.0,b'A',2003-09-24 00:18:00.000000000,b'1',17.605,91.808,b'1',b'ARGOS   ',,,
18,6,b'2900266 ',b'Argo INDIA                                                      ',b'M Ravichandran                                                  ',18.0,b'A',2003-09-24 00:18:00.000000000,b'1',17.605,91.808,b'1',b'ARGOS   ',,,
18,7,b'2900266 ',b'Argo INDIA                                                      ',b'M Ravichandran                                                  ',18.0,b'A',2003-09-24 00:18:00.000000000,b'1',17.605,91.808,b'1',b'ARGOS   ',,,
18,8,b'2900266 ',b'Argo INDIA                                                      ',b'M Ravichandran                                                  ',18.0,b'A',2003-09-24 00:18:00.000000000,b'1',17.605,91.808,b'1',b'ARGOS   ',,,
18,9,b'2900266 ',b'Argo INDIA                                                      ',b'M Ravichandran                                                  ',18.0,b'A',2003-09-24 00:18:00.000000000,b'1',17.605,91.808,b'1',b'ARGOS   ',,,
18,10,b'2900266 ',b'Argo INDIA                                                      ',b'M Ravichandran                                                  ',18.0,b'A',2003-09-24 00:18:00.000000000,b'1',17.605,91.808,b'1',b'ARGOS   ',,,
18,11,b'2900266 ',b'Argo INDIA                                                      ',b'M Ravichandran                                                  ',18.0,b'A',2003-09-24 00:18:00.000000000,b'1',17.605,91.808,b'1',b'ARGOS   ',,,
18,12,b'2900266 ',b'Argo INDIA                                                      ',b'M Ravichandran                                                  ',18.0,b'A',2003-09-24 00:18:00.000000000,b'1',17.605,91.808,b'1',b'ARGOS   ',,,
18,13,b'2900266 ',b'Argo INDIA                                                      ',b'M Ravichandran                                                  ',18.0,b'A',2003-09-24 00:18:00.000000000,b'1',17.605,91.808,b'1',b'ARGOS   ',,,
18,14,b'2900266 ',b'Argo INDIA                                                      ',b'M Ravichandran                                                  ',18.0,b'A',2003-09-24 00:18:00.000000000,b'1',17.605,91.808,b'1',b'ARGOS   ',,,
18,15,b'2900266 ',b'Argo INDIA                                                      ',b'M Ravichandran                                                  ',18.0,b'A',2003-09-24 00:18:00.000000000,b'1',17.605,91.808,b'1',b'ARGOS   ',,,
18,16,b'2900266 ',b'Argo INDIA                                                      ',b'M Ravichandran                                                  ',18.0,b'A',2003-09-24 00:18:00.000000000,b'1',17.605,91.808,b'1',b'ARGOS   ',,,
18,17,b'2900266 ',b'Argo INDIA                                                      ',b'M Ravichandran                                                  ',18.0,b'A',2003-09-24 00:18:00.000000000,b'1',17.605,91.808,b'1',b'ARGOS   ',,,
18,18,b'2900266 ',b'Argo INDIA                                                      ',b'M Ravichandran                                                  ',18.0,b'A',2003-09-24 00:18:00.000000000,b'1',17.605,91.808,b'1',b'ARGOS   ',,,
18,19,b'2900266 ',b'Argo INDIA                                                      ',b'M Ravichandran                                                  ',18.0,b'A',2003-09-24 00:18:00.000000000,b'1',17.605,91.808,b'1',b'ARGOS   ',,,
18,20,b'2900266 ',b'Argo INDIA                                                      ',b'M Ravichandran                                                  ',18.0,b'A',2003-09-24 00:18:00.000000000,b'1',17.605,91.808,b'1',b'ARGOS   ',,,
18,21,b'2900266 ',b'Argo INDIA                                                      ',b'M Ravichandran                                                  ',18.0,b'A',2003-09-24 00:18:00.000000000,b'1',17.605,91.808,b'1',b'ARGOS   ',,,
18,22,b'2900266 ',b'Argo INDIA                                                      ',b'M Ravichandran                                                  ',18.0,b'A',2003-09-24 00:18:00.000000000,b'1',17.605,91.808,b'1',b'ARGOS   ',,,
18,23,b'2900266 ',b'Argo INDIA                                                      ',b'M Ravichandran                                                  ',18.0,b'A',2003-09-24 00:18:00.000000000,b'1',17.605,91.808,b'1',b'ARGOS   ',,,
18,24,b'2900266 ',b'Argo INDIA                                                      ',b'M Ravichandran                                                  ',18.0,b'A',2003-09-24 00:18:00.000000000,b'1',17.605,91.808,b'1',b'ARGOS   ',,,
18,25,b'2900266 ',b'Argo INDIA                                                      ',b'M Ravichandran                                                  ',18.0,b'A',2003-09-24 00:18:00.000000000,b'1',17.605,91.808,b'1',b'ARGOS   ',,,
18,26,b'2900266 ',b'Argo INDIA                                                      ',b'M Ravichandran                                                  ',18.0,b'A',2003-09-24 00:18:00.000000000,b'1',17.605,91.808,b'1',b'ARGOS   ',,,
18,27,b'2900266 ',b'Argo INDIA                                                      ',b'M Ravichandran                                                  ',18.0,b'A',2003-09-24 00:18:00.000000000,b'1',17.605,91.808,b'1',b'ARGOS   ',,,
18,28,b'2900266 ',b'Argo INDIA                                                      ',b'M Ravichandran                                                  ',18.0,b'A',2003-09-24 00:18:00.000000000,b'1',17.605,91.808,b'1',b'ARGOS   ',,,
18,29,b'2900266 ',b'Argo INDIA                                                      ',b'M Ravichandran                                                  ',18.0,b'A',2003-09-24 00:18:00.000000000,b'1',17.605,91.808,b'1',b'ARGOS   ',,,
18,30,b'2900266 ',b'Argo INDIA                                                      ',b'M Ravichandran                                                  ',18.0,b'A',2003-09-24 00:18:00.000000000,b'1',17.605,91.808,b'1',b'ARGOS   ',,,
18,31,b'2900266 ',b'Argo INDIA                                                      ',b'M Ravichandran                                                  ',18.0,b'A',2003-09-24 00:18:00.000000000,b'1',17.605,91.808,b'1',b'ARGOS   ',,,
18,32,b'2900266 ',b'Argo INDIA                                                      ',b'M Ravichandran                                                  ',18.0,b'A',2003-09-24 00:18:00.000000000,b'1',17.605,91.808,b'1',b'ARGOS   ',,,
18,33,b'2900266 ',b'Argo INDIA                                                      ',b'M Ravichandran                                                  ',18.0,b'A',2003-09-24 00:18:00.000000000,b'1',17.605,91.808,b'1',b'ARGOS   ',,,
18,34,b'2900266 ',b'Argo INDIA                                                      ',b'M Ravichandran                                                  ',18.0,b'A',2003-09-24 00:18:00.000000000,b'1',17.605,91.808,b'1',b'ARGOS   ',,,
18,35,b'2900266 ',b'Argo INDIA                                                      ',b'M Ravichandran                                                  ',18.0,b'A',2003-09-24 00:18:00.000000000,b'1',17.605,91.808,b'1',b'ARGOS   ',,,
18,36,b'2900266 ',b'Argo INDIA                                                      ',b'M Ravichandran                                                  ',18.0,b'A',2003-09-24 00:18:00.000000000,b'1',17.605,91.808,b'1',b'ARGOS   ',,,
18,37,b'2900266 ',b'Argo INDIA                                                      ',b'M Ravichandran                                                  ',18.0,b'A',2003-09-24 00:18:00.000000000,b'1',17.605,91.808,b'1',b'ARGOS   ',,,
18,38,b'2900266 ',b'Argo INDIA                                                      ',b'M Ravichandran                                                  ',18.0,b'A',2003-09-24 00:18:00.000000000,b'1',17.605,91.808,b'1',b'ARGOS   ',,,
18,39,b'2900266 ',b'Argo INDIA                                                      ',b'M Ravichandran                                                  ',18.0,b'A',2003-09-24 00:18:00.000000000,b'1',17.605,91.808,b'1',b'ARGOS   ',,,
18,40,b'2900266 ',b'Argo INDIA                                                      ',b'M Ravichandran                                                  ',18.0,b'A',2003-09-24 00:18:00.000000000,b'1',17.605,91.808,b'1',b'ARGOS   ',,,
18,41,b'2900266 ',b'Argo INDIA                                                      ',b'M Ravichandran                                                  ',18.0,b'A',2003-09-24 00:18:00.000000000,b'1',17.605,91.808,b'1',b'ARGOS   ',,,
18,42,b'2900266 ',b'Argo INDIA                                                      ',b'M Ravichandran                                                  ',18.0,b'A',2003-09-24 00:18:00.000000000,b'1',17.605,91.808,b'1',b'ARGOS   ',,,
18,43,b'2900266 ',b'Argo INDIA                                                      ',b'M Ravichandran                                                  ',18.0,b'A',2003-09-24 00:18:00.000000000,b'1',17.605,91.808,b'1',b'ARGOS   ',,,
18,44,b'2900266 ',b'Argo INDIA                                                      ',b'M Ravichandran                                                  ',18.0,b'A',2003-09-24 00:18:00.000000000,b'1',17.605,91.808,b'1',b'ARGOS   ',,,
18,45,b'2900266 ',b'Argo INDIA                                                      ',b'M Ravichandran                                                  ',18.0,b'A',2003-09-24 00:18:00.000000000,b'1',17.605,91.808,b'1',b'ARGOS   ',,,
18,46,b'2900266 ',b'Argo INDIA                                                      ',b'M Ravichandran                                                  ',18.0,b'A',2003-09-24 00:18:00.000000000,b'1',17.605,91.808,b'1',b'ARGOS   ',,,
18,47,b'2900266 ',b'Argo INDIA                                                      ',b'M Ravichandran                                                  ',18.0,b'A',2003-09-24 00:18:00.000000000,b'1',17.605,91.808,b'1',b'ARGOS   ',,,
18,48,b'2900266 ',b'Argo INDIA                                                      ',b'M Ravichandran                                                  ',18.0,b'A',2003-09-24 00:18:00.000000000,b'1',17.605,91.808,b'1',b'ARGOS   ',,,
18,49,b'2900266 ',b'Argo INDIA                                                      ',b'M Ravichandran                                                  ',18.0,b'A',2003-09-24 00:18:00.000000000,b'1',17.605,91.808,b'1',b'ARGOS   ',,,
18,50,b'2900266 ',b'Argo INDIA                                                      ',b'M Ravichandran                                                  ',18.0,b'A',2003-09-24 00:18:00.000000000,b'1',17.605,91.808,b'1',b'ARGOS   ',,,
19,0,b'2900266 ',b'Argo INDIA                                                      ',b'M Ravichandran                                                  ',19.0,b'A',2003-09-29 00:18:00.000000000,b'1',18.28,91.846,b'1',b'ARGOS   ',7.8,29.802,29.306
19,1,b'2900266 ',b'Argo INDIA                                                      ',b'M Ravichandran                                                  ',19.0,b'A',2003-09-29 00:18:00.000000000,b'1',18.28,91.846,b'1',b'ARGOS   ',,,
19,2,b'2900266 ',b'Argo INDIA                                                      ',b'M Ravichandran                                                  ',19.0,b'A',2003-09-29 00:18:00.000000000,b'1',18.28,91.846,b'1',b'ARGOS   ',,,
19,3,b'2900266 ',b'Argo INDIA                                                      ',b'M Ravichandran                                                  ',19.0,b'A',2003-09-29 00:18:00.000000000,b'1',18.28,91.846,b'1',b'ARGOS   ',,,
19,4,b'2900266 ',b'Argo INDIA                                                      ',b'M Ravichandran                                                  ',19.0,b'A',2003-09-29 00:18:00.000000000,b'1',18.28,91.846,b'1',b'ARGOS   ',,,
19,5,b'2900266 ',b'Argo INDIA                                                      ',b'M Ravichandran                                                  ',19.0,b'A',2003-09-29 00:18:00.000000000,b'1',18.28,91.846,b'1',b'ARGOS   ',,,
19,6,b'2900266 ',b'Argo INDIA                                                      ',b'M Ravichandran                                                  ',19.0,b'A',2003-09-29 00:18:00.000000000,b'1',18.28,91.846,b'1',b'ARGOS   ',,,
19,7,b'2900266 ',b'Argo INDIA                                                      ',b'M Ravichandran                                                  ',19.0,b'A',2003-09-29 00:18:00.000000000,b'1',18.28,91.846,b'1',b'ARGOS   ',,,
19,8,b'2900266 ',b'Argo INDIA                                                      ',b'M Ravichandran                                                  ',19.0,b'A',2003-09-29 00:18:00.000000000,b'1',18.28,91.846,b'1',b'ARGOS   ',,,
19,9,b'2900266 ',b'Argo INDIA                                                      ',b'M Ravichandran                                                  ',19.0,b'A',2003-09-29 00:18:00.000000000,b'1',18.28,91.846,b'1',b'ARGOS   ',,,
19,10,b'2900266 ',b'Argo INDIA                                                      ',b'M Ravichandran                                                  ',19.0,b'A',2003-09-29 00:18:00.000000000,b'1',18.28,91.846,b'1',b'ARGOS   ',,,
19,11,b'2900266 ',b'Argo INDIA                                                      ',b'M Ravichandran                                                  ',19.0,b'A',2003-09-29 00:18:00.000000000,b'1',18.28,91.846,b'1',b'ARGOS   ',,,
19,12,b'2900266 ',b'Argo INDIA                                                      ',b'M Ravichandran                                                  ',19.0,b'A',2003-09-29 00:18:00.000000000,b'1',18.28,91.846,b'1',b'ARGOS   ',,,
19,13,b'2900266 ',b'Argo INDIA                                                      ',b'M Ravichandran                                                  ',19.0,b'A',2003-09-29 00:18:00.000000000,b'1',18.28,91.846,b'1',b'ARGOS   ',,,
19,14,b'2900266 ',b'Argo INDIA                                                      ',b'M Ravichandran                                                  ',19.0,b'A',2003-09-29 00:18:00.000000000,b'1',18.28,91.846,b'1',b'ARGOS   ',,,
19,15,b'2900266 ',b'Argo INDIA                                                      ',b'M Ravichandran                                                  ',19.0,b'A',2003-09-29 00:18:00.000000000,b'1',18.28,91.846,b'1',b'ARGOS   ',,,
19,16,b'2900266 ',b'Argo INDIA                                                      ',b'M Ravichandran                                                  ',19.0,b'A',2003-09-29 00:18:00.000000000,b'1',18.28,91.846,b'1',b'ARGOS   ',,,
19,17,b'2900266 ',b'Argo INDIA                                                      ',b'M Ravichandran                                                  ',19.0,b'A',2003-09-29 00:18:00.000000000,b'1',18.28,91.846,b'1',b'ARGOS   ',,,
19,18,b'2900266 ',b'Argo INDIA                                                      ',b'M Ravichandran                                                  ',19.0,b'A',2003-09-29 00:18:00.000000000,b'1',18.28,91.846,b'1',b'ARGOS   ',,,
19,19,b'2900266 ',b'Argo INDIA                                                      ',b'M Ravichandran                                                  ',19.0,b'A',2003-09-29 00:18:00.000000000,b'1',18.28,91.846,b'1',b'ARGOS   ',,,
19,20,b'2900266 ',b'Argo INDIA                                                      ',b'M Ravichandran                                                  ',19.0,b'A',2003-09-29 00:18:00.000000000,b'1',18.28,91.846,b'1',b'ARGOS   ',,,
19,21,b'2900266 ',b'Argo INDIA                                                      ',b'M Ravichandran                                                  ',19.0,b'A',2003-09-29 00:18:00.000000000,b'1',18.28,91.846,b'1',b'ARGOS   ',,,
19,22,b'2900266 ',b'Argo INDIA                                                      ',b'M Ravichandran                                                  ',19.0,b'A',2003-09-29 00:18:00.000000000,b'1',18.28,91.846,b'1',b'ARGOS   ',,,
19,23,b'2900266 ',b'Argo INDIA                                                      ',b'M Ravichandran                                                  ',19.0,b'A',2003-09-29 00:18:00.000000000,b'1',18.28,91.846,b'1',b'ARGOS   ',,,
19,24,b'2900266 ',b'Argo INDIA                                                      ',b'M Ravichandran                                                  ',19.0,b'A',2003-09-29 00:18:00.000000000,b'1',18.28,91.846,b'1',b'ARGOS   ',,,
19,25,b'2900266 ',b'Argo INDIA                                                      ',b'M Ravichandran                                                  ',19.0,b'A',2003-09-29 00:18:00.000000000,b'1',18.28,91.846,b'1',b'ARGOS   ',,,
19,26,b'2900266 ',b'Argo INDIA                                                      ',b'M Ravichandran                                                  ',19.0,b'A',2003-09-29 00:18:00.000000000,b'1',18.28,91.846,b'1',b'ARGOS   ',,,
19,27,b'2900266 ',b'Argo INDIA                                                      ',b'M Ravichandran                                                  ',19.0,b'A',2003-09-29 00:18:00.000000000,b'1',18.28,91.846,b'1',b'ARGOS   ',,,
19,28,b'2900266 ',b'Argo INDIA                                                      ',b'M Ravichandran                                                  ',19.0,b'A',2003-09-29 00:18:00.000000000,b'1',18.28,91.846,b'1',b'ARGOS   ',,,
19,29,b'2900266 ',b'Argo INDIA                                                      ',b'M Ravichandran                                                  ',19.0,b'A',2003-09-29 00:18:00.000000000,b'1',18.28,91.846,b'1',b'ARGOS   ',,,
19,30,b'2900266 ',b'Argo INDIA                                                      ',b'M Ravichandran                                                  ',19.0,b'A',2003-09-29 00:18:00.000000000,b'1',18.28,91.846,b'1',b'ARGOS   ',,,
19,31,b'2900266 ',b'Argo INDIA                                                      ',b'M Ravichandran                                                  ',19.0,b'A',2003-09-29 00:18:00.000000000,b'1',18.28,91.846,b'1',b'ARGOS   ',,,
19,32,b'2900266 ',b'Argo INDIA                                                      ',b'M Ravichandran                                                  ',19.0,b'A',2003-09-29 00:18:00.000000000,b'1',18.28,91.846,b'1',b'ARGOS   ',,,
19,33,b'2900266 ',b'Argo INDIA                                                      ',b'M Ravichandran                                                  ',19.0,b'A',2003-09-29 00:18:00.000000000,b'1',18.28,91.846,b'1',b'ARGOS   ',,,
19,34,b'2900266 ',b'Argo INDIA                                                      ',b'M Ravichandran                                                  ',19.0,b'A',2003-09-29 00:18:00.000000000,b'1',18.28,91.846,b'1',b'ARGOS   ',,,
19,35,b'2900266 ',b'Argo INDIA                                                      ',b'M Ravichandran                                                  ',19.0,b'A',2003-09-29 00:18:00.000000000,b'1',18.28,91.846,b'1',b'ARGOS   ',,,
19,36,b'2900266 ',b'Argo INDIA                                                      ',b'M Ravichandran                                                  ',19.0,b'A',2003-09-29 00:18:00.000000000,b'1',18.28,91.846,b'1',b'ARGOS   ',,,
19,37,b'2900266 ',b'Argo INDIA                                                      ',b'M Ravichandran                                                  ',19.0,b'A',2003-09-29 00:18:00.000000000,b'1',18.28,91.846,b'1',b'ARGOS   ',,,
19,38,b'2900266 ',b'Argo INDIA                                                      ',b'M Ravichandran                                                  ',19.0,b'A',2003-09-29 00:18:00.000000000,b'1',18.28,91.846,b'1',b'ARGOS   ',,,
19,39,b'2900266 ',b'Argo INDIA                                                      ',b'M Ravichandran                                                  ',19.0,b'A',2003-09-29 00:18:00.000000000,b'1',18.28,91.846,b'1',b'ARGOS   ',,,
19,40,b'2900266 ',b'Argo INDIA                                                      ',b'M Ravichandran                                                  ',19.0,b'A',2003-09-29 00:18:00.000000000,b'1',18.28,91.846,b'1',b'ARGOS   ',,,
19,41,b'2900266 ',b'Argo INDIA                                                      ',b'M Ravichandran                                                  ',19.0,b'A',2003-09-29 00:18:00.000000000,b'1',18.28,91.846,b'1',b'ARGOS   ',,,
19,42,b'2900266 ',b'Argo INDIA                                                      ',b'M Ravichandran                                                  ',19.0,b'A',2003-09-29 00:18:00.000000000,b'1',18.28,91.846,b'1',b'ARGOS   ',,,
19,43,b'2900266 ',b'Argo INDIA                                                      ',b'M Ravichandran                                                  ',19.0,b'A',2003-09-29 00:18:00.000000000,b'1',18.28,91.846,b'1',b'ARGOS   ',,,
19,44,b'2900266 ',b'Argo INDIA                                                      ',b'M Ravichandran                                                  ',19.0,b'A',2003-09-29 00:18:00.000000000,b'1',18.28,91.846,b'1',b'ARGOS   ',,,
19,45,b'2900266 ',b'Argo INDIA                                                      ',b'M Ravichandran                                                  ',19.0,b'A',2003-09-29 00:18:00.000000000,b'1',18.28,91.846,b'1',b'ARGOS   ',,,
19,46,b'2900266 ',b'Argo INDIA                                                      ',b'M Ravichandran                                                  ',19.0,b'A',2003-09-29 00:18:00.000000000,b'1',18.28,91.846,b'1',b'ARGOS   ',,,
19,47,b'2900266 ',b'Argo INDIA                                                      ',b'M Ravichandran                                                  ',19.0,b'A',2003-09-29 00:18:00.000000000,b'1',18.28,91.846,b'1',b'ARGOS   ',,,
19,48,b'2900266 ',b'Argo INDIA                                                      ',b'M Ravichandran                                                  ',19.0,b'A',2003-09-29 00:18:00.000000000,b'1',18.28,91.846,b'1',b'ARGOS   ',,,
19,49,b'2900266 ',b'Argo INDIA                                                      ',b'M Ravichandran                                                  ',19.0,b'A',2003-09-29 00:18:00.000000000,b'1',18.28,91.846,b'1',b'ARGOS   ',,,
19,50,b'2900266 ',b'Argo INDIA                                                      ',b'M Ravichandran                                                  ',19.0,b'A',2003-09-29 00:18:00.000000000,b'1',18.28,91.846,b'1',b'ARGOS   ',,,
20,0,b'2900266 ',b'Argo INDIA                                                      ',b'M Ravichandran                                                  ',20.0,b'A',2003-10-04 00:18:00.000000000,b'1',18.734,91.754,b'1',b'ARGOS   ',10.0,30.043,29.431
20,1,b'2900266 ',b'Argo INDIA                                                      ',b'M Ravichandran                                                  ',20.0,b'A',2003-10-04 00:18:00.000000000,b'1',18.734,91.754,b'1',b'ARGOS   ',,,
20,2,b'2900266 ',b'Argo INDIA                                                      ',b'M Ravichandran                                                  ',20.0,b'A',2003-10-04 00:18:00.000000000,b'1',18.734,91.754,b'1',b'ARGOS   ',,,
20,3,b'2900266 ',b'Argo INDIA                                                      ',b'M Ravichandran                                                  ',20.0,b'A',2003-10-04 00:18:00.000000000,b'1',18.734,91.754,b'1',b'ARGOS   ',,,
20,4,b'2900266 ',b'Argo INDIA                                                      ',b'M Ravichandran                                                  ',20.0,b'A',2003-10-04 00:18:00.000000000,b'1',18.734,91.754,b'1',b'ARGOS   ',,,
20,5,b'2900266 ',b'Argo INDIA                                                      ',b'M Ravichandran                                                  ',20.0,b'A',2003-10-04 00:18:00.000000000,b'1',18.734,91.754,b'1',b'ARGOS   ',,,
20,6,b'2900266 ',b'Argo INDIA                                                      ',b'M Ravichandran                                                  ',20.0,b'A',2003-10-04 00:18:00.000000000,b'1',18.734,91.754,b'1',b'ARGOS   ',,,
20,7,b'2900266 ',b'Argo INDIA                                                      ',b'M Ravichandran                                                  ',20.0,b'A',2003-10-04 00:18:00.000000000,b'1',18.734,91.754,b'1',b'ARGOS   ',,,
20,8,b'2900266 ',b'Argo INDIA                                                      ',b'M Ravichandran                                                  ',20.0,b'A',2003-10-04 00:18:00.000000000,b'1',18.734,91.754,b'1',b'ARGOS   ',,,
20,9,b'2900266 ',b'Argo INDIA                                                      ',b'M Ravichandran                                                  ',20.0,b'A',2003-10-04 00:18:00.000000000,b'1',18.734,91.754,b'1',b'ARGOS   ',,,
20,10,b'2900266 ',b'Argo INDIA                                                      ',b'M Ravichandran                                                  ',20.0,b'A',2003-10-04 00:18:00.000000000,b'1',18.734,91.754,b'1',b'ARGOS   ',,,
20,11,b'2900266 ',b'Argo INDIA                                                      ',b'M Ravichandran                                                  ',20.0,b'A',2003-10-04 00:18:00.000000000,b'1',18.734,91.754,b'1',b'ARGOS   ',,,
20,12,b'2900266 ',b'Argo INDIA                                                      ',b'M Ravichandran                                                  ',20.0,b'A',2003-10-04 00:18:00.000000000,b'1',18.734,91.754,b'1',b'ARGOS   ',,,
20,13,b'2900266 ',b'Argo INDIA                                                      ',b'M Ravichandran                                                  ',20.0,b'A',2003-10-04 00:18:00.000000000,b'1',18.734,91.754,b'1',b'ARGOS   ',,,
20,14,b'2900266 ',b'Argo INDIA                                                      ',b'M Ravichandran                                                  ',20.0,b'A',2003-10-04 00:18:00.000000000,b'1',18.734,91.754,b'1',b'ARGOS   ',,,
20,15,b'2900266 ',b'Argo INDIA                                                      ',b'M Ravichandran                                                  ',20.0,b'A',2003-10-04 00:18:00.000000000,b'1',18.734,91.754,b'1',b'ARGOS   ',,,
20,16,b'2900266 ',b'Argo INDIA                                                      ',b'M Ravichandran                                                  ',20.0,b'A',2003-10-04 00:18:00.000000000,b'1',18.734,91.754,b'1',b'ARGOS   ',,,
20,17,b'2900266 ',b'Argo INDIA                                                      ',b'M Ravichandran                                                  ',20.0,b'A',2003-10-04 00:18:00.000000000,b'1',18.734,91.754,b'1',b'ARGOS   ',,,
20,18,b'2900266 ',b'Argo INDIA                                                      ',b'M Ravichandran                                                  ',20.0,b'A',2003-10-04 00:18:00.000000000,b'1',18.734,91.754,b'1',b'ARGOS   ',,,
20,19,b'2900266 ',b'Argo INDIA                                                      ',b'M Ravichandran                                                  ',20.0,b'A',2003-10-04 00:18:00.000000000,b'1',18.734,91.754,b'1',b'ARGOS   ',,,
20,20,b'2900266 ',b'Argo INDIA                                                      ',b'M Ravichandran                                                  ',20.0,b'A',2003-10-04 00:18:00.000000000,b'1',18.734,91.754,b'1',b'ARGOS   ',,,
20,21,b'2900266 ',b'Argo INDIA                                                      ',b'M Ravichandran                                                  ',20.0,b'A',2003-10-04 00:18:00.000000000,b'1',18.734,91.754,b'1',b'ARGOS   ',,,
20,22,b'2900266 ',b'Argo INDIA                                                      ',b'M Ravichandran                                                  ',20.0,b'A',2003-10-04 00:18:00.000000000,b'1',18.734,91.754,b'1',b'ARGOS   ',,,
20,23,b'2900266 ',b'Argo INDIA                                                      ',b'M Ravichandran                                                  ',20.0,b'A',2003-10-04 00:18:00.000000000,b'1',18.734,91.754,b'1',b'ARGOS   ',,,
20,24,b'2900266 ',b'Argo INDIA                                                      ',b'M Ravichandran                                                  ',20.0,b'A',2003-10-04 00:18:00.000000000,b'1',18.734,91.754,b'1',b'ARGOS   ',,,
20,25,b'2900266 ',b'Argo INDIA                                                      ',b'M Ravichandran                                                  ',20.0,b'A',2003-10-04 00:18:00.000000000,b'1',18.734,91.754,b'1',b'ARGOS   ',,,
20,26,b'2900266 ',b'Argo INDIA                                                      ',b'M Ravichandran                                                  ',20.0,b'A',2003-10-04 00:18:00.000000000,b'1',18.734,91.754,b'1',b'ARGOS   ',,,
20,27,b'2900266 ',b'Argo INDIA                                                      ',b'M Ravichandran                                                  ',20.0,b'A',2003-10-04 00:18:00.000000000,b'1',18.734,91.754,b'1',b'ARGOS   ',,,
20,28,b'2900266 ',b'Argo INDIA                                                      ',b'M Ravichandran                                                  ',20.0,b'A',2003-10-04 00:18:00.000000000,b'1',18.734,91.754,b'1',b'ARGOS   ',,,
20,29,b'2900266 ',b'Argo INDIA                                                      ',b'M Ravichandran                                                  ',20.0,b'A',2003-10-04 00:18:00.000000000,b'1',18.734,91.754,b'1',b'ARGOS   ',,,
20,30,b'2900266 ',b'Argo INDIA                                                      ',b'M Ravichandran                                                  ',20.0,b'A',2003-10-04 00:18:00.000000000,b'1',18.734,91.754,b'1',b'ARGOS   ',,,
20,31,b'2900266 ',b'Argo INDIA                                                      ',b'M Ravichandran                                                  ',20.0,b'A',2003-10-04 00:18:00.000000000,b'1',18.734,91.754,b'1',b'ARGOS   ',,,
20,32,b'2900266 ',b'Argo INDIA                                                      ',b'M Ravichandran                                                  ',20.0,b'A',2003-10-04 00:18:00.000000000,b'1',18.734,91.754,b'1',b'ARGOS   ',,,
20,33,b'2900266 ',b'Argo INDIA                                                      ',b'M Ravichandran                                                  ',20.0,b'A',2003-10-04 00:18:00.000000000,b'1',18.734,91.754,b'1',b'ARGOS   ',,,
20,34,b'2900266 ',b'Argo INDIA                                                      ',b'M Ravichandran                                                  ',20.0,b'A',2003-10-04 00:18:00.000000000,b'1',18.734,91.754,b'1',b'ARGOS   ',,,
20,35,b'2900266 ',b'Argo INDIA                                                      ',b'M Ravichandran                                                  ',20.0,b'A',2003-10-04 00:18:00.000000000,b'1',18.734,91.754,b'1',b'ARGOS   ',,,
20,36,b'2900266 ',b'Argo INDIA                                                      ',b'M Ravichandran                                                  ',20.0,b'A',2003-10-04 00:18:00.000000000,b'1',18.734,91.754,b'1',b'ARGOS   ',,,
20,37,b'2900266 ',b'Argo INDIA                                                      ',b'M Ravichandran                                                  ',20.0,b'A',2003-10-04 00:18:00.000000000,b'1',18.734,91.754,b'1',b'ARGOS   ',,,
20,38,b'2900266 ',b'Argo INDIA                                                      ',b'M Ravichandran                                                  ',20.0,b'A',2003-10-04 00:18:00.000000000,b'1',18.734,91.754,b'1',b'ARGOS   ',,,
20,39,b'2900266 ',b'Argo INDIA                                                      ',b'M Ravichandran                                                  ',20.0,b'A',2003-10-04 00:18:00.000000000,b'1',18.734,91.754,b'1',b'ARGOS   ',,,
20,40,b'2900266 ',b'Argo INDIA                                                      ',b'M Ravichandran                                                  ',20.0,b'A',2003-10-04 00:18:00.000000000,b'1',18.734,91.754,b'1',b'ARGOS   ',,,
20,41,b'2900266 ',b'Argo INDIA                                                      ',b'M Ravichandran                                                  ',20.0,b'A',2003-10-04 00:18:00.000000000,b'1',18.734,91.754,b'1',b'ARGOS   ',,,
20,42,b'2900266 ',b'Argo INDIA                                                      ',b'M Ravichandran                                                  ',20.0,b'A',2003-10-04 00:18:00.000000000,b'1',18.734,91.754,b'1',b'ARGOS   ',,,
20,43,b'2900266 ',b'Argo INDIA                                                      ',b'M Ravichandran                                                  ',20.0,b'A',2003-10-04 00:18:00.000000000,b'1',18.734,91.754,b'1',b'ARGOS   ',,,
20,44,b'2900266 ',b'Argo INDIA                                                      ',b'M Ravichandran                                                  ',20.0,b'A',2003-10-04 00:18:00.000000000,b'1',18.734,91.754,b'1',b'ARGOS   ',,,
20,45,b'2900266 ',b'Argo INDIA                                                      ',b'M Ravichandran                                                  ',20.0,b'A',2003-10-04 00:18:00.000000000,b'1',18.734,91.754,b'1',b'ARGOS   ',,,
20,46,b'2900266 ',b'Argo INDIA                                                      ',b'M Ravichandran                                                  ',20.0,b'A',2003-10-04 00:18:00.000000000,b'1',18.734,91.754,b'1',b'ARGOS   ',,,
20,47,b'2900266 ',b'Argo INDIA                                                      ',b'M Ravichandran                                                  ',20.0,b'A',2003-10-04 00:18:00.000000000,b'1',18.734,91.754,b'1',b'ARGOS   ',,,
20,48,b'2900266 ',b'Argo INDIA                                                      ',b'M Ravichandran                                                  ',20.0,b'A',2003-10-04 00:18:00.000000000,b'1',18.734,91.754,b'1',b'ARGOS   ',,,
20,49,b'2900266 ',b'Argo INDIA                                                      ',b'M Ravichandran                                                  ',20.0,b'A',2003-10-04 00:18:00.000000000,b'1',18.734,91.754,b'1',b'ARGOS   ',,,
20,50,b'2900266 ',b'Argo INDIA                                                      ',b'M Ravichandran                                                  ',20.0,b'A',2003-10-04 00:18:00.000000000,b'1',18.734,91.754,b'1',b'ARGOS   ',,,
21,0,b'2900266 ',b'Argo INDIA                                                      ',b'M Ravichandran                                                  ',21.0,b'A',2003-10-09 00:24:00.000000000,b'1',19.229,91.879,b'1',b'ARGOS   ',16.1,29.507,29.541
21,1,b'2900266 ',b'Argo INDIA                                                      ',b'M Ravichandran                                                  ',21.0,b'A',2003-10-09 00:24:00.000000000,b'1',19.229,91.879,b'1',b'ARGOS   ',,,
21,2,b'2900266 ',b'Argo INDIA                                                      ',b'M Ravichandran                                                  ',21.0,b'A',2003-10-09 00:24:00.000000000,b'1',19.229,91.879,b'1',b'ARGOS   ',,,
21,3,b'2900266 ',b'Argo INDIA                                                      ',b'M Ravichandran                                                  ',21.0,b'A',2003-10-09 00:24:00.000000000,b'1',19.229,91.879,b'1',b'ARGOS   ',,,
21,4,b'2900266 ',b'Argo INDIA                                                      ',b'M Ravichandran                                                  ',21.0,b'A',2003-10-09 00:24:00.000000000,b'1',19.229,91.879,b'1',b'ARGOS   ',,,
21,5,b'2900266 ',b'Argo INDIA                                                      ',b'M Ravichandran                                                  ',21.0,b'A',2003-10-09 00:24:00.000000000,b'1',19.229,91.879,b'1',b'ARGOS   ',,,
21,6,b'2900266 ',b'Argo INDIA                                                      ',b'M Ravichandran                                                  ',21.0,b'A',2003-10-09 00:24:00.000000000,b'1',19.229,91.879,b'1',b'ARGOS   ',,,
21,7,b'2900266 ',b'Argo INDIA                                                      ',b'M Ravichandran                                                  ',21.0,b'A',2003-10-09 00:24:00.000000000,b'1',19.229,91.879,b'1',b'ARGOS   ',,,
21,8,b'2900266 ',b'Argo INDIA                                                      ',b'M Ravichandran                                                  ',21.0,b'A',2003-10-09 00:24:00.000000000,b'1',19.229,91.879,b'1',b'ARGOS   ',,,
21,9,b'2900266 ',b'Argo INDIA                                                      ',b'M Ravichandran                                                  ',21.0,b'A',2003-10-09 00:24:00.000000000,b'1',19.229,91.879,b'1',b'ARGOS   ',,,
21,10,b'2900266 ',b'Argo INDIA                                                      ',b'M Ravichandran                                                  ',21.0,b'A',2003-10-09 00:24:00.000000000,b'1',19.229,91.879,b'1',b'ARGOS   ',,,
21,11,b'2900266 ',b'Argo INDIA                                                      ',b'M Ravichandran                                                  ',21.0,b'A',2003-10-09 00:24:00.000000000,b'1',19.229,91.879,b'1',b'ARGOS   ',,,
21,12,b'2900266 ',b'Argo INDIA                                                      ',b'M Ravichandran                                                  ',21.0,b'A',2003-10-09 00:24:00.000000000,b'1',19.229,91.879,b'1',b'ARGOS   ',,,
21,13,b'2900266 ',b'Argo INDIA                                                      ',b'M Ravichandran                                                  ',21.0,b'A',2003-10-09 00:24:00.000000000,b'1',19.229,91.879,b'1',b'ARGOS   ',,,
21,14,b'2900266 ',b'Argo INDIA                                                      ',b'M Ravichandran                                                  ',21.0,b'A',2003-10-09 00:24:00.000000000,b'1',19.229,91.879,b'1',b'ARGOS   ',,,
21,15,b'2900266 ',b'Argo INDIA                                                      ',b'M Ravichandran                                                  ',21.0,b'A',2003-10-09 00:24:00.000000000,b'1',19.229,91.879,b'1',b'ARGOS   ',,,
21,16,b'2900266 ',b'Argo INDIA                                                      ',b'M Ravichandran                                                  ',21.0,b'A',2003-10-09 00:24:00.000000000,b'1',19.229,91.879,b'1',b'ARGOS   ',,,
21,17,b'2900266 ',b'Argo INDIA                                                      ',b'M Ravichandran                                                  ',21.0,b'A',2003-10-09 00:24:00.000000000,b'1',19.229,91.879,b'1',b'ARGOS   ',,,
21,18,b'2900266 ',b'Argo INDIA                                                      ',b'M Ravichandran                                                  ',21.0,b'A',2003-10-09 00:24:00.000000000,b'1',19.229,91.879,b'1',b'ARGOS   ',,,
21,19,b'2900266 ',b'Argo INDIA                                                      ',b'M Ravichandran                                                  ',21.0,b'A',2003-10-09 00:24:00.000000000,b'1',19.229,91.879,b'1',b'ARGOS   ',,,
21,20,b'2900266 ',b'Argo INDIA                                                      ',b'M Ravichandran                                                  ',21.0,b'A',2003-10-09 00:24:00.000000000,b'1',19.229,91.879,b'1',b'ARGOS   ',,,
21,21,b'2900266 ',b'Argo INDIA                                                      ',b'M Ravichandran                                                  ',21.0,b'A',2003-10-09 00:24:00.000000000,b'1',19.229,91.879,b'1',b'ARGOS   ',,,
21,22,b'2900266 ',b'Argo INDIA                                                      ',b'M Ravichandran                                                  ',21.0,b'A',2003-10-09 00:24:00.000000000,b'1',19.229,91.879,b'1',b'ARGOS   ',,,
21,23,b'2900266 ',b'Argo INDIA                                                      ',b'M Ravichandran                                                  ',21.0,b'A',2003-10-09 00:24:00.000000000,b'1',19.229,91.879,b'1',b'ARGOS   ',,,
21,24,b'2900266 ',b'Argo INDIA                                                      ',b'M Ravichandran                                                  ',21.0,b'A',2003-10-09 00:24:00.000000000,b'1',19.229,91.879,b'1',b'ARGOS   ',,,
21,25,b'2900266 ',b'Argo INDIA                                                      ',b'M Ravichandran                                                  ',21.0,b'A',2003-10-09 00:24:00.000000000,b'1',19.229,91.879,b'1',b'ARGOS   ',,,
21,26,b'2900266 ',b'Argo INDIA                                                      ',b'M Ravichandran                                                  ',21.0,b'A',2003-10-09 00:24:00.000000000,b'1',19.229,91.879,b'1',b'ARGOS   ',,,
21,27,b'2900266 ',b'Argo INDIA                                                      ',b'M Ravichandran                                                  ',21.0,b'A',2003-10-09 00:24:00.000000000,b'1',19.229,91.879,b'1',b'ARGOS   ',,,
21,28,b'2900266 ',b'Argo INDIA                                                      ',b'M Ravichandran                                                  ',21.0,b'A',2003-10-09 00:24:00.000000000,b'1',19.229,91.879,b'1',b'ARGOS   ',,,
21,29,b'2900266 ',b'Argo INDIA                                                      ',b'M Ravichandran                                                  ',21.0,b'A',2003-10-09 00:24:00.000000000,b'1',19.229,91.879,b'1',b'ARGOS   ',,,
21,30,b'2900266 ',b'Argo INDIA                                                      ',b'M Ravichandran                                                  ',21.0,b'A',2003-10-09 00:24:00.000000000,b'1',19.229,91.879,b'1',b'ARGOS   ',,,
21,31,b'2900266 ',b'Argo INDIA                                                      ',b'M Ravichandran                                                  ',21.0,b'A',2003-10-09 00:24:00.000000000,b'1',19.229,91.879,b'1',b'ARGOS   ',,,
21,32,b'2900266 ',b'Argo INDIA                                                      ',b'M Ravichandran                                                  ',21.0,b'A',2003-10-09 00:24:00.000000000,b'1',19.229,91.879,b'1',b'ARGOS   ',,,
21,33,b'2900266 ',b'Argo INDIA                                                      ',b'M Ravichandran                                                  ',21.0,b'A',2003-10-09 00:24:00.000000000,b'1',19.229,91.879,b'1',b'ARGOS   ',,,
21,34,b'2900266 ',b'Argo INDIA                                                      ',b'M Ravichandran                                                  ',21.0,b'A',2003-10-09 00:24:00.000000000,b'1',19.229,91.879,b'1',b'ARGOS   ',,,
21,35,b'2900266 ',b'Argo INDIA                                                      ',b'M Ravichandran                                                  ',21.0,b'A',2003-10-09 00:24:00.000000000,b'1',19.229,91.879,b'1',b'ARGOS   ',,,
21,36,b'2900266 ',b'Argo INDIA                                                      ',b'M Ravichandran                                                  ',21.0,b'A',2003-10-09 00:24:00.000000000,b'1',19.229,91.879,b'1',b'ARGOS   ',,,
21,37,b'2900266 ',b'Argo INDIA                                                      ',b'M Ravichandran                                                  ',21.0,b'A',2003-10-09 00:24:00.000000000,b'1',19.229,91.879,b'1',b'ARGOS   ',,,
21,38,b'2900266 ',b'Argo INDIA                                                      ',b'M Ravichandran                                                  ',21.0,b'A',2003-10-09 00:24:00.000000000,b'1',19.229,91.879,b'1',b'ARGOS   ',,,
21,39,b'2900266 ',b'Argo INDIA                                                      ',b'M Ravichandran                                                  ',21.0,b'A',2003-10-09 00:24:00.000000000,b'1',19.229,91.879,b'1',b'ARGOS   ',,,
21,40,b'2900266 ',b'Argo INDIA                                                      ',b'M Ravichandran                                                  ',21.0,b'A',2003-10-09 00:24:00.000000000,b'1',19.229,91.879,b'1',b'ARGOS   ',,,
21,41,b'2900266 ',b'Argo INDIA                                                      ',b'M Ravichandran                                                  ',21.0,b'A',2003-10-09 00:24:00.000000000,b'1',19.229,91.879,b'1',b'ARGOS   ',,,
21,42,b'2900266 ',b'Argo INDIA                                                      ',b'M Ravichandran                                                  ',21.0,b'A',2003-10-09 00:24:00.000000000,b'1',19.229,91.879,b'1',b'ARGOS   ',,,
21,43,b'2900266 ',b'Argo INDIA                                                      ',b'M Ravichandran                                                  ',21.0,b'A',2003-10-09 00:24:00.000000000,b'1',19.229,91.879,b'1',b'ARGOS   ',,,
21,44,b'2900266 ',b'Argo INDIA                                                      ',b'M Ravichandran                                                  ',21.0,b'A',2003-10-09 00:24:00.000000000,b'1',19.229,91.879,b'1',b'ARGOS   ',,,
21,45,b'2900266 ',b'Argo INDIA                                                      ',b'M Ravichandran                                                  ',21.0,b'A',2003-10-09 00:24:00.000000000,b'1',19.229,91.879,b'1',b'ARGOS   ',,,
21,46,b'2900266 ',b'Argo INDIA                                                      ',b'M Ravichandran                                                  ',21.0,b'A',2003-10-09 00:24:00.000000000,b'1',19.229,91.879,b'1',b'ARGOS   ',,,
21,47,b'2900266 ',b'Argo INDIA                                                      ',b'M Ravichandran                                                  ',21.0,b'A',2003-10-09 00:24:00.000000000,b'1',19.229,91.879,b'1',b'ARGOS   ',,,
21,48,b'2900266 ',b'Argo INDIA                                                      ',b'M Ravichandran                                                  ',21.0,b'A',2003-10-09 00:24:00.000000000,b'1',19.229,91.879,b'1',b'ARGOS   ',,,
21,49,b'2900266 ',b'Argo INDIA                                                      ',b'M Ravichandran                                                  ',21.0,b'A',2003-10-09 00:24:00.000000000,b'1',19.229,91.879,b'1',b'ARGOS   ',,,
21,50,b'2900266 ',b'Argo INDIA                                                      ',b'M Ravichandran                                                  ',21.0,b'A',2003-10-09 00:24:00.000000000,b'1',19.229,91.879,b'1',b'ARGOS   ',,,
22,0,b'2900266 ',b'Argo INDIA                                                      ',b'M Ravichandran                                                  ',22.0,b'A',2003-10-14 00:18:00.000000000,b'1',19.052,92.391,b'1',b'ARGOS   ',10.2,29.398,31.153
22,1,b'2900266 ',b'Argo INDIA                                                      ',b'M Ravichandran                                                  ',22.0,b'A',2003-10-14 00:18:00.000000000,b'1',19.052,92.391,b'1',b'ARGOS   ',,,
22,2,b'2900266 ',b'Argo INDIA                                                      ',b'M Ravichandran                                                  ',22.0,b'A',2003-10-14 00:18:00.000000000,b'1',19.052,92.391,b'1',b'ARGOS   ',,,
22,3,b'2900266 ',b'Argo INDIA                                                      ',b'M Ravichandran                                                  ',22.0,b'A',2003-10-14 00:18:00.000000000,b'1',19.052,92.391,b'1',b'ARGOS   ',,,
22,4,b'2900266 ',b'Argo INDIA                                                      ',b'M Ravichandran                                                  ',22.0,b'A',2003-10-14 00:18:00.000000000,b'1',19.052,92.391,b'1',b'ARGOS   ',,,
22,5,b'2900266 ',b'Argo INDIA                                                      ',b'M Ravichandran                                                  ',22.0,b'A',2003-10-14 00:18:00.000000000,b'1',19.052,92.391,b'1',b'ARGOS   ',,,
22,6,b'2900266 ',b'Argo INDIA                                                      ',b'M Ravichandran                                                  ',22.0,b'A',2003-10-14 00:18:00.000000000,b'1',19.052,92.391,b'1',b'ARGOS   ',,,
22,7,b'2900266 ',b'Argo INDIA                                                      ',b'M Ravichandran                                                  ',22.0,b'A',2003-10-14 00:18:00.000000000,b'1',19.052,92.391,b'1',b'ARGOS   ',,,
22,8,b'2900266 ',b'Argo INDIA                                                      ',b'M Ravichandran                                                  ',22.0,b'A',2003-10-14 00:18:00.000000000,b'1',19.052,92.391,b'1',b'ARGOS   ',,,
22,9,b'2900266 ',b'Argo INDIA                                                      ',b'M Ravichandran                                                  ',22.0,b'A',2003-10-14 00:18:00.000000000,b'1',19.052,92.391,b'1',b'ARGOS   ',,,
22,10,b'2900266 ',b'Argo INDIA                                                      ',b'M Ravichandran                                                  ',22.0,b'A',2003-10-14 00:18:00.000000000,b'1',19.052,92.391,b'1',b'ARGOS   ',,,
22,11,b'2900266 ',b'Argo INDIA                                                      ',b'M Ravichandran                                                  ',22.0,b'A',2003-10-14 00:18:00.000000000,b'1',19.052,92.391,b'1',b'ARGOS   ',,,
22,12,b'2900266 ',b'Argo INDIA                                                      ',b'M Ravichandran                                                  ',22.0,b'A',2003-10-14 00:18:00.000000000,b'1',19.052,92.391,b'1',b'ARGOS   ',,,
22,13,b'2900266 ',b'Argo INDIA                                                      ',b'M Ravichandran                                                  ',22.0,b'A',2003-10-14 00:18:00.000000000,b'1',19.052,92.391,b'1',b'ARGOS   ',,,
22,14,b'2900266 ',b'Argo INDIA                                                      ',b'M Ravichandran                                                  ',22.0,b'A',2003-10-14 00:18:00.000000000,b'1',19.052,92.391,b'1',b'ARGOS   ',,,
22,15,b'2900266 ',b'Argo INDIA                                                      ',b'M Ravichandran                                                  ',22.0,b'A',2003-10-14 00:18:00.000000000,b'1',19.052,92.391,b'1',b'ARGOS   ',,,
22,16,b'2900266 ',b'Argo INDIA                                                      ',b'M Ravichandran                                                  ',22.0,b'A',2003-10-14 00:18:00.000000000,b'1',19.052,92.391,b'1',b'ARGOS   ',,,
22,17,b'2900266 ',b'Argo INDIA                                                      ',b'M Ravichandran                                                  ',22.0,b'A',2003-10-14 00:18:00.000000000,b'1',19.052,92.391,b'1',b'ARGOS   ',,,
22,18,b'2900266 ',b'Argo INDIA                                                      ',b'M Ravichandran                                                  ',22.0,b'A',2003-10-14 00:18:00.000000000,b'1',19.052,92.391,b'1',b'ARGOS   ',,,
22,19,b'2900266 ',b'Argo INDIA                                                      ',b'M Ravichandran                                                  ',22.0,b'A',2003-10-14 00:18:00.000000000,b'1',19.052,92.391,b'1',b'ARGOS   ',,,
22,20,b'2900266 ',b'Argo INDIA                                                      ',b'M Ravichandran                                                  ',22.0,b'A',2003-10-14 00:18:00.000000000,b'1',19.052,92.391,b'1',b'ARGOS   ',,,
22,21,b'2900266 ',b'Argo INDIA                                                      ',b'M Ravichandran                                                  ',22.0,b'A',2003-10-14 00:18:00.000000000,b'1',19.052,92.391,b'1',b'ARGOS   ',,,
22,22,b'2900266 ',b'Argo INDIA                                                      ',b'M Ravichandran                                                  ',22.0,b'A',2003-10-14 00:18:00.000000000,b'1',19.052,92.391,b'1',b'ARGOS   ',,,
22,23,b'2900266 ',b'Argo INDIA                                                      ',b'M Ravichandran                                                  ',22.0,b'A',2003-10-14 00:18:00.000000000,b'1',19.052,92.391,b'1',b'ARGOS   ',,,
22,24,b'2900266 ',b'Argo INDIA                                                      ',b'M Ravichandran                                                  ',22.0,b'A',2003-10-14 00:18:00.000000000,b'1',19.052,92.391,b'1',b'ARGOS   ',,,
22,25,b'2900266 ',b'Argo INDIA                                                      ',b'M Ravichandran                                                  ',22.0,b'A',2003-10-14 00:18:00.000000000,b'1',19.052,92.391,b'1',b'ARGOS   ',,,
22,26,b'2900266 ',b'Argo INDIA                                                      ',b'M Ravichandran                                                  ',22.0,b'A',2003-10-14 00:18:00.000000000,b'1',19.052,92.391,b'1',b'ARGOS   ',,,
22,27,b'2900266 ',b'Argo INDIA                                                      ',b'M Ravichandran                                                  ',22.0,b'A',2003-10-14 00:18:00.000000000,b'1',19.052,92.391,b'1',b'ARGOS   ',,,
22,28,b'2900266 ',b'Argo INDIA                                                      ',b'M Ravichandran                                                  ',22.0,b'A',2003-10-14 00:18:00.000000000,b'1',19.052,92.391,b'1',b'ARGOS   ',,,
22,29,b'2900266 ',b'Argo INDIA                                                      ',b'M Ravichandran                                                  ',22.0,b'A',2003-10-14 00:18:00.000000000,b'1',19.052,92.391,b'1',b'ARGOS   ',,,
22,30,b'2900266 ',b'Argo INDIA                                                      ',b'M Ravichandran                                                  ',22.0,b'A',2003-10-14 00:18:00.000000000,b'1',19.052,92.391,b'1',b'ARGOS   ',,,
22,31,b'2900266 ',b'Argo INDIA                                                      ',b'M Ravichandran                                                  ',22.0,b'A',2003-10-14 00:18:00.000000000,b'1',19.052,92.391,b'1',b'ARGOS   ',,,
22,32,b'2900266 ',b'Argo INDIA                                                      ',b'M Ravichandran                                                  ',22.0,b'A',2003-10-14 00:18:00.000000000,b'1',19.052,92.391,b'1',b'ARGOS   ',,,
22,33,b'2900266 ',b'Argo INDIA                                                      ',b'M Ravichandran                                                  ',22.0,b'A',2003-10-14 00:18:00.000000000,b'1',19.052,92.391,b'1',b'ARGOS   ',,,
22,34,b'2900266 ',b'Argo INDIA                                                      ',b'M Ravichandran                                                  ',22.0,b'A',2003-10-14 00:18:00.000000000,b'1',19.052,92.391,b'1',b'ARGOS   ',,,
22,35,b'2900266 ',b'Argo INDIA                                                      ',b'M Ravichandran                                                  ',22.0,b'A',2003-10-14 00:18:00.000000000,b'1',19.052,92.391,b'1',b'ARGOS   ',,,
22,36,b'2900266 ',b'Argo INDIA                                                      ',b'M Ravichandran                                                  ',22.0,b'A',2003-10-14 00:18:00.000000000,b'1',19.052,92.391,b'1',b'ARGOS   ',,,
22,37,b'2900266 ',b'Argo INDIA                                                      ',b'M Ravichandran                                                  ',22.0,b'A',2003-10-14 00:18:00.000000000,b'1',19.052,92.391,b'1',b'ARGOS   ',,,
22,38,b'2900266 ',b'Argo INDIA                                                      ',b'M Ravichandran                                                  ',22.0,b'A',2003-10-14 00:18:00.000000000,b'1',19.052,92.391,b'1',b'ARGOS   ',,,
22,39,b'2900266 ',b'Argo INDIA                                                      ',b'M Ravichandran                                                  ',22.0,b'A',2003-10-14 00:18:00.000000000,b'1',19.052,92.391,b'1',b'ARGOS   ',,,
22,40,b'2900266 ',b'Argo INDIA                                                      ',b'M Ravichandran                                                  ',22.0,b'A',2003-10-14 00:18:00.000000000,b'1',19.052,92.391,b'1',b'ARGOS   ',,,
22,41,b'2900266 ',b'Argo INDIA                                                      ',b'M Ravichandran                                                  ',22.0,b'A',2003-10-14 00:18:00.000000000,b'1',19.052,92.391,b'1',b'ARGOS   ',,,
22,42,b'2900266 ',b'Argo INDIA                                                      ',b'M Ravichandran                                                  ',22.0,b'A',2003-10-14 00:18:00.000000000,b'1',19.052,92.391,b'1',b'ARGOS   ',,,
22,43,b'2900266 ',b'Argo INDIA                                                      ',b'M Ravichandran                                                  ',22.0,b'A',2003-10-14 00:18:00.000000000,b'1',19.052,92.391,b'1',b'ARGOS   ',,,
22,44,b'2900266 ',b'Argo INDIA                                                      ',b'M Ravichandran                                                  ',22.0,b'A',2003-10-14 00:18:00.000000000,b'1',19.052,92.391,b'1',b'ARGOS   ',,,
22,45,b'2900266 ',b'Argo INDIA                                                      ',b'M Ravichandran                                                  ',22.0,b'A',2003-10-14 00:18:00.000000000,b'1',19.052,92.391,b'1',b'ARGOS   ',,,
22,46,b'2900266 ',b'Argo INDIA                                                      ',b'M Ravichandran                                                  ',22.0,b'A',2003-10-14 00:18:00.000000000,b'1',19.052,92.391,b'1',b'ARGOS   ',,,
22,47,b'2900266 ',b'Argo INDIA                                                      ',b'M Ravichandran                                                  ',22.0,b'A',2003-10-14 00:18:00.000000000,b'1',19.052,92.391,b'1',b'ARGOS   ',,,
22,48,b'2900266 ',b'Argo INDIA                                                      ',b'M Ravichandran                                                  ',22.0,b'A',2003-10-14 00:18:00.000000000,b'1',19.052,92.391,b'1',b'ARGOS   ',,,
22,49,b'2900266 ',b'Argo INDIA                                                      ',b'M Ravichandran                                                  ',22.0,b'A',2003-10-14 00:18:00.000000000,b'1',19.052,92.391,b'1',b'ARGOS   ',,,
22,50,b'2900266 ',b'Argo INDIA                                                      ',b'M Ravichandran                                                  ',22.0,b'A',2003-10-14 00:18:00.000000000,b'1',19.052,92.391,b'1',b'ARGOS   ',,,
23,0,b'2900266 ',b'Argo INDIA                                                      ',b'M Ravichandran                                                  ',23.0,b'A',2003-10-19 00:18:00.000000000,b'1',18.766,92.526,b'1',b'ARGOS   ',17.3,29.697,32.39
23,1,b'2900266 ',b'Argo INDIA                                                      ',b'M Ravichandran                                                  ',23.0,b'A',2003-10-19 00:18:00.000000000,b'1',18.766,92.526,b'1',b'ARGOS   ',,,
23,2,b'2900266 ',b'Argo INDIA                                                      ',b'M Ravichandran                                                  ',23.0,b'A',2003-10-19 00:18:00.000000000,b'1',18.766,92.526,b'1',b'ARGOS   ',,,
23,3,b'2900266 ',b'Argo INDIA                                                      ',b'M Ravichandran                                                  ',23.0,b'A',2003-10-19 00:18:00.000000000,b'1',18.766,92.526,b'1',b'ARGOS   ',,,
23,4,b'2900266 ',b'Argo INDIA                                                      ',b'M Ravichandran                                                  ',23.0,b'A',2003-10-19 00:18:00.000000000,b'1',18.766,92.526,b'1',b'ARGOS   ',,,
23,5,b'2900266 ',b'Argo INDIA                                                      ',b'M Ravichandran                                                  ',23.0,b'A',2003-10-19 00:18:00.000000000,b'1',18.766,92.526,b'1',b'ARGOS   ',,,
23,6,b'2900266 ',b'Argo INDIA                                                      ',b'M Ravichandran                                                  ',23.0,b'A',2003-10-19 00:18:00.000000000,b'1',18.766,92.526,b'1',b'ARGOS   ',,,
23,7,b'2900266 ',b'Argo INDIA                                                      ',b'M Ravichandran                                                  ',23.0,b'A',2003-10-19 00:18:00.000000000,b'1',18.766,92.526,b'1',b'ARGOS   ',,,
23,8,b'2900266 ',b'Argo INDIA                                                      ',b'M Ravichandran                                                  ',23.0,b'A',2003-10-19 00:18:00.000000000,b'1',18.766,92.526,b'1',b'ARGOS   ',,,
23,9,b'2900266 ',b'Argo INDIA                                                      ',b'M Ravichandran                                                  ',23.0,b'A',2003-10-19 00:18:00.000000000,b'1',18.766,92.526,b'1',b'ARGOS   ',,,
23,10,b'2900266 ',b'Argo INDIA                                                      ',b'M Ravichandran                                                  ',23.0,b'A',2003-10-19 00:18:00.000000000,b'1',18.766,92.526,b'1',b'ARGOS   ',,,
23,11,b'2900266 ',b'Argo INDIA                                                      ',b'M Ravichandran                                                  ',23.0,b'A',2003-10-19 00:18:00.000000000,b'1',18.766,92.526,b'1',b'ARGOS   ',,,
23,12,b'2900266 ',b'Argo INDIA                                                      ',b'M Ravichandran                                                  ',23.0,b'A',2003-10-19 00:18:00.000000000,b'1',18.766,92.526,b'1',b'ARGOS   ',,,
23,13,b'2900266 ',b'Argo INDIA                                                      ',b'M Ravichandran                                                  ',23.0,b'A',2003-10-19 00:18:00.000000000,b'1',18.766,92.526,b'1',b'ARGOS   ',,,
23,14,b'2900266 ',b'Argo INDIA                                                      ',b'M Ravichandran                                                  ',23.0,b'A',2003-10-19 00:18:00.000000000,b'1',18.766,92.526,b'1',b'ARGOS   ',,,
23,15,b'2900266 ',b'Argo INDIA                                                      ',b'M Ravichandran                                                  ',23.0,b'A',2003-10-19 00:18:00.000000000,b'1',18.766,92.526,b'1',b'ARGOS   ',,,
23,16,b'2900266 ',b'Argo INDIA                                                      ',b'M Ravichandran                                                  ',23.0,b'A',2003-10-19 00:18:00.000000000,b'1',18.766,92.526,b'1',b'ARGOS   ',,,
23,17,b'2900266 ',b'Argo INDIA                                                      ',b'M Ravichandran                                                  ',23.0,b'A',2003-10-19 00:18:00.000000000,b'1',18.766,92.526,b'1',b'ARGOS   ',,,
23,18,b'2900266 ',b'Argo INDIA                                                      ',b'M Ravichandran                                                  ',23.0,b'A',2003-10-19 00:18:00.000000000,b'1',18.766,92.526,b'1',b'ARGOS   ',,,
23,19,b'2900266 ',b'Argo INDIA                                                      ',b'M Ravichandran                                                  ',23.0,b'A',2003-10-19 00:18:00.000000000,b'1',18.766,92.526,b'1',b'ARGOS   ',,,
23,20,b'2900266 ',b'Argo INDIA                                                      ',b'M Ravichandran                                                  ',23.0,b'A',2003-10-19 00:18:00.000000000,b'1',18.766,92.526,b'1',b'ARGOS   ',,,
23,21,b'2900266 ',b'Argo INDIA                                                      ',b'M Ravichandran                                                  ',23.0,b'A',2003-10-19 00:18:00.000000000,b'1',18.766,92.526,b'1',b'ARGOS   ',,,
23,22,b'2900266 ',b'Argo INDIA                                                      ',b'M Ravichandran                                                  ',23.0,b'A',2003-10-19 00:18:00.000000000,b'1',18.766,92.526,b'1',b'ARGOS   ',,,
23,23,b'2900266 ',b'Argo INDIA                                                      ',b'M Ravichandran                                                  ',23.0,b'A',2003-10-19 00:18:00.000000000,b'1',18.766,92.526,b'1',b'ARGOS   ',,,
23,24,b'2900266 ',b'Argo INDIA                                                      ',b'M Ravichandran                                                  ',23.0,b'A',2003-10-19 00:18:00.000000000,b'1',18.766,92.526,b'1',b'ARGOS   ',,,
23,25,b'2900266 ',b'Argo INDIA                                                      ',b'M Ravichandran                                                  ',23.0,b'A',2003-10-19 00:18:00.000000000,b'1',18.766,92.526,b'1',b'ARGOS   ',,,
23,26,b'2900266 ',b'Argo INDIA                                                      ',b'M Ravichandran                                                  ',23.0,b'A',2003-10-19 00:18:00.000000000,b'1',18.766,92.526,b'1',b'ARGOS   ',,,
23,27,b'2900266 ',b'Argo INDIA                                                      ',b'M Ravichandran                                                  ',23.0,b'A',2003-10-19 00:18:00.000000000,b'1',18.766,92.526,b'1',b'ARGOS   ',,,
23,28,b'2900266 ',b'Argo INDIA                                                      ',b'M Ravichandran                                                  ',23.0,b'A',2003-10-19 00:18:00.000000000,b'1',18.766,92.526,b'1',b'ARGOS   ',,,
23,29,b'2900266 ',b'Argo INDIA                                                      ',b'M Ravichandran                                                  ',23.0,b'A',2003-10-19 00:18:00.000000000,b'1',18.766,92.526,b'1',b'ARGOS   ',,,
23,30,b'2900266 ',b'Argo INDIA                                                      ',b'M Ravichandran                                                  ',23.0,b'A',2003-10-19 00:18:00.000000000,b'1',18.766,92.526,b'1',b'ARGOS   ',,,
23,31,b'2900266 ',b'Argo INDIA                                                      ',b'M Ravichandran                                                  ',23.0,b'A',2003-10-19 00:18:00.000000000,b'1',18.766,92.526,b'1',b'ARGOS   ',,,
23,32,b'2900266 ',b'Argo INDIA                                                      ',b'M Ravichandran                                                  ',23.0,b'A',2003-10-19 00:18:00.000000000,b'1',18.766,92.526,b'1',b'ARGOS   ',,,
23,33,b'2900266 ',b'Argo INDIA                                                      ',b'M Ravichandran                                                  ',23.0,b'A',2003-10-19 00:18:00.000000000,b'1',18.766,92.526,b'1',b'ARGOS   ',,,
23,34,b'2900266 ',b'Argo INDIA                                                      ',b'M Ravichandran                                                  ',23.0,b'A',2003-10-19 00:18:00.000000000,b'1',18.766,92.526,b'1',b'ARGOS   ',,,
23,35,b'2900266 ',b'Argo INDIA                                                      ',b'M Ravichandran                                                  ',23.0,b'A',2003-10-19 00:18:00.000000000,b'1',18.766,92.526,b'1',b'ARGOS   ',,,
23,36,b'2900266 ',b'Argo INDIA                                                      ',b'M Ravichandran                                                  ',23.0,b'A',2003-10-19 00:18:00.000000000,b'1',18.766,92.526,b'1',b'ARGOS   ',,,
23,37,b'2900266 ',b'Argo INDIA                                                      ',b'M Ravichandran                                                  ',23.0,b'A',2003-10-19 00:18:00.000000000,b'1',18.766,92.526,b'1',b'ARGOS   ',,,
23,38,b'2900266 ',b'Argo INDIA                                                      ',b'M Ravichandran                                                  ',23.0,b'A',2003-10-19 00:18:00.000000000,b'1',18.766,92.526,b'1',b'ARGOS   ',,,
23,39,b'2900266 ',b'Argo INDIA                                                      ',b'M Ravichandran                                                  ',23.0,b'A',2003-10-19 00:18:00.000000000,b'1',18.766,92.526,b'1',b'ARGOS   ',,,
23,40,b'2900266 ',b'Argo INDIA                                                      ',b'M Ravichandran                                                  ',23.0,b'A',2003-10-19 00:18:00.000000000,b'1',18.766,92.526,b'1',b'ARGOS   ',,,
23,41,b'2900266 ',b'Argo INDIA                                                      ',b'M Ravichandran                                                  ',23.0,b'A',2003-10-19 00:18:00.000000000,b'1',18.766,92.526,b'1',b'ARGOS   ',,,
23,42,b'2900266 ',b'Argo INDIA                                                      ',b'M Ravichandran                                                  ',23.0,b'A',2003-10-19 00:18:00.000000000,b'1',18.766,92.526,b'1',b'ARGOS   ',,,
23,43,b'2900266 ',b'Argo INDIA                                                      ',b'M Ravichandran                                                  ',23.0,b'A',2003-10-19 00:18:00.000000000,b'1',18.766,92.526,b'1',b'ARGOS   ',,,
23,44,b'2900266 ',b'Argo INDIA                                                      ',b'M Ravichandran                                                  ',23.0,b'A',2003-10-19 00:18:00.000000000,b'1',18.766,92.526,b'1',b'ARGOS   ',,,
23,45,b'2900266 ',b'Argo INDIA                                                      ',b'M Ravichandran                                                  ',23.0,b'A',2003-10-19 00:18:00.000000000,b'1',18.766,92.526,b'1',b'ARGOS   ',,,
23,46,b'2900266 ',b'Argo INDIA                                                      ',b'M Ravichandran                                                  ',23.0,b'A',2003-10-19 00:18:00.000000000,b'1',18.766,92.526,b'1',b'ARGOS   ',,,
23,47,b'2900266 ',b'Argo INDIA                                                      ',b'M Ravichandran                                                  ',23.0,b'A',2003-10-19 00:18:00.000000000,b'1',18.766,92.526,b'1',b'ARGOS   ',,,
23,48,b'2900266 ',b'Argo INDIA                                                      ',b'M Ravichandran                                                  ',23.0,b'A',2003-10-19 00:18:00.000000000,b'1',18.766,92.526,b'1',b'ARGOS   ',,,
23,49,b'2900266 ',b'Argo INDIA                                                      ',b'M Ravichandran                                                  ',23.0,b'A',2003-10-19 00:18:00.000000000,b'1',18.766,92.526,b'1',b'ARGOS   ',,,
23,50,b'2900266 ',b'Argo INDIA                                                      ',b'M Ravichandran                                                  ',23.0,b'A',2003-10-19 00:18:00.000000000,b'1',18.766,92.526,b'1',b'ARGOS   ',,,
24,0,b'2900266 ',b'Argo INDIA                                                      ',b'M Ravichandran                                                  ',24.0,b'A',2003-10-24 00:24:00.000000000,b'1',18.921,92.208,b'1',b'ARGOS   ',16.0,29.568,29.156
24,1,b'2900266 ',b'Argo INDIA                                                      ',b'M Ravichandran                                                  ',24.0,b'A',2003-10-24 00:24:00.000000000,b'1',18.921,92.208,b'1',b'ARGOS   ',,,
24,2,b'2900266 ',b'Argo INDIA                                                      ',b'M Ravichandran                                                  ',24.0,b'A',2003-10-24 00:24:00.000000000,b'1',18.921,92.208,b'1',b'ARGOS   ',,,
24,3,b'2900266 ',b'Argo INDIA                                                      ',b'M Ravichandran                                                  ',24.0,b'A',2003-10-24 00:24:00.000000000,b'1',18.921,92.208,b'1',b'ARGOS   ',,,
24,4,b'2900266 ',b'Argo INDIA                                                      ',b'M Ravichandran                                                  ',24.0,b'A',2003-10-24 00:24:00.000000000,b'1',18.921,92.208,b'1',b'ARGOS   ',,,
24,5,b'2900266 ',b'Argo INDIA                                                      ',b'M Ravichandran                                                  ',24.0,b'A',2003-10-24 00:24:00.000000000,b'1',18.921,92.208,b'1',b'ARGOS   ',,,
24,6,b'2900266 ',b'Argo INDIA                                                      ',b'M Ravichandran                                                  ',24.0,b'A',2003-10-24 00:24:00.000000000,b'1',18.921,92.208,b'1',b'ARGOS   ',,,
24,7,b'2900266 ',b'Argo INDIA                                                      ',b'M Ravichandran                                                  ',24.0,b'A',2003-10-24 00:24:00.000000000,b'1',18.921,92.208,b'1',b'ARGOS   ',,,
24,8,b'2900266 ',b'Argo INDIA                                                      ',b'M Ravichandran                                                  ',24.0,b'A',2003-10-24 00:24:00.000000000,b'1',18.921,92.208,b'1',b'ARGOS   ',,,
24,9,b'2900266 ',b'Argo INDIA                                                      ',b'M Ravichandran                                                  ',24.0,b'A',2003-10-24 00:24:00.000000000,b'1',18.921,92.208,b'1',b'ARGOS   ',,,
24,10,b'2900266 ',b'Argo INDIA                                                      ',b'M Ravichandran                                                  ',24.0,b'A',2003-10-24 00:24:00.000000000,b'1',18.921,92.208,b'1',b'ARGOS   ',,,
24,11,b'2900266 ',b'Argo INDIA                                                      ',b'M Ravichandran                                                  ',24.0,b'A',2003-10-24 00:24:00.000000000,b'1',18.921,92.208,b'1',b'ARGOS   ',,,
24,12,b'2900266 ',b'Argo INDIA                                                      ',b'M Ravichandran                                                  ',24.0,b'A',2003-10-24 00:24:00.000000000,b'1',18.921,92.208,b'1',b'ARGOS   ',,,
24,13,b'2900266 ',b'Argo INDIA                                                      ',b'M Ravichandran                                                  ',24.0,b'A',2003-10-24 00:24:00.000000000,b'1',18.921,92.208,b'1',b'ARGOS   ',,,
24,14,b'2900266 ',b'Argo INDIA                                                      ',b'M Ravichandran                                                  ',24.0,b'A',2003-10-24 00:24:00.000000000,b'1',18.921,92.208,b'1',b'ARGOS   ',,,
24,15,b'2900266 ',b'Argo INDIA                                                      ',b'M Ravichandran                                                  ',24.0,b'A',2003-10-24 00:24:00.000000000,b'1',18.921,92.208,b'1',b'ARGOS   ',,,
24,16,b'2900266 ',b'Argo INDIA                                                      ',b'M Ravichandran                                                  ',24.0,b'A',2003-10-24 00:24:00.000000000,b'1',18.921,92.208,b'1',b'ARGOS   ',,,
24,17,b'2900266 ',b'Argo INDIA                                                      ',b'M Ravichandran                                                  ',24.0,b'A',2003-10-24 00:24:00.000000000,b'1',18.921,92.208,b'1',b'ARGOS   ',,,
24,18,b'2900266 ',b'Argo INDIA                                                      ',b'M Ravichandran                                                  ',24.0,b'A',2003-10-24 00:24:00.000000000,b'1',18.921,92.208,b'1',b'ARGOS   ',,,
24,19,b'2900266 ',b'Argo INDIA                                                      ',b'M Ravichandran                                                  ',24.0,b'A',2003-10-24 00:24:00.000000000,b'1',18.921,92.208,b'1',b'ARGOS   ',,,
24,20,b'2900266 ',b'Argo INDIA                                                      ',b'M Ravichandran                                                  ',24.0,b'A',2003-10-24 00:24:00.000000000,b'1',18.921,92.208,b'1',b'ARGOS   ',,,
24,21,b'2900266 ',b'Argo INDIA                                                      ',b'M Ravichandran                                                  ',24.0,b'A',2003-10-24 00:24:00.000000000,b'1',18.921,92.208,b'1',b'ARGOS   ',,,
24,22,b'2900266 ',b'Argo INDIA                                                      ',b'M Ravichandran                                                  ',24.0,b'A',2003-10-24 00:24:00.000000000,b'1',18.921,92.208,b'1',b'ARGOS   ',,,
24,23,b'2900266 ',b'Argo INDIA                                                      ',b'M Ravichandran                                                  ',24.0,b'A',2003-10-24 00:24:00.000000000,b'1',18.921,92.208,b'1',b'ARGOS   ',,,
24,24,b'2900266 ',b'Argo INDIA                                                      ',b'M Ravichandran                                                  ',24.0,b'A',2003-10-24 00:24:00.000000000,b'1',18.921,92.208,b'1',b'ARGOS   ',,,
24,25,b'2900266 ',b'Argo INDIA                                                      ',b'M Ravichandran                                                  ',24.0,b'A',2003-10-24 00:24:00.000000000,b'1',18.921,92.208,b'1',b'ARGOS   ',,,
24,26,b'2900266 ',b'Argo INDIA                                                      ',b'M Ravichandran                                                  ',24.0,b'A',2003-10-24 00:24:00.000000000,b'1',18.921,92.208,b'1',b'ARGOS   ',,,
24,27,b'2900266 ',b'Argo INDIA                                                      ',b'M Ravichandran                                                  ',24.0,b'A',2003-10-24 00:24:00.000000000,b'1',18.921,92.208,b'1',b'ARGOS   ',,,
24,28,b'2900266 ',b'Argo INDIA                                                      ',b'M Ravichandran                                                  ',24.0,b'A',2003-10-24 00:24:00.000000000,b'1',18.921,92.208,b'1',b'ARGOS   ',,,
24,29,b'2900266 ',b'Argo INDIA                                                      ',b'M Ravichandran                                                  ',24.0,b'A',2003-10-24 00:24:00.000000000,b'1',18.921,92.208,b'1',b'ARGOS   ',,,
24,30,b'2900266 ',b'Argo INDIA                                                      ',b'M Ravichandran                                                  ',24.0,b'A',2003-10-24 00:24:00.000000000,b'1',18.921,92.208,b'1',b'ARGOS   ',,,
24,31,b'2900266 ',b'Argo INDIA                                                      ',b'M Ravichandran                                                  ',24.0,b'A',2003-10-24 00:24:00.000000000,b'1',18.921,92.208,b'1',b'ARGOS   ',,,
24,32,b'2900266 ',b'Argo INDIA                                                      ',b'M Ravichandran                                                  ',24.0,b'A',2003-10-24 00:24:00.000000000,b'1',18.921,92.208,b'1',b'ARGOS   ',,,
24,33,b'2900266 ',b'Argo INDIA                                                      ',b'M Ravichandran                                                  ',24.0,b'A',2003-10-24 00:24:00.000000000,b'1',18.921,92.208,b'1',b'ARGOS   ',,,
24,34,b'2900266 ',b'Argo INDIA                                                      ',b'M Ravichandran                                                  ',24.0,b'A',2003-10-24 00:24:00.000000000,b'1',18.921,92.208,b'1',b'ARGOS   ',,,
24,35,b'2900266 ',b'Argo INDIA                                                      ',b'M Ravichandran                                                  ',24.0,b'A',2003-10-24 00:24:00.000000000,b'1',18.921,92.208,b'1',b'ARGOS   ',,,
24,36,b'2900266 ',b'Argo INDIA                                                      ',b'M Ravichandran                                                  ',24.0,b'A',2003-10-24 00:24:00.000000000,b'1',18.921,92.208,b'1',b'ARGOS   ',,,
24,37,b'2900266 ',b'Argo INDIA                                                      ',b'M Ravichandran                                                  ',24.0,b'A',2003-10-24 00:24:00.000000000,b'1',18.921,92.208,b'1',b'ARGOS   ',,,
24,38,b'2900266 ',b'Argo INDIA                                                      ',b'M Ravichandran                                                  ',24.0,b'A',2003-10-24 00:24:00.000000000,b'1',18.921,92.208,b'1',b'ARGOS   ',,,
24,39,b'2900266 ',b'Argo INDIA                                                      ',b'M Ravichandran                                                  ',24.0,b'A',2003-10-24 00:24:00.000000000,b'1',18.921,92.208,b'1',b'ARGOS   ',,,
24,40,b'2900266 ',b'Argo INDIA                                                      ',b'M Ravichandran                                                  ',24.0,b'A',2003-10-24 00:24:00.000000000,b'1',18.921,92.208,b'1',b'ARGOS   ',,,
24,41,b'2900266 ',b'Argo INDIA                                                      ',b'M Ravichandran                                                  ',24.0,b'A',2003-10-24 00:24:00.000000000,b'1',18.921,92.208,b'1',b'ARGOS   ',,,
24,42,b'2900266 ',b'Argo INDIA                                                      ',b'M Ravichandran                                                  ',24.0,b'A',2003-10-24 00:24:00.000000000,b'1',18.921,92.208,b'1',b'ARGOS   ',,,
24,43,b'2900266 ',b'Argo INDIA                                                      ',b'M Ravichandran                                                  ',24.0,b'A',2003-10-24 00:24:00.000000000,b'1',18.921,92.208,b'1',b'ARGOS   ',,,
24,44,b'2900266 ',b'Argo INDIA                                                      ',b'M Ravichandran                                                  ',24.0,b'A',2003-10-24 00:24:00.000000000,b'1',18.921,92.208,b'1',b'ARGOS   ',,,
24,45,b'2900266 ',b'Argo INDIA                                                      ',b'M Ravichandran                                                  ',24.0,b'A',2003-10-24 00:24:00.000000000,b'1',18.921,92.208,b'1',b'ARGOS   ',,,
24,46,b'2900266 ',b'Argo INDIA                                                      ',b'M Ravichandran                                                  ',24.0,b'A',2003-10-24 00:24:00.000000000,b'1',18.921,92.208,b'1',b'ARGOS   ',,,
24,47,b'2900266 ',b'Argo INDIA                                                      ',b'M Ravichandran                                                  ',24.0,b'A',2003-10-24 00:24:00.000000000,b'1',18.921,92.208,b'1',b'ARGOS   ',,,
24,48,b'2900266 ',b'Argo INDIA                                                      ',b'M Ravichandran                                                  ',24.0,b'A',2003-10-24 00:24:00.000000000,b'1',18.921,92.208,b'1',b'ARGOS   ',,,
24,49,b'2900266 ',b'Argo INDIA                                                      ',b'M Ravichandran                                                  ',24.0,b'A',2003-10-24 00:24:00.000000000,b'1',18.921,92.208,b'1',b'ARGOS   ',,,
24,50,b'2900266 ',b'Argo INDIA                                                      ',b'M Ravichandran                                                  ',24.0,b'A',2003-10-24 00:24:00.000000000,b'1',18.921,92.208,b'1',b'ARGOS   ',,,
25,0,b'2900266 ',b'Argo INDIA                                                      ',b'M Ravichandran                                                  ',25.0,b'A',2003-10-29 00:12:00.000000256,b'1',19.307,91.427,b'1',b'ARGOS   ',16.0,29.568,29.156
25,1,b'2900266 ',b'Argo INDIA                                                      ',b'M Ravichandran                                                  ',25.0,b'A',2003-10-29 00:12:00.000000256,b'1',19.307,91.427,b'1',b'ARGOS   ',,,
25,2,b'2900266 ',b'Argo INDIA                                                      ',b'M Ravichandran                                                  ',25.0,b'A',2003-10-29 00:12:00.000000256,b'1',19.307,91.427,b'1',b'ARGOS   ',,,
25,3,b'2900266 ',b'Argo INDIA                                                      ',b'M Ravichandran                                                  ',25.0,b'A',2003-10-29 00:12:00.000000256,b'1',19.307,91.427,b'1',b'ARGOS   ',,,
25,4,b'2900266 ',b'Argo INDIA                                                      ',b'M Ravichandran                                                  ',25.0,b'A',2003-10-29 00:12:00.000000256,b'1',19.307,91.427,b'1',b'ARGOS   ',,,
25,5,b'2900266 ',b'Argo INDIA                                                      ',b'M Ravichandran                                                  ',25.0,b'A',2003-10-29 00:12:00.000000256,b'1',19.307,91.427,b'1',b'ARGOS   ',,,
25,6,b'2900266 ',b'Argo INDIA                                                      ',b'M Ravichandran                                                  ',25.0,b'A',2003-10-29 00:12:00.000000256,b'1',19.307,91.427,b'1',b'ARGOS   ',,,
25,7,b'2900266 ',b'Argo INDIA                                                      ',b'M Ravichandran                                                  ',25.0,b'A',2003-10-29 00:12:00.000000256,b'1',19.307,91.427,b'1',b'ARGOS   ',,,
25,8,b'2900266 ',b'Argo INDIA                                                      ',b'M Ravichandran                                                  ',25.0,b'A',2003-10-29 00:12:00.000000256,b'1',19.307,91.427,b'1',b'ARGOS   ',,,
25,9,b'2900266 ',b'Argo INDIA                                                      ',b'M Ravichandran                                                  ',25.0,b'A',2003-10-29 00:12:00.000000256,b'1',19.307,91.427,b'1',b'ARGOS   ',,,
25,10,b'2900266 ',b'Argo INDIA                                                      ',b'M Ravichandran                                                  ',25.0,b'A',2003-10-29 00:12:00.000000256,b'1',19.307,91.427,b'1',b'ARGOS   ',,,
25,11,b'2900266 ',b'Argo INDIA                                                      ',b'M Ravichandran                                                  ',25.0,b'A',2003-10-29 00:12:00.000000256,b'1',19.307,91.427,b'1',b'ARGOS   ',,,
25,12,b'2900266 ',b'Argo INDIA                                                      ',b'M Ravichandran                                                  ',25.0,b'A',2003-10-29 00:12:00.000000256,b'1',19.307,91.427,b'1',b'ARGOS   ',,,
25,13,b'2900266 ',b'Argo INDIA                                                      ',b'M Ravichandran                                                  ',25.0,b'A',2003-10-29 00:12:00.000000256,b'1',19.307,91.427,b'1',b'ARGOS   ',,,
25,14,b'2900266 ',b'Argo INDIA                                                      ',b'M Ravichandran                                                  ',25.0,b'A',2003-10-29 00:12:00.000000256,b'1',19.307,91.427,b'1',b'ARGOS   ',,,
25,15,b'2900266 ',b'Argo INDIA                                                      ',b'M Ravichandran                                                  ',25.0,b'A',2003-10-29 00:12:00.000000256,b'1',19.307,91.427,b'1',b'ARGOS   ',,,
25,16,b'2900266 ',b'Argo INDIA                                                      ',b'M Ravichandran                                                  ',25.0,b'A',2003-10-29 00:12:00.000000256,b'1',19.307,91.427,b'1',b'ARGOS   ',,,
25,17,b'2900266 ',b'Argo INDIA                                                      ',b'M Ravichandran                                                  ',25.0,b'A',2003-10-29 00:12:00.000000256,b'1',19.307,91.427,b'1',b'ARGOS   ',,,
25,18,b'2900266 ',b'Argo INDIA                                                      ',b'M Ravichandran                                                  ',25.0,b'A',2003-10-29 00:12:00.000000256,b'1',19.307,91.427,b'1',b'ARGOS   ',,,
25,19,b'2900266 ',b'Argo INDIA                                                      ',b'M Ravichandran                                                  ',25.0,b'A',2003-10-29 00:12:00.000000256,b'1',19.307,91.427,b'1',b'ARGOS   ',,,
25,20,b'2900266 ',b'Argo INDIA                                                      ',b'M Ravichandran                                                  ',25.0,b'A',2003-10-29 00:12:00.000000256,b'1',19.307,91.427,b'1',b'ARGOS   ',,,
25,21,b'2900266 ',b'Argo INDIA                                                      ',b'M Ravichandran                                                  ',25.0,b'A',2003-10-29 00:12:00.000000256,b'1',19.307,91.427,b'1',b'ARGOS   ',,,
25,22,b'2900266 ',b'Argo INDIA                                                      ',b'M Ravichandran                                                  ',25.0,b'A',2003-10-29 00:12:00.000000256,b'1',19.307,91.427,b'1',b'ARGOS   ',,,
25,23,b'2900266 ',b'Argo INDIA                                                      ',b'M Ravichandran                                                  ',25.0,b'A',2003-10-29 00:12:00.000000256,b'1',19.307,91.427,b'1',b'ARGOS   ',,,
25,24,b'2900266 ',b'Argo INDIA                                                      ',b'M Ravichandran                                                  ',25.0,b'A',2003-10-29 00:12:00.000000256,b'1',19.307,91.427,b'1',b'ARGOS   ',,,
25,25,b'2900266 ',b'Argo INDIA                                                      ',b'M Ravichandran                                                  ',25.0,b'A',2003-10-29 00:12:00.000000256,b'1',19.307,91.427,b'1',b'ARGOS   ',,,
25,26,b'2900266 ',b'Argo INDIA                                                      ',b'M Ravichandran                                                  ',25.0,b'A',2003-10-29 00:12:00.000000256,b'1',19.307,91.427,b'1',b'ARGOS   ',,,
25,27,b'2900266 ',b'Argo INDIA                                                      ',b'M Ravichandran                                                  ',25.0,b'A',2003-10-29 00:12:00.000000256,b'1',19.307,91.427,b'1',b'ARGOS   ',,,
25,28,b'2900266 ',b'Argo INDIA                                                      ',b'M Ravichandran                                                  ',25.0,b'A',2003-10-29 00:12:00.000000256,b'1',19.307,91.427,b'1',b'ARGOS   ',,,
25,29,b'2900266 ',b'Argo INDIA                                                      ',b'M Ravichandran                                                  ',25.0,b'A',2003-10-29 00:12:00.000000256,b'1',19.307,91.427,b'1',b'ARGOS   ',,,
25,30,b'2900266 ',b'Argo INDIA                                                      ',b'M Ravichandran                                                  ',25.0,b'A',2003-10-29 00:12:00.000000256,b'1',19.307,91.427,b'1',b'ARGOS   ',,,
25,31,b'2900266 ',b'Argo INDIA                                                      ',b'M Ravichandran                                                  ',25.0,b'A',2003-10-29 00:12:00.000000256,b'1',19.307,91.427,b'1',b'ARGOS   ',,,
25,32,b'2900266 ',b'Argo INDIA                                                      ',b'M Ravichandran                                                  ',25.0,b'A',2003-10-29 00:12:00.000000256,b'1',19.307,91.427,b'1',b'ARGOS   ',,,
25,33,b'2900266 ',b'Argo INDIA                                                      ',b'M Ravichandran                                                  ',25.0,b'A',2003-10-29 00:12:00.000000256,b'1',19.307,91.427,b'1',b'ARGOS   ',,,
25,34,b'2900266 ',b'Argo INDIA                                                      ',b'M Ravichandran                                                  ',25.0,b'A',2003-10-29 00:12:00.000000256,b'1',19.307,91.427,b'1',b'ARGOS   ',,,
25,35,b'2900266 ',b'Argo INDIA                                                      ',b'M Ravichandran                                                  ',25.0,b'A',2003-10-29 00:12:00.000000256,b'1',19.307,91.427,b'1',b'ARGOS   ',,,
25,36,b'2900266 ',b'Argo INDIA                                                      ',b'M Ravichandran                                                  ',25.0,b'A',2003-10-29 00:12:00.000000256,b'1',19.307,91.427,b'1',b'ARGOS   ',,,
25,37,b'2900266 ',b'Argo INDIA                                                      ',b'M Ravichandran                                                  ',25.0,b'A',2003-10-29 00:12:00.000000256,b'1',19.307,91.427,b'1',b'ARGOS   ',,,
25,38,b'2900266 ',b'Argo INDIA                                                      ',b'M Ravichandran                                                  ',25.0,b'A',2003-10-29 00:12:00.000000256,b'1',19.307,91.427,b'1',b'ARGOS   ',,,
25,39,b'2900266 ',b'Argo INDIA                                                      ',b'M Ravichandran                                                  ',25.0,b'A',2003-10-29 00:12:00.000000256,b'1',19.307,91.427,b'1',b'ARGOS   ',,,
25,40,b'2900266 ',b'Argo INDIA                                                      ',b'M Ravichandran                                                  ',25.0,b'A',2003-10-29 00:12:00.000000256,b'1',19.307,91.427,b'1',b'ARGOS   ',,,
25,41,b'2900266 ',b'Argo INDIA                                                      ',b'M Ravichandran                                                  ',25.0,b'A',2003-10-29 00:12:00.000000256,b'1',19.307,91.427,b'1',b'ARGOS   ',,,
25,42,b'2900266 ',b'Argo INDIA                                                      ',b'M Ravichandran                                                  ',25.0,b'A',2003-10-29 00:12:00.000000256,b'1',19.307,91.427,b'1',b'ARGOS   ',,,
25,43,b'2900266 ',b'Argo INDIA                                                      ',b'M Ravichandran                                                  ',25.0,b'A',2003-10-29 00:12:00.000000256,b'1',19.307,91.427,b'1',b'ARGOS   ',,,
25,44,b'2900266 ',b'Argo INDIA                                                      ',b'M Ravichandran                                                  ',25.0,b'A',2003-10-29 00:12:00.000000256,b'1',19.307,91.427,b'1',b'ARGOS   ',,,
25,45,b'2900266 ',b'Argo INDIA                                                      ',b'M Ravichandran                                                  ',25.0,b'A',2003-10-29 00:12:00.000000256,b'1',19.307,91.427,b'1',b'ARGOS   ',,,
25,46,b'2900266 ',b'Argo INDIA                                                      ',b'M Ravichandran                                                  ',25.0,b'A',2003-10-29 00:12:00.000000256,b'1',19.307,91.427,b'1',b'ARGOS   ',,,
25,47,b'2900266 ',b'Argo INDIA                                                      ',b'M Ravichandran                                                  ',25.0,b'A',2003-10-29 00:12:00.000000256,b'1',19.307,91.427,b'1',b'ARGOS   ',,,
25,48,b'2900266 ',b'Argo INDIA                                                      ',b'M Ravichandran                                                  ',25.0,b'A',2003-10-29 00:12:00.000000256,b'1',19.307,91.427,b'1',b'ARGOS   ',,,
25,49,b'2900266 ',b'Argo INDIA                                                      ',b'M Ravichandran                                                  ',25.0,b'A',2003-10-29 00:12:00.000000256,b'1',19.307,91.427,b'1',b'ARGOS   ',,,
25,50,b'2900266 ',b'Argo INDIA                                                      ',b'M Ravichandran                                                  ',25.0,b'A',2003-10-29 00:12:00.000000256,b'1',19.307,91.427,b'1',b'ARGOS   ',,,
26,0,b'2900266 ',b'Argo INDIA                                                      ',b'M Ravichandran                                                  ',26.0,b'A',2003-11-03 00:18:00.000000000,b'1',20.055,91.707,b'1',b'ARGOS   ',9.9,29.565,31.162
26,1,b'2900266 ',b'Argo INDIA                                                      ',b'M Ravichandran                                                  ',26.0,b'A',2003-11-03 00:18:00.000000000,b'1',20.055,91.707,b'1',b'ARGOS   ',,,
26,2,b'2900266 ',b'Argo INDIA                                                      ',b'M Ravichandran                                                  ',26.0,b'A',2003-11-03 00:18:00.000000000,b'1',20.055,91.707,b'1',b'ARGOS   ',,,
26,3,b'2900266 ',b'Argo INDIA                                                      ',b'M Ravichandran                                                  ',26.0,b'A',2003-11-03 00:18:00.000000000,b'1',20.055,91.707,b'1',b'ARGOS   ',,,
26,4,b'2900266 ',b'Argo INDIA                                                      ',b'M Ravichandran                                                  ',26.0,b'A',2003-11-03 00:18:00.000000000,b'1',20.055,91.707,b'1',b'ARGOS   ',,,
26,5,b'2900266 ',b'Argo INDIA                                                      ',b'M Ravichandran                                                  ',26.0,b'A',2003-11-03 00:18:00.000000000,b'1',20.055,91.707,b'1',b'ARGOS   ',,,
26,6,b'2900266 ',b'Argo INDIA                                                      ',b'M Ravichandran                                                  ',26.0,b'A',2003-11-03 00:18:00.000000000,b'1',20.055,91.707,b'1',b'ARGOS   ',,,
26,7,b'2900266 ',b'Argo INDIA                                                      ',b'M Ravichandran                                                  ',26.0,b'A',2003-11-03 00:18:00.000000000,b'1',20.055,91.707,b'1',b'ARGOS   ',,,
26,8,b'2900266 ',b'Argo INDIA                                                      ',b'M Ravichandran                                                  ',26.0,b'A',2003-11-03 00:18:00.000000000,b'1',20.055,91.707,b'1',b'ARGOS   ',,,
26,9,b'2900266 ',b'Argo INDIA                                                      ',b'M Ravichandran                                                  ',26.0,b'A',2003-11-03 00:18:00.000000000,b'1',20.055,91.707,b'1',b'ARGOS   ',,,
26,10,b'2900266 ',b'Argo INDIA                                                      ',b'M Ravichandran                                                  ',26.0,b'A',2003-11-03 00:18:00.000000000,b'1',20.055,91.707,b'1',b'ARGOS   ',,,
26,11,b'2900266 ',b'Argo INDIA                                                      ',b'M Ravichandran                                                  ',26.0,b'A',2003-11-03 00:18:00.000000000,b'1',20.055,91.707,b'1',b'ARGOS   ',,,
26,12,b'2900266 ',b'Argo INDIA                                                      ',b'M Ravichandran                                                  ',26.0,b'A',2003-11-03 00:18:00.000000000,b'1',20.055,91.707,b'1',b'ARGOS   ',,,
26,13,b'2900266 ',b'Argo INDIA                                                      ',b'M Ravichandran                                                  ',26.0,b'A',2003-11-03 00:18:00.000000000,b'1',20.055,91.707,b'1',b'ARGOS   ',,,
26,14,b'2900266 ',b'Argo INDIA                                                      ',b'M Ravichandran                                                  ',26.0,b'A',2003-11-03 00:18:00.000000000,b'1',20.055,91.707,b'1',b'ARGOS   ',,,
26,15,b'2900266 ',b'Argo INDIA                                                      ',b'M Ravichandran                                                  ',26.0,b'A',2003-11-03 00:18:00.000000000,b'1',20.055,91.707,b'1',b'ARGOS   ',,,
26,16,b'2900266 ',b'Argo INDIA                                                      ',b'M Ravichandran                                                  ',26.0,b'A',2003-11-03 00:18:00.000000000,b'1',20.055,91.707,b'1',b'ARGOS   ',,,
26,17,b'2900266 ',b'Argo INDIA                                                      ',b'M Ravichandran                                                  ',26.0,b'A',2003-11-03 00:18:00.000000000,b'1',20.055,91.707,b'1',b'ARGOS   ',,,
26,18,b'2900266 ',b'Argo INDIA                                                      ',b'M Ravichandran                                                  ',26.0,b'A',2003-11-03 00:18:00.000000000,b'1',20.055,91.707,b'1',b'ARGOS   ',,,
26,19,b'2900266 ',b'Argo INDIA                                                      ',b'M Ravichandran                                                  ',26.0,b'A',2003-11-03 00:18:00.000000000,b'1',20.055,91.707,b'1',b'ARGOS   ',,,
26,20,b'2900266 ',b'Argo INDIA                                                      ',b'M Ravichandran                                                  ',26.0,b'A',2003-11-03 00:18:00.000000000,b'1',20.055,91.707,b'1',b'ARGOS   ',,,
26,21,b'2900266 ',b'Argo INDIA                                                      ',b'M Ravichandran                                                  ',26.0,b'A',2003-11-03 00:18:00.000000000,b'1',20.055,91.707,b'1',b'ARGOS   ',,,
26,22,b'2900266 ',b'Argo INDIA                                                      ',b'M Ravichandran                                                  ',26.0,b'A',2003-11-03 00:18:00.000000000,b'1',20.055,91.707,b'1',b'ARGOS   ',,,
26,23,b'2900266 ',b'Argo INDIA                                                      ',b'M Ravichandran                                                  ',26.0,b'A',2003-11-03 00:18:00.000000000,b'1',20.055,91.707,b'1',b'ARGOS   ',,,
26,24,b'2900266 ',b'Argo INDIA                                                      ',b'M Ravichandran                                                  ',26.0,b'A',2003-11-03 00:18:00.000000000,b'1',20.055,91.707,b'1',b'ARGOS   ',,,
26,25,b'2900266 ',b'Argo INDIA                                                      ',b'M Ravichandran                                                  ',26.0,b'A',2003-11-03 00:18:00.000000000,b'1',20.055,91.707,b'1',b'ARGOS   ',,,
26,26,b'2900266 ',b'Argo INDIA                                                      ',b'M Ravichandran                                                  ',26.0,b'A',2003-11-03 00:18:00.000000000,b'1',20.055,91.707,b'1',b'ARGOS   ',,,
26,27,b'2900266 ',b'Argo INDIA                                                      ',b'M Ravichandran                                                  ',26.0,b'A',2003-11-03 00:18:00.000000000,b'1',20.055,91.707,b'1',b'ARGOS   ',,,
26,28,b'2900266 ',b'Argo INDIA                                                      ',b'M Ravichandran                                                  ',26.0,b'A',2003-11-03 00:18:00.000000000,b'1',20.055,91.707,b'1',b'ARGOS   ',,,
26,29,b'2900266 ',b'Argo INDIA                                                      ',b'M Ravichandran                                                  ',26.0,b'A',2003-11-03 00:18:00.000000000,b'1',20.055,91.707,b'1',b'ARGOS   ',,,
26,30,b'2900266 ',b'Argo INDIA                                                      ',b'M Ravichandran                                                  ',26.0,b'A',2003-11-03 00:18:00.000000000,b'1',20.055,91.707,b'1',b'ARGOS   ',,,
26,31,b'2900266 ',b'Argo INDIA                                                      ',b'M Ravichandran                                                  ',26.0,b'A',2003-11-03 00:18:00.000000000,b'1',20.055,91.707,b'1',b'ARGOS   ',,,
26,32,b'2900266 ',b'Argo INDIA                                                      ',b'M Ravichandran                                                  ',26.0,b'A',2003-11-03 00:18:00.000000000,b'1',20.055,91.707,b'1',b'ARGOS   ',,,
26,33,b'2900266 ',b'Argo INDIA                                                      ',b'M Ravichandran                                                  ',26.0,b'A',2003-11-03 00:18:00.000000000,b'1',20.055,91.707,b'1',b'ARGOS   ',,,
26,34,b'2900266 ',b'Argo INDIA                                                      ',b'M Ravichandran                                                  ',26.0,b'A',2003-11-03 00:18:00.000000000,b'1',20.055,91.707,b'1',b'ARGOS   ',,,
26,35,b'2900266 ',b'Argo INDIA                                                      ',b'M Ravichandran                                                  ',26.0,b'A',2003-11-03 00:18:00.000000000,b'1',20.055,91.707,b'1',b'ARGOS   ',,,
26,36,b'2900266 ',b'Argo INDIA                                                      ',b'M Ravichandran                                                  ',26.0,b'A',2003-11-03 00:18:00.000000000,b'1',20.055,91.707,b'1',b'ARGOS   ',,,
26,37,b'2900266 ',b'Argo INDIA                                                      ',b'M Ravichandran                                                  ',26.0,b'A',2003-11-03 00:18:00.000000000,b'1',20.055,91.707,b'1',b'ARGOS   ',,,
26,38,b'2900266 ',b'Argo INDIA                                                      ',b'M Ravichandran                                                  ',26.0,b'A',2003-11-03 00:18:00.000000000,b'1',20.055,91.707,b'1',b'ARGOS   ',,,
26,39,b'2900266 ',b'Argo INDIA                                                      ',b'M Ravichandran                                                  ',26.0,b'A',2003-11-03 00:18:00.000000000,b'1',20.055,91.707,b'1',b'ARGOS   ',,,
26,40,b'2900266 ',b'Argo INDIA                                                      ',b'M Ravichandran                                                  ',26.0,b'A',2003-11-03 00:18:00.000000000,b'1',20.055,91.707,b'1',b'ARGOS   ',,,
26,41,b'2900266 ',b'Argo INDIA                                                      ',b'M Ravichandran                                                  ',26.0,b'A',2003-11-03 00:18:00.000000000,b'1',20.055,91.707,b'1',b'ARGOS   ',,,
26,42,b'2900266 ',b'Argo INDIA                                                      ',b'M Ravichandran                                                  ',26.0,b'A',2003-11-03 00:18:00.000000000,b'1',20.055,91.707,b'1',b'ARGOS   ',,,
26,43,b'2900266 ',b'Argo INDIA                                                      ',b'M Ravichandran                                                  ',26.0,b'A',2003-11-03 00:18:00.000000000,b'1',20.055,91.707,b'1',b'ARGOS   ',,,
26,44,b'2900266 ',b'Argo INDIA                                                      ',b'M Ravichandran                                                  ',26.0,b'A',2003-11-03 00:18:00.000000000,b'1',20.055,91.707,b'1',b'ARGOS   ',,,
26,45,b'2900266 ',b'Argo INDIA                                                      ',b'M Ravichandran                                                  ',26.0,b'A',2003-11-03 00:18:00.000000000,b'1',20.055,91.707,b'1',b'ARGOS   ',,,
26,46,b'2900266 ',b'Argo INDIA                                                      ',b'M Ravichandran                                                  ',26.0,b'A',2003-11-03 00:18:00.000000000,b'1',20.055,91.707,b'1',b'ARGOS   ',,,
26,47,b'2900266 ',b'Argo INDIA                                                      ',b'M Ravichandran                                                  ',26.0,b'A',2003-11-03 00:18:00.000000000,b'1',20.055,91.707,b'1',b'ARGOS   ',,,
26,48,b'2900266 ',b'Argo INDIA                                                      ',b'M Ravichandran                                                  ',26.0,b'A',2003-11-03 00:18:00.000000000,b'1',20.055,91.707,b'1',b'ARGOS   ',,,
26,49,b'2900266 ',b'Argo INDIA                                                      ',b'M Ravichandran                                                  ',26.0,b'A',2003-11-03 00:18:00.000000000,b'1',20.055,91.707,b'1',b'ARGOS   ',,,
26,50,b'2900266 ',b'Argo INDIA                                                      ',b'M Ravichandran                                                  ',26.0,b'A',2003-11-03 00:18:00.000000000,b'1',20.055,91.707,b'1',b'ARGOS   ',,,
27,0,b'2900266 ',b'Argo INDIA                                                      ',b'M Ravichandran                                                  ',27.0,b'A',2003-11-08 00:24:00.000000000,b'1',20.339,91.216,b'1',b'ARGOS   ',26.8,29.7,31.495
27,1,b'2900266 ',b'Argo INDIA                                                      ',b'M Ravichandran                                                  ',27.0,b'A',2003-11-08 00:24:00.000000000,b'1',20.339,91.216,b'1',b'ARGOS   ',,,
27,2,b'2900266 ',b'Argo INDIA                                                      ',b'M Ravichandran                                                  ',27.0,b'A',2003-11-08 00:24:00.000000000,b'1',20.339,91.216,b'1',b'ARGOS   ',,,
27,3,b'2900266 ',b'Argo INDIA                                                      ',b'M Ravichandran                                                  ',27.0,b'A',2003-11-08 00:24:00.000000000,b'1',20.339,91.216,b'1',b'ARGOS   ',,,
27,4,b'2900266 ',b'Argo INDIA                                                      ',b'M Ravichandran                                                  ',27.0,b'A',2003-11-08 00:24:00.000000000,b'1',20.339,91.216,b'1',b'ARGOS   ',,,
27,5,b'2900266 ',b'Argo INDIA                                                      ',b'M Ravichandran                                                  ',27.0,b'A',2003-11-08 00:24:00.000000000,b'1',20.339,91.216,b'1',b'ARGOS   ',,,
27,6,b'2900266 ',b'Argo INDIA                                                      ',b'M Ravichandran                                                  ',27.0,b'A',2003-11-08 00:24:00.000000000,b'1',20.339,91.216,b'1',b'ARGOS   ',,,
27,7,b'2900266 ',b'Argo INDIA                                                      ',b'M Ravichandran                                                  ',27.0,b'A',2003-11-08 00:24:00.000000000,b'1',20.339,91.216,b'1',b'ARGOS   ',,,
27,8,b'2900266 ',b'Argo INDIA                                                      ',b'M Ravichandran                                                  ',27.0,b'A',2003-11-08 00:24:00.000000000,b'1',20.339,91.216,b'1',b'ARGOS   ',,,
27,9,b'2900266 ',b'Argo INDIA                                                      ',b'M Ravichandran                                                  ',27.0,b'A',2003-11-08 00:24:00.000000000,b'1',20.339,91.216,b'1',b'ARGOS   ',,,
27,10,b'2900266 ',b'Argo INDIA                                                      ',b'M Ravichandran                                                  ',27.0,b'A',2003-11-08 00:24:00.000000000,b'1',20.339,91.216,b'1',b'ARGOS   ',,,
27,11,b'2900266 ',b'Argo INDIA                                                      ',b'M Ravichandran                                                  ',27.0,b'A',2003-11-08 00:24:00.000000000,b'1',20.339,91.216,b'1',b'ARGOS   ',,,
27,12,b'2900266 ',b'Argo INDIA                                                      ',b'M Ravichandran                                                  ',27.0,b'A',2003-11-08 00:24:00.000000000,b'1',20.339,91.216,b'1',b'ARGOS   ',,,
27,13,b'2900266 ',b'Argo INDIA                                                      ',b'M Ravichandran                                                  ',27.0,b'A',2003-11-08 00:24:00.000000000,b'1',20.339,91.216,b'1',b'ARGOS   ',,,
27,14,b'2900266 ',b'Argo INDIA                                                      ',b'M Ravichandran                                                  ',27.0,b'A',2003-11-08 00:24:00.000000000,b'1',20.339,91.216,b'1',b'ARGOS   ',,,
27,15,b'2900266 ',b'Argo INDIA                                                      ',b'M Ravichandran                                                  ',27.0,b'A',2003-11-08 00:24:00.000000000,b'1',20.339,91.216,b'1',b'ARGOS   ',,,
27,16,b'2900266 ',b'Argo INDIA                                                      ',b'M Ravichandran                                                  ',27.0,b'A',2003-11-08 00:24:00.000000000,b'1',20.339,91.216,b'1',b'ARGOS   ',,,
27,17,b'2900266 ',b'Argo INDIA                                                      ',b'M Ravichandran                                                  ',27.0,b'A',2003-11-08 00:24:00.000000000,b'1',20.339,91.216,b'1',b'ARGOS   ',,,
27,18,b'2900266 ',b'Argo INDIA                                                      ',b'M Ravichandran                                                  ',27.0,b'A',2003-11-08 00:24:00.000000000,b'1',20.339,91.216,b'1',b'ARGOS   ',,,
27,19,b'2900266 ',b'Argo INDIA                                                      ',b'M Ravichandran                                                  ',27.0,b'A',2003-11-08 00:24:00.000000000,b'1',20.339,91.216,b'1',b'ARGOS   ',,,
27,20,b'2900266 ',b'Argo INDIA                                                      ',b'M Ravichandran                                                  ',27.0,b'A',2003-11-08 00:24:00.000000000,b'1',20.339,91.216,b'1',b'ARGOS   ',,,
27,21,b'2900266 ',b'Argo INDIA                                                      ',b'M Ravichandran                                                  ',27.0,b'A',2003-11-08 00:24:00.000000000,b'1',20.339,91.216,b'1',b'ARGOS   ',,,
27,22,b'2900266 ',b'Argo INDIA                                                      ',b'M Ravichandran                                                  ',27.0,b'A',2003-11-08 00:24:00.000000000,b'1',20.339,91.216,b'1',b'ARGOS   ',,,
27,23,b'2900266 ',b'Argo INDIA                                                      ',b'M Ravichandran                                                  ',27.0,b'A',2003-11-08 00:24:00.000000000,b'1',20.339,91.216,b'1',b'ARGOS   ',,,
27,24,b'2900266 ',b'Argo INDIA                                                      ',b'M Ravichandran                                                  ',27.0,b'A',2003-11-08 00:24:00.000000000,b'1',20.339,91.216,b'1',b'ARGOS   ',,,
27,25,b'2900266 ',b'Argo INDIA                                                      ',b'M Ravichandran                                                  ',27.0,b'A',2003-11-08 00:24:00.000000000,b'1',20.339,91.216,b'1',b'ARGOS   ',,,
27,26,b'2900266 ',b'Argo INDIA                                                      ',b'M Ravichandran                                                  ',27.0,b'A',2003-11-08 00:24:00.000000000,b'1',20.339,91.216,b'1',b'ARGOS   ',,,
27,27,b'2900266 ',b'Argo INDIA                                                      ',b'M Ravichandran                                                  ',27.0,b'A',2003-11-08 00:24:00.000000000,b'1',20.339,91.216,b'1',b'ARGOS   ',,,
27,28,b'2900266 ',b'Argo INDIA                                                      ',b'M Ravichandran                                                  ',27.0,b'A',2003-11-08 00:24:00.000000000,b'1',20.339,91.216,b'1',b'ARGOS   ',,,
27,29,b'2900266 ',b'Argo INDIA                                                      ',b'M Ravichandran                                                  ',27.0,b'A',2003-11-08 00:24:00.000000000,b'1',20.339,91.216,b'1',b'ARGOS   ',,,
27,30,b'2900266 ',b'Argo INDIA                                                      ',b'M Ravichandran                                                  ',27.0,b'A',2003-11-08 00:24:00.000000000,b'1',20.339,91.216,b'1',b'ARGOS   ',,,
27,31,b'2900266 ',b'Argo INDIA                                                      ',b'M Ravichandran                                                  ',27.0,b'A',2003-11-08 00:24:00.000000000,b'1',20.339,91.216,b'1',b'ARGOS   ',,,
27,32,b'2900266 ',b'Argo INDIA                                                      ',b'M Ravichandran                                                  ',27.0,b'A',2003-11-08 00:24:00.000000000,b'1',20.339,91.216,b'1',b'ARGOS   ',,,
27,33,b'2900266 ',b'Argo INDIA                                                      ',b'M Ravichandran                                                  ',27.0,b'A',2003-11-08 00:24:00.000000000,b'1',20.339,91.216,b'1',b'ARGOS   ',,,
27,34,b'2900266 ',b'Argo INDIA                                                      ',b'M Ravichandran                                                  ',27.0,b'A',2003-11-08 00:24:00.000000000,b'1',20.339,91.216,b'1',b'ARGOS   ',,,
27,35,b'2900266 ',b'Argo INDIA                                                      ',b'M Ravichandran                                                  ',27.0,b'A',2003-11-08 00:24:00.000000000,b'1',20.339,91.216,b'1',b'ARGOS   ',,,
27,36,b'2900266 ',b'Argo INDIA                                                      ',b'M Ravichandran                                                  ',27.0,b'A',2003-11-08 00:24:00.000000000,b'1',20.339,91.216,b'1',b'ARGOS   ',,,
27,37,b'2900266 ',b'Argo INDIA                                                      ',b'M Ravichandran                                                  ',27.0,b'A',2003-11-08 00:24:00.000000000,b'1',20.339,91.216,b'1',b'ARGOS   ',,,
27,38,b'2900266 ',b'Argo INDIA                                                      ',b'M Ravichandran                                                  ',27.0,b'A',2003-11-08 00:24:00.000000000,b'1',20.339,91.216,b'1',b'ARGOS   ',,,
27,39,b'2900266 ',b'Argo INDIA                                                      ',b'M Ravichandran                                                  ',27.0,b'A',2003-11-08 00:24:00.000000000,b'1',20.339,91.216,b'1',b'ARGOS   ',,,
27,40,b'2900266 ',b'Argo INDIA                                                      ',b'M Ravichandran                                                  ',27.0,b'A',2003-11-08 00:24:00.000000000,b'1',20.339,91.216,b'1',b'ARGOS   ',,,
27,41,b'2900266 ',b'Argo INDIA                                                      ',b'M Ravichandran                                                  ',27.0,b'A',2003-11-08 00:24:00.000000000,b'1',20.339,91.216,b'1',b'ARGOS   ',,,
27,42,b'2900266 ',b'Argo INDIA                                                      ',b'M Ravichandran                                                  ',27.0,b'A',2003-11-08 00:24:00.000000000,b'1',20.339,91.216,b'1',b'ARGOS   ',,,
27,43,b'2900266 ',b'Argo INDIA                                                      ',b'M Ravichandran                                                  ',27.0,b'A',2003-11-08 00:24:00.000000000,b'1',20.339,91.216,b'1',b'ARGOS   ',,,
27,44,b'2900266 ',b'Argo INDIA                                                      ',b'M Ravichandran                                                  ',27.0,b'A',2003-11-08 00:24:00.000000000,b'1',20.339,91.216,b'1',b'ARGOS   ',,,
27,45,b'2900266 ',b'Argo INDIA                                                      ',b'M Ravichandran                                                  ',27.0,b'A',2003-11-08 00:24:00.000000000,b'1',20.339,91.216,b'1',b'ARGOS   ',,,
27,46,b'2900266 ',b'Argo INDIA                                                      ',b'M Ravichandran                                                  ',27.0,b'A',2003-11-08 00:24:00.000000000,b'1',20.339,91.216,b'1',b'ARGOS   ',,,
27,47,b'2900266 ',b'Argo INDIA                                                      ',b'M Ravichandran                                                  ',27.0,b'A',2003-11-08 00:24:00.000000000,b'1',20.339,91.216,b'1',b'ARGOS   ',,,
27,48,b'2900266 ',b'Argo INDIA                                                      ',b'M Ravichandran                                                  ',27.0,b'A',2003-11-08 00:24:00.000000000,b'1',20.339,91.216,b'1',b'ARGOS   ',,,
27,49,b'2900266 ',b'Argo INDIA                                                      ',b'M Ravichandran                                                  ',27.0,b'A',2003-11-08 00:24:00.000000000,b'1',20.339,91.216,b'1',b'ARGOS   ',,,
27,50,b'2900266 ',b'Argo INDIA                                                      ',b'M Ravichandran                                                  ',27.0,b'A',2003-11-08 00:24:00.000000000,b'1',20.339,91.216,b'1',b'ARGOS   ',,,
28,0,b'2900266 ',b'Argo INDIA                                                      ',b'M Ravichandran                                                  ',28.0,b'A',2003-11-13 00:18:00.000000000,b'1',19.752,90.701,b'1',b'ARGOS   ',5.7,28.618,30.066
28,1,b'2900266 ',b'Argo INDIA                                                      ',b'M Ravichandran                                                  ',28.0,b'A',2003-11-13 00:18:00.000000000,b'1',19.752,90.701,b'1',b'ARGOS   ',,,
28,2,b'2900266 ',b'Argo INDIA                                                      ',b'M Ravichandran                                                  ',28.0,b'A',2003-11-13 00:18:00.000000000,b'1',19.752,90.701,b'1',b'ARGOS   ',,,
28,3,b'2900266 ',b'Argo INDIA                                                      ',b'M Ravichandran                                                  ',28.0,b'A',2003-11-13 00:18:00.000000000,b'1',19.752,90.701,b'1',b'ARGOS   ',,,
28,4,b'2900266 ',b'Argo INDIA                                                      ',b'M Ravichandran                                                  ',28.0,b'A',2003-11-13 00:18:00.000000000,b'1',19.752,90.701,b'1',b'ARGOS   ',,,
28,5,b'2900266 ',b'Argo INDIA                                                      ',b'M Ravichandran                                                  ',28.0,b'A',2003-11-13 00:18:00.000000000,b'1',19.752,90.701,b'1',b'ARGOS   ',,,
28,6,b'2900266 ',b'Argo INDIA                                                      ',b'M Ravichandran                                                  ',28.0,b'A',2003-11-13 00:18:00.000000000,b'1',19.752,90.701,b'1',b'ARGOS   ',,,
28,7,b'2900266 ',b'Argo INDIA                                                      ',b'M Ravichandran                                                  ',28.0,b'A',2003-11-13 00:18:00.000000000,b'1',19.752,90.701,b'1',b'ARGOS   ',,,
28,8,b'2900266 ',b'Argo INDIA                                                      ',b'M Ravichandran                                                  ',28.0,b'A',2003-11-13 00:18:00.000000000,b'1',19.752,90.701,b'1',b'ARGOS   ',,,
28,9,b'2900266 ',b'Argo INDIA                                                      ',b'M Ravichandran                                                  ',28.0,b'A',2003-11-13 00:18:00.000000000,b'1',19.752,90.701,b'1',b'ARGOS   ',,,
28,10,b'2900266 ',b'Argo INDIA                                                      ',b'M Ravichandran                                                  ',28.0,b'A',2003-11-13 00:18:00.000000000,b'1',19.752,90.701,b'1',b'ARGOS   ',,,
28,11,b'2900266 ',b'Argo INDIA                                                      ',b'M Ravichandran                                                  ',28.0,b'A',2003-11-13 00:18:00.000000000,b'1',19.752,90.701,b'1',b'ARGOS   ',,,
28,12,b'2900266 ',b'Argo INDIA                                                      ',b'M Ravichandran                                                  ',28.0,b'A',2003-11-13 00:18:00.000000000,b'1',19.752,90.701,b'1',b'ARGOS   ',,,
28,13,b'2900266 ',b'Argo INDIA                                                      ',b'M Ravichandran                                                  ',28.0,b'A',2003-11-13 00:18:00.000000000,b'1',19.752,90.701,b'1',b'ARGOS   ',,,
28,14,b'2900266 ',b'Argo INDIA                                                      ',b'M Ravichandran                                                  ',28.0,b'A',2003-11-13 00:18:00.000000000,b'1',19.752,90.701,b'1',b'ARGOS   ',,,
28,15,b'2900266 ',b'Argo INDIA                                                      ',b'M Ravichandran                                                  ',28.0,b'A',2003-11-13 00:18:00.000000000,b'1',19.752,90.701,b'1',b'ARGOS   ',,,
28,16,b'2900266 ',b'Argo INDIA                                                      ',b'M Ravichandran                                                  ',28.0,b'A',2003-11-13 00:18:00.000000000,b'1',19.752,90.701,b'1',b'ARGOS   ',,,
28,17,b'2900266 ',b'Argo INDIA                                                      ',b'M Ravichandran                                                  ',28.0,b'A',2003-11-13 00:18:00.000000000,b'1',19.752,90.701,b'1',b'ARGOS   ',,,
28,18,b'2900266 ',b'Argo INDIA                                                      ',b'M Ravichandran                                                  ',28.0,b'A',2003-11-13 00:18:00.000000000,b'1',19.752,90.701,b'1',b'ARGOS   ',,,
28,19,b'2900266 ',b'Argo INDIA                                                      ',b'M Ravichandran                                                  ',28.0,b'A',2003-11-13 00:18:00.000000000,b'1',19.752,90.701,b'1',b'ARGOS   ',,,
28,20,b'2900266 ',b'Argo INDIA                                                      ',b'M Ravichandran                                                  ',28.0,b'A',2003-11-13 00:18:00.000000000,b'1',19.752,90.701,b'1',b'ARGOS   ',,,
28,21,b'2900266 ',b'Argo INDIA                                                      ',b'M Ravichandran                                                  ',28.0,b'A',2003-11-13 00:18:00.000000000,b'1',19.752,90.701,b'1',b'ARGOS   ',,,
28,22,b'2900266 ',b'Argo INDIA                                                      ',b'M Ravichandran                                                  ',28.0,b'A',2003-11-13 00:18:00.000000000,b'1',19.752,90.701,b'1',b'ARGOS   ',,,
28,23,b'2900266 ',b'Argo INDIA                                                      ',b'M Ravichandran                                                  ',28.0,b'A',2003-11-13 00:18:00.000000000,b'1',19.752,90.701,b'1',b'ARGOS   ',,,
28,24,b'2900266 ',b'Argo INDIA                                                      ',b'M Ravichandran                                                  ',28.0,b'A',2003-11-13 00:18:00.000000000,b'1',19.752,90.701,b'1',b'ARGOS   ',,,
28,25,b'2900266 ',b'Argo INDIA                                                      ',b'M Ravichandran                                                  ',28.0,b'A',2003-11-13 00:18:00.000000000,b'1',19.752,90.701,b'1',b'ARGOS   ',,,
28,26,b'2900266 ',b'Argo INDIA                                                      ',b'M Ravichandran                                                  ',28.0,b'A',2003-11-13 00:18:00.000000000,b'1',19.752,90.701,b'1',b'ARGOS   ',,,
28,27,b'2900266 ',b'Argo INDIA                                                      ',b'M Ravichandran                                                  ',28.0,b'A',2003-11-13 00:18:00.000000000,b'1',19.752,90.701,b'1',b'ARGOS   ',,,
28,28,b'2900266 ',b'Argo INDIA                                                      ',b'M Ravichandran                                                  ',28.0,b'A',2003-11-13 00:18:00.000000000,b'1',19.752,90.701,b'1',b'ARGOS   ',,,
28,29,b'2900266 ',b'Argo INDIA                                                      ',b'M Ravichandran                                                  ',28.0,b'A',2003-11-13 00:18:00.000000000,b'1',19.752,90.701,b'1',b'ARGOS   ',,,
28,30,b'2900266 ',b'Argo INDIA                                                      ',b'M Ravichandran                                                  ',28.0,b'A',2003-11-13 00:18:00.000000000,b'1',19.752,90.701,b'1',b'ARGOS   ',,,
28,31,b'2900266 ',b'Argo INDIA                                                      ',b'M Ravichandran                                                  ',28.0,b'A',2003-11-13 00:18:00.000000000,b'1',19.752,90.701,b'1',b'ARGOS   ',,,
28,32,b'2900266 ',b'Argo INDIA                                                      ',b'M Ravichandran                                                  ',28.0,b'A',2003-11-13 00:18:00.000000000,b'1',19.752,90.701,b'1',b'ARGOS   ',,,
28,33,b'2900266 ',b'Argo INDIA                                                      ',b'M Ravichandran                                                  ',28.0,b'A',2003-11-13 00:18:00.000000000,b'1',19.752,90.701,b'1',b'ARGOS   ',,,
28,34,b'2900266 ',b'Argo INDIA                                                      ',b'M Ravichandran                                                  ',28.0,b'A',2003-11-13 00:18:00.000000000,b'1',19.752,90.701,b'1',b'ARGOS   ',,,
28,35,b'2900266 ',b'Argo INDIA                                                      ',b'M Ravichandran                                                  ',28.0,b'A',2003-11-13 00:18:00.000000000,b'1',19.752,90.701,b'1',b'ARGOS   ',,,
28,36,b'2900266 ',b'Argo INDIA                                                      ',b'M Ravichandran                                                  ',28.0,b'A',2003-11-13 00:18:00.000000000,b'1',19.752,90.701,b'1',b'ARGOS   ',,,
28,37,b'2900266 ',b'Argo INDIA                                                      ',b'M Ravichandran                                                  ',28.0,b'A',2003-11-13 00:18:00.000000000,b'1',19.752,90.701,b'1',b'ARGOS   ',,,
28,38,b'2900266 ',b'Argo INDIA                                                      ',b'M Ravichandran                                                  ',28.0,b'A',2003-11-13 00:18:00.000000000,b'1',19.752,90.701,b'1',b'ARGOS   ',,,
28,39,b'2900266 ',b'Argo INDIA                                                      ',b'M Ravichandran                                                  ',28.0,b'A',2003-11-13 00:18:00.000000000,b'1',19.752,90.701,b'1',b'ARGOS   ',,,
28,40,b'2900266 ',b'Argo INDIA                                                      ',b'M Ravichandran                                                  ',28.0,b'A',2003-11-13 00:18:00.000000000,b'1',19.752,90.701,b'1',b'ARGOS   ',,,
28,41,b'2900266 ',b'Argo INDIA                                                      ',b'M Ravichandran                                                  ',28.0,b'A',2003-11-13 00:18:00.000000000,b'1',19.752,90.701,b'1',b'ARGOS   ',,,
28,42,b'2900266 ',b'Argo INDIA                                                      ',b'M Ravichandran                                                  ',28.0,b'A',2003-11-13 00:18:00.000000000,b'1',19.752,90.701,b'1',b'ARGOS   ',,,
28,43,b'2900266 ',b'Argo INDIA                                                      ',b'M Ravichandran                                                  ',28.0,b'A',2003-11-13 00:18:00.000000000,b'1',19.752,90.701,b'1',b'ARGOS   ',,,
28,44,b'2900266 ',b'Argo INDIA                                                      ',b'M Ravichandran                                                  ',28.0,b'A',2003-11-13 00:18:00.000000000,b'1',19.752,90.701,b'1',b'ARGOS   ',,,
28,45,b'2900266 ',b'Argo INDIA                                                      ',b'M Ravichandran                                                  ',28.0,b'A',2003-11-13 00:18:00.000000000,b'1',19.752,90.701,b'1',b'ARGOS   ',,,
28,46,b'2900266 ',b'Argo INDIA                                                      ',b'M Ravichandran                                                  ',28.0,b'A',2003-11-13 00:18:00.000000000,b'1',19.752,90.701,b'1',b'ARGOS   ',,,
28,47,b'2900266 ',b'Argo INDIA                                                      ',b'M Ravichandran                                                  ',28.0,b'A',2003-11-13 00:18:00.000000000,b'1',19.752,90.701,b'1',b'ARGOS   ',,,
28,48,b'2900266 ',b'Argo INDIA                                                      ',b'M Ravichandran                                                  ',28.0,b'A',2003-11-13 00:18:00.000000000,b'1',19.752,90.701,b'1',b'ARGOS   ',,,
28,49,b'2900266 ',b'Argo INDIA                                                      ',b'M Ravichandran                                                  ',28.0,b'A',2003-11-13 00:18:00.000000000,b'1',19.752,90.701,b'1',b'ARGOS   ',,,
28,50,b'2900266 ',b'Argo INDIA                                                      ',b'M Ravichandran                                                  ',28.0,b'A',2003-11-13 00:18:00.000000000,b'1',19.752,90.701,b'1',b'ARGOS   ',,,
29,0,b'2900266 ',b'Argo INDIA                                                      ',b'M Ravichandran                                                  ',29.0,b'A',2003-11-18 00:18:00.000000000,b'1',20.599,89.829,b'1',b'ARGOS   ',9.5,28.906,30.459
29,1,b'2900266 ',b'Argo INDIA                                                      ',b'M Ravichandran                                                  ',29.0,b'A',2003-11-18 00:18:00.000000000,b'1',20.599,89.829,b'1',b'ARGOS   ',,,
29,2,b'2900266 ',b'Argo INDIA                                                      ',b'M Ravichandran                                                  ',29.0,b'A',2003-11-18 00:18:00.000000000,b'1',20.599,89.829,b'1',b'ARGOS   ',,,
29,3,b'2900266 ',b'Argo INDIA                                                      ',b'M Ravichandran                                                  ',29.0,b'A',2003-11-18 00:18:00.000000000,b'1',20.599,89.829,b'1',b'ARGOS   ',,,
29,4,b'2900266 ',b'Argo INDIA                                                      ',b'M Ravichandran                                                  ',29.0,b'A',2003-11-18 00:18:00.000000000,b'1',20.599,89.829,b'1',b'ARGOS   ',,,
29,5,b'2900266 ',b'Argo INDIA                                                      ',b'M Ravichandran                                                  ',29.0,b'A',2003-11-18 00:18:00.000000000,b'1',20.599,89.829,b'1',b'ARGOS   ',,,
29,6,b'2900266 ',b'Argo INDIA                                                      ',b'M Ravichandran                                                  ',29.0,b'A',2003-11-18 00:18:00.000000000,b'1',20.599,89.829,b'1',b'ARGOS   ',,,
29,7,b'2900266 ',b'Argo INDIA                                                      ',b'M Ravichandran                                                  ',29.0,b'A',2003-11-18 00:18:00.000000000,b'1',20.599,89.829,b'1',b'ARGOS   ',,,
29,8,b'2900266 ',b'Argo INDIA                                                      ',b'M Ravichandran                                                  ',29.0,b'A',2003-11-18 00:18:00.000000000,b'1',20.599,89.829,b'1',b'ARGOS   ',,,
29,9,b'2900266 ',b'Argo INDIA                                                      ',b'M Ravichandran                                                  ',29.0,b'A',2003-11-18 00:18:00.000000000,b'1',20.599,89.829,b'1',b'ARGOS   ',,,
29,10,b'2900266 ',b'Argo INDIA                                                      ',b'M Ravichandran                                                  ',29.0,b'A',2003-11-18 00:18:00.000000000,b'1',20.599,89.829,b'1',b'ARGOS   ',,,
29,11,b'2900266 ',b'Argo INDIA                                                      ',b'M Ravichandran                                                  ',29.0,b'A',2003-11-18 00:18:00.000000000,b'1',20.599,89.829,b'1',b'ARGOS   ',,,
29,12,b'2900266 ',b'Argo INDIA                                                      ',b'M Ravichandran                                                  ',29.0,b'A',2003-11-18 00:18:00.000000000,b'1',20.599,89.829,b'1',b'ARGOS   ',,,
29,13,b'2900266 ',b'Argo INDIA                                                      ',b'M Ravichandran                                                  ',29.0,b'A',2003-11-18 00:18:00.000000000,b'1',20.599,89.829,b'1',b'ARGOS   ',,,
29,14,b'2900266 ',b'Argo INDIA                                                      ',b'M Ravichandran                                                  ',29.0,b'A',2003-11-18 00:18:00.000000000,b'1',20.599,89.829,b'1',b'ARGOS   ',,,
29,15,b'2900266 ',b'Argo INDIA                                                      ',b'M Ravichandran                                                  ',29.0,b'A',2003-11-18 00:18:00.000000000,b'1',20.599,89.829,b'1',b'ARGOS   ',,,
29,16,b'2900266 ',b'Argo INDIA                                                      ',b'M Ravichandran                                                  ',29.0,b'A',2003-11-18 00:18:00.000000000,b'1',20.599,89.829,b'1',b'ARGOS   ',,,
29,17,b'2900266 ',b'Argo INDIA                                                      ',b'M Ravichandran                                                  ',29.0,b'A',2003-11-18 00:18:00.000000000,b'1',20.599,89.829,b'1',b'ARGOS   ',,,
29,18,b'2900266 ',b'Argo INDIA                                                      ',b'M Ravichandran                                                  ',29.0,b'A',2003-11-18 00:18:00.000000000,b'1',20.599,89.829,b'1',b'ARGOS   ',,,
29,19,b'2900266 ',b'Argo INDIA                                                      ',b'M Ravichandran                                                  ',29.0,b'A',2003-11-18 00:18:00.000000000,b'1',20.599,89.829,b'1',b'ARGOS   ',,,
29,20,b'2900266 ',b'Argo INDIA                                                      ',b'M Ravichandran                                                  ',29.0,b'A',2003-11-18 00:18:00.000000000,b'1',20.599,89.829,b'1',b'ARGOS   ',,,
29,21,b'2900266 ',b'Argo INDIA                                                      ',b'M Ravichandran                                                  ',29.0,b'A',2003-11-18 00:18:00.000000000,b'1',20.599,89.829,b'1',b'ARGOS   ',,,
29,22,b'2900266 ',b'Argo INDIA                                                      ',b'M Ravichandran                                                  ',29.0,b'A',2003-11-18 00:18:00.000000000,b'1',20.599,89.829,b'1',b'ARGOS   ',,,
29,23,b'2900266 ',b'Argo INDIA                                                      ',b'M Ravichandran                                                  ',29.0,b'A',2003-11-18 00:18:00.000000000,b'1',20.599,89.829,b'1',b'ARGOS   ',,,
29,24,b'2900266 ',b'Argo INDIA                                                      ',b'M Ravichandran                                                  ',29.0,b'A',2003-11-18 00:18:00.000000000,b'1',20.599,89.829,b'1',b'ARGOS   ',,,
29,25,b'2900266 ',b'Argo INDIA                                                      ',b'M Ravichandran                                                  ',29.0,b'A',2003-11-18 00:18:00.000000000,b'1',20.599,89.829,b'1',b'ARGOS   ',,,
29,26,b'2900266 ',b'Argo INDIA                                                      ',b'M Ravichandran                                                  ',29.0,b'A',2003-11-18 00:18:00.000000000,b'1',20.599,89.829,b'1',b'ARGOS   ',,,
29,27,b'2900266 ',b'Argo INDIA                                                      ',b'M Ravichandran                                                  ',29.0,b'A',2003-11-18 00:18:00.000000000,b'1',20.599,89.829,b'1',b'ARGOS   ',,,
29,28,b'2900266 ',b'Argo INDIA                                                      ',b'M Ravichandran                                                  ',29.0,b'A',2003-11-18 00:18:00.000000000,b'1',20.599,89.829,b'1',b'ARGOS   ',,,
29,29,b'2900266 ',b'Argo INDIA                                                      ',b'M Ravichandran                                                  ',29.0,b'A',2003-11-18 00:18:00.000000000,b'1',20.599,89.829,b'1',b'ARGOS   ',,,
29,30,b'2900266 ',b'Argo INDIA                                                      ',b'M Ravichandran                                                  ',29.0,b'A',2003-11-18 00:18:00.000000000,b'1',20.599,89.829,b'1',b'ARGOS   ',,,
29,31,b'2900266 ',b'Argo INDIA                                                      ',b'M Ravichandran                                                  ',29.0,b'A',2003-11-18 00:18:00.000000000,b'1',20.599,89.829,b'1',b'ARGOS   ',,,
29,32,b'2900266 ',b'Argo INDIA                                                      ',b'M Ravichandran                                                  ',29.0,b'A',2003-11-18 00:18:00.000000000,b'1',20.599,89.829,b'1',b'ARGOS   ',,,
29,33,b'2900266 ',b'Argo INDIA                                                      ',b'M Ravichandran                                                  ',29.0,b'A',2003-11-18 00:18:00.000000000,b'1',20.599,89.829,b'1',b'ARGOS   ',,,
29,34,b'2900266 ',b'Argo INDIA                                                      ',b'M Ravichandran                                                  ',29.0,b'A',2003-11-18 00:18:00.000000000,b'1',20.599,89.829,b'1',b'ARGOS   ',,,
29,35,b'2900266 ',b'Argo INDIA                                                      ',b'M Ravichandran                                                  ',29.0,b'A',2003-11-18 00:18:00.000000000,b'1',20.599,89.829,b'1',b'ARGOS   ',,,
29,36,b'2900266 ',b'Argo INDIA                                                      ',b'M Ravichandran                                                  ',29.0,b'A',2003-11-18 00:18:00.000000000,b'1',20.599,89.829,b'1',b'ARGOS   ',,,
29,37,b'2900266 ',b'Argo INDIA                                                      ',b'M Ravichandran                                                  ',29.0,b'A',2003-11-18 00:18:00.000000000,b'1',20.599,89.829,b'1',b'ARGOS   ',,,
29,38,b'2900266 ',b'Argo INDIA                                                      ',b'M Ravichandran                                                  ',29.0,b'A',2003-11-18 00:18:00.000000000,b'1',20.599,89.829,b'1',b'ARGOS   ',,,
29,39,b'2900266 ',b'Argo INDIA                                                      ',b'M Ravichandran                                                  ',29.0,b'A',2003-11-18 00:18:00.000000000,b'1',20.599,89.829,b'1',b'ARGOS   ',,,
29,40,b'2900266 ',b'Argo INDIA                                                      ',b'M Ravichandran                                                  ',29.0,b'A',2003-11-18 00:18:00.000000000,b'1',20.599,89.829,b'1',b'ARGOS   ',,,
29,41,b'2900266 ',b'Argo INDIA                                                      ',b'M Ravichandran                                                  ',29.0,b'A',2003-11-18 00:18:00.000000000,b'1',20.599,89.829,b'1',b'ARGOS   ',,,
29,42,b'2900266 ',b'Argo INDIA                                                      ',b'M Ravichandran                                                  ',29.0,b'A',2003-11-18 00:18:00.000000000,b'1',20.599,89.829,b'1',b'ARGOS   ',,,
29,43,b'2900266 ',b'Argo INDIA                                                      ',b'M Ravichandran                                                  ',29.0,b'A',2003-11-18 00:18:00.000000000,b'1',20.599,89.829,b'1',b'ARGOS   ',,,
29,44,b'2900266 ',b'Argo INDIA                                                      ',b'M Ravichandran                                                  ',29.0,b'A',2003-11-18 00:18:00.000000000,b'1',20.599,89.829,b'1',b'ARGOS   ',,,
29,45,b'2900266 ',b'Argo INDIA                                                      ',b'M Ravichandran                                                  ',29.0,b'A',2003-11-18 00:18:00.000000000,b'1',20.599,89.829,b'1',b'ARGOS   ',,,
29,46,b'2900266 ',b'Argo INDIA                                                      ',b'M Ravichandran                                                  ',29.0,b'A',2003-11-18 00:18:00.000000000,b'1',20.599,89.829,b'1',b'ARGOS   ',,,
29,47,b'2900266 ',b'Argo INDIA                                                      ',b'M Ravichandran                                                  ',29.0,b'A',2003-11-18 00:18:00.000000000,b'1',20.599,89.829,b'1',b'ARGOS   ',,,
29,48,b'2900266 ',b'Argo INDIA                                                      ',b'M Ravichandran                                                  ',29.0,b'A',2003-11-18 00:18:00.000000000,b'1',20.599,89.829,b'1',b'ARGOS   ',,,
29,49,b'2900266 ',b'Argo INDIA                                                      ',b'M Ravichandran                                                  ',29.0,b'A',2003-11-18 00:18:00.000000000,b'1',20.599,89.829,b'1',b'ARGOS   ',,,
29,50,b'2900266 ',b'Argo INDIA                                                      ',b'M Ravichandran                                                  ',29.0,b'A',2003-11-18 00:18:00.000000000,b'1',20.599,89.829,b'1',b'ARGOS   ',,,
30,0,b'2900266 ',b'Argo INDIA                                                      ',b'M Ravichandran                                                  ',30.0,b'A',2003-11-23 00:18:00.000000000,b'1',20.387,90.561,b'1',b'ARGOS   ',10.0,28.072,28.764
30,1,b'2900266 ',b'Argo INDIA                                                      ',b'M Ravichandran                                                  ',30.0,b'A',2003-11-23 00:18:00.000000000,b'1',20.387,90.561,b'1',b'ARGOS   ',,,
30,2,b'2900266 ',b'Argo INDIA                                                      ',b'M Ravichandran                                                  ',30.0,b'A',2003-11-23 00:18:00.000000000,b'1',20.387,90.561,b'1',b'ARGOS   ',,,
30,3,b'2900266 ',b'Argo INDIA                                                      ',b'M Ravichandran                                                  ',30.0,b'A',2003-11-23 00:18:00.000000000,b'1',20.387,90.561,b'1',b'ARGOS   ',,,
30,4,b'2900266 ',b'Argo INDIA                                                      ',b'M Ravichandran                                                  ',30.0,b'A',2003-11-23 00:18:00.000000000,b'1',20.387,90.561,b'1',b'ARGOS   ',,,
30,5,b'2900266 ',b'Argo INDIA                                                      ',b'M Ravichandran                                                  ',30.0,b'A',2003-11-23 00:18:00.000000000,b'1',20.387,90.561,b'1',b'ARGOS   ',,,
30,6,b'2900266 ',b'Argo INDIA                                                      ',b'M Ravichandran                                                  ',30.0,b'A',2003-11-23 00:18:00.000000000,b'1',20.387,90.561,b'1',b'ARGOS   ',,,
30,7,b'2900266 ',b'Argo INDIA                                                      ',b'M Ravichandran                                                  ',30.0,b'A',2003-11-23 00:18:00.000000000,b'1',20.387,90.561,b'1',b'ARGOS   ',,,
30,8,b'2900266 ',b'Argo INDIA                                                      ',b'M Ravichandran                                                  ',30.0,b'A',2003-11-23 00:18:00.000000000,b'1',20.387,90.561,b'1',b'ARGOS   ',,,
30,9,b'2900266 ',b'Argo INDIA                                                      ',b'M Ravichandran                                                  ',30.0,b'A',2003-11-23 00:18:00.000000000,b'1',20.387,90.561,b'1',b'ARGOS   ',,,
30,10,b'2900266 ',b'Argo INDIA                                                      ',b'M Ravichandran                                                  ',30.0,b'A',2003-11-23 00:18:00.000000000,b'1',20.387,90.561,b'1',b'ARGOS   ',,,
30,11,b'2900266 ',b'Argo INDIA                                                      ',b'M Ravichandran                                                  ',30.0,b'A',2003-11-23 00:18:00.000000000,b'1',20.387,90.561,b'1',b'ARGOS   ',,,
30,12,b'2900266 ',b'Argo INDIA                                                      ',b'M Ravichandran                                                  ',30.0,b'A',2003-11-23 00:18:00.000000000,b'1',20.387,90.561,b'1',b'ARGOS   ',,,
30,13,b'2900266 ',b'Argo INDIA                                                      ',b'M Ravichandran                                                  ',30.0,b'A',2003-11-23 00:18:00.000000000,b'1',20.387,90.561,b'1',b'ARGOS   ',,,
30,14,b'2900266 ',b'Argo INDIA                                                      ',b'M Ravichandran                                                  ',30.0,b'A',2003-11-23 00:18:00.000000000,b'1',20.387,90.561,b'1',b'ARGOS   ',,,
30,15,b'2900266 ',b'Argo INDIA                                                      ',b'M Ravichandran                                                  ',30.0,b'A',2003-11-23 00:18:00.000000000,b'1',20.387,90.561,b'1',b'ARGOS   ',,,
30,16,b'2900266 ',b'Argo INDIA                                                      ',b'M Ravichandran                                                  ',30.0,b'A',2003-11-23 00:18:00.000000000,b'1',20.387,90.561,b'1',b'ARGOS   ',,,
30,17,b'2900266 ',b'Argo INDIA                                                      ',b'M Ravichandran                                                  ',30.0,b'A',2003-11-23 00:18:00.000000000,b'1',20.387,90.561,b'1',b'ARGOS   ',,,
30,18,b'2900266 ',b'Argo INDIA                                                      ',b'M Ravichandran                                                  ',30.0,b'A',2003-11-23 00:18:00.000000000,b'1',20.387,90.561,b'1',b'ARGOS   ',,,
30,19,b'2900266 ',b'Argo INDIA                                                      ',b'M Ravichandran                                                  ',30.0,b'A',2003-11-23 00:18:00.000000000,b'1',20.387,90.561,b'1',b'ARGOS   ',,,
30,20,b'2900266 ',b'Argo INDIA                                                      ',b'M Ravichandran                                                  ',30.0,b'A',2003-11-23 00:18:00.000000000,b'1',20.387,90.561,b'1',b'ARGOS   ',,,
30,21,b'2900266 ',b'Argo INDIA                                                      ',b'M Ravichandran                                                  ',30.0,b'A',2003-11-23 00:18:00.000000000,b'1',20.387,90.561,b'1',b'ARGOS   ',,,
30,22,b'2900266 ',b'Argo INDIA                                                      ',b'M Ravichandran                                                  ',30.0,b'A',2003-11-23 00:18:00.000000000,b'1',20.387,90.561,b'1',b'ARGOS   ',,,
30,23,b'2900266 ',b'Argo INDIA                                                      ',b'M Ravichandran                                                  ',30.0,b'A',2003-11-23 00:18:00.000000000,b'1',20.387,90.561,b'1',b'ARGOS   ',,,
30,24,b'2900266 ',b'Argo INDIA                                                      ',b'M Ravichandran                                                  ',30.0,b'A',2003-11-23 00:18:00.000000000,b'1',20.387,90.561,b'1',b'ARGOS   ',,,
30,25,b'2900266 ',b'Argo INDIA                                                      ',b'M Ravichandran                                                  ',30.0,b'A',2003-11-23 00:18:00.000000000,b'1',20.387,90.561,b'1',b'ARGOS   ',,,
30,26,b'2900266 ',b'Argo INDIA                                                      ',b'M Ravichandran                                                  ',30.0,b'A',2003-11-23 00:18:00.000000000,b'1',20.387,90.561,b'1',b'ARGOS   ',,,
30,27,b'2900266 ',b'Argo INDIA                                                      ',b'M Ravichandran                                                  ',30.0,b'A',2003-11-23 00:18:00.000000000,b'1',20.387,90.561,b'1',b'ARGOS   ',,,
30,28,b'2900266 ',b'Argo INDIA                                                      ',b'M Ravichandran                                                  ',30.0,b'A',2003-11-23 00:18:00.000000000,b'1',20.387,90.561,b'1',b'ARGOS   ',,,
30,29,b'2900266 ',b'Argo INDIA                                                      ',b'M Ravichandran                                                  ',30.0,b'A',2003-11-23 00:18:00.000000000,b'1',20.387,90.561,b'1',b'ARGOS   ',,,
30,30,b'2900266 ',b'Argo INDIA                                                      ',b'M Ravichandran                                                  ',30.0,b'A',2003-11-23 00:18:00.000000000,b'1',20.387,90.561,b'1',b'ARGOS   ',,,
30,31,b'2900266 ',b'Argo INDIA                                                      ',b'M Ravichandran                                                  ',30.0,b'A',2003-11-23 00:18:00.000000000,b'1',20.387,90.561,b'1',b'ARGOS   ',,,
30,32,b'2900266 ',b'Argo INDIA                                                      ',b'M Ravichandran                                                  ',30.0,b'A',2003-11-23 00:18:00.000000000,b'1',20.387,90.561,b'1',b'ARGOS   ',,,
30,33,b'2900266 ',b'Argo INDIA                                                      ',b'M Ravichandran                                                  ',30.0,b'A',2003-11-23 00:18:00.000000000,b'1',20.387,90.561,b'1',b'ARGOS   ',,,
30,34,b'2900266 ',b'Argo INDIA                                                      ',b'M Ravichandran                                                  ',30.0,b'A',2003-11-23 00:18:00.000000000,b'1',20.387,90.561,b'1',b'ARGOS   ',,,
30,35,b'2900266 ',b'Argo INDIA                                                      ',b'M Ravichandran                                                  ',30.0,b'A',2003-11-23 00:18:00.000000000,b'1',20.387,90.561,b'1',b'ARGOS   ',,,
30,36,b'2900266 ',b'Argo INDIA                                                      ',b'M Ravichandran                                                  ',30.0,b'A',2003-11-23 00:18:00.000000000,b'1',20.387,90.561,b'1',b'ARGOS   ',,,
30,37,b'2900266 ',b'Argo INDIA                                                      ',b'M Ravichandran                                                  ',30.0,b'A',2003-11-23 00:18:00.000000000,b'1',20.387,90.561,b'1',b'ARGOS   ',,,
30,38,b'2900266 ',b'Argo INDIA                                                      ',b'M Ravichandran                                                  ',30.0,b'A',2003-11-23 00:18:00.000000000,b'1',20.387,90.561,b'1',b'ARGOS   ',,,
30,39,b'2900266 ',b'Argo INDIA                                                      ',b'M Ravichandran                                                  ',30.0,b'A',2003-11-23 00:18:00.000000000,b'1',20.387,90.561,b'1',b'ARGOS   ',,,
30,40,b'2900266 ',b'Argo INDIA                                                      ',b'M Ravichandran                                                  ',30.0,b'A',2003-11-23 00:18:00.000000000,b'1',20.387,90.561,b'1',b'ARGOS   ',,,
30,41,b'2900266 ',b'Argo INDIA                                                      ',b'M Ravichandran                                                  ',30.0,b'A',2003-11-23 00:18:00.000000000,b'1',20.387,90.561,b'1',b'ARGOS   ',,,
30,42,b'2900266 ',b'Argo INDIA                                                      ',b'M Ravichandran                                                  ',30.0,b'A',2003-11-23 00:18:00.000000000,b'1',20.387,90.561,b'1',b'ARGOS   ',,,
30,43,b'2900266 ',b'Argo INDIA                                                      ',b'M Ravichandran                                                  ',30.0,b'A',2003-11-23 00:18:00.000000000,b'1',20.387,90.561,b'1',b'ARGOS   ',,,
30,44,b'2900266 ',b'Argo INDIA                                                      ',b'M Ravichandran                                                  ',30.0,b'A',2003-11-23 00:18:00.000000000,b'1',20.387,90.561,b'1',b'ARGOS   ',,,
30,45,b'2900266 ',b'Argo INDIA                                                      ',b'M Ravichandran                                                  ',30.0,b'A',2003-11-23 00:18:00.000000000,b'1',20.387,90.561,b'1',b'ARGOS   ',,,
30,46,b'2900266 ',b'Argo INDIA                                                      ',b'M Ravichandran                                                  ',30.0,b'A',2003-11-23 00:18:00.000000000,b'1',20.387,90.561,b'1',b'ARGOS   ',,,
30,47,b'2900266 ',b'Argo INDIA                                                      ',b'M Ravichandran                                                  ',30.0,b'A',2003-11-23 00:18:00.000000000,b'1',20.387,90.561,b'1',b'ARGOS   ',,,
30,48,b'2900266 ',b'Argo INDIA                                                      ',b'M Ravichandran                                                  ',30.0,b'A',2003-11-23 00:18:00.000000000,b'1',20.387,90.561,b'1',b'ARGOS   ',,,
30,49,b'2900266 ',b'Argo INDIA                                                      ',b'M Ravichandran                                                  ',30.0,b'A',2003-11-23 00:18:00.000000000,b'1',20.387,90.561,b'1',b'ARGOS   ',,,
30,50,b'2900266 ',b'Argo INDIA                                                      ',b'M Ravichandran                                                  ',30.0,b'A',2003-11-23 00:18:00.000000000,b'1',20.387,90.561,b'1',b'ARGOS   ',,,
