N_PROF,N_LEVELS,PLATFORM_NUMBER,PROJECT_NAME,PI_NAME,CYCLE_NUMBER,DIRECTION,JULD,JULD_QC,LATITUDE,LONGITUDE,POSITION_QC,POSITIONING_SYSTEM,PRES,TEMP,PSAL
0,0,b'1902767 ',b'Argo INDIA                                                      ',b'M Ravichandran                                                  ',1,b'A',22-03-2025 05:47,b'1',-41.73333333,57.96666667,b'1',b'GPS     ',0.3,17.27,35.517
0,1,b'1902767 ',b'Argo INDIA                                                      ',b'M Ravichandran                                                  ',1,b'A',22-03-2025 05:47,b'1',-41.73333333,57.96666667,b'1',b'GPS     ',0.8,17.271,35.517
0,2,b'1902767 ',b'Argo INDIA                                                      ',b'M Ravichandran                                                  ',1,b'A',22-03-2025 05:47,b'1',-41.73333333,57.96666667,b'1',b'GPS     ',1.8,17.276,35.514
0,3,b'1902767 ',b'Argo INDIA                                                      ',b'M Ravichandran                                                  ',1,b'A',22-03-2025 05:47,b'1',-41.73333333,57.96666667,b'1',b'GPS     ',3.1,17.275,35.514
0,4,b'1902767 ',b'Argo INDIA                                                      ',b'M Ravichandran                                                  ',1,b'A',22-03-2025 05:47,b'1',-41.73333333,57.96666667,b'1',b'GPS     ',4.1,17.275,35.515
0,5,b'1902767 ',b'Argo INDIA                                                      ',b'M Ravichandran                                                  ',1,b'A',22-03-2025 05:47,b'1',-41.73333333,57.96666667,b'1',b'GPS     ',4.9,17.275,35.515
0,6,b'1902767 ',b'Argo INDIA                                                      ',b'M Ravichandran                                                  ',1,b'A',22-03-2025 05:47,b'1',-41.73333333,57.96666667,b'1',b'GPS     ',5.9,17.275,35.515
0,7,b'1902767 ',b'Argo INDIA                                                      ',b'M Ravichandran                                                  ',1,b'A',22-03-2025 05:47,b'1',-41.73333333,57.96666667,b'1',b'GPS     ',6.9,17.276,35.515
0,8,b'1902767 ',b'Argo INDIA                                                      ',b'M Ravichandran                                                  ',1,b'A',22-03-2025 05:47,b'1',-41.73333333,57.96666667,b'1',b'GPS     ',8,17.273,35.515
0,9,b'1902767 ',b'Argo INDIA                                                      ',b'M Ravichandran                                                  ',1,b'A',22-03-2025 05:47,b'1',-41.73333333,57.96666667,b'1',b'GPS     ',9.2,17.274,35.517
0,10,b'1902767 ',b'Argo INDIA                                                      ',b'M Ravichandran                                                  ',1,b'A',22-03-2025 05:47,b'1',-41.73333333,57.96666667,b'1',b'GPS     ',10.1,17.275,35.516
0,11,b'1902767 ',b'Argo INDIA                                                      ',b'M Ravichandran                                                  ',1,b'A',22-03-2025 05:47,b'1',-41.73333333,57.96666667,b'1',b'GPS     ',15.5,17.275,35.515
0,12,b'1902767 ',b'Argo INDIA                                                      ',b'M Ravichandran                                                  ',1,b'A',22-03-2025 05:47,b'1',-41.73333333,57.96666667,b'1',b'GPS     ',25.1,17.276,35.515
0,13,b'1902767 ',b'Argo INDIA                                                      ',b'M Ravichandran                                                  ',1,b'A',22-03-2025 05:47,b'1',-41.73333333,57.96666667,b'1',b'GPS     ',35.4,17.277,35.514
0,14,b'1902767 ',b'Argo INDIA                                                      ',b'M Ravichandran                                                  ',1,b'A',22-03-2025 05:47,b'1',-41.73333333,57.96666667,b'1',b'GPS     ',45.9,17.264,35.517
0,15,b'1902767 ',b'Argo INDIA                                                      ',b'M Ravichandran                                                  ',1,b'A',22-03-2025 05:47,b'1',-41.73333333,57.96666667,b'1',b'GPS     ',55.5,17.244,35.518
0,16,b'1902767 ',b'Argo INDIA                                                      ',b'M Ravichandran                                                  ',1,b'A',22-03-2025 05:47,b'1',-41.73333333,57.96666667,b'1',b'GPS     ',65.5,17.224,35.522
0,17,b'1902767 ',b'Argo INDIA                                                      ',b'M Ravichandran                                                  ',1,b'A',22-03-2025 05:47,b'1',-41.73333333,57.96666667,b'1',b'GPS     ',75.4,17.194,35.525
0,18,b'1902767 ',b'Argo INDIA                                                      ',b'M Ravichandran                                                  ',1,b'A',22-03-2025 05:47,b'1',-41.73333333,57.96666667,b'1',b'GPS     ',85.5,17.181,35.526
0,19,b'1902767 ',b'Argo INDIA                                                      ',b'M Ravichandran                                                  ',1,b'A',22-03-2025 05:47,b'1',-41.73333333,57.96666667,b'1',b'GPS     ',95.6,17.167,35.528
0,20,b'1902767 ',b'Argo INDIA                                                      ',b'M Ravichandran                                                  ',1,b'A',22-03-2025 05:47,b'1',-41.73333333,57.96666667,b'1',b'GPS     ',105.6,17.162,35.529
0,21,b'1902767 ',b'Argo INDIA                                                      ',b'M Ravichandran                                                  ',1,b'A',22-03-2025 05:47,b'1',-41.73333333,57.96666667,b'1',b'GPS     ',115.8,17.081,35.525
0,22,b'1902767 ',b'Argo INDIA                                                      ',b'M Ravichandran                                                  ',1,b'A',22-03-2025 05:47,b'1',-41.73333333,57.96666667,b'1',b'GPS     ',125.4,16.68,35.509
0,23,b'1902767 ',b'Argo INDIA                                                      ',b'M Ravichandran                                                  ',1,b'A',22-03-2025 05:47,b'1',-41.73333333,57.96666667,b'1',b'GPS     ',135,16.533,35.524
0,24,b'1902767 ',b'Argo INDIA                                                      ',b'M Ravichandran                                                  ',1,b'A',22-03-2025 05:47,b'1',-41.73333333,57.96666667,b'1',b'GPS     ',145.1,16.35,35.524
0,25,b'1902767 ',b'Argo INDIA                                                      ',b'M Ravichandran                                                  ',1,b'A',22-03-2025 05:47,b'1',-41.73333333,57.96666667,b'1',b'GPS     ',155.5,16.213,35.512
0,26,b'1902767 ',b'Argo INDIA                                                      ',b'M Ravichandran                                                  ',1,b'A',22-03-2025 05:47,b'1',-41.73333333,57.96666667,b'1',b'GPS     ',165.5,16.081,35.501
0,27,b'1902767 ',b'Argo INDIA                                                      ',b'M Ravichandran                                                  ',1,b'A',22-03-2025 05:47,b'1',-41.73333333,57.96666667,b'1',b'GPS     ',175.1,15.937,35.488
0,28,b'1902767 ',b'Argo INDIA                                                      ',b'M Ravichandran                                                  ',1,b'A',22-03-2025 05:47,b'1',-41.73333333,57.96666667,b'1',b'GPS     ',185.2,15.833,35.482
0,29,b'1902767 ',b'Argo INDIA                                                      ',b'M Ravichandran                                                  ',1,b'A',22-03-2025 05:47,b'1',-41.73333333,57.96666667,b'1',b'GPS     ',195.6,15.729,35.475
0,30,b'1902767 ',b'Argo INDIA                                                      ',b'M Ravichandran                                                  ',1,b'A',22-03-2025 05:47,b'1',-41.73333333,57.96666667,b'1',b'GPS     ',212.8,15.548,35.467
0,31,b'1902767 ',b'Argo INDIA                                                      ',b'M Ravichandran                                                  ',1,b'A',22-03-2025 05:47,b'1',-41.73333333,57.96666667,b'1',b'GPS     ',237.9,15.266,35.451
0,32,b'1902767 ',b'Argo INDIA                                                      ',b'M Ravichandran                                                  ',1,b'A',22-03-2025 05:47,b'1',-41.73333333,57.96666667,b'1',b'GPS     ',263.2,15.031,35.44
0,33,b'1902767 ',b'Argo INDIA                                                      ',b'M Ravichandran                                                  ',1,b'A',22-03-2025 05:47,b'1',-41.73333333,57.96666667,b'1',b'GPS     ',288.3,14.824,35.423
0,34,b'1902767 ',b'Argo INDIA                                                      ',b'M Ravichandran                                                  ',1,b'A',22-03-2025 05:47,b'1',-41.73333333,57.96666667,b'1',b'GPS     ',313,14.664,35.412
0,35,b'1902767 ',b'Argo INDIA                                                      ',b'M Ravichandran                                                  ',1,b'A',22-03-2025 05:47,b'1',-41.73333333,57.96666667,b'1',b'GPS     ',337.8,14.495,35.401
0,36,b'1902767 ',b'Argo INDIA                                                      ',b'M Ravichandran                                                  ',1,b'A',22-03-2025 05:47,b'1',-41.73333333,57.96666667,b'1',b'GPS     ',362.7,14.38,35.391
0,37,b'1902767 ',b'Argo INDIA                                                      ',b'M Ravichandran                                                  ',1,b'A',22-03-2025 05:47,b'1',-41.73333333,57.96666667,b'1',b'GPS     ',387.3,14.245,35.375
0,38,b'1902767 ',b'Argo INDIA                                                      ',b'M Ravichandran                                                  ',1,b'A',22-03-2025 05:47,b'1',-41.73333333,57.96666667,b'1',b'GPS     ',412.4,14.181,35.375
0,39,b'1902767 ',b'Argo INDIA                                                      ',b'M Ravichandran                                                  ',1,b'A',22-03-2025 05:47,b'1',-41.73333333,57.96666667,b'1',b'GPS     ',437.9,14.067,35.358
0,40,b'1902767 ',b'Argo INDIA                                                      ',b'M Ravichandran                                                  ',1,b'A',22-03-2025 05:47,b'1',-41.73333333,57.96666667,b'1',b'GPS     ',463.1,13.869,35.327
0,41,b'1902767 ',b'Argo INDIA                                                      ',b'M Ravichandran                                                  ',1,b'A',22-03-2025 05:47,b'1',-41.73333333,57.96666667,b'1',b'GPS     ',488.2,13.719,35.304
0,42,b'1902767 ',b'Argo INDIA                                                      ',b'M Ravichandran                                                  ',1,b'A',22-03-2025 05:47,b'1',-41.73333333,57.96666667,b'1',b'GPS     ',513,13.622,35.292
0,43,b'1902767 ',b'Argo INDIA                                                      ',b'M Ravichandran                                                  ',1,b'A',22-03-2025 05:47,b'1',-41.73333333,57.96666667,b'1',b'GPS     ',537.5,13.496,35.278
0,44,b'1902767 ',b'Argo INDIA                                                      ',b'M Ravichandran                                                  ',1,b'A',22-03-2025 05:47,b'1',-41.73333333,57.96666667,b'1',b'GPS     ',562.8,13.242,35.238
0,45,b'1902767 ',b'Argo INDIA                                                      ',b'M Ravichandran                                                  ',1,b'A',22-03-2025 05:47,b'1',-41.73333333,57.96666667,b'1',b'GPS     ',588,12.957,35.186
0,46,b'1902767 ',b'Argo INDIA                                                      ',b'M Ravichandran                                                  ',1,b'A',22-03-2025 05:47,b'1',-41.73333333,57.96666667,b'1',b'GPS     ',612.9,12.794,35.157
0,47,b'1902767 ',b'Argo INDIA                                                      ',b'M Ravichandran                                                  ',1,b'A',22-03-2025 05:47,b'1',-41.73333333,57.96666667,b'1',b'GPS     ',638.2,12.615,35.127
0,48,b'1902767 ',b'Argo INDIA                                                      ',b'M Ravichandran                                                  ',1,b'A',22-03-2025 05:47,b'1',-41.73333333,57.96666667,b'1',b'GPS     ',662.9,12.428,35.097
0,49,b'1902767 ',b'Argo INDIA                                                      ',b'M Ravichandran                                                  ',1,b'A',22-03-2025 05:47,b'1',-41.73333333,57.96666667,b'1',b'GPS     ',687.9,12.107,35.047
0,50,b'1902767 ',b'Argo INDIA                                                      ',b'M Ravichandran                                                  ',1,b'A',22-03-2025 05:47,b'1',-41.73333333,57.96666667,b'1',b'GPS     ',713.3,11.796,34.997
0,51,b'1902767 ',b'Argo INDIA                                                      ',b'M Ravichandran                                                  ',1,b'A',22-03-2025 05:47,b'1',-41.73333333,57.96666667,b'1',b'GPS     ',738.6,11.434,34.936
0,52,b'1902767 ',b'Argo INDIA                                                      ',b'M Ravichandran                                                  ',1,b'A',22-03-2025 05:47,b'1',-41.73333333,57.96666667,b'1',b'GPS     ',762.5,11.17,34.906
0,53,b'1902767 ',b'Argo INDIA                                                      ',b'M Ravichandran                                                  ',1,b'A',22-03-2025 05:47,b'1',-41.73333333,57.96666667,b'1',b'GPS     ',787.8,10.838,34.862
0,54,b'1902767 ',b'Argo INDIA                                                      ',b'M Ravichandran                                                  ',1,b'A',22-03-2025 05:47,b'1',-41.73333333,57.96666667,b'1',b'GPS     ',812.8,10.431,34.806
0,55,b'1902767 ',b'Argo INDIA                                                      ',b'M Ravichandran                                                  ',1,b'A',22-03-2025 05:47,b'1',-41.73333333,57.96666667,b'1',b'GPS     ',837.8,10.185,34.779
0,56,b'1902767 ',b'Argo INDIA                                                      ',b'M Ravichandran                                                  ',1,b'A',22-03-2025 05:47,b'1',-41.73333333,57.96666667,b'1',b'GPS     ',862.8,9.976,34.752
0,57,b'1902767 ',b'Argo INDIA                                                      ',b'M Ravichandran                                                  ',1,b'A',22-03-2025 05:47,b'1',-41.73333333,57.96666667,b'1',b'GPS     ',888.2,9.585,34.707
0,58,b'1902767 ',b'Argo INDIA                                                      ',b'M Ravichandran                                                  ',1,b'A',22-03-2025 05:47,b'1',-41.73333333,57.96666667,b'1',b'GPS     ',912.1,9.319,34.68
0,59,b'1902767 ',b'Argo INDIA                                                      ',b'M Ravichandran                                                  ',1,b'A',22-03-2025 05:47,b'1',-41.73333333,57.96666667,b'1',b'GPS     ',937.6,9.12,34.656
0,60,b'1902767 ',b'Argo INDIA                                                      ',b'M Ravichandran                                                  ',1,b'A',22-03-2025 05:47,b'1',-41.73333333,57.96666667,b'1',b'GPS     ',962.9,8.819,34.622
0,61,b'1902767 ',b'Argo INDIA                                                      ',b'M Ravichandran                                                  ',1,b'A',22-03-2025 05:47,b'1',-41.73333333,57.96666667,b'1',b'GPS     ',988,8.427,34.581
0,62,b'1902767 ',b'Argo INDIA                                                      ',b'M Ravichandran                                                  ',1,b'A',22-03-2025 05:47,b'1',-41.73333333,57.96666667,b'1',b'GPS     ',1013.2,8.277,34.572
0,63,b'1902767 ',b'Argo INDIA                                                      ',b'M Ravichandran                                                  ',1,b'A',22-03-2025 05:47,b'1',-41.73333333,57.96666667,b'1',b'GPS     ',1038,8.009,34.548
0,64,b'1902767 ',b'Argo INDIA                                                      ',b'M Ravichandran                                                  ',1,b'A',22-03-2025 05:47,b'1',-41.73333333,57.96666667,b'1',b'GPS     ',1063,7.519,34.505
0,65,b'1902767 ',b'Argo INDIA                                                      ',b'M Ravichandran                                                  ',1,b'A',22-03-2025 05:47,b'1',-41.73333333,57.96666667,b'1',b'GPS     ',1087.8,7.148,34.473
0,66,b'1902767 ',b'Argo INDIA                                                      ',b'M Ravichandran                                                  ',1,b'A',22-03-2025 05:47,b'1',-41.73333333,57.96666667,b'1',b'GPS     ',1113,6.854,34.446
0,67,b'1902767 ',b'Argo INDIA                                                      ',b'M Ravichandran                                                  ',1,b'A',22-03-2025 05:47,b'1',-41.73333333,57.96666667,b'1',b'GPS     ',1138.6,6.572,34.418
0,68,b'1902767 ',b'Argo INDIA                                                      ',b'M Ravichandran                                                  ',1,b'A',22-03-2025 05:47,b'1',-41.73333333,57.96666667,b'1',b'GPS     ',1162.6,6.262,34.396
0,69,b'1902767 ',b'Argo INDIA                                                      ',b'M Ravichandran                                                  ',1,b'A',22-03-2025 05:47,b'1',-41.73333333,57.96666667,b'1',b'GPS     ',1187.7,5.983,34.386
0,70,b'1902767 ',b'Argo INDIA                                                      ',b'M Ravichandran                                                  ',1,b'A',22-03-2025 05:47,b'1',-41.73333333,57.96666667,b'1',b'GPS     ',1213,5.695,34.367
0,71,b'1902767 ',b'Argo INDIA                                                      ',b'M Ravichandran                                                  ',1,b'A',22-03-2025 05:47,b'1',-41.73333333,57.96666667,b'1',b'GPS     ',1237.9,5.509,34.361
0,72,b'1902767 ',b'Argo INDIA                                                      ',b'M Ravichandran                                                  ',1,b'A',22-03-2025 05:47,b'1',-41.73333333,57.96666667,b'1',b'GPS     ',1263,5.254,34.354
0,73,b'1902767 ',b'Argo INDIA                                                      ',b'M Ravichandran                                                  ',1,b'A',22-03-2025 05:47,b'1',-41.73333333,57.96666667,b'1',b'GPS     ',1287.5,5.04,34.352
0,74,b'1902767 ',b'Argo INDIA                                                      ',b'M Ravichandran                                                  ',1,b'A',22-03-2025 05:47,b'1',-41.73333333,57.96666667,b'1',b'GPS     ',1312.5,4.855,34.348
0,75,b'1902767 ',b'Argo INDIA                                                      ',b'M Ravichandran                                                  ',1,b'A',22-03-2025 05:47,b'1',-41.73333333,57.96666667,b'1',b'GPS     ',1337.7,4.733,34.345
0,76,b'1902767 ',b'Argo INDIA                                                      ',b'M Ravichandran                                                  ',1,b'A',22-03-2025 05:47,b'1',-41.73333333,57.96666667,b'1',b'GPS     ',1362.4,4.569,34.34
0,77,b'1902767 ',b'Argo INDIA                                                      ',b'M Ravichandran                                                  ',1,b'A',22-03-2025 05:47,b'1',-41.73333333,57.96666667,b'1',b'GPS     ',1387.5,4.453,34.335
0,78,b'1902767 ',b'Argo INDIA                                                      ',b'M Ravichandran                                                  ',1,b'A',22-03-2025 05:47,b'1',-41.73333333,57.96666667,b'1',b'GPS     ',1413,4.392,34.343
0,79,b'1902767 ',b'Argo INDIA                                                      ',b'M Ravichandran                                                  ',1,b'A',22-03-2025 05:47,b'1',-41.73333333,57.96666667,b'1',b'GPS     ',1438.1,4.379,34.367
0,80,b'1902767 ',b'Argo INDIA                                                      ',b'M Ravichandran                                                  ',1,b'A',22-03-2025 05:47,b'1',-41.73333333,57.96666667,b'1',b'GPS     ',1463.2,4.267,34.374
0,81,b'1902767 ',b'Argo INDIA                                                      ',b'M Ravichandran                                                  ',1,b'A',22-03-2025 05:47,b'1',-41.73333333,57.96666667,b'1',b'GPS     ',1488.2,4.155,34.384
0,82,b'1902767 ',b'Argo INDIA                                                      ',b'M Ravichandran                                                  ',1,b'A',22-03-2025 05:47,b'1',-41.73333333,57.96666667,b'1',b'GPS     ',1512.8,4.014,34.39
0,83,b'1902767 ',b'Argo INDIA                                                      ',b'M Ravichandran                                                  ',1,b'A',22-03-2025 05:47,b'1',-41.73333333,57.96666667,b'1',b'GPS     ',1538.1,3.88,34.396
0,84,b'1902767 ',b'Argo INDIA                                                      ',b'M Ravichandran                                                  ',1,b'A',22-03-2025 05:47,b'1',-41.73333333,57.96666667,b'1',b'GPS     ',1562.9,3.787,34.413
0,85,b'1902767 ',b'Argo INDIA                                                      ',b'M Ravichandran                                                  ',1,b'A',22-03-2025 05:47,b'1',-41.73333333,57.96666667,b'1',b'GPS     ',1587.9,3.714,34.43
0,86,b'1902767 ',b'Argo INDIA                                                      ',b'M Ravichandran                                                  ',1,b'A',22-03-2025 05:47,b'1',-41.73333333,57.96666667,b'1',b'GPS     ',1612.9,3.656,34.444
0,87,b'1902767 ',b'Argo INDIA                                                      ',b'M Ravichandran                                                  ',1,b'A',22-03-2025 05:47,b'1',-41.73333333,57.96666667,b'1',b'GPS     ',1637.9,3.531,34.447
0,88,b'1902767 ',b'Argo INDIA                                                      ',b'M Ravichandran                                                  ',1,b'A',22-03-2025 05:47,b'1',-41.73333333,57.96666667,b'1',b'GPS     ',1662.9,3.481,34.454
0,89,b'1902767 ',b'Argo INDIA                                                      ',b'M Ravichandran                                                  ',1,b'A',22-03-2025 05:47,b'1',-41.73333333,57.96666667,b'1',b'GPS     ',1687.9,3.309,34.445
0,90,b'1902767 ',b'Argo INDIA                                                      ',b'M Ravichandran                                                  ',1,b'A',22-03-2025 05:47,b'1',-41.73333333,57.96666667,b'1',b'GPS     ',1713.3,3.366,34.485
0,91,b'1902767 ',b'Argo INDIA                                                      ',b'M Ravichandran                                                  ',1,b'A',22-03-2025 05:47,b'1',-41.73333333,57.96666667,b'1',b'GPS     ',1738.1,3.338,34.507
0,92,b'1902767 ',b'Argo INDIA                                                      ',b'M Ravichandran                                                  ',1,b'A',22-03-2025 05:47,b'1',-41.73333333,57.96666667,b'1',b'GPS     ',1762.8,3.306,34.516
0,93,b'1902767 ',b'Argo INDIA                                                      ',b'M Ravichandran                                                  ',1,b'A',22-03-2025 05:47,b'1',-41.73333333,57.96666667,b'1',b'GPS     ',1788,3.266,34.523
0,94,b'1902767 ',b'Argo INDIA                                                      ',b'M Ravichandran                                                  ',1,b'A',22-03-2025 05:47,b'1',-41.73333333,57.96666667,b'1',b'GPS     ',1812.9,3.243,34.531
0,95,b'1902767 ',b'Argo INDIA                                                      ',b'M Ravichandran                                                  ',1,b'A',22-03-2025 05:47,b'1',-41.73333333,57.96666667,b'1',b'GPS     ',1837.8,3.218,34.543
0,96,b'1902767 ',b'Argo INDIA                                                      ',b'M Ravichandran                                                  ',1,b'A',22-03-2025 05:47,b'1',-41.73333333,57.96666667,b'1',b'GPS     ',1862.9,3.187,34.553
0,97,b'1902767 ',b'Argo INDIA                                                      ',b'M Ravichandran                                                  ',1,b'A',22-03-2025 05:47,b'1',-41.73333333,57.96666667,b'1',b'GPS     ',1888.1,3.147,34.562
0,98,b'1902767 ',b'Argo INDIA                                                      ',b'M Ravichandran                                                  ',1,b'A',22-03-2025 05:47,b'1',-41.73333333,57.96666667,b'1',b'GPS     ',1912.8,3.087,34.565
0,99,b'1902767 ',b'Argo INDIA                                                      ',b'M Ravichandran                                                  ',1,b'A',22-03-2025 05:47,b'1',-41.73333333,57.96666667,b'1',b'GPS     ',1937.8,2.891,34.557
0,100,b'1902767 ',b'Argo INDIA                                                      ',b'M Ravichandran                                                  ',1,b'A',22-03-2025 05:47,b'1',-41.73333333,57.96666667,b'1',b'GPS     ',1962.6,2.851,34.565
0,101,b'1902767 ',b'Argo INDIA                                                      ',b'M Ravichandran                                                  ',1,b'A',22-03-2025 05:47,b'1',-41.73333333,57.96666667,b'1',b'GPS     ',1988.3,2.862,34.585
0,102,b'1902767 ',b'Argo INDIA                                                      ',b'M Ravichandran                                                  ',1,b'A',22-03-2025 05:47,b'1',-41.73333333,57.96666667,b'1',b'GPS     ',,,
0,103,b'1902767 ',b'Argo INDIA                                                      ',b'M Ravichandran                                                  ',1,b'A',22-03-2025 05:47,b'1',-41.73333333,57.96666667,b'1',b'GPS     ',,,
1,0,b'1902767 ',b'Argo INDIA                                                      ',b'M Ravichandran                                                  ',2,b'A',01-04-2025 01:03,b'1',-42.16666667,59.06666667,b'1',b'GPS     ',0.3,16.926,35.5
1,1,b'1902767 ',b'Argo INDIA                                                      ',b'M Ravichandran                                                  ',2,b'A',01-04-2025 01:03,b'1',-42.16666667,59.06666667,b'1',b'GPS     ',0.8,16.938,35.49
1,2,b'1902767 ',b'Argo INDIA                                                      ',b'M Ravichandran                                                  ',2,b'A',01-04-2025 01:03,b'1',-42.16666667,59.06666667,b'1',b'GPS     ',1.9,16.937,35.49
1,3,b'1902767 ',b'Argo INDIA                                                      ',b'M Ravichandran                                                  ',2,b'A',01-04-2025 01:03,b'1',-42.16666667,59.06666667,b'1',b'GPS     ',3.1,16.935,35.493
1,4,b'1902767 ',b'Argo INDIA                                                      ',b'M Ravichandran                                                  ',2,b'A',01-04-2025 01:03,b'1',-42.16666667,59.06666667,b'1',b'GPS     ',3.9,16.936,35.493
1,5,b'1902767 ',b'Argo INDIA                                                      ',b'M Ravichandran                                                  ',2,b'A',01-04-2025 01:03,b'1',-42.16666667,59.06666667,b'1',b'GPS     ',4.6,16.937,35.492
1,6,b'1902767 ',b'Argo INDIA                                                      ',b'M Ravichandran                                                  ',2,b'A',01-04-2025 01:03,b'1',-42.16666667,59.06666667,b'1',b'GPS     ',5.9,16.936,35.493
1,7,b'1902767 ',b'Argo INDIA                                                      ',b'M Ravichandran                                                  ',2,b'A',01-04-2025 01:03,b'1',-42.16666667,59.06666667,b'1',b'GPS     ',7.1,16.938,35.492
1,8,b'1902767 ',b'Argo INDIA                                                      ',b'M Ravichandran                                                  ',2,b'A',01-04-2025 01:03,b'1',-42.16666667,59.06666667,b'1',b'GPS     ',7.9,16.938,35.493
1,9,b'1902767 ',b'Argo INDIA                                                      ',b'M Ravichandran                                                  ',2,b'A',01-04-2025 01:03,b'1',-42.16666667,59.06666667,b'1',b'GPS     ',8.7,16.939,35.492
1,10,b'1902767 ',b'Argo INDIA                                                      ',b'M Ravichandran                                                  ',2,b'A',01-04-2025 01:03,b'1',-42.16666667,59.06666667,b'1',b'GPS     ',9.9,16.939,35.492
1,11,b'1902767 ',b'Argo INDIA                                                      ',b'M Ravichandran                                                  ',2,b'A',01-04-2025 01:03,b'1',-42.16666667,59.06666667,b'1',b'GPS     ',15.3,16.883,35.493
1,12,b'1902767 ',b'Argo INDIA                                                      ',b'M Ravichandran                                                  ',2,b'A',01-04-2025 01:03,b'1',-42.16666667,59.06666667,b'1',b'GPS     ',25.5,16.827,35.491
1,13,b'1902767 ',b'Argo INDIA                                                      ',b'M Ravichandran                                                  ',2,b'A',01-04-2025 01:03,b'1',-42.16666667,59.06666667,b'1',b'GPS     ',35.8,16.825,35.492
1,14,b'1902767 ',b'Argo INDIA                                                      ',b'M Ravichandran                                                  ',2,b'A',01-04-2025 01:03,b'1',-42.16666667,59.06666667,b'1',b'GPS     ',45.7,16.821,35.491
1,15,b'1902767 ',b'Argo INDIA                                                      ',b'M Ravichandran                                                  ',2,b'A',01-04-2025 01:03,b'1',-42.16666667,59.06666667,b'1',b'GPS     ',55.5,16.821,35.492
1,16,b'1902767 ',b'Argo INDIA                                                      ',b'M Ravichandran                                                  ',2,b'A',01-04-2025 01:03,b'1',-42.16666667,59.06666667,b'1',b'GPS     ',65.6,16.822,35.492
1,17,b'1902767 ',b'Argo INDIA                                                      ',b'M Ravichandran                                                  ',2,b'A',01-04-2025 01:03,b'1',-42.16666667,59.06666667,b'1',b'GPS     ',75.7,16.823,35.492
1,18,b'1902767 ',b'Argo INDIA                                                      ',b'M Ravichandran                                                  ',2,b'A',01-04-2025 01:03,b'1',-42.16666667,59.06666667,b'1',b'GPS     ',85.8,16.823,35.492
1,19,b'1902767 ',b'Argo INDIA                                                      ',b'M Ravichandran                                                  ',2,b'A',01-04-2025 01:03,b'1',-42.16666667,59.06666667,b'1',b'GPS     ',95.6,16.817,35.495
1,20,b'1902767 ',b'Argo INDIA                                                      ',b'M Ravichandran                                                  ',2,b'A',01-04-2025 01:03,b'1',-42.16666667,59.06666667,b'1',b'GPS     ',105.5,16.802,35.498
1,21,b'1902767 ',b'Argo INDIA                                                      ',b'M Ravichandran                                                  ',2,b'A',01-04-2025 01:03,b'1',-42.16666667,59.06666667,b'1',b'GPS     ',115.7,16.753,35.492
1,22,b'1902767 ',b'Argo INDIA                                                      ',b'M Ravichandran                                                  ',2,b'A',01-04-2025 01:03,b'1',-42.16666667,59.06666667,b'1',b'GPS     ',125.5,16.354,35.46
1,23,b'1902767 ',b'Argo INDIA                                                      ',b'M Ravichandran                                                  ',2,b'A',01-04-2025 01:03,b'1',-42.16666667,59.06666667,b'1',b'GPS     ',135.3,16.075,35.475
1,24,b'1902767 ',b'Argo INDIA                                                      ',b'M Ravichandran                                                  ',2,b'A',01-04-2025 01:03,b'1',-42.16666667,59.06666667,b'1',b'GPS     ',145.1,15.929,35.475
1,25,b'1902767 ',b'Argo INDIA                                                      ',b'M Ravichandran                                                  ',2,b'A',01-04-2025 01:03,b'1',-42.16666667,59.06666667,b'1',b'GPS     ',155.3,15.701,35.46
1,26,b'1902767 ',b'Argo INDIA                                                      ',b'M Ravichandran                                                  ',2,b'A',01-04-2025 01:03,b'1',-42.16666667,59.06666667,b'1',b'GPS     ',165.5,15.476,35.451
1,27,b'1902767 ',b'Argo INDIA                                                      ',b'M Ravichandran                                                  ',2,b'A',01-04-2025 01:03,b'1',-42.16666667,59.06666667,b'1',b'GPS     ',175.1,15.362,35.448
1,28,b'1902767 ',b'Argo INDIA                                                      ',b'M Ravichandran                                                  ',2,b'A',01-04-2025 01:03,b'1',-42.16666667,59.06666667,b'1',b'GPS     ',185.2,15.237,35.439
1,29,b'1902767 ',b'Argo INDIA                                                      ',b'M Ravichandran                                                  ',2,b'A',01-04-2025 01:03,b'1',-42.16666667,59.06666667,b'1',b'GPS     ',195.3,15.127,35.429
1,30,b'1902767 ',b'Argo INDIA                                                      ',b'M Ravichandran                                                  ',2,b'A',01-04-2025 01:03,b'1',-42.16666667,59.06666667,b'1',b'GPS     ',212.8,14.968,35.424
1,31,b'1902767 ',b'Argo INDIA                                                      ',b'M Ravichandran                                                  ',2,b'A',01-04-2025 01:03,b'1',-42.16666667,59.06666667,b'1',b'GPS     ',238,14.795,35.413
1,32,b'1902767 ',b'Argo INDIA                                                      ',b'M Ravichandran                                                  ',2,b'A',01-04-2025 01:03,b'1',-42.16666667,59.06666667,b'1',b'GPS     ',263.3,14.437,35.367
1,33,b'1902767 ',b'Argo INDIA                                                      ',b'M Ravichandran                                                  ',2,b'A',01-04-2025 01:03,b'1',-42.16666667,59.06666667,b'1',b'GPS     ',287.9,14.329,35.367
1,34,b'1902767 ',b'Argo INDIA                                                      ',b'M Ravichandran                                                  ',2,b'A',01-04-2025 01:03,b'1',-42.16666667,59.06666667,b'1',b'GPS     ',312.7,14.261,35.374
1,35,b'1902767 ',b'Argo INDIA                                                      ',b'M Ravichandran                                                  ',2,b'A',01-04-2025 01:03,b'1',-42.16666667,59.06666667,b'1',b'GPS     ',338.1,14.131,35.362
1,36,b'1902767 ',b'Argo INDIA                                                      ',b'M Ravichandran                                                  ',2,b'A',01-04-2025 01:03,b'1',-42.16666667,59.06666667,b'1',b'GPS     ',363,13.982,35.341
1,37,b'1902767 ',b'Argo INDIA                                                      ',b'M Ravichandran                                                  ',2,b'A',01-04-2025 01:03,b'1',-42.16666667,59.06666667,b'1',b'GPS     ',387.9,13.853,35.323
1,38,b'1902767 ',b'Argo INDIA                                                      ',b'M Ravichandran                                                  ',2,b'A',01-04-2025 01:03,b'1',-42.16666667,59.06666667,b'1',b'GPS     ',412.9,13.683,35.294
1,39,b'1902767 ',b'Argo INDIA                                                      ',b'M Ravichandran                                                  ',2,b'A',01-04-2025 01:03,b'1',-42.16666667,59.06666667,b'1',b'GPS     ',437.5,13.422,35.243
1,40,b'1902767 ',b'Argo INDIA                                                      ',b'M Ravichandran                                                  ',2,b'A',01-04-2025 01:03,b'1',-42.16666667,59.06666667,b'1',b'GPS     ',462.5,13.245,35.218
1,41,b'1902767 ',b'Argo INDIA                                                      ',b'M Ravichandran                                                  ',2,b'A',01-04-2025 01:03,b'1',-42.16666667,59.06666667,b'1',b'GPS     ',487.9,13.085,35.195
1,42,b'1902767 ',b'Argo INDIA                                                      ',b'M Ravichandran                                                  ',2,b'A',01-04-2025 01:03,b'1',-42.16666667,59.06666667,b'1',b'GPS     ',513.2,12.925,35.174
1,43,b'1902767 ',b'Argo INDIA                                                      ',b'M Ravichandran                                                  ',2,b'A',01-04-2025 01:03,b'1',-42.16666667,59.06666667,b'1',b'GPS     ',538.1,12.75,35.147
1,44,b'1902767 ',b'Argo INDIA                                                      ',b'M Ravichandran                                                  ',2,b'A',01-04-2025 01:03,b'1',-42.16666667,59.06666667,b'1',b'GPS     ',564,12.564,35.12
1,45,b'1902767 ',b'Argo INDIA                                                      ',b'M Ravichandran                                                  ',2,b'A',01-04-2025 01:03,b'1',-42.16666667,59.06666667,b'1',b'GPS     ',588.1,12.365,35.087
1,46,b'1902767 ',b'Argo INDIA                                                      ',b'M Ravichandran                                                  ',2,b'A',01-04-2025 01:03,b'1',-42.16666667,59.06666667,b'1',b'GPS     ',613.1,12.186,35.061
1,47,b'1902767 ',b'Argo INDIA                                                      ',b'M Ravichandran                                                  ',2,b'A',01-04-2025 01:03,b'1',-42.16666667,59.06666667,b'1',b'GPS     ',638,11.987,35.032
1,48,b'1902767 ',b'Argo INDIA                                                      ',b'M Ravichandran                                                  ',2,b'A',01-04-2025 01:03,b'1',-42.16666667,59.06666667,b'1',b'GPS     ',663,11.699,34.988
1,49,b'1902767 ',b'Argo INDIA                                                      ',b'M Ravichandran                                                  ',2,b'A',01-04-2025 01:03,b'1',-42.16666667,59.06666667,b'1',b'GPS     ',688.1,11.445,34.951
1,50,b'1902767 ',b'Argo INDIA                                                      ',b'M Ravichandran                                                  ',2,b'A',01-04-2025 01:03,b'1',-42.16666667,59.06666667,b'1',b'GPS     ',713,11.116,34.905
1,51,b'1902767 ',b'Argo INDIA                                                      ',b'M Ravichandran                                                  ',2,b'A',01-04-2025 01:03,b'1',-42.16666667,59.06666667,b'1',b'GPS     ',738.3,10.745,34.854
1,52,b'1902767 ',b'Argo INDIA                                                      ',b'M Ravichandran                                                  ',2,b'A',01-04-2025 01:03,b'1',-42.16666667,59.06666667,b'1',b'GPS     ',763,10.518,34.824
1,53,b'1902767 ',b'Argo INDIA                                                      ',b'M Ravichandran                                                  ',2,b'A',01-04-2025 01:03,b'1',-42.16666667,59.06666667,b'1',b'GPS     ',788.1,10.272,34.792
1,54,b'1902767 ',b'Argo INDIA                                                      ',b'M Ravichandran                                                  ',2,b'A',01-04-2025 01:03,b'1',-42.16666667,59.06666667,b'1',b'GPS     ',813.4,9.914,34.746
1,55,b'1902767 ',b'Argo INDIA                                                      ',b'M Ravichandran                                                  ',2,b'A',01-04-2025 01:03,b'1',-42.16666667,59.06666667,b'1',b'GPS     ',838.2,9.616,34.709
1,56,b'1902767 ',b'Argo INDIA                                                      ',b'M Ravichandran                                                  ',2,b'A',01-04-2025 01:03,b'1',-42.16666667,59.06666667,b'1',b'GPS     ',862.6,9.437,34.687
1,57,b'1902767 ',b'Argo INDIA                                                      ',b'M Ravichandran                                                  ',2,b'A',01-04-2025 01:03,b'1',-42.16666667,59.06666667,b'1',b'GPS     ',887.3,9.133,34.653
1,58,b'1902767 ',b'Argo INDIA                                                      ',b'M Ravichandran                                                  ',2,b'A',01-04-2025 01:03,b'1',-42.16666667,59.06666667,b'1',b'GPS     ',912.6,8.867,34.628
1,59,b'1902767 ',b'Argo INDIA                                                      ',b'M Ravichandran                                                  ',2,b'A',01-04-2025 01:03,b'1',-42.16666667,59.06666667,b'1',b'GPS     ',937.9,8.571,34.601
1,60,b'1902767 ',b'Argo INDIA                                                      ',b'M Ravichandran                                                  ',2,b'A',01-04-2025 01:03,b'1',-42.16666667,59.06666667,b'1',b'GPS     ',962.9,8.258,34.573
1,61,b'1902767 ',b'Argo INDIA                                                      ',b'M Ravichandran                                                  ',2,b'A',01-04-2025 01:03,b'1',-42.16666667,59.06666667,b'1',b'GPS     ',987.6,7.864,34.534
1,62,b'1902767 ',b'Argo INDIA                                                      ',b'M Ravichandran                                                  ',2,b'A',01-04-2025 01:03,b'1',-42.16666667,59.06666667,b'1',b'GPS     ',1012.7,7.521,34.506
1,63,b'1902767 ',b'Argo INDIA                                                      ',b'M Ravichandran                                                  ',2,b'A',01-04-2025 01:03,b'1',-42.16666667,59.06666667,b'1',b'GPS     ',1038,7.171,34.478
1,64,b'1902767 ',b'Argo INDIA                                                      ',b'M Ravichandran                                                  ',2,b'A',01-04-2025 01:03,b'1',-42.16666667,59.06666667,b'1',b'GPS     ',1063.3,6.781,34.447
1,65,b'1902767 ',b'Argo INDIA                                                      ',b'M Ravichandran                                                  ',2,b'A',01-04-2025 01:03,b'1',-42.16666667,59.06666667,b'1',b'GPS     ',1088.2,6.468,34.422
1,66,b'1902767 ',b'Argo INDIA                                                      ',b'M Ravichandran                                                  ',2,b'A',01-04-2025 01:03,b'1',-42.16666667,59.06666667,b'1',b'GPS     ',1113.2,6.178,34.396
1,67,b'1902767 ',b'Argo INDIA                                                      ',b'M Ravichandran                                                  ',2,b'A',01-04-2025 01:03,b'1',-42.16666667,59.06666667,b'1',b'GPS     ',1138.3,5.898,34.374
1,68,b'1902767 ',b'Argo INDIA                                                      ',b'M Ravichandran                                                  ',2,b'A',01-04-2025 01:03,b'1',-42.16666667,59.06666667,b'1',b'GPS     ',1163.3,5.684,34.355
1,69,b'1902767 ',b'Argo INDIA                                                      ',b'M Ravichandran                                                  ',2,b'A',01-04-2025 01:03,b'1',-42.16666667,59.06666667,b'1',b'GPS     ',1188.1,5.539,34.366
1,70,b'1902767 ',b'Argo INDIA                                                      ',b'M Ravichandran                                                  ',2,b'A',01-04-2025 01:03,b'1',-42.16666667,59.06666667,b'1',b'GPS     ',1213.1,5.362,34.359
1,71,b'1902767 ',b'Argo INDIA                                                      ',b'M Ravichandran                                                  ',2,b'A',01-04-2025 01:03,b'1',-42.16666667,59.06666667,b'1',b'GPS     ',1237.9,5.188,34.351
1,72,b'1902767 ',b'Argo INDIA                                                      ',b'M Ravichandran                                                  ',2,b'A',01-04-2025 01:03,b'1',-42.16666667,59.06666667,b'1',b'GPS     ',1262.8,4.98,34.347
1,73,b'1902767 ',b'Argo INDIA                                                      ',b'M Ravichandran                                                  ',2,b'A',01-04-2025 01:03,b'1',-42.16666667,59.06666667,b'1',b'GPS     ',1287.7,4.711,34.342
1,74,b'1902767 ',b'Argo INDIA                                                      ',b'M Ravichandran                                                  ',2,b'A',01-04-2025 01:03,b'1',-42.16666667,59.06666667,b'1',b'GPS     ',1313.6,4.609,34.356
1,75,b'1902767 ',b'Argo INDIA                                                      ',b'M Ravichandran                                                  ',2,b'A',01-04-2025 01:03,b'1',-42.16666667,59.06666667,b'1',b'GPS     ',1337.4,4.449,34.356
1,76,b'1902767 ',b'Argo INDIA                                                      ',b'M Ravichandran                                                  ',2,b'A',01-04-2025 01:03,b'1',-42.16666667,59.06666667,b'1',b'GPS     ',1362.4,4.314,34.368
1,77,b'1902767 ',b'Argo INDIA                                                      ',b'M Ravichandran                                                  ',2,b'A',01-04-2025 01:03,b'1',-42.16666667,59.06666667,b'1',b'GPS     ',1387.8,4.191,34.377
1,78,b'1902767 ',b'Argo INDIA                                                      ',b'M Ravichandran                                                  ',2,b'A',01-04-2025 01:03,b'1',-42.16666667,59.06666667,b'1',b'GPS     ',1412.7,4.074,34.387
1,79,b'1902767 ',b'Argo INDIA                                                      ',b'M Ravichandran                                                  ',2,b'A',01-04-2025 01:03,b'1',-42.16666667,59.06666667,b'1',b'GPS     ',1437.9,3.979,34.395
1,80,b'1902767 ',b'Argo INDIA                                                      ',b'M Ravichandran                                                  ',2,b'A',01-04-2025 01:03,b'1',-42.16666667,59.06666667,b'1',b'GPS     ',1463,3.934,34.404
1,81,b'1902767 ',b'Argo INDIA                                                      ',b'M Ravichandran                                                  ',2,b'A',01-04-2025 01:03,b'1',-42.16666667,59.06666667,b'1',b'GPS     ',1487.6,3.842,34.412
1,82,b'1902767 ',b'Argo INDIA                                                      ',b'M Ravichandran                                                  ',2,b'A',01-04-2025 01:03,b'1',-42.16666667,59.06666667,b'1',b'GPS     ',1512.7,3.757,34.417
1,83,b'1902767 ',b'Argo INDIA                                                      ',b'M Ravichandran                                                  ',2,b'A',01-04-2025 01:03,b'1',-42.16666667,59.06666667,b'1',b'GPS     ',1537.7,3.688,34.424
1,84,b'1902767 ',b'Argo INDIA                                                      ',b'M Ravichandran                                                  ',2,b'A',01-04-2025 01:03,b'1',-42.16666667,59.06666667,b'1',b'GPS     ',1563.1,3.608,34.434
1,85,b'1902767 ',b'Argo INDIA                                                      ',b'M Ravichandran                                                  ',2,b'A',01-04-2025 01:03,b'1',-42.16666667,59.06666667,b'1',b'GPS     ',1588.4,3.518,34.444
1,86,b'1902767 ',b'Argo INDIA                                                      ',b'M Ravichandran                                                  ',2,b'A',01-04-2025 01:03,b'1',-42.16666667,59.06666667,b'1',b'GPS     ',1613,3.448,34.457
1,87,b'1902767 ',b'Argo INDIA                                                      ',b'M Ravichandran                                                  ',2,b'A',01-04-2025 01:03,b'1',-42.16666667,59.06666667,b'1',b'GPS     ',1638,3.385,34.464
1,88,b'1902767 ',b'Argo INDIA                                                      ',b'M Ravichandran                                                  ',2,b'A',01-04-2025 01:03,b'1',-42.16666667,59.06666667,b'1',b'GPS     ',1663.3,3.336,34.482
1,89,b'1902767 ',b'Argo INDIA                                                      ',b'M Ravichandran                                                  ',2,b'A',01-04-2025 01:03,b'1',-42.16666667,59.06666667,b'1',b'GPS     ',1688.5,3.277,34.503
1,90,b'1902767 ',b'Argo INDIA                                                      ',b'M Ravichandran                                                  ',2,b'A',01-04-2025 01:03,b'1',-42.16666667,59.06666667,b'1',b'GPS     ',1712.9,3.181,34.514
1,91,b'1902767 ',b'Argo INDIA                                                      ',b'M Ravichandran                                                  ',2,b'A',01-04-2025 01:03,b'1',-42.16666667,59.06666667,b'1',b'GPS     ',1738.3,3.088,34.52
1,92,b'1902767 ',b'Argo INDIA                                                      ',b'M Ravichandran                                                  ',2,b'A',01-04-2025 01:03,b'1',-42.16666667,59.06666667,b'1',b'GPS     ',1762.4,3.069,34.531
1,93,b'1902767 ',b'Argo INDIA                                                      ',b'M Ravichandran                                                  ',2,b'A',01-04-2025 01:03,b'1',-42.16666667,59.06666667,b'1',b'GPS     ',1788.1,3.064,34.548
1,94,b'1902767 ',b'Argo INDIA                                                      ',b'M Ravichandran                                                  ',2,b'A',01-04-2025 01:03,b'1',-42.16666667,59.06666667,b'1',b'GPS     ',1813,3.01,34.556
1,95,b'1902767 ',b'Argo INDIA                                                      ',b'M Ravichandran                                                  ',2,b'A',01-04-2025 01:03,b'1',-42.16666667,59.06666667,b'1',b'GPS     ',1837.7,2.973,34.564
1,96,b'1902767 ',b'Argo INDIA                                                      ',b'M Ravichandran                                                  ',2,b'A',01-04-2025 01:03,b'1',-42.16666667,59.06666667,b'1',b'GPS     ',1862.5,2.943,34.573
1,97,b'1902767 ',b'Argo INDIA                                                      ',b'M Ravichandran                                                  ',2,b'A',01-04-2025 01:03,b'1',-42.16666667,59.06666667,b'1',b'GPS     ',1887.3,2.912,34.581
1,98,b'1902767 ',b'Argo INDIA                                                      ',b'M Ravichandran                                                  ',2,b'A',01-04-2025 01:03,b'1',-42.16666667,59.06666667,b'1',b'GPS     ',1912.5,2.9,34.586
1,99,b'1902767 ',b'Argo INDIA                                                      ',b'M Ravichandran                                                  ',2,b'A',01-04-2025 01:03,b'1',-42.16666667,59.06666667,b'1',b'GPS     ',1937.7,2.898,34.591
1,100,b'1902767 ',b'Argo INDIA                                                      ',b'M Ravichandran                                                  ',2,b'A',01-04-2025 01:03,b'1',-42.16666667,59.06666667,b'1',b'GPS     ',1963,2.882,34.6
1,101,b'1902767 ',b'Argo INDIA                                                      ',b'M Ravichandran                                                  ',2,b'A',01-04-2025 01:03,b'1',-42.16666667,59.06666667,b'1',b'GPS     ',1988.5,2.846,34.608
1,102,b'1902767 ',b'Argo INDIA                                                      ',b'M Ravichandran                                                  ',2,b'A',01-04-2025 01:03,b'1',-42.16666667,59.06666667,b'1',b'GPS     ',2008.1,2.794,34.613
1,103,b'1902767 ',b'Argo INDIA                                                      ',b'M Ravichandran                                                  ',2,b'A',01-04-2025 01:03,b'1',-42.16666667,59.06666667,b'1',b'GPS     ',,,
2,0,b'1902767 ',b'Argo INDIA                                                      ',b'M Ravichandran                                                  ',3,b'A',10-04-2025 20:01,b'1',-42.63333333,58.76666667,b'1',b'GPS     ',0.4,16.985,35.509
2,1,b'1902767 ',b'Argo INDIA                                                      ',b'M Ravichandran                                                  ',3,b'A',10-04-2025 20:01,b'1',-42.63333333,58.76666667,b'1',b'GPS     ',1,16.989,35.507
2,2,b'1902767 ',b'Argo INDIA                                                      ',b'M Ravichandran                                                  ',3,b'A',10-04-2025 20:01,b'1',-42.63333333,58.76666667,b'1',b'GPS     ',2,16.993,35.505
2,3,b'1902767 ',b'Argo INDIA                                                      ',b'M Ravichandran                                                  ',3,b'A',10-04-2025 20:01,b'1',-42.63333333,58.76666667,b'1',b'GPS     ',2.8,16.993,35.505
2,4,b'1902767 ',b'Argo INDIA                                                      ',b'M Ravichandran                                                  ',3,b'A',10-04-2025 20:01,b'1',-42.63333333,58.76666667,b'1',b'GPS     ',3.9,16.993,35.505
2,5,b'1902767 ',b'Argo INDIA                                                      ',b'M Ravichandran                                                  ',3,b'A',10-04-2025 20:01,b'1',-42.63333333,58.76666667,b'1',b'GPS     ',4.8,16.993,35.505
2,6,b'1902767 ',b'Argo INDIA                                                      ',b'M Ravichandran                                                  ',3,b'A',10-04-2025 20:01,b'1',-42.63333333,58.76666667,b'1',b'GPS     ',5.9,16.994,35.505
2,7,b'1902767 ',b'Argo INDIA                                                      ',b'M Ravichandran                                                  ',3,b'A',10-04-2025 20:01,b'1',-42.63333333,58.76666667,b'1',b'GPS     ',6.9,16.994,35.505
2,8,b'1902767 ',b'Argo INDIA                                                      ',b'M Ravichandran                                                  ',3,b'A',10-04-2025 20:01,b'1',-42.63333333,58.76666667,b'1',b'GPS     ',8,16.994,35.505
2,9,b'1902767 ',b'Argo INDIA                                                      ',b'M Ravichandran                                                  ',3,b'A',10-04-2025 20:01,b'1',-42.63333333,58.76666667,b'1',b'GPS     ',9,16.994,35.505
2,10,b'1902767 ',b'Argo INDIA                                                      ',b'M Ravichandran                                                  ',3,b'A',10-04-2025 20:01,b'1',-42.63333333,58.76666667,b'1',b'GPS     ',10.2,16.994,35.505
2,11,b'1902767 ',b'Argo INDIA                                                      ',b'M Ravichandran                                                  ',3,b'A',10-04-2025 20:01,b'1',-42.63333333,58.76666667,b'1',b'GPS     ',15.2,16.995,35.505
2,12,b'1902767 ',b'Argo INDIA                                                      ',b'M Ravichandran                                                  ',3,b'A',10-04-2025 20:01,b'1',-42.63333333,58.76666667,b'1',b'GPS     ',25.4,16.993,35.505
2,13,b'1902767 ',b'Argo INDIA                                                      ',b'M Ravichandran                                                  ',3,b'A',10-04-2025 20:01,b'1',-42.63333333,58.76666667,b'1',b'GPS     ',35.5,16.995,35.505
2,14,b'1902767 ',b'Argo INDIA                                                      ',b'M Ravichandran                                                  ',3,b'A',10-04-2025 20:01,b'1',-42.63333333,58.76666667,b'1',b'GPS     ',45.4,16.993,35.505
2,15,b'1902767 ',b'Argo INDIA                                                      ',b'M Ravichandran                                                  ',3,b'A',10-04-2025 20:01,b'1',-42.63333333,58.76666667,b'1',b'GPS     ',55.4,16.957,35.5
2,16,b'1902767 ',b'Argo INDIA                                                      ',b'M Ravichandran                                                  ',3,b'A',10-04-2025 20:01,b'1',-42.63333333,58.76666667,b'1',b'GPS     ',65.6,16.924,35.492
2,17,b'1902767 ',b'Argo INDIA                                                      ',b'M Ravichandran                                                  ',3,b'A',10-04-2025 20:01,b'1',-42.63333333,58.76666667,b'1',b'GPS     ',75.5,16.875,35.483
2,18,b'1902767 ',b'Argo INDIA                                                      ',b'M Ravichandran                                                  ',3,b'A',10-04-2025 20:01,b'1',-42.63333333,58.76666667,b'1',b'GPS     ',85.3,16.86,35.482
2,19,b'1902767 ',b'Argo INDIA                                                      ',b'M Ravichandran                                                  ',3,b'A',10-04-2025 20:01,b'1',-42.63333333,58.76666667,b'1',b'GPS     ',95.6,16.855,35.484
2,20,b'1902767 ',b'Argo INDIA                                                      ',b'M Ravichandran                                                  ',3,b'A',10-04-2025 20:01,b'1',-42.63333333,58.76666667,b'1',b'GPS     ',105.6,16.869,35.492
2,21,b'1902767 ',b'Argo INDIA                                                      ',b'M Ravichandran                                                  ',3,b'A',10-04-2025 20:01,b'1',-42.63333333,58.76666667,b'1',b'GPS     ',115.4,16.865,35.498
2,22,b'1902767 ',b'Argo INDIA                                                      ',b'M Ravichandran                                                  ',3,b'A',10-04-2025 20:01,b'1',-42.63333333,58.76666667,b'1',b'GPS     ',125.6,16.859,35.505
2,23,b'1902767 ',b'Argo INDIA                                                      ',b'M Ravichandran                                                  ',3,b'A',10-04-2025 20:01,b'1',-42.63333333,58.76666667,b'1',b'GPS     ',135.7,16.663,35.492
2,24,b'1902767 ',b'Argo INDIA                                                      ',b'M Ravichandran                                                  ',3,b'A',10-04-2025 20:01,b'1',-42.63333333,58.76666667,b'1',b'GPS     ',145.6,16.174,35.453
2,25,b'1902767 ',b'Argo INDIA                                                      ',b'M Ravichandran                                                  ',3,b'A',10-04-2025 20:01,b'1',-42.63333333,58.76666667,b'1',b'GPS     ',155.4,15.872,35.441
2,26,b'1902767 ',b'Argo INDIA                                                      ',b'M Ravichandran                                                  ',3,b'A',10-04-2025 20:01,b'1',-42.63333333,58.76666667,b'1',b'GPS     ',165.6,15.709,35.44
2,27,b'1902767 ',b'Argo INDIA                                                      ',b'M Ravichandran                                                  ',3,b'A',10-04-2025 20:01,b'1',-42.63333333,58.76666667,b'1',b'GPS     ',175.4,15.483,35.421
2,28,b'1902767 ',b'Argo INDIA                                                      ',b'M Ravichandran                                                  ',3,b'A',10-04-2025 20:01,b'1',-42.63333333,58.76666667,b'1',b'GPS     ',185.4,15.277,35.404
2,29,b'1902767 ',b'Argo INDIA                                                      ',b'M Ravichandran                                                  ',3,b'A',10-04-2025 20:01,b'1',-42.63333333,58.76666667,b'1',b'GPS     ',195.4,15.196,35.406
2,30,b'1902767 ',b'Argo INDIA                                                      ',b'M Ravichandran                                                  ',3,b'A',10-04-2025 20:01,b'1',-42.63333333,58.76666667,b'1',b'GPS     ',212.7,14.946,35.387
2,31,b'1902767 ',b'Argo INDIA                                                      ',b'M Ravichandran                                                  ',3,b'A',10-04-2025 20:01,b'1',-42.63333333,58.76666667,b'1',b'GPS     ',237.6,14.652,35.375
2,32,b'1902767 ',b'Argo INDIA                                                      ',b'M Ravichandran                                                  ',3,b'A',10-04-2025 20:01,b'1',-42.63333333,58.76666667,b'1',b'GPS     ',262.7,14.394,35.367
2,33,b'1902767 ',b'Argo INDIA                                                      ',b'M Ravichandran                                                  ',3,b'A',10-04-2025 20:01,b'1',-42.63333333,58.76666667,b'1',b'GPS     ',287.9,14.23,35.368
2,34,b'1902767 ',b'Argo INDIA                                                      ',b'M Ravichandran                                                  ',3,b'A',10-04-2025 20:01,b'1',-42.63333333,58.76666667,b'1',b'GPS     ',313.2,14.092,35.359
2,35,b'1902767 ',b'Argo INDIA                                                      ',b'M Ravichandran                                                  ',3,b'A',10-04-2025 20:01,b'1',-42.63333333,58.76666667,b'1',b'GPS     ',337.7,13.938,35.341
2,36,b'1902767 ',b'Argo INDIA                                                      ',b'M Ravichandran                                                  ',3,b'A',10-04-2025 20:01,b'1',-42.63333333,58.76666667,b'1',b'GPS     ',362.8,13.784,35.32
2,37,b'1902767 ',b'Argo INDIA                                                      ',b'M Ravichandran                                                  ',3,b'A',10-04-2025 20:01,b'1',-42.63333333,58.76666667,b'1',b'GPS     ',388.1,13.643,35.3
2,38,b'1902767 ',b'Argo INDIA                                                      ',b'M Ravichandran                                                  ',3,b'A',10-04-2025 20:01,b'1',-42.63333333,58.76666667,b'1',b'GPS     ',413.2,13.499,35.279
2,39,b'1902767 ',b'Argo INDIA                                                      ',b'M Ravichandran                                                  ',3,b'A',10-04-2025 20:01,b'1',-42.63333333,58.76666667,b'1',b'GPS     ',437.9,13.366,35.256
2,40,b'1902767 ',b'Argo INDIA                                                      ',b'M Ravichandran                                                  ',3,b'A',10-04-2025 20:01,b'1',-42.63333333,58.76666667,b'1',b'GPS     ',462.8,13.264,35.242
2,41,b'1902767 ',b'Argo INDIA                                                      ',b'M Ravichandran                                                  ',3,b'A',10-04-2025 20:01,b'1',-42.63333333,58.76666667,b'1',b'GPS     ',488,13.084,35.21
2,42,b'1902767 ',b'Argo INDIA                                                      ',b'M Ravichandran                                                  ',3,b'A',10-04-2025 20:01,b'1',-42.63333333,58.76666667,b'1',b'GPS     ',512.9,12.895,35.178
2,43,b'1902767 ',b'Argo INDIA                                                      ',b'M Ravichandran                                                  ',3,b'A',10-04-2025 20:01,b'1',-42.63333333,58.76666667,b'1',b'GPS     ',538.3,12.641,35.136
2,44,b'1902767 ',b'Argo INDIA                                                      ',b'M Ravichandran                                                  ',3,b'A',10-04-2025 20:01,b'1',-42.63333333,58.76666667,b'1',b'GPS     ',563,12.466,35.108
2,45,b'1902767 ',b'Argo INDIA                                                      ',b'M Ravichandran                                                  ',3,b'A',10-04-2025 20:01,b'1',-42.63333333,58.76666667,b'1',b'GPS     ',587.9,12.272,35.078
2,46,b'1902767 ',b'Argo INDIA                                                      ',b'M Ravichandran                                                  ',3,b'A',10-04-2025 20:01,b'1',-42.63333333,58.76666667,b'1',b'GPS     ',613,12.069,35.047
2,47,b'1902767 ',b'Argo INDIA                                                      ',b'M Ravichandran                                                  ',3,b'A',10-04-2025 20:01,b'1',-42.63333333,58.76666667,b'1',b'GPS     ',637.8,11.832,35.011
2,48,b'1902767 ',b'Argo INDIA                                                      ',b'M Ravichandran                                                  ',3,b'A',10-04-2025 20:01,b'1',-42.63333333,58.76666667,b'1',b'GPS     ',663.1,11.619,34.979
2,49,b'1902767 ',b'Argo INDIA                                                      ',b'M Ravichandran                                                  ',3,b'A',10-04-2025 20:01,b'1',-42.63333333,58.76666667,b'1',b'GPS     ',687.9,11.273,34.928
2,50,b'1902767 ',b'Argo INDIA                                                      ',b'M Ravichandran                                                  ',3,b'A',10-04-2025 20:01,b'1',-42.63333333,58.76666667,b'1',b'GPS     ',713,11.045,34.899
2,51,b'1902767 ',b'Argo INDIA                                                      ',b'M Ravichandran                                                  ',3,b'A',10-04-2025 20:01,b'1',-42.63333333,58.76666667,b'1',b'GPS     ',738.3,10.779,34.862
2,52,b'1902767 ',b'Argo INDIA                                                      ',b'M Ravichandran                                                  ',3,b'A',10-04-2025 20:01,b'1',-42.63333333,58.76666667,b'1',b'GPS     ',763.1,10.443,34.814
2,53,b'1902767 ',b'Argo INDIA                                                      ',b'M Ravichandran                                                  ',3,b'A',10-04-2025 20:01,b'1',-42.63333333,58.76666667,b'1',b'GPS     ',788.3,10.082,34.767
2,54,b'1902767 ',b'Argo INDIA                                                      ',b'M Ravichandran                                                  ',3,b'A',10-04-2025 20:01,b'1',-42.63333333,58.76666667,b'1',b'GPS     ',813.3,9.808,34.734
2,55,b'1902767 ',b'Argo INDIA                                                      ',b'M Ravichandran                                                  ',3,b'A',10-04-2025 20:01,b'1',-42.63333333,58.76666667,b'1',b'GPS     ',837.7,9.429,34.686
2,56,b'1902767 ',b'Argo INDIA                                                      ',b'M Ravichandran                                                  ',3,b'A',10-04-2025 20:01,b'1',-42.63333333,58.76666667,b'1',b'GPS     ',862.5,9.188,34.661
2,57,b'1902767 ',b'Argo INDIA                                                      ',b'M Ravichandran                                                  ',3,b'A',10-04-2025 20:01,b'1',-42.63333333,58.76666667,b'1',b'GPS     ',887.8,8.914,34.634
2,58,b'1902767 ',b'Argo INDIA                                                      ',b'M Ravichandran                                                  ',3,b'A',10-04-2025 20:01,b'1',-42.63333333,58.76666667,b'1',b'GPS     ',913,8.54,34.597
2,59,b'1902767 ',b'Argo INDIA                                                      ',b'M Ravichandran                                                  ',3,b'A',10-04-2025 20:01,b'1',-42.63333333,58.76666667,b'1',b'GPS     ',937.7,8.198,34.564
2,60,b'1902767 ',b'Argo INDIA                                                      ',b'M Ravichandran                                                  ',3,b'A',10-04-2025 20:01,b'1',-42.63333333,58.76666667,b'1',b'GPS     ',962.6,7.83,34.529
2,61,b'1902767 ',b'Argo INDIA                                                      ',b'M Ravichandran                                                  ',3,b'A',10-04-2025 20:01,b'1',-42.63333333,58.76666667,b'1',b'GPS     ',987.5,7.512,34.5
2,62,b'1902767 ',b'Argo INDIA                                                      ',b'M Ravichandran                                                  ',3,b'A',10-04-2025 20:01,b'1',-42.63333333,58.76666667,b'1',b'GPS     ',1013,7.212,34.479
2,63,b'1902767 ',b'Argo INDIA                                                      ',b'M Ravichandran                                                  ',3,b'A',10-04-2025 20:01,b'1',-42.63333333,58.76666667,b'1',b'GPS     ',1038.3,6.872,34.452
2,64,b'1902767 ',b'Argo INDIA                                                      ',b'M Ravichandran                                                  ',3,b'A',10-04-2025 20:01,b'1',-42.63333333,58.76666667,b'1',b'GPS     ',1062.9,6.488,34.421
2,65,b'1902767 ',b'Argo INDIA                                                      ',b'M Ravichandran                                                  ',3,b'A',10-04-2025 20:01,b'1',-42.63333333,58.76666667,b'1',b'GPS     ',1087.7,6.219,34.403
2,66,b'1902767 ',b'Argo INDIA                                                      ',b'M Ravichandran                                                  ',3,b'A',10-04-2025 20:01,b'1',-42.63333333,58.76666667,b'1',b'GPS     ',1113.8,5.83,34.375
2,67,b'1902767 ',b'Argo INDIA                                                      ',b'M Ravichandran                                                  ',3,b'A',10-04-2025 20:01,b'1',-42.63333333,58.76666667,b'1',b'GPS     ',1137.9,5.661,34.37
2,68,b'1902767 ',b'Argo INDIA                                                      ',b'M Ravichandran                                                  ',3,b'A',10-04-2025 20:01,b'1',-42.63333333,58.76666667,b'1',b'GPS     ',1162.9,5.475,34.362
2,69,b'1902767 ',b'Argo INDIA                                                      ',b'M Ravichandran                                                  ',3,b'A',10-04-2025 20:01,b'1',-42.63333333,58.76666667,b'1',b'GPS     ',1187.7,5.308,34.355
2,70,b'1902767 ',b'Argo INDIA                                                      ',b'M Ravichandran                                                  ',3,b'A',10-04-2025 20:01,b'1',-42.63333333,58.76666667,b'1',b'GPS     ',1212.6,5.162,34.353
2,71,b'1902767 ',b'Argo INDIA                                                      ',b'M Ravichandran                                                  ',3,b'A',10-04-2025 20:01,b'1',-42.63333333,58.76666667,b'1',b'GPS     ',1238,5,34.347
2,72,b'1902767 ',b'Argo INDIA                                                      ',b'M Ravichandran                                                  ',3,b'A',10-04-2025 20:01,b'1',-42.63333333,58.76666667,b'1',b'GPS     ',1262.8,4.859,34.349
2,73,b'1902767 ',b'Argo INDIA                                                      ',b'M Ravichandran                                                  ',3,b'A',10-04-2025 20:01,b'1',-42.63333333,58.76666667,b'1',b'GPS     ',1287.9,4.685,34.352
2,74,b'1902767 ',b'Argo INDIA                                                      ',b'M Ravichandran                                                  ',3,b'A',10-04-2025 20:01,b'1',-42.63333333,58.76666667,b'1',b'GPS     ',1312.7,4.541,34.358
2,75,b'1902767 ',b'Argo INDIA                                                      ',b'M Ravichandran                                                  ',3,b'A',10-04-2025 20:01,b'1',-42.63333333,58.76666667,b'1',b'GPS     ',1337.5,4.43,34.367
2,76,b'1902767 ',b'Argo INDIA                                                      ',b'M Ravichandran                                                  ',3,b'A',10-04-2025 20:01,b'1',-42.63333333,58.76666667,b'1',b'GPS     ',1363.2,4.296,34.374
2,77,b'1902767 ',b'Argo INDIA                                                      ',b'M Ravichandran                                                  ',3,b'A',10-04-2025 20:01,b'1',-42.63333333,58.76666667,b'1',b'GPS     ',1387.8,4.187,34.379
2,78,b'1902767 ',b'Argo INDIA                                                      ',b'M Ravichandran                                                  ',3,b'A',10-04-2025 20:01,b'1',-42.63333333,58.76666667,b'1',b'GPS     ',1412.8,4.048,34.386
2,79,b'1902767 ',b'Argo INDIA                                                      ',b'M Ravichandran                                                  ',3,b'A',10-04-2025 20:01,b'1',-42.63333333,58.76666667,b'1',b'GPS     ',1437.7,3.974,34.393
2,80,b'1902767 ',b'Argo INDIA                                                      ',b'M Ravichandran                                                  ',3,b'A',10-04-2025 20:01,b'1',-42.63333333,58.76666667,b'1',b'GPS     ',1463.1,3.893,34.403
2,81,b'1902767 ',b'Argo INDIA                                                      ',b'M Ravichandran                                                  ',3,b'A',10-04-2025 20:01,b'1',-42.63333333,58.76666667,b'1',b'GPS     ',1487.7,3.823,34.413
2,82,b'1902767 ',b'Argo INDIA                                                      ',b'M Ravichandran                                                  ',3,b'A',10-04-2025 20:01,b'1',-42.63333333,58.76666667,b'1',b'GPS     ',1512.6,3.728,34.423
2,83,b'1902767 ',b'Argo INDIA                                                      ',b'M Ravichandran                                                  ',3,b'A',10-04-2025 20:01,b'1',-42.63333333,58.76666667,b'1',b'GPS     ',1537.7,3.652,34.433
2,84,b'1902767 ',b'Argo INDIA                                                      ',b'M Ravichandran                                                  ',3,b'A',10-04-2025 20:01,b'1',-42.63333333,58.76666667,b'1',b'GPS     ',1562.6,3.579,34.442
2,85,b'1902767 ',b'Argo INDIA                                                      ',b'M Ravichandran                                                  ',3,b'A',10-04-2025 20:01,b'1',-42.63333333,58.76666667,b'1',b'GPS     ',1587.7,3.525,34.452
2,86,b'1902767 ',b'Argo INDIA                                                      ',b'M Ravichandran                                                  ',3,b'A',10-04-2025 20:01,b'1',-42.63333333,58.76666667,b'1',b'GPS     ',1613.5,3.447,34.464
2,87,b'1902767 ',b'Argo INDIA                                                      ',b'M Ravichandran                                                  ',3,b'A',10-04-2025 20:01,b'1',-42.63333333,58.76666667,b'1',b'GPS     ',1638,3.391,34.478
2,88,b'1902767 ',b'Argo INDIA                                                      ',b'M Ravichandran                                                  ',3,b'A',10-04-2025 20:01,b'1',-42.63333333,58.76666667,b'1',b'GPS     ',1662.9,3.339,34.493
2,89,b'1902767 ',b'Argo INDIA                                                      ',b'M Ravichandran                                                  ',3,b'A',10-04-2025 20:01,b'1',-42.63333333,58.76666667,b'1',b'GPS     ',1688.1,3.278,34.503
2,90,b'1902767 ',b'Argo INDIA                                                      ',b'M Ravichandran                                                  ',3,b'A',10-04-2025 20:01,b'1',-42.63333333,58.76666667,b'1',b'GPS     ',1713.2,3.231,34.51
2,91,b'1902767 ',b'Argo INDIA                                                      ',b'M Ravichandran                                                  ',3,b'A',10-04-2025 20:01,b'1',-42.63333333,58.76666667,b'1',b'GPS     ',1737.8,3.223,34.527
2,92,b'1902767 ',b'Argo INDIA                                                      ',b'M Ravichandran                                                  ',3,b'A',10-04-2025 20:01,b'1',-42.63333333,58.76666667,b'1',b'GPS     ',1762.8,3.204,34.538
2,93,b'1902767 ',b'Argo INDIA                                                      ',b'M Ravichandran                                                  ',3,b'A',10-04-2025 20:01,b'1',-42.63333333,58.76666667,b'1',b'GPS     ',1788,3.146,34.542
2,94,b'1902767 ',b'Argo INDIA                                                      ',b'M Ravichandran                                                  ',3,b'A',10-04-2025 20:01,b'1',-42.63333333,58.76666667,b'1',b'GPS     ',1813,3.075,34.546
2,95,b'1902767 ',b'Argo INDIA                                                      ',b'M Ravichandran                                                  ',3,b'A',10-04-2025 20:01,b'1',-42.63333333,58.76666667,b'1',b'GPS     ',1838.2,3.004,34.551
2,96,b'1902767 ',b'Argo INDIA                                                      ',b'M Ravichandran                                                  ',3,b'A',10-04-2025 20:01,b'1',-42.63333333,58.76666667,b'1',b'GPS     ',1863.4,2.953,34.565
2,97,b'1902767 ',b'Argo INDIA                                                      ',b'M Ravichandran                                                  ',3,b'A',10-04-2025 20:01,b'1',-42.63333333,58.76666667,b'1',b'GPS     ',1888.3,2.925,34.575
2,98,b'1902767 ',b'Argo INDIA                                                      ',b'M Ravichandran                                                  ',3,b'A',10-04-2025 20:01,b'1',-42.63333333,58.76666667,b'1',b'GPS     ',1913,2.906,34.584
2,99,b'1902767 ',b'Argo INDIA                                                      ',b'M Ravichandran                                                  ',3,b'A',10-04-2025 20:01,b'1',-42.63333333,58.76666667,b'1',b'GPS     ',1938,2.873,34.589
2,100,b'1902767 ',b'Argo INDIA                                                      ',b'M Ravichandran                                                  ',3,b'A',10-04-2025 20:01,b'1',-42.63333333,58.76666667,b'1',b'GPS     ',1963.7,2.825,34.594
2,101,b'1902767 ',b'Argo INDIA                                                      ',b'M Ravichandran                                                  ',3,b'A',10-04-2025 20:01,b'1',-42.63333333,58.76666667,b'1',b'GPS     ',1985.2,2.796,34.604
2,102,b'1902767 ',b'Argo INDIA                                                      ',b'M Ravichandran                                                  ',3,b'A',10-04-2025 20:01,b'1',-42.63333333,58.76666667,b'1',b'GPS     ',,,
2,103,b'1902767 ',b'Argo INDIA                                                      ',b'M Ravichandran                                                  ',3,b'A',10-04-2025 20:01,b'1',-42.63333333,58.76666667,b'1',b'GPS     ',,,
3,0,b'1902767 ',b'Argo INDIA                                                      ',b'M Ravichandran                                                  ',4,b'A',20-04-2025 15:03,b'1',-43.53333333,61.61666667,b'1',b'GPS     ',0.4,16.395,35.515
3,1,b'1902767 ',b'Argo INDIA                                                      ',b'M Ravichandran                                                  ',4,b'A',20-04-2025 15:03,b'1',-43.53333333,61.61666667,b'1',b'GPS     ',1,16.399,35.513
3,2,b'1902767 ',b'Argo INDIA                                                      ',b'M Ravichandran                                                  ',4,b'A',20-04-2025 15:03,b'1',-43.53333333,61.61666667,b'1',b'GPS     ',2.1,16.402,35.514
3,3,b'1902767 ',b'Argo INDIA                                                      ',b'M Ravichandran                                                  ',4,b'A',20-04-2025 15:03,b'1',-43.53333333,61.61666667,b'1',b'GPS     ',2.8,16.408,35.509
3,4,b'1902767 ',b'Argo INDIA                                                      ',b'M Ravichandran                                                  ',4,b'A',20-04-2025 15:03,b'1',-43.53333333,61.61666667,b'1',b'GPS     ',3.7,16.408,35.509
,,,,,,,,,,,,,,,
,,,,,,,,,,,,,,,
,,,,,,,,,,,,,,,
,,,,,,,,,,,,,,,
,,,,,,,,,,,,,,,
,,,,,,,,,,,,,,,
,,,,,,,,,,,,,,,
,,,,,,,,,,,,,,,
,,,,,,,,,,,,,,,
,,,,,,,,,,,,,,,
,,,,,,,,,,,,,,,
,,,,,,,,,,,,,,,
,,,,,,,,,,,,,,,
,,,,,,,,,,,,,,,
,,,,,,,,,,,,,,,
,,,,,,,,,,,,,,,
,,,,,,,,,,,,,,,
,,,,,,,,,,,,,,,
,,,,,,,,,,,,,,,
,,,,,,,,,,,,,,,
,,,,,,,,,,,,,,,
,,,,,,,,,,,,,,,
,,,,,,,,,,,,,,,
,,,,,,,,,,,,,,,
,,,,,,,,,,,,,,,
,,,,,,,,,,,,,,,
,,,,,,,,,,,,,,,
,,,,,,,,,,,,,,,
,,,,,,,,,,,,,,,
,,,,,,,,,,,,,,,
,,,,,,,,,,,,,,,
,,,,,,,,,,,,,,,
,,,,,,,,,,,,,,,
,,,,,,,,,,,,,,,
,,,,,,,,,,,,,,,
,,,,,,,,,,,,,,,
,,,,,,,,,,,,,,,
,,,,,,,,,,,,,,,
,,,,,,,,,,,,,,,
,,,,,,,,,,,,,,,
,,,,,,,,,,,,,,,
,,,,,,,,,,,,,,,
,,,,,,,,,,,,,,,
,,,,,,,,,,,,,,,
,,,,,,,,,,,,,,,
,,,,,,,,,,,,,,,
,,,,,,,,,,,,,,,
,,,,,,,,,,,,,,,
,,,,,,,,,,,,,,,
,,,,,,,,,,,,,,,
,,,,,,,,,,,,,,,
,,,,,,,,,,,,,,,
,,,,,,,,,,,,,,,
,,,,,,,,,,,,,,,
,,,,,,,,,,,,,,,
,,,,,,,,,,,,,,,
,,,,,,,,,,,,,,,
,,,,,,,,,,,,,,,
,,,,,,,,,,,,,,,
,,,,,,,,,,,,,,,
,,,,,,,,,,,,,,,
,,,,,,,,,,,,,,,
,,,,,,,,,,,,,,,
,,,,,,,,,,,,,,,
,,,,,,,,,,,,,,,
,,,,,,,,,,,,,,,
,,,,,,,,,,,,,,,
,,,,,,,,,,,,,,,
,,,,,,,,,,,,,,,
,,,,,,,,,,,,,,,
,,,,,,,,,,,,,,,
,,,,,,,,,,,,,,,
,,,,,,,,,,,,,,,
,,,,,,,,,,,,,,,
,,,,,,,,,,,,,,,
,,,,,,,,,,,,,,,
,,,,,,,,,,,,,,,
,,,,,,,,,,,,,,,
,,,,,,,,,,,,,,,
,,,,,,,,,,,,,,,
,,,,,,,,,,,,,,,
,,,,,,,,,,,,,,,
,,,,,,,,,,,,,,,
,,,,,,,,,,,,,,,
,,,,,,,,,,,,,,,
,,,,,,,,,,,,,,,
,,,,,,,,,,,,,,,
,,,,,,,,,,,,,,,
,,,,,,,,,,,,,,,
,,,,,,,,,,,,,,,
,,,,,,,,,,,,,,,
,,,,,,,,,,,,,,,
,,,,,,,,,,,,,,,
,,,,,,,,,,,,,,,
,,,,,,,,,,,,,,,
,,,,,,,,,,,,,,,
,,,,,,,,,,,,,,,
,,,,,,,,,,,,,,,
,,,,,,,,,,,,,,,
,,,,,,,,,,,,,,,
,,,,,,,,,,,,,,,
,,,,,,,,,,,,,,,
,,,,,,,,,,,,,,,
,,,,,,,,,,,,,,,
,,,,,,,,,,,,,,,
,,,,,,,,,,,,,,,
,,,,,,,,,,,,,,,
,,,,,,,,,,,,,,,
,,,,,,,,,,,,,,,
,,,,,,,,,,,,,,,
,,,,,,,,,,,,,,,
,,,,,,,,,,,,,,,
,,,,,,,,,,,,,,,
,,,,,,,,,,,,,,,
,,,,,,,,,,,,,,,
,,,,,,,,,,,,,,,
,,,,,,,,,,,,,,,
,,,,,,,,,,,,,,,
,,,,,,,,,,,,,,,
,,,,,,,,,,,,,,,
,,,,,,,,,,,,,,,
,,,,,,,,,,,,,,,
,,,,,,,,,,,,,,,
,,,,,,,,,,,,,,,
,,,,,,,,,,,,,,,
,,,,,,,,,,,,,,,
,,,,,,,,,,,,,,,
,,,,,,,,,,,,,,,
,,,,,,,,,,,,,,,
,,,,,,,,,,,,,,,
,,,,,,,,,,,,,,,
,,,,,,,,,,,,,,,
,,,,,,,,,,,,,,,
,,,,,,,,,,,,,,,
,,,,,,,,,,,,,,,
,,,,,,,,,,,,,,,
,,,,,,,,,,,,,,,
,,,,,,,,,,,,,,,
,,,,,,,,,,,,,,,
,,,,,,,,,,,,,,,
,,,,,,,,,,,,,,,
,,,,,,,,,,,,,,,
,,,,,,,,,,,,,,,
,,,,,,,,,,,,,,,
,,,,,,,,,,,,,,,
,,,,,,,,,,,,,,,
,,,,,,,,,,,,,,,
,,,,,,,,,,,,,,,
,,,,,,,,,,,,,,,
,,,,,,,,,,,,,,,
,,,,,,,,,,,,,,,
,,,,,,,,,,,,,,,
,,,,,,,,,,,,,,,
,,,,,,,,,,,,,,,
,,,,,,,,,,,,,,,
,,,,,,,,,,,,,,,
,,,,,,,,,,,,,,,
,,,,,,,,,,,,,,,
,,,,,,,,,,,,,,,
,,,,,,,,,,,,,,,
,,,,,,,,,,,,,,,
,,,,,,,,,,,,,,,
,,,,,,,,,,,,,,,
,,,,,,,,,,,,,,,
,,,,,,,,,,,,,,,
,,,,,,,,,,,,,,,
,,,,,,,,,,,,,,,
,,,,,,,,,,,,,,,
,,,,,,,,,,,,,,,
,,,,,,,,,,,,,,,
,,,,,,,,,,,,,,,
,,,,,,,,,,,,,,,
,,,,,,,,,,,,,,,
,,,,,,,,,,,,,,,
,,,,,,,,,,,,,,,
,,,,,,,,,,,,,,,
,,,,,,,,,,,,,,,
,,,,,,,,,,,,,,,
,,,,,,,,,,,,,,,
,,,,,,,,,,,,,,,
,,,,,,,,,,,,,,,
,,,,,,,,,,,,,,,
,,,,,,,,,,,,,,,
,,,,,,,,,,,,,,,
,,,,,,,,,,,,,,,
,,,,,,,,,,,,,,,
,,,,,,,,,,,,,,,
,,,,,,,,,,,,,,,
,,,,,,,,,,,,,,,
,,,,,,,,,,,,,,,
,,,,,,,,,,,,,,,
,,,,,,,,,,,,,,,
,,,,,,,,,,,,,,,
,,,,,,,,,,,,,,,
,,,,,,,,,,,,,,,
,,,,,,,,,,,,,,,
,,,,,,,,,,,,,,,
,,,,,,,,,,,,,,,
,,,,,,,,,,,,,,,
,,,,,,,,,,,,,,,
,,,,,,,,,,,,,,,
,,,,,,,,,,,,,,,
,,,,,,,,,,,,,,,
,,,,,,,,,,,,,,,
,,,,,,,,,,,,,,,
,,,,,,,,,,,,,,,
,,,,,,,,,,,,,,,
,,,,,,,,,,,,,,,
,,,,,,,,,,,,,,,
,,,,,,,,,,,,,,,
,,,,,,,,,,,,,,,
,,,,,,,,,,,,,,,
,,,,,,,,,,,,,,,
,,,,,,,,,,,,,,,
,,,,,,,,,,,,,,,
,,,,,,,,,,,,,,,
,,,,,,,,,,,,,,,
,,,,,,,,,,,,,,,
,,,,,,,,,,,,,,,
,,,,,,,,,,,,,,,
,,,,,,,,,,,,,,,
,,,,,,,,,,,,,,,
,,,,,,,,,,,,,,,
,,,,,,,,,,,,,,,
,,,,,,,,,,,,,,,
,,,,,,,,,,,,,,,
,,,,,,,,,,,,,,,
,,,,,,,,,,,,,,,
,,,,,,,,,,,,,,,
,,,,,,,,,,,,,,,
,,,,,,,,,,,,,,,
,,,,,,,,,,,,,,,
,,,,,,,,,,,,,,,
,,,,,,,,,,,,,,,
,,,,,,,,,,,,,,,
,,,,,,,,,,,,,,,
,,,,,,,,,,,,,,,
,,,,,,,,,,,,,,,
,,,,,,,,,,,,,,,
,,,,,,,,,,,,,,,
,,,,,,,,,,,,,,,
,,,,,,,,,,,,,,,
,,,,,,,,,,,,,,,
,,,,,,,,,,,,,,,
,,,,,,,,,,,,,,,
,,,,,,,,,,,,,,,
,,,,,,,,,,,,,,,
,,,,,,,,,,,,,,,
,,,,,,,,,,,,,,,
,,,,,,,,,,,,,,,
,,,,,,,,,,,,,,,
,,,,,,,,,,,,,,,
,,,,,,,,,,,,,,,
,,,,,,,,,,,,,,,
,,,,,,,,,,,,,,,
,,,,,,,,,,,,,,,
,,,,,,,,,,,,,,,
,,,,,,,,,,,,,,,
,,,,,,,,,,,,,,,
,,,,,,,,,,,,,,,
,,,,,,,,,,,,,,,
,,,,,,,,,,,,,,,
,,,,,,,,,,,,,,,
,,,,,,,,,,,,,,,
,,,,,,,,,,,,,,,
,,,,,,,,,,,,,,,
,,,,,,,,,,,,,,,
,,,,,,,,,,,,,,,
,,,,,,,,,,,,,,,
,,,,,,,,,,,,,,,
,,,,,,,,,,,,,,,
,,,,,,,,,,,,,,,
,,,,,,,,,,,,,,,
,,,,,,,,,,,,,,,
,,,,,,,,,,,,,,,
,,,,,,,,,,,,,,,
,,,,,,,,,,,,,,,
,,,,,,,,,,,,,,,
,,,,,,,,,,,,,,,
,,,,,,,,,,,,,,,
,,,,,,,,,,,,,,,
,,,,,,,,,,,,,,,
,,,,,,,,,,,,,,,
,,,,,,,,,,,,,,,
,,,,,,,,,,,,,,,
,,,,,,,,,,,,,,,
,,,,,,,,,,,,,,,
,,,,,,,,,,,,,,,
,,,,,,,,,,,,,,,
,,,,,,,,,,,,,,,
,,,,,,,,,,,,,,,
,,,,,,,,,,,,,,,
,,,,,,,,,,,,,,,
,,,,,,,,,,,,,,,
,,,,,,,,,,,,,,,
,,,,,,,,,,,,,,,
,,,,,,,,,,,,,,,
,,,,,,,,,,,,,,,
,,,,,,,,,,,,,,,
,,,,,,,,,,,,,,,
,,,,,,,,,,,,,,,
,,,,,,,,,,,,,,,
,,,,,,,,,,,,,,,
,,,,,,,,,,,,,,,
,,,,,,,,,,,,,,,
,,,,,,,,,,,,,,,
,,,,,,,,,,,,,,,
,,,,,,,,,,,,,,,
,,,,,,,,,,,,,,,
,,,,,,,,,,,,,,,
,,,,,,,,,,,,,,,
,,,,,,,,,,,,,,,
,,,,,,,,,,,,,,,
,,,,,,,,,,,,,,,
,,,,,,,,,,,,,,,
,,,,,,,,,,,,,,,
,,,,,,,,,,,,,,,
,,,,,,,,,,,,,,,
,,,,,,,,,,,,,,,
,,,,,,,,,,,,,,,
,,,,,,,,,,,,,,,
,,,,,,,,,,,,,,,
,,,,,,,,,,,,,,,
,,,,,,,,,,,,,,,
,,,,,,,,,,,,,,,
,,,,,,,,,,,,,,,
,,,,,,,,,,,,,,,
,,,,,,,,,,,,,,,
,,,,,,,,,,,,,,,
,,,,,,,,,,,,,,,
,,,,,,,,,,,,,,,
,,,,,,,,,,,,,,,
,,,,,,,,,,,,,,,
,,,,,,,,,,,,,,,
,,,,,,,,,,,,,,,
,,,,,,,,,,,,,,,
,,,,,,,,,,,,,,,
,,,,,,,,,,,,,,,
,,,,,,,,,,,,,,,
,,,,,,,,,,,,,,,
,,,,,,,,,,,,,,,
,,,,,,,,,,,,,,,
,,,,,,,,,,,,,,,
,,,,,,,,,,,,,,,
,,,,,,,,,,,,,,,
,,,,,,,,,,,,,,,
,,,,,,,,,,,,,,,
,,,,,,,,,,,,,,,
,,,,,,,,,,,,,,,
,,,,,,,,,,,,,,,
,,,,,,,,,,,,,,,
,,,,,,,,,,,,,,,
,,,,,,,,,,,,,,,
,,,,,,,,,,,,,,,
,,,,,,,,,,,,,,,
,,,,,,,,,,,,,,,
,,,,,,,,,,,,,,,
,,,,,,,,,,,,,,,
,,,,,,,,,,,,,,,
,,,,,,,,,,,,,,,
,,,,,,,,,,,,,,,
,,,,,,,,,,,,,,,
,,,,,,,,,,,,,,,
,,,,,,,,,,,,,,,
,,,,,,,,,,,,,,,
,,,,,,,,,,,,,,,
,,,,,,,,,,,,,,,
,,,,,,,,,,,,,,,
,,,,,,,,,,,,,,,
,,,,,,,,,,,,,,,
,,,,,,,,,,,,,,,
,,,,,,,,,,,,,,,
,,,,,,,,,,,,,,,
,,,,,,,,,,,,,,,
,,,,,,,,,,,,,,,
,,,,,,,,,,,,,,,
,,,,,,,,,,,,,,,
,,,,,,,,,,,,,,,
,,,,,,,,,,,,,,,
,,,,,,,,,,,,,,,
,,,,,,,,,,,,,,,
,,,,,,,,,,,,,,,
,,,,,,,,,,,,,,,
,,,,,,,,,,,,,,,
,,,,,,,,,,,,,,,
,,,,,,,,,,,,,,,
,,,,,,,,,,,,,,,
,,,,,,,,,,,,,,,
,,,,,,,,,,,,,,,
,,,,,,,,,,,,,,,
,,,,,,,,,,,,,,,
,,,,,,,,,,,,,,,
,,,,,,,,,,,,,,,
,,,,,,,,,,,,,,,
,,,,,,,,,,,,,,,
,,,,,,,,,,,,,,,
,,,,,,,,,,,,,,,
,,,,,,,,,,,,,,,
,,,,,,,,,,,,,,,
,,,,,,,,,,,,,,,
,,,,,,,,,,,,,,,
,,,,,,,,,,,,,,,
,,,,,,,,,,,,,,,
,,,,,,,,,,,,,,,
,,,,,,,,,,,,,,,
,,,,,,,,,,,,,,,
,,,,,,,,,,,,,,,
,,,,,,,,,,,,,,,
,,,,,,,,,,,,,,,
,,,,,,,,,,,,,,,
,,,,,,,,,,,,,,,
,,,,,,,,,,,,,,,
,,,,,,,,,,,,,,,
,,,,,,,,,,,,,,,
,,,,,,,,,,,,,,,
,,,,,,,,,,,,,,,
,,,,,,,,,,,,,,,
,,,,,,,,,,,,,,,
,,,,,,,,,,,,,,,
,,,,,,,,,,,,,,,
,,,,,,,,,,,,,,,
,,,,,,,,,,,,,,,
,,,,,,,,,,,,,,,
,,,,,,,,,,,,,,,
,,,,,,,,,,,,,,,
,,,,,,,,,,,,,,,
,,,,,,,,,,,,,,,
,,,,,,,,,,,,,,,
,,,,,,,,,,,,,,,
,,,,,,,,,,,,,,,
,,,,,,,,,,,,,,,
,,,,,,,,,,,,,,,
,,,,,,,,,,,,,,,
,,,,,,,,,,,,,,,
,,,,,,,,,,,,,,,
,,,,,,,,,,,,,,,
,,,,,,,,,,,,,,,
,,,,,,,,,,,,,,,
,,,,,,,,,,,,,,,
,,,,,,,,,,,,,,,
,,,,,,,,,,,,,,,
,,,,,,,,,,,,,,,
,,,,,,,,,,,,,,,
,,,,,,,,,,,,,,,
,,,,,,,,,,,,,,,
,,,,,,,,,,,,,,,
,,,,,,,,,,,,,,,
,,,,,,,,,,,,,,,
,,,,,,,,,,,,,,,
,,,,,,,,,,,,,,,
,,,,,,,,,,,,,,,
,,,,,,,,,,,,,,,
,,,,,,,,,,,,,,,
,,,,,,,,,,,,,,,
,,,,,,,,,,,,,,,
,,,,,,,,,,,,,,,
,,,,,,,,,,,,,,,
,,,,,,,,,,,,,,,
,,,,,,,,,,,,,,,
,,,,,,,,,,,,,,,
,,,,,,,,,,,,,,,
,,,,,,,,,,,,,,,
,,,,,,,,,,,,,,,
,,,,,,,,,,,,,,,
,,,,,,,,,,,,,,,
,,,,,,,,,,,,,,,
,,,,,,,,,,,,,,,
,,,,,,,,,,,,,,,
,,,,,,,,,,,,,,,
,,,,,,,,,,,,,,,
,,,,,,,,,,,,,,,
,,,,,,,,,,,,,,,
,,,,,,,,,,,,,,,
,,,,,,,,,,,,,,,
,,,,,,,,,,,,,,,
,,,,,,,,,,,,,,,
,,,,,,,,,,,,,,,
,,,,,,,,,,,,,,,
,,,,,,,,,,,,,,,
,,,,,,,,,,,,,,,
,,,,,,,,,,,,,,,
,,,,,,,,,,,,,,,
,,,,,,,,,,,,,,,
,,,,,,,,,,,,,,,
,,,,,,,,,,,,,,,
,,,,,,,,,,,,,,,
,,,,,,,,,,,,,,,
,,,,,,,,,,,,,,,
,,,,,,,,,,,,,,,
,,,,,,,,,,,,,,,
,,,,,,,,,,,,,,,
,,,,,,,,,,,,,,,
,,,,,,,,,,,,,,,
,,,,,,,,,,,,,,,
,,,,,,,,,,,,,,,
,,,,,,,,,,,,,,,
,,,,,,,,,,,,,,,
,,,,,,,,,,,,,,,
,,,,,,,,,,,,,,,
,,,,,,,,,,,,,,,
,,,,,,,,,,,,,,,
,,,,,,,,,,,,,,,
,,,,,,,,,,,,,,,
,,,,,,,,,,,,,,,
,,,,,,,,,,,,,,,
,,,,,,,,,,,,,,,
,,,,,,,,,,,,,,,
,,,,,,,,,,,,,,,
,,,,,,,,,,,,,,,
,,,,,,,,,,,,,,,
,,,,,,,,,,,,,,,
,,,,,,,,,,,,,,,
,,,,,,,,,,,,,,,
,,,,,,,,,,,,,,,
,,,,,,,,,,,,,,,
,,,,,,,,,,,,,,,
,,,,,,,,,,,,,,,
,,,,,,,,,,,,,,,
,,,,,,,,,,,,,,,
,,,,,,,,,,,,,,,
,,,,,,,,,,,,,,,
,,,,,,,,,,,,,,,
,,,,,,,,,,,,,,,
,,,,,,,,,,,,,,,
,,,,,,,,,,,,,,,
,,,,,,,,,,,,,,,
,,,,,,,,,,,,,,,
,,,,,,,,,,,,,,,
,,,,,,,,,,,,,,,
,,,,,,,,,,,,,,,
,,,,,,,,,,,,,,,
,,,,,,,,,,,,,,,
,,,,,,,,,,,,,,,
,,,,,,,,,,,,,,,
,,,,,,,,,,,,,,,
,,,,,,,,,,,,,,,
,,,,,,,,,,,,,,,
,,,,,,,,,,,,,,,
,,,,,,,,,,,,,,,
,,,,,,,,,,,,,,,
,,,,,,,,,,,,,,,
,,,,,,,,,,,,,,,
,,,,,,,,,,,,,,,
,,,,,,,,,,,,,,,
,,,,,,,,,,,,,,,
,,,,,,,,,,,,,,,
,,,,,,,,,,,,,,,
,,,,,,,,,,,,,,,
,,,,,,,,,,,,,,,
,,,,,,,,,,,,,,,
,,,,,,,,,,,,,,,
,,,,,,,,,,,,,,,
,,,,,,,,,,,,,,,
,,,,,,,,,,,,,,,
,,,,,,,,,,,,,,,
,,,,,,,,,,,,,,,
,,,,,,,,,,,,,,,
,,,,,,,,,,,,,,,
,,,,,,,,,,,,,,,
,,,,,,,,,,,,,,,
,,,,,,,,,,,,,,,
,,,,,,,,,,,,,,,
,,,,,,,,,,,,,,,
,,,,,,,,,,,,,,,
,,,,,,,,,,,,,,,
,,,,,,,,,,,,,,,
,,,,,,,,,,,,,,,
,,,,,,,,,,,,,,,
,,,,,,,,,,,,,,,
,,,,,,,,,,,,,,,
,,,,,,,,,,,,,,,
,,,,,,,,,,,,,,,
,,,,,,,,,,,,,,,
,,,,,,,,,,,,,,,
,,,,,,,,,,,,,,,
,,,,,,,,,,,,,,,
,,,,,,,,,,,,,,,
,,,,,,,,,,,,,,,
,,,,,,,,,,,,,,,
,,,,,,,,,,,,,,,
,,,,,,,,,,,,,,,
,,,,,,,,,,,,,,,
,,,,,,,,,,,,,,,
,,,,,,,,,,,,,,,
,,,,,,,,,,,,,,,
,,,,,,,,,,,,,,,
,,,,,,,,,,,,,,,
,,,,,,,,,,,,,,,
,,,,,,,,,,,,,,,
,,,,,,,,,,,,,,,
,,,,,,,,,,,,,,,
,,,,,,,,,,,,,,,
,,,,,,,,,,,,,,,
,,,,,,,,,,,,,,,
,,,,,,,,,,,,,,,
,,,,,,,,,,,,,,,
,,,,,,,,,,,,,,,
,,,,,,,,,,,,,,,
,,,,,,,,,,,,,,,
,,,,,,,,,,,,,,,
,,,,,,,,,,,,,,,
,,,,,,,,,,,,,,,
,,,,,,,,,,,,,,,
,,,,,,,,,,,,,,,
,,,,,,,,,,,,,,,
,,,,,,,,,,,,,,,
,,,,,,,,,,,,,,,
,,,,,,,,,,,,,,,
,,,,,,,,,,,,,,,
,,,,,,,,,,,,,,,
,,,,,,,,,,,,,,,
,,,,,,,,,,,,,,,
,,,,,,,,,,,,,,,
,,,,,,,,,,,,,,,
,,,,,,,,,,,,,,,
,,,,,,,,,,,,,,,
,,,,,,,,,,,,,,,
,,,,,,,,,,,,,,,
,,,,,,,,,,,,,,,
,,,,,,,,,,,,,,,
,,,,,,,,,,,,,,,
,,,,,,,,,,,,,,,
,,,,,,,,,,,,,,,
,,,,,,,,,,,,,,,
,,,,,,,,,,,,,,,
,,,,,,,,,,,,,,,
,,,,,,,,,,,,,,,
,,,,,,,,,,,,,,,
,,,,,,,,,,,,,,,
,,,,,,,,,,,,,,,
,,,,,,,,,,,,,,,
,,,,,,,,,,,,,,,
,,,,,,,,,,,,,,,
,,,,,,,,,,,,,,,
,,,,,,,,,,,,,,,
,,,,,,,,,,,,,,,
,,,,,,,,,,,,,,,
,,,,,,,,,,,,,,,
,,,,,,,,,,,,,,,
,,,,,,,,,,,,,,,
,,,,,,,,,,,,,,,
,,,,,,,,,,,,,,,
,,,,,,,,,,,,,,,
,,,,,,,,,,,,,,,
,,,,,,,,,,,,,,,
,,,,,,,,,,,,,,,
,,,,,,,,,,,,,,,
,,,,,,,,,,,,,,,
,,,,,,,,,,,,,,,
,,,,,,,,,,,,,,,
,,,,,,,,,,,,,,,
,,,,,,,,,,,,,,,
,,,,,,,,,,,,,,,
,,,,,,,,,,,,,,,
,,,,,,,,,,,,,,,
,,,,,,,,,,,,,,,
,,,,,,,,,,,,,,,
,,,,,,,,,,,,,,,
,,,,,,,,,,,,,,,
,,,,,,,,,,,,,,,
,,,,,,,,,,,,,,,
,,,,,,,,,,,,,,,
,,,,,,,,,,,,,,,
,,,,,,,,,,,,,,,
,,,,,,,,,,,,,,,
,,,,,,,,,,,,,,,
,,,,,,,,,,,,,,,
,,,,,,,,,,,,,,,
,,,,,,,,,,,,,,,
,,,,,,,,,,,,,,,
,,,,,,,,,,,,,,,
,,,,,,,,,,,,,,,
,,,,,,,,,,,,,,,
,,,,,,,,,,,,,,,
,,,,,,,,,,,,,,,
,,,,,,,,,,,,,,,
,,,,,,,,,,,,,,,
,,,,,,,,,,,,,,,
,,,,,,,,,,,,,,,
,,,,,,,,,,,,,,,
,,,,,,,,,,,,,,,
,,,,,,,,,,,,,,,
,,,,,,,,,,,,,,,
,,,,,,,,,,,,,,,
,,,,,,,,,,,,,,,
,,,,,,,,,,,,,,,
,,,,,,,,,,,,,,,
,,,,,,,,,,,,,,,
,,,,,,,,,,,,,,,
,,,,,,,,,,,,,,,
,,,,,,,,,,,,,,,
,,,,,,,,,,,,,,,
,,,,,,,,,,,,,,,
,,,,,,,,,,,,,,,
,,,,,,,,,,,,,,,
,,,,,,,,,,,,,,,
,,,,,,,,,,,,,,,
,,,,,,,,,,,,,,,
,,,,,,,,,,,,,,,
,,,,,,,,,,,,,,,
,,,,,,,,,,,,,,,
,,,,,,,,,,,,,,,
,,,,,,,,,,,,,,,
,,,,,,,,,,,,,,,
,,,,,,,,,,,,,,,
,,,,,,,,,,,,,,,
,,,,,,,,,,,,,,,
,,,,,,,,,,,,,,,
,,,,,,,,,,,,,,,
,,,,,,,,,,,,,,,
,,,,,,,,,,,,,,,
,,,,,,,,,,,,,,,
,,,,,,,,,,,,,,,
,,,,,,,,,,,,,,,
,,,,,,,,,,,,,,,
,,,,,,,,,,,,,,,
,,,,,,,,,,,,,,,
,,,,,,,,,,,,,,,
,,,,,,,,,,,,,,,
,,,,,,,,,,,,,,,
,,,,,,,,,,,,,,,
,,,,,,,,,,,,,,,
,,,,,,,,,,,,,,,
,,,,,,,,,,,,,,,
,,,,,,,,,,,,,,,
,,,,,,,,,,,,,,,
,,,,,,,,,,,,,,,
,,,,,,,,,,,,,,,
,,,,,,,,,,,,,,,
,,,,,,,,,,,,,,,
,,,,,,,,,,,,,,,
,,,,,,,,,,,,,,,
,,,,,,,,,,,,,,,
,,,,,,,,,,,,,,,
,,,,,,,,,,,,,,,
,,,,,,,,,,,,,,,
,,,,,,,,,,,,,,,
,,,,,,,,,,,,,,,
,,,,,,,,,,,,,,,
,,,,,,,,,,,,,,,
,,,,,,,,,,,,,,,
,,,,,,,,,,,,,,,
,,,,,,,,,,,,,,,
,,,,,,,,,,,,,,,
,,,,,,,,,,,,,,,
,,,,,,,,,,,,,,,
,,,,,,,,,,,,,,,
,,,,,,,,,,,,,,,
,,,,,,,,,,,,,,,
,,,,,,,,,,,,,,,
,,,,,,,,,,,,,,,
,,,,,,,,,,,,,,,
,,,,,,,,,,,,,,,
,,,,,,,,,,,,,,,
,,,,,,,,,,,,,,,
,,,,,,,,,,,,,,,
,,,,,,,,,,,,,,,
,,,,,,,,,,,,,,,
,,,,,,,,,,,,,,,
,,,,,,,,,,,,,,,
,,,,,,,,,,,,,,,
,,,,,,,,,,,,,,,
,,,,,,,,,,,,,,,
,,,,,,,,,,,,,,,
,,,,,,,,,,,,,,,
,,,,,,,,,,,,,,,
,,,,,,,,,,,,,,,
,,,,,,,,,,,,,,,
,,,,,,,,,,,,,,,
,,,,,,,,,,,,,,,
,,,,,,,,,,,,,,,
,,,,,,,,,,,,,,,
,,,,,,,,,,,,,,,
,,,,,,,,,,,,,,,
,,,,,,,,,,,,,,,
,,,,,,,,,,,,,,,
,,,,,,,,,,,,,,,
,,,,,,,,,,,,,,,
,,,,,,,,,,,,,,,
,,,,,,,,,,,,,,,
,,,,,,,,,,,,,,,
,,,,,,,,,,,,,,,
,,,,,,,,,,,,,,,
,,,,,,,,,,,,,,,
,,,,,,,,,,,,,,,
,,,,,,,,,,,,,,,
,,,,,,,,,,,,,,,
,,,,,,,,,,,,,,,
,,,,,,,,,,,,,,,
,,,,,,,,,,,,,,,
,,,,,,,,,,,,,,,
,,,,,,,,,,,,,,,
,,,,,,,,,,,,,,,
,,,,,,,,,,,,,,,
,,,,,,,,,,,,,,,
,,,,,,,,,,,,,,,
,,,,,,,,,,,,,,,
,,,,,,,,,,,,,,,
,,,,,,,,,,,,,,,
,,,,,,,,,,,,,,,
,,,,,,,,,,,,,,,
,,,,,,,,,,,,,,,
,,,,,,,,,,,,,,,
,,,,,,,,,,,,,,,
,,,,,,,,,,,,,,,
,,,,,,,,,,,,,,,
,,,,,,,,,,,,,,,
,,,,,,,,,,,,,,,
,,,,,,,,,,,,,,,
,,,,,,,,,,,,,,,
,,,,,,,,,,,,,,,
,,,,,,,,,,,,,,,
,,,,,,,,,,,,,,,
,,,,,,,,,,,,,,,
,,,,,,,,,,,,,,,
,,,,,,,,,,,,,,,
,,,,,,,,,,,,,,,
,,,,,,,,,,,,,,,
,,,,,,,,,,,,,,,
,,,,,,,,,,,,,,,
,,,,,,,,,,,,,,,
,,,,,,,,,,,,,,,
,,,,,,,,,,,,,,,
,,,,,,,,,,,,,,,
,,,,,,,,,,,,,,,
,,,,,,,,,,,,,,,
,,,,,,,,,,,,,,,
,,,,,,,,,,,,,,,
,,,,,,,,,,,,,,,
,,,,,,,,,,,,,,,
,,,,,,,,,,,,,,,
,,,,,,,,,,,,,,,
,,,,,,,,,,,,,,,
,,,,,,,,,,,,,,,
,,,,,,,,,,,,,,,
,,,,,,,,,,,,,,,
,,,,,,,,,,,,,,,
,,,,,,,,,,,,,,,
,,,,,,,,,,,,,,,
,,,,,,,,,,,,,,,
,,,,,,,,,,,,,,,
,,,,,,,,,,,,,,,
,,,,,,,,,,,,,,,
,,,,,,,,,,,,,,,
,,,,,,,,,,,,,,,
,,,,,,,,,,,,,,,
,,,,,,,,,,,,,,,
,,,,,,,,,,,,,,,
,,,,,,,,,,,,,,,
,,,,,,,,,,,,,,,
,,,,,,,,,,,,,,,
,,,,,,,,,,,,,,,
,,,,,,,,,,,,,,,
,,,,,,,,,,,,,,,
,,,,,,,,,,,,,,,
,,,,,,,,,,,,,,,
,,,,,,,,,,,,,,,
,,,,,,,,,,,,,,,
,,,,,,,,,,,,,,,
,,,,,,,,,,,,,,,
,,,,,,,,,,,,,,,
,,,,,,,,,,,,,,,
,,,,,,,,,,,,,,,
,,,,,,,,,,,,,,,
,,,,,,,,,,,,,,,
,,,,,,,,,,,,,,,
,,,,,,,,,,,,,,,
,,,,,,,,,,,,,,,
,,,,,,,,,,,,,,,
,,,,,,,,,,,,,,,
,,,,,,,,,,,,,,,
,,,,,,,,,,,,,,,
,,,,,,,,,,,,,,,
,,,,,,,,,,,,,,,
,,,,,,,,,,,,,,,
,,,,,,,,,,,,,,,
,,,,,,,,,,,,,,,
,,,,,,,,,,,,,,,
,,,,,,,,,,,,,,,
,,,,,,,,,,,,,,,
,,,,,,,,,,,,,,,
,,,,,,,,,,,,,,,
,,,,,,,,,,,,,,,
,,,,,,,,,,,,,,,
,,,,,,,,,,,,,,,
,,,,,,,,,,,,,,,
,,,,,,,,,,,,,,,
,,,,,,,,,,,,,,,
,,,,,,,,,,,,,,,
,,,,,,,,,,,,,,,
,,,,,,,,,,,,,,,
,,,,,,,,,,,,,,,
,,,,,,,,,,,,,,,
,,,,,,,,,,,,,,,
,,,,,,,,,,,,,,,
,,,,,,,,,,,,,,,
,,,,,,,,,,,,,,,
,,,,,,,,,,,,,,,
,,,,,,,,,,,,,,,
,,,,,,,,,,,,,,,
,,,,,,,,,,,,,,,
,,,,,,,,,,,,,,,
,,,,,,,,,,,,,,,
,,,,,,,,,,,,,,,
,,,,,,,,,,,,,,,
,,,,,,,,,,,,,,,
,,,,,,,,,,,,,,,
,,,,,,,,,,,,,,,
,,,,,,,,,,,,,,,
,,,,,,,,,,,,,,,
,,,,,,,,,,,,,,,
,,,,,,,,,,,,,,,
,,,,,,,,,,,,,,,
,,,,,,,,,,,,,,,
,,,,,,,,,,,,,,,
,,,,,,,,,,,,,,,
,,,,,,,,,,,,,,,
,,,,,,,,,,,,,,,
,,,,,,,,,,,,,,,
,,,,,,,,,,,,,,,
,,,,,,,,,,,,,,,
,,,,,,,,,,,,,,,
,,,,,,,,,,,,,,,
,,,,,,,,,,,,,,,
,,,,,,,,,,,,,,,
,,,,,,,,,,,,,,,
,,,,,,,,,,,,,,,
,,,,,,,,,,,,,,,
,,,,,,,,,,,,,,,
,,,,,,,,,,,,,,,
,,,,,,,,,,,,,,,
,,,,,,,,,,,,,,,
,,,,,,,,,,,,,,,
,,,,,,,,,,,,,,,
,,,,,,,,,,,,,,,
,,,,,,,,,,,,,,,
,,,,,,,,,,,,,,,
,,,,,,,,,,,,,,,
,,,,,,,,,,,,,,,
,,,,,,,,,,,,,,,
,,,,,,,,,,,,,,,
,,,,,,,,,,,,,,,
,,,,,,,,,,,,,,,
,,,,,,,,,,,,,,,
,,,,,,,,,,,,,,,
,,,,,,,,,,,,,,,
,,,,,,,,,,,,,,,
,,,,,,,,,,,,,,,
,,,,,,,,,,,,,,,
,,,,,,,,,,,,,,,
,,,,,,,,,,,,,,,
,,,,,,,,,,,,,,,
,,,,,,,,,,,,,,,
,,,,,,,,,,,,,,,
,,,,,,,,,,,,,,,
,,,,,,,,,,,,,,,
,,,,,,,,,,,,,,,
,,,,,,,,,,,,,,,
,,,,,,,,,,,,,,,
,,,,,,,,,,,,,,,
,,,,,,,,,,,,,,,
,,,,,,,,,,,,,,,
,,,,,,,,,,,,,,,
,,,,,,,,,,,,,,,
,,,,,,,,,,,,,,,
,,,,,,,,,,,,,,,
,,,,,,,,,,,,,,,
,,,,,,,,,,,,,,,
,,,,,,,,,,,,,,,
,,,,,,,,,,,,,,,
,,,,,,,,,,,,,,,
,,,,,,,,,,,,,,,
,,,,,,,,,,,,,,,
,,,,,,,,,,,,,,,
,,,,,,,,,,,,,,,
,,,,,,,,,,,,,,,
,,,,,,,,,,,,,,,
,,,,,,,,,,,,,,,
,,,,,,,,,,,,,,,
,,,,,,,,,,,,,,,
,,,,,,,,,,,,,,,
,,,,,,,,,,,,,,,
,,,,,,,,,,,,,,,
,,,,,,,,,,,,,,,
,,,,,,,,,,,,,,,
,,,,,,,,,,,,,,,
,,,,,,,,,,,,,,,
,,,,,,,,,,,,,,,
,,,,,,,,,,,,,,,
,,,,,,,,,,,,,,,
,,,,,,,,,,,,,,,
,,,,,,,,,,,,,,,
,,,,,,,,,,,,,,,
,,,,,,,,,,,,,,,
,,,,,,,,,,,,,,,
,,,,,,,,,,,,,,,
,,,,,,,,,,,,,,,
,,,,,,,,,,,,,,,
,,,,,,,,,,,,,,,
,,,,,,,,,,,,,,,
,,,,,,,,,,,,,,,
,,,,,,,,,,,,,,,
,,,,,,,,,,,,,,,
,,,,,,,,,,,,,,,
,,,,,,,,,,,,,,,
,,,,,,,,,,,,,,,
,,,,,,,,,,,,,,,
,,,,,,,,,,,,,,,
,,,,,,,,,,,,,,,
,,,,,,,,,,,,,,,
,,,,,,,,,,,,,,,
,,,,,,,,,,,,,,,
,,,,,,,,,,,,,,,
,,,,,,,,,,,,,,,
,,,,,,,,,,,,,,,
,,,,,,,,,,,,,,,
,,,,,,,,,,,,,,,
,,,,,,,,,,,,,,,
,,,,,,,,,,,,,,,
,,,,,,,,,,,,,,,
,,,,,,,,,,,,,,,
,,,,,,,,,,,,,,,
,,,,,,,,,,,,,,,
,,,,,,,,,,,,,,,
,,,,,,,,,,,,,,,
,,,,,,,,,,,,,,,
,,,,,,,,,,,,,,,
,,,,,,,,,,,,,,,
,,,,,,,,,,,,,,,
,,,,,,,,,,,,,,,
,,,,,,,,,,,,,,,
,,,,,,,,,,,,,,,
,,,,,,,,,,,,,,,
,,,,,,,,,,,,,,,
,,,,,,,,,,,,,,,
,,,,,,,,,,,,,,,
,,,,,,,,,,,,,,,
,,,,,,,,,,,,,,,
,,,,,,,,,,,,,,,
,,,,,,,,,,,,,,,
,,,,,,,,,,,,,,,
,,,,,,,,,,,,,,,
,,,,,,,,,,,,,,,
,,,,,,,,,,,,,,,
,,,,,,,,,,,,,,,
,,,,,,,,,,,,,,,
,,,,,,,,,,,,,,,
,,,,,,,,,,,,,,,
,,,,,,,,,,,,,,,
,,,,,,,,,,,,,,,
,,,,,,,,,,,,,,,
,,,,,,,,,,,,,,,
,,,,,,,,,,,,,,,
,,,,,,,,,,,,,,,
,,,,,,,,,,,,,,,
,,,,,,,,,,,,,,,
,,,,,,,,,,,,,,,
,,,,,,,,,,,,,,,
,,,,,,,,,,,,,,,
,,,,,,,,,,,,,,,
,,,,,,,,,,,,,,,
,,,,,,,,,,,,,,,
,,,,,,,,,,,,,,,
,,,,,,,,,,,,,,,
,,,,,,,,,,,,,,,
,,,,,,,,,,,,,,,
,,,,,,,,,,,,,,,
,,,,,,,,,,,,,,,
,,,,,,,,,,,,,,,
,,,,,,,,,,,,,,,
,,,,,,,,,,,,,,,
,,,,,,,,,,,,,,,
,,,,,,,,,,,,,,,
,,,,,,,,,,,,,,,
,,,,,,,,,,,,,,,
,,,,,,,,,,,,,,,
,,,,,,,,,,,,,,,
,,,,,,,,,,,,,,,
,,,,,,,,,,,,,,,
,,,,,,,,,,,,,,,
,,,,,,,,,,,,,,,
,,,,,,,,,,,,,,,
,,,,,,,,,,,,,,,
,,,,,,,,,,,,,,,
,,,,,,,,,,,,,,,
,,,,,,,,,,,,,,,
,,,,,,,,,,,,,,,
,,,,,,,,,,,,,,,
,,,,,,,,,,,,,,,
,,,,,,,,,,,,,,,
,,,,,,,,,,,,,,,
,,,,,,,,,,,,,,,
,,,,,,,,,,,,,,,
,,,,,,,,,,,,,,,
,,,,,,,,,,,,,,,
,,,,,,,,,,,,,,,
,,,,,,,,,,,,,,,
,,,,,,,,,,,,,,,
,,,,,,,,,,,,,,,
,,,,,,,,,,,,,,,
,,,,,,,,,,,,,,,
,,,,,,,,,,,,,,,
,,,,,,,,,,,,,,,
,,,,,,,,,,,,,,,
,,,,,,,,,,,,,,,
,,,,,,,,,,,,,,,
,,,,,,,,,,,,,,,
,,,,,,,,,,,,,,,
,,,,,,,,,,,,,,,
,,,,,,,,,,,,,,,
,,,,,,,,,,,,,,,
,,,,,,,,,,,,,,,
,,,,,,,,,,,,,,,
,,,,,,,,,,,,,,,
,,,,,,,,,,,,,,,
,,,,,,,,,,,,,,,
,,,,,,,,,,,,,,,
,,,,,,,,,,,,,,,
,,,,,,,,,,,,,,,
,,,,,,,,,,,,,,,
,,,,,,,,,,,,,,,
,,,,,,,,,,,,,,,
,,,,,,,,,,,,,,,
,,,,,,,,,,,,,,,
,,,,,,,,,,,,,,,
,,,,,,,,,,,,,,,
,,,,,,,,,,,,,,,
,,,,,,,,,,,,,,,
,,,,,,,,,,,,,,,
,,,,,,,,,,,,,,,
,,,,,,,,,,,,,,,
,,,,,,,,,,,,,,,
,,,,,,,,,,,,,,,
,,,,,,,,,,,,,,,
,,,,,,,,,,,,,,,
,,,,,,,,,,,,,,,
,,,,,,,,,,,,,,,
,,,,,,,,,,,,,,,
,,,,,,,,,,,,,,,
,,,,,,,,,,,,,,,
,,,,,,,,,,,,,,,
,,,,,,,,,,,,,,,
,,,,,,,,,,,,,,,
,,,,,,,,,,,,,,,
,,,,,,,,,,,,,,,
,,,,,,,,,,,,,,,
,,,,,,,,,,,,,,,
,,,,,,,,,,,,,,,
,,,,,,,,,,,,,,,
,,,,,,,,,,,,,,,
,,,,,,,,,,,,,,,
,,,,,,,,,,,,,,,
,,,,,,,,,,,,,,,
,,,,,,,,,,,,,,,
,,,,,,,,,,,,,,,
,,,,,,,,,,,,,,,
,,,,,,,,,,,,,,,
,,,,,,,,,,,,,,,
,,,,,,,,,,,,,,,
,,,,,,,,,,,,,,,
,,,,,,,,,,,,,,,
,,,,,,,,,,,,,,,
,,,,,,,,,,,,,,,
,,,,,,,,,,,,,,,
,,,,,,,,,,,,,,,
,,,,,,,,,,,,,,,
,,,,,,,,,,,,,,,
,,,,,,,,,,,,,,,
,,,,,,,,,,,,,,,
,,,,,,,,,,,,,,,
,,,,,,,,,,,,,,,
,,,,,,,,,,,,,,,
,,,,,,,,,,,,,,,
,,,,,,,,,,,,,,,
,,,,,,,,,,,,,,,
,,,,,,,,,,,,,,,
,,,,,,,,,,,,,,,
,,,,,,,,,,,,,,,
,,,,,,,,,,,,,,,
,,,,,,,,,,,,,,,
,,,,,,,,,,,,,,,
,,,,,,,,,,,,,,,
,,,,,,,,,,,,,,,
,,,,,,,,,,,,,,,
,,,,,,,,,,,,,,,
,,,,,,,,,,,,,,,
,,,,,,,,,,,,,,,
,,,,,,,,,,,,,,,
,,,,,,,,,,,,,,,
,,,,,,,,,,,,,,,
,,,,,,,,,,,,,,,
,,,,,,,,,,,,,,,
,,,,,,,,,,,,,,,
,,,,,,,,,,,,,,,
,,,,,,,,,,,,,,,
,,,,,,,,,,,,,,,
,,,,,,,,,,,,,,,
,,,,,,,,,,,,,,,
,,,,,,,,,,,,,,,
,,,,,,,,,,,,,,,
,,,,,,,,,,,,,,,
,,,,,,,,,,,,,,,
,,,,,,,,,,,,,,,
,,,,,,,,,,,,,,,
,,,,,,,,,,,,,,,
,,,,,,,,,,,,,,,
,,,,,,,,,,,,,,,
,,,,,,,,,,,,,,,
,,,,,,,,,,,,,,,
,,,,,,,,,,,,,,,
,,,,,,,,,,,,,,,
,,,,,,,,,,,,,,,
,,,,,,,,,,,,,,,
,,,,,,,,,,,,,,,
,,,,,,,,,,,,,,,
,,,,,,,,,,,,,,,
,,,,,,,,,,,,,,,
,,,,,,,,,,,,,,,
,,,,,,,,,,,,,,,
,,,,,,,,,,,,,,,
,,,,,,,,,,,,,,,
,,,,,,,,,,,,,,,
,,,,,,,,,,,,,,,
,,,,,,,,,,,,,,,
,,,,,,,,,,,,,,,
,,,,,,,,,,,,,,,
,,,,,,,,,,,,,,,
,,,,,,,,,,,,,,,
,,,,,,,,,,,,,,,
,,,,,,,,,,,,,,,
,,,,,,,,,,,,,,,
,,,,,,,,,,,,,,,
,,,,,,,,,,,,,,,
,,,,,,,,,,,,,,,
,,,,,,,,,,,,,,,
,,,,,,,,,,,,,,,
,,,,,,,,,,,,,,,
,,,,,,,,,,,,,,,
,,,,,,,,,,,,,,,
,,,,,,,,,,,,,,,
,,,,,,,,,,,,,,,
,,,,,,,,,,,,,,,
,,,,,,,,,,,,,,,
,,,,,,,,,,,,,,,
,,,,,,,,,,,,,,,
,,,,,,,,,,,,,,,
,,,,,,,,,,,,,,,
,,,,,,,,,,,,,,,
,,,,,,,,,,,,,,,
,,,,,,,,,,,,,,,
,,,,,,,,,,,,,,,
,,,,,,,,,,,,,,,
,,,,,,,,,,,,,,,
,,,,,,,,,,,,,,,
,,,,,,,,,,,,,,,
,,,,,,,,,,,,,,,
,,,,,,,,,,,,,,,
,,,,,,,,,,,,,,,
,,,,,,,,,,,,,,,
,,,,,,,,,,,,,,,
,,,,,,,,,,,,,,,
,,,,,,,,,,,,,,,
,,,,,,,,,,,,,,,
,,,,,,,,,,,,,,,
,,,,,,,,,,,,,,,
,,,,,,,,,,,,,,,
,,,,,,,,,,,,,,,
,,,,,,,,,,,,,,,
,,,,,,,,,,,,,,,
,,,,,,,,,,,,,,,
,,,,,,,,,,,,,,,
,,,,,,,,,,,,,,,
,,,,,,,,,,,,,,,
,,,,,,,,,,,,,,,
,,,,,,,,,,,,,,,
,,,,,,,,,,,,,,,
,,,,,,,,,,,,,,,
,,,,,,,,,,,,,,,
,,,,,,,,,,,,,,,
,,,,,,,,,,,,,,,
,,,,,,,,,,,,,,,
,,,,,,,,,,,,,,,
,,,,,,,,,,,,,,,
,,,,,,,,,,,,,,,
,,,,,,,,,,,,,,,
,,,,,,,,,,,,,,,
,,,,,,,,,,,,,,,
,,,,,,,,,,,,,,,
,,,,,,,,,,,,,,,
,,,,,,,,,,,,,,,
,,,,,,,,,,,,,,,
,,,,,,,,,,,,,,,
,,,,,,,,,,,,,,,
,,,,,,,,,,,,,,,
,,,,,,,,,,,,,,,
,,,,,,,,,,,,,,,
,,,,,,,,,,,,,,,
,,,,,,,,,,,,,,,
,,,,,,,,,,,,,,,
,,,,,,,,,,,,,,,
,,,,,,,,,,,,,,,
,,,,,,,,,,,,,,,
,,,,,,,,,,,,,,,
,,,,,,,,,,,,,,,
,,,,,,,,,,,,,,,
,,,,,,,,,,,,,,,
,,,,,,,,,,,,,,,
,,,,,,,,,,,,,,,
,,,,,,,,,,,,,,,
,,,,,,,,,,,,,,,
,,,,,,,,,,,,,,,
,,,,,,,,,,,,,,,
,,,,,,,,,,,,,,,
,,,,,,,,,,,,,,,
,,,,,,,,,,,,,,,
,,,,,,,,,,,,,,,
,,,,,,,,,,,,,,,
,,,,,,,,,,,,,,,
,,,,,,,,,,,,,,,
,,,,,,,,,,,,,,,
,,,,,,,,,,,,,,,
,,,,,,,,,,,,,,,
,,,,,,,,,,,,,,,
,,,,,,,,,,,,,,,
,,,,,,,,,,,,,,,
,,,,,,,,,,,,,,,
,,,,,,,,,,,,,,,
,,,,,,,,,,,,,,,
,,,,,,,,,,,,,,,
,,,,,,,,,,,,,,,
,,,,,,,,,,,,,,,
,,,,,,,,,,,,,,,
,,,,,,,,,,,,,,,
,,,,,,,,,,,,,,,
,,,,,,,,,,,,,,,
,,,,,,,,,,,,,,,
,,,,,,,,,,,,,,,
,,,,,,,,,,,,,,,
,,,,,,,,,,,,,,,
,,,,,,,,,,,,,,,
,,,,,,,,,,,,,,,
,,,,,,,,,,,,,,,
,,,,,,,,,,,,,,,
,,,,,,,,,,,,,,,
,,,,,,,,,,,,,,,
,,,,,,,,,,,,,,,
,,,,,,,,,,,,,,,
,,,,,,,,,,,,,,,
,,,,,,,,,,,,,,,
,,,,,,,,,,,,,,,
,,,,,,,,,,,,,,,
,,,,,,,,,,,,,,,
,,,,,,,,,,,,,,,
,,,,,,,,,,,,,,,
,,,,,,,,,,,,,,,
,,,,,,,,,,,,,,,
,,,,,,,,,,,,,,,
,,,,,,,,,,,,,,,
,,,,,,,,,,,,,,,
,,,,,,,,,,,,,,,
,,,,,,,,,,,,,,,
,,,,,,,,,,,,,,,
,,,,,,,,,,,,,,,
,,,,,,,,,,,,,,,
,,,,,,,,,,,,,,,
,,,,,,,,,,,,,,,
,,,,,,,,,,,,,,,
,,,,,,,,,,,,,,,
,,,,,,,,,,,,,,,
,,,,,,,,,,,,,,,
,,,,,,,,,,,,,,,
,,,,,,,,,,,,,,,
,,,,,,,,,,,,,,,
,,,,,,,,,,,,,,,
,,,,,,,,,,,,,,,
,,,,,,,,,,,,,,,
,,,,,,,,,,,,,,,
,,,,,,,,,,,,,,,
,,,,,,,,,,,,,,,
,,,,,,,,,,,,,,,
,,,,,,,,,,,,,,,
,,,,,,,,,,,,,,,
,,,,,,,,,,,,,,,
,,,,,,,,,,,,,,,
,,,,,,,,,,,,,,,
,,,,,,,,,,,,,,,
,,,,,,,,,,,,,,,
,,,,,,,,,,,,,,,
,,,,,,,,,,,,,,,
,,,,,,,,,,,,,,,
,,,,,,,,,,,,,,,
,,,,,,,,,,,,,,,
,,,,,,,,,,,,,,,
,,,,,,,,,,,,,,,
,,,,,,,,,,,,,,,
,,,,,,,,,,,,,,,
,,,,,,,,,,,,,,,
,,,,,,,,,,,,,,,
,,,,,,,,,,,,,,,
,,,,,,,,,,,,,,,
,,,,,,,,,,,,,,,
,,,,,,,,,,,,,,,
,,,,,,,,,,,,,,,
,,,,,,,,,,,,,,,
,,,,,,,,,,,,,,,
,,,,,,,,,,,,,,,
,,,,,,,,,,,,,,,
,,,,,,,,,,,,,,,
,,,,,,,,,,,,,,,
,,,,,,,,,,,,,,,
,,,,,,,,,,,,,,,
,,,,,,,,,,,,,,,
,,,,,,,,,,,,,,,
,,,,,,,,,,,,,,,
,,,,,,,,,,,,,,,
,,,,,,,,,,,,,,,
,,,,,,,,,,,,,,,
,,,,,,,,,,,,,,,
,,,,,,,,,,,,,,,
,,,,,,,,,,,,,,,
,,,,,,,,,,,,,,,
,,,,,,,,,,,,,,,
,,,,,,,,,,,,,,,
,,,,,,,,,,,,,,,
,,,,,,,,,,,,,,,
,,,,,,,,,,,,,,,
,,,,,,,,,,,,,,,
,,,,,,,,,,,,,,,
,,,,,,,,,,,,,,,
,,,,,,,,,,,,,,,
,,,,,,,,,,,,,,,
,,,,,,,,,,,,,,,
,,,,,,,,,,,,,,,
,,,,,,,,,,,,,,,
,,,,,,,,,,,,,,,
,,,,,,,,,,,,,,,
,,,,,,,,,,,,,,,
,,,,,,,,,,,,,,,
,,,,,,,,,,,,,,,
,,,,,,,,,,,,,,,
,,,,,,,,,,,,,,,
,,,,,,,,,,,,,,,
,,,,,,,,,,,,,,,
,,,,,,,,,,,,,,,
,,,,,,,,,,,,,,,
,,,,,,,,,,,,,,,
,,,,,,,,,,,,,,,
,,,,,,,,,,,,,,,
,,,,,,,,,,,,,,,
,,,,,,,,,,,,,,,
,,,,,,,,,,,,,,,
